Date,SPP,TL 1st Enc. (mm),Full Tag,11/7/2023,11/9/2023,3/19/2024,3/21/2024,11/4/2024,11/5/2024,3/18/2025,3/20/2025,11/3/2025,11/6/2025,,,,,
11/7/2023,LOC,312,989.001030620161,1,0,0,0,0,0,0,0,0,0,,,,,
11/7/2023,LOC,282,989.001030620162,1,1,0,0,0,0,0,0,0,0,,,,,
11/7/2023,RBT,225,989.001030620163,1,1,0,0,0,0,0,0,0,0,,,,,
11/7/2023,RBC,313,989.001030620164,1,1,0,0,0,0,0,0,0,0,,,,,
11/7/2023,SRN,383,989.001030620165,1,1,0,0,0,0,0,0,0,0,,,,,
11/7/2023,SCN,83,989.001030620166,1,0,0,0,0,0,0,0,0,0,,,,,
11/7/2023,LOC,156,989.001030620168,1,0,0,0,0,0,0,0,0,0,,,,,
11/7/2023,LOC,359,989.001030620169,1,1,1,1,0,0,0,0,0,0,,,,,
11/7/2023,LOC,308,989.001030620170,1,0,0,0,0,0,0,0,0,0,,,,,
11/7/2023,RBT,585,989.001030620172,1,0,0,0,0,0,0,0,0,0,,,,,
11/7/2023,LOC,135,989.001030620173,1,0,0,0,0,0,0,0,0,0,,,,,
11/7/2023,RBC,332,989.001030620174,1,0,0,0,1,1,0,0,0,0,,,,,
11/7/2023,RBT,316,989.001030620175,1,1,0,0,0,0,0,0,0,0,,,,,
11/7/2023,LOC,275,989.001030620176,1,1,0,0,0,0,1,1,1,0,,,,,
11/7/2023,SRN,394,989.001030620177,1,1,0,0,0,0,0,0,0,0,,,,,
11/7/2023,LOC,172,989.001030620178,1,0,1,0,0,0,0,0,0,0,,,,,
11/7/2023,LOC,366,989.001030620179,1,0,0,0,0,0,0,0,0,0,,,,,
11/7/2023,LOC,389,989.001030620180,1,0,0,0,0,0,0,0,0,0,,,,,
11/7/2023,SRN,295,989.001030620181,1,0,0,0,0,0,0,0,0,0,,,,,
11/7/2023,LOC,371,989.001030620182,1,1,1,1,0,1,0,0,0,0,,,,,
11/7/2023,RBC,309,989.001030620183,1,1,0,0,0,0,0,0,0,0,,,,,
11/7/2023,RBT,279,989.001030620184,1,1,0,0,0,0,0,0,0,0,,,,,
11/7/2023,SRN,397,989.001030620185,1,1,0,0,0,0,0,0,0,0,,,,,
11/7/2023,LOC,423,989.001030620186,1,0,0,1,0,0,0,0,0,0,,,,,
11/7/2023,RBC,330,989.001030620187,1,0,0,0,0,0,0,0,0,0,,,,,
11/7/2023,RBT,495,989.001030620188,1,1,0,0,0,0,0,0,0,0,,,,,
11/7/2023,LOC,373,989.001030620189,1,1,0,0,0,0,0,0,0,0,,,,,
11/7/2023,RBC,294,989.001030620190,1,1,0,0,0,0,0,0,0,0,,,,,
11/7/2023,LOC,428,989.001030620191,1,1,0,0,0,0,0,0,0,0,,,,,
11/7/2023,LOC,175,989.001030620192,1,0,1,1,0,1,0,0,0,0,,,,,
11/7/2023,LOC,411,989.001030620193,1,0,0,0,0,0,0,0,0,0,,,,,
11/7/2023,SCN,118,989.001030620194,1,0,0,0,0,0,0,0,0,0,,,,,
11/7/2023,SRN,410,989.001030620195,1,1,0,0,0,0,0,0,0,0,,,,,
11/7/2023,SRN,365,989.001030620196,1,1,0,0,0,0,0,0,0,0,,,,,
11/7/2023,RBC,317,989.001030620197,1,1,0,0,0,0,0,0,0,0,,,,,
11/7/2023,SRN,429,989.001030620198,1,0,0,0,0,0,0,0,0,0,,,,,
11/7/2023,RBT,402,989.001030620199,1,1,1,0,1,0,1,1,0,0,,,,,
11/7/2023,SRN,446,989.001030620201,1,0,0,0,0,0,0,0,0,0,,,,,
11/7/2023,LOC,394,989.001030620202,1,0,0,0,0,0,0,0,0,0,,,,,
11/7/2023,LOC,183,989.001030620203,1,1,0,0,0,0,0,0,0,0,,,,,
11/7/2023,RBC,307,989.001030620204,1,0,0,0,0,0,0,0,0,0,,,,,
11/7/2023,SRN,393,989.001030620205,1,1,0,0,0,0,0,0,0,0,,,,,
11/7/2023,LOC,403,989.001030620206,1,1,0,0,0,0,0,0,0,0,,,,,
3/19/2024,LOC,402,989.001030620206,1,0,0,0,0,0,0,0,0,0,,,,,
11/7/2023,LOC,165,989.001030620207,1,0,0,0,0,0,0,0,0,0,,,,,
11/7/2023,LOC,339,989.001030620208,1,1,0,0,0,0,0,0,0,0,,,,,
11/7/2023,RBT,295,989.001030620209,1,1,1,1,0,0,0,0,0,0,,,,,
11/7/2023,LOC,418,989.001030620210,1,1,0,0,0,0,0,0,0,0,,,,,
11/7/2023,LOC,200,989.001030620211,1,0,0,0,0,0,0,0,0,0,,,,,
11/7/2023,LOC,402,989.001030620212,1,1,0,0,0,0,0,0,0,0,,,,,
11/7/2023,LOC,388,989.001030620213,1,1,0,0,0,0,0,0,0,0,,,,,
11/7/2023,SCN,101,989.001030620214,1,1,0,0,0,0,0,0,0,0,,,,,
11/7/2023,RBT,167,989.001030620215,1,0,0,0,0,0,0,0,0,0,,,,,
11/7/2023,SRN,422,989.001030620216,1,0,0,0,0,0,0,0,0,0,,,,,
11/7/2023,LOC,399,989.001030620217,1,1,0,0,0,0,0,0,0,0,,,,,
11/7/2023,RBT,456,989.001030620218,1,1,1,1,0,0,0,0,0,0,,,,,
11/7/2023,SCN,95,989.001030620219,1,0,0,0,0,0,0,0,0,0,,,,,
11/7/2023,LOC,362,989.001030620220,1,0,0,0,0,0,0,0,0,0,,,,,
11/7/2023,RBT,384,989.001030620221,1,1,0,0,0,0,0,0,0,0,,,,,
11/5/2024,RBT,378,989.001030620221,0,0,0,0,0,0,0,0,0,0,,,,,
11/7/2023,LOC,140,989.001030620222,1,0,1,0,1,0,0,0,0,0,,,,,
11/7/2023,RBC,341,989.001030620223,1,0,0,0,0,0,0,0,0,0,,,,,
11/7/2023,SRN,366,989.001030620224,1,1,0,0,0,0,0,0,0,0,,,,,
11/7/2023,RBT,327,989.001030620225,1,0,1,1,1,1,0,0,0,0,,,,,
11/7/2023,SRN,367,989.001030620226,1,1,0,0,0,0,0,0,0,0,,,,,
11/7/2023,LOC,360,989.001030620227,1,1,0,0,0,0,0,0,0,0,,,,,
11/7/2023,LOC,273,989.001030620228,1,0,1,1,1,0,0,0,0,0,,,,,
11/7/2023,LOC,240,989.001030620229,1,1,0,0,1,0,0,0,0,0,,,,,
11/7/2023,LOC,173,989.001030620230,1,0,1,1,0,1,0,0,0,0,,,,,
11/7/2023,RBT,406,989.001030620231,1,0,1,0,0,0,0,0,0,0,,,,,
11/7/2023,LOC,361,989.001030620232,1,0,1,0,0,0,0,0,0,0,,,,,
11/7/2023,LOC,342,989.001030620233,1,0,0,0,0,0,0,0,0,0,,,,,
11/7/2023,LOC,155,989.001030620234,1,0,0,1,0,0,0,0,0,0,,,,,
11/7/2023,LOC,163,989.001030620235,1,1,0,0,0,0,0,0,0,0,,,,,
11/7/2023,RBT,381,989.001030620236,1,0,0,0,0,0,0,0,0,0,,,,,
11/7/2023,SRN,426,989.001030620237,1,1,0,0,0,0,0,0,0,0,,,,,
11/7/2023,LOC,201,989.001030620238,1,0,0,1,0,0,0,0,0,0,,,,,
11/7/2023,LOC,332,989.001030620239,1,0,0,0,0,0,0,0,0,0,,,,,
11/7/2023,SCN,122,989.001030620240,1,0,0,0,0,0,0,0,0,0,,,,,
11/7/2023,RBC,362,989.001030620241,1,0,1,0,0,0,0,0,0,0,,,,,
11/7/2023,RBT,399,989.001030620242,1,1,0,0,0,0,0,0,0,0,,,,,
11/7/2023,SRN,438,989.001030620243,1,1,0,0,0,0,0,0,0,0,,,,,
11/7/2023,LOC,391,989.001030620244,1,0,0,0,0,0,0,0,0,0,,,,,
11/7/2023,SRN,362,989.001030620245,1,1,0,0,0,0,0,0,0,0,,,,,
11/7/2023,LOC,378,989.001030620246,1,0,0,0,0,0,0,0,0,0,,,,,
11/7/2023,LOC,150,989.001030620247,1,0,0,0,0,0,0,0,0,0,,,,,
11/7/2023,RBT,335,989.001030620248,1,1,1,0,1,0,1,1,0,0,,,,,
11/7/2023,RBC,325,989.001030620249,1,0,0,0,0,1,0,0,0,0,,,,,
11/7/2023,LOC,408,989.001030620250,1,1,1,1,0,0,0,0,0,0,,,,,
11/7/2023,SRN,396,989.001030620251,1,1,0,0,0,0,0,0,0,0,,,,,
11/7/2023,SRN,350,989.001030620252,1,1,1,0,0,0,0,0,0,0,,,,,
11/7/2023,LOC,151,989.001030620253,1,0,0,1,1,1,1,1,0,0,,,,,
11/7/2023,RBC,352,989.001030620254,1,1,0,0,0,0,0,0,0,0,,,,,
11/7/2023,LOC,145,989.001030620255,1,0,0,0,0,0,0,0,0,0,,,,,
11/7/2023,RBT,455,989.001030620256,1,1,0,0,0,0,0,0,0,0,,,,,
11/7/2023,SRN,396,989.001030620257,1,1,0,0,0,0,0,0,0,0,,,,,
11/7/2023,LOC,272,989.001030620258,1,0,0,0,0,0,0,0,0,0,,,,,
11/7/2023,LOC,384,989.001030620259,1,1,0,0,0,0,0,0,0,0,,,,,
11/7/2023,LOC,382,989.001030620260,1,0,0,0,0,0,0,0,0,0,,,,,
11/7/2023,LOC,245,989.001030620261,1,1,0,0,0,0,0,0,1,0,,,,,
11/7/2023,RBC,249,989.001030620262,1,1,0,1,0,0,0,0,0,0,,,,,
11/7/2023,LOC,416,989.001030620263,1,0,1,1,0,1,1,1,0,0,,,,,
11/7/2023,LOC,379,989.001030620264,1,1,0,0,0,0,0,0,0,0,,,,,
11/7/2023,SRN,400,989.001030620265,1,1,0,0,0,0,0,0,0,0,,,,,
11/7/2023,RBC,313,989.001030620266,1,1,0,0,0,0,0,0,0,0,,,,,
3/19/2024,RBC,320,989.001030620266,0,0,1,0,0,0,0,0,0,0,,,,,
11/7/2023,LOC,402,989.001030620267,1,1,0,0,0,0,0,0,0,0,,,,,
11/7/2023,RBC,303,989.001030620268,1,1,0,1,0,0,0,0,0,0,,,,,
11/7/2023,RBT,141,989.001030620269,1,1,0,0,0,0,0,0,0,0,,,,,
11/7/2023,RBC,294,989.001030620270,1,0,0,0,0,0,0,0,0,0,,,,,
11/7/2023,LOC,282,989.001030620271,1,1,1,0,1,0,1,1,1,1,,,,,
11/7/2023,SRN,372,989.001030620272,1,0,0,0,0,0,0,0,0,0,,,,,
11/7/2023,LOC,163,989.001030620273,1,1,0,0,0,0,0,0,0,0,,,,,
11/7/2023,LOC,381,989.001030620274,1,1,1,1,1,0,0,0,0,0,,,,,
11/7/2023,RBT,330,989.001030620275,1,1,0,0,1,0,0,0,0,0,,,,,
11/7/2023,RBT,146,989.001030620276,1,0,0,0,0,0,0,0,0,0,,,,,
11/7/2023,SRN,448,989.001030620277,1,1,0,0,0,0,0,0,0,0,,,,,
11/7/2023,SRN,418,989.001030620278,1,1,0,0,0,0,0,0,0,0,,,,,
11/7/2023,LOC,385,989.001030620279,1,1,0,0,0,0,0,0,0,0,,,,,
11/7/2023,LOC,348,989.001030620280,1,1,1,0,0,0,1,1,0,0,,,,,
11/7/2023,LOC,375,989.001030620281,1,1,0,0,0,0,0,0,0,0,,,,,
11/7/2023,LOC,344,989.001030620282,1,0,0,0,1,0,0,0,0,0,,,,,
11/7/2023,LOC,451,989.001030620283,1,0,0,0,0,0,0,0,0,0,,,,,
11/7/2023,SRN,319,989.001030620284,1,0,0,0,0,0,0,0,0,0,,,,,
11/7/2023,LOC,422,989.001030620285,1,1,1,1,0,0,0,0,0,0,,,,,
11/7/2023,RBC,313,989.001030620286,1,1,0,0,0,0,0,0,0,0,,,,,
11/7/2023,LOC,301,989.001030620287,1,1,0,0,0,0,0,0,0,0,,,,,
11/7/2023,LOC,315,989.001030620288,1,0,0,0,0,0,0,0,0,0,,,,,
11/7/2023,LOC,306,989.001030620289,1,0,1,0,0,0,0,0,0,0,,,,,
11/7/2023,LOC,313,989.001030620290,1,1,1,1,0,0,0,0,0,0,,,,,
11/7/2023,LOC,408,989.001030620291,1,1,0,0,0,0,0,0,0,0,,,,,
11/7/2023,LOC,192,989.001030620292,1,0,0,0,0,1,0,0,0,0,,,,,
11/7/2023,LOC,257,989.001030620293,1,0,1,0,1,0,1,0,0,0,,,,,
11/7/2023,LOC,394,989.001030620294,1,0,0,0,0,0,0,0,0,0,,,,,
11/7/2023,LOC,241,989.001030620295,1,0,1,1,0,0,1,1,1,1,,,,,
11/7/2023,RBT,289,989.001030620296,1,0,0,0,0,0,0,0,0,0,,,,,
11/7/2023,RBT,391,989.001030620297,1,1,0,0,0,0,0,0,0,0,,,,,
11/7/2023,SRN,377,989.001030620298,1,1,0,0,0,0,0,0,0,0,,,,,
11/7/2023,SRN,384,989.001030620299,1,1,0,0,0,0,0,0,0,0,,,,,
11/7/2023,RBC,313,989.001030620300,1,0,0,0,0,0,0,0,0,0,,,,,
11/7/2023,LOC,410,989.001030620301,1,1,1,1,1,1,1,1,1,1,,,,,
11/7/2023,RBC,321,989.001030620302,1,0,0,1,0,0,0,0,0,0,,,,,
11/7/2023,LOC,362,989.001030620303,1,1,1,1,1,0,0,0,1,0,,,,,
11/7/2023,LOC,285,989.001030620304,1,1,1,1,0,0,0,0,0,0,,,,,
11/7/2023,LOC,262,989.001030620305,1,1,0,1,0,0,0,0,0,0,,,,,
11/7/2023,RBC,307,989.001030620306,1,1,1,1,0,0,0,0,0,0,,,,,
11/7/2023,SRN,423,989.001030620307,1,1,1,1,0,0,0,0,0,0,,,,,
11/7/2023,LOC,390,989.001030620308,1,0,0,0,0,0,0,0,0,0,,,,,
11/7/2023,LOC,349,989.001030620309,1,0,0,0,0,0,0,0,0,0,,,,,
11/7/2023,RBT,391,989.001030620310,1,1,0,0,0,0,0,0,0,0,,,,,
11/7/2023,LOC,264,989.001030620311,1,1,0,0,0,0,0,0,0,0,,,,,
11/7/2023,LOC,395,989.001030620312,1,0,0,0,0,0,0,0,0,0,,,,,
11/7/2023,SRN,347,989.001030620313,1,1,0,0,0,0,0,0,0,0,,,,,
11/7/2023,SRN,354,989.001030620314,1,1,0,0,0,0,0,0,0,0,,,,,
11/7/2023,LOC,435,989.001030620315,1,1,0,0,0,0,0,0,0,0,,,,,
11/7/2023,LOC,365,989.001030620316,1,1,1,1,1,0,1,1,0,1,,,,,
11/7/2023,LOC,325,989.001030620318,1,1,1,1,0,0,0,0,0,0,,,,,
11/7/2023,SCN,109,989.001030620319,1,0,0,0,0,0,0,0,0,0,,,,,
11/7/2023,RBT,396,989.001030620320,1,1,1,0,1,1,0,0,0,0,,,,,
11/7/2023,RBC,356,989.001030620321,1,1,0,0,0,0,0,0,0,0,,,,,
11/7/2023,LOC,398,989.001030620322,1,1,0,0,0,0,0,0,0,0,,,,,
11/7/2023,RBC,257,989.001030620323,1,1,0,0,0,0,0,0,0,0,,,,,
11/7/2023,RBT,394,989.001030620324,1,0,1,1,0,0,1,0,0,0,,,,,
11/7/2023,LOC,326,989.001030620325,1,1,1,1,0,1,0,1,1,0,,,,,
11/7/2023,SRN,354,989.001030620326,1,1,0,0,0,0,0,0,0,0,,,,,
11/7/2023,RBC,269,989.001030620327,1,1,1,1,0,0,0,0,0,0,,,,,
11/7/2023,RBT,538,989.001030620328,1,1,0,0,0,0,0,0,0,0,,,,,
11/7/2023,LOC,357,989.001030620329,1,0,0,0,0,0,0,0,0,0,,,,,
11/7/2023,RBC,292,989.001030620330,1,1,1,1,0,1,1,0,0,0,,,,,
11/7/2023,LOC,277,989.001030620331,1,1,0,0,0,0,0,0,0,0,,,,,
11/7/2023,LOC,136,989.001030620332,1,0,0,0,0,0,0,0,0,0,,,,,
11/7/2023,LOC,605,989.001030620333,1,1,0,0,0,0,0,0,0,0,,,,,
11/7/2023,LOC,455,989.001030620334,1,1,0,0,0,0,0,0,0,0,,,,,
11/7/2023,LOC,278,989.001030620335,1,0,0,0,0,0,0,0,0,0,,,,,
11/7/2023,LOC,156,989.001030620336,1,0,1,1,0,0,0,0,0,0,,,,,
11/7/2023,LOC,215,989.001030620337,1,1,0,1,0,0,0,0,0,0,,,,,
11/7/2023,LOC,339,989.001030620338,1,1,0,0,0,0,0,0,0,0,,,,,
11/7/2023,LOC,366,989.001030620339,1,0,0,0,0,0,0,0,1,0,,,,,
11/7/2023,LOC,337,989.001030620340,1,1,0,0,0,0,0,0,0,0,,,,,
11/7/2023,LOC,337,989.001030620341,1,0,0,0,0,1,0,0,0,0,,,,,
11/7/2023,SRN,401,989.001030620342,1,1,0,0,0,0,0,0,0,0,,,,,
11/7/2023,LOC,356,989.001030620343,1,1,0,0,0,0,0,0,0,0,,,,,
11/7/2023,LOC,248,989.001030620344,1,1,0,0,0,0,0,0,0,0,,,,,
11/7/2023,LOC,145,989.001030620345,1,0,1,0,0,0,0,0,0,0,,,,,
11/7/2023,RBC,282,989.001030620346,1,1,0,0,0,0,0,0,0,0,,,,,
11/7/2023,RBC,314,989.001030620347,1,0,0,0,0,0,0,0,0,0,,,,,
11/7/2023,LOC,405,989.001030620348,1,0,0,0,0,0,0,0,0,0,,,,,
11/7/2023,LOC,265,989.001030620349,1,0,1,1,0,0,0,0,0,0,,,,,
11/7/2023,LOC,313,989.001030620350,1,1,1,0,0,1,1,1,0,0,,,,,
11/7/2023,RBT,375,989.001030620351,1,1,0,0,1,0,0,0,0,0,,,,,
11/7/2023,SRN,329,989.001030620352,1,1,0,0,0,0,0,0,0,0,,,,,
11/7/2023,LOC,361,989.001030620353,1,0,0,0,1,0,0,0,0,0,,,,,
11/7/2023,SCN,84,989.001030620354,1,0,0,0,0,0,0,0,0,0,,,,,
11/7/2023,LOC,180,989.001030620355,1,0,0,1,0,0,0,0,0,0,,,,,
11/7/2023,SRN,362,989.001030620356,1,1,0,1,0,0,0,0,0,0,,,,,
11/7/2023,RBC,302,989.001030620357,1,1,1,1,0,0,0,0,0,0,,,,,
11/7/2023,LOC,399,989.001030620358,1,1,0,0,0,0,0,0,0,0,,,,,
11/7/2023,RBC,255,989.001030620359,1,1,0,0,0,0,0,0,0,0,,,,,
11/7/2023,RBT,128,989.001030620360,1,0,0,0,1,0,0,0,0,0,,,,,
11/7/2023,RBT,231,989.001030620361,1,1,0,1,0,0,0,0,0,0,,,,,
11/7/2023,RBC,303,989.001030620362,1,1,0,0,0,0,0,0,0,0,,,,,
11/7/2023,LOC,236,989.001030620364,1,1,1,0,1,0,1,0,0,1,,,,,
11/7/2023,LOC,436,989.001030620365,1,0,1,1,0,0,0,0,0,0,,,,,
11/7/2023,RBT,281,989.001030620366,1,0,1,0,0,0,0,0,0,0,,,,,
11/7/2023,SCN,75,989.001030620367,1,0,0,0,0,0,0,0,0,0,,,,,
11/7/2023,LOC,302,989.001030620368,1,1,0,0,0,0,0,0,0,0,,,,,
11/7/2023,SRN,368,989.001030620369,1,1,0,0,0,0,0,0,0,0,,,,,
11/7/2023,RBC,292,989.001030620370,1,1,0,0,0,0,0,0,0,0,,,,,
11/7/2023,RBC,303,989.001030620371,1,1,1,1,0,0,0,0,0,0,,,,,
11/7/2023,SRN,389,989.001030620372,1,1,0,0,0,0,0,0,0,0,,,,,
11/7/2023,LOC,192,989.001030620373,1,0,0,0,0,0,0,0,0,0,,,,,
11/7/2023,SRN,398,989.001030620374,1,1,0,0,0,0,0,0,0,0,,,,,
11/7/2023,RBT,122,989.001030620376,1,1,0,0,0,0,0,0,0,0,,,,,
11/7/2023,LOC,316,989.001030620377,1,1,0,0,0,0,0,0,0,0,,,,,
11/7/2023,RBT,337,989.001030620378,1,1,1,0,0,0,0,0,0,0,,,,,
11/7/2023,RBT,287,989.001030620379,1,0,0,0,0,0,0,0,0,0,,,,,
11/7/2023,SCN,116,989.001030620380,1,0,0,0,0,0,0,0,0,0,,,,,
11/7/2023,RBT,243,989.001030620381,1,0,1,1,0,0,0,0,0,0,,,,,
11/7/2023,SRN,340,989.001030620382,1,1,0,0,0,0,0,0,0,0,,,,,
3/19/2024,SRN,341,989.001030620382,0,0,1,1,0,0,0,0,0,0,,,,,
11/7/2023,LOC,332,989.001030620383,1,1,1,1,0,0,0,0,0,0,,,,,
11/7/2023,RBT,295,989.001030620384,1,0,0,0,0,0,0,0,0,0,,,,,
11/7/2023,RBT,374,989.001030620385,1,0,1,0,0,0,0,0,0,0,,,,,
11/7/2023,RBT,324,989.001030620386,1,1,0,0,0,0,0,0,0,0,,,,,
11/7/2023,LOC,405,989.001030620387,1,0,1,0,0,0,0,0,0,0,,,,,
11/7/2023,RBC,328,989.001030620388,1,0,1,0,0,0,1,1,0,0,,,,,
11/7/2023,SRN,396,989.001030620389,1,1,0,0,0,0,0,0,0,0,,,,,
11/7/2023,RBT,174,989.001030620390,1,0,1,1,0,0,0,0,0,0,,,,,
11/7/2023,LOC,390,989.001030620391,1,0,0,0,0,0,0,0,1,0,,,,,
11/7/2023,LOC,256,989.001030620392,1,1,1,1,0,0,0,0,0,0,,,,,
11/7/2023,RBC,305,989.001030620393,1,1,1,1,0,0,0,0,0,0,,,,,
11/7/2023,LOC,396,989.001030620394,1,0,0,0,0,0,0,0,0,0,,,,,
11/7/2023,RBT,150,989.001030620395,1,0,0,0,0,0,0,0,0,0,,,,,
3/19/2024,RBT,153,989.001030620395,1,0,0,0,0,0,0,0,0,0,,,,,
11/7/2023,SRN,362,989.001030620396,1,0,0,0,0,0,0,0,0,0,,,,,
11/7/2023,RBT,114,989.001030620397,1,0,0,0,0,0,0,0,0,0,,,,,
11/7/2023,RBC,279,989.001030620398,1,1,0,0,0,0,0,0,0,0,,,,,
11/7/2023,RBC,307,989.001030620399,1,0,0,0,0,0,0,0,0,0,,,,,
11/7/2023,SCN,95,989.001030620400,1,0,0,1,0,0,0,0,0,0,,,,,
11/7/2023,LOC,445,989.001030620401,1,1,1,1,1,0,1,1,0,0,,,,,
11/7/2023,LOC,301,989.001030620402,1,1,0,0,1,0,0,0,0,0,,,,,
11/7/2023,LOC,354,989.001030620403,1,1,0,1,0,0,0,0,0,0,,,,,
11/7/2023,LOC,264,989.001030620404,1,0,1,1,0,1,1,1,1,1,,,,,
11/7/2023,LOC,185,989.001030620406,1,1,1,0,0,0,0,0,0,0,,,,,
11/7/2023,RBT,137,989.001030620407,1,1,0,0,0,0,0,0,0,0,,,,,
11/7/2023,RBT,545,989.001030620408,1,1,0,0,0,0,0,0,0,0,,,,,
11/7/2023,SRN,396,989.001030620409,1,1,0,0,0,0,0,0,0,0,,,,,
11/7/2023,SRN,389,989.001030620410,1,1,0,0,0,0,0,0,0,0,,,,,
11/7/2023,RBC,327,989.001030620411,1,1,0,0,0,0,0,0,0,0,,,,,
11/7/2023,SCN,132,989.001030620412,1,0,0,0,0,1,0,0,0,0,,,,,
11/7/2023,SRN,381,989.001030620413,1,1,0,0,0,0,0,0,0,0,,,,,
11/7/2023,SCN,89,989.001030620414,1,0,0,0,0,0,0,0,0,0,,,,,
11/7/2023,RBT,326,989.001030620415,1,0,1,0,0,0,0,0,0,0,,,,,
11/7/2023,RBC,278,989.001030620416,1,1,0,0,0,0,0,0,0,0,,,,,
11/7/2023,LOC,338,989.001030620417,1,1,1,1,0,0,0,0,1,1,,,,,
11/7/2023,SRN,399,989.001030620418,1,0,1,1,0,0,0,0,0,0,,,,,
11/7/2023,LOC,294,989.001030620419,1,0,0,0,0,0,0,0,0,0,,,,,
11/7/2023,LOC,336,989.001030620420,1,0,0,0,1,0,1,1,1,1,,,,,
11/7/2023,RBC,315,989.001030620421,1,0,1,0,0,0,0,0,0,0,,,,,
11/7/2023,RBC,227,989.001030620422,1,0,0,0,0,0,0,0,0,0,,,,,
11/7/2023,RBC,295,989.001030620423,1,1,0,0,0,0,0,0,1,1,,,,,
11/7/2023,RBC,303,989.001030620424,1,0,0,0,0,0,0,0,0,0,,,,,
11/7/2023,RBT,392,989.001030620425,1,1,0,0,0,0,0,0,0,0,,,,,
11/7/2023,RBC,294,989.001030620426,1,0,1,1,0,0,0,0,0,0,,,,,
11/7/2023,LOC,414,989.001030620427,1,0,1,1,1,0,1,1,1,1,,,,,
11/7/2023,RBT,265,989.001030620428,1,0,0,0,0,0,0,0,0,0,,,,,
11/7/2023,SCN,95,989.001030620429,1,0,0,0,0,0,0,0,0,0,,,,,
11/7/2023,RBT,326,989.001030620430,1,0,1,0,1,0,0,0,0,0,,,,,
11/7/2023,RBC,321,989.001030620431,1,1,0,0,0,0,0,0,0,0,,,,,
11/7/2023,LOC,381,989.001030620432,1,0,0,0,1,1,0,0,0,0,,,,,
11/7/2023,RBC,247,989.001030620433,1,0,1,1,0,0,0,0,0,0,,,,,
11/7/2023,SCN,91,989.001030620434,1,0,0,0,0,0,0,0,0,0,,,,,
11/7/2023,RBT,507,989.001030620435,1,0,0,0,0,0,0,0,0,0,,,,,
11/7/2023,RBT,182,989.001030620436,1,0,0,0,0,0,0,0,0,0,,,,,
11/7/2023,SCN,92,989.001030620437,1,0,0,1,0,0,0,0,0,0,,,,,
11/7/2023,RBC,338,989.001030620438,1,1,0,0,0,0,0,0,0,0,,,,,
11/7/2023,LOC,268,989.001030620439,1,1,0,0,0,0,0,0,0,0,,,,,
11/7/2023,RBC,336,989.001030620440,1,1,0,0,0,0,0,0,0,0,,,,,
11/7/2023,SCN,84,989.001030620441,1,0,0,0,0,0,0,0,0,0,,,,,
11/7/2023,LOC,365,989.001030620442,1,1,1,0,1,0,1,0,1,0,,,,,
11/7/2023,RBC,337,989.001030620443,1,0,0,0,0,0,0,0,0,0,,,,,
11/7/2023,RBT,348,989.001030620444,1,0,1,0,0,0,0,0,0,0,,,,,
11/7/2023,LOC,162,989.001030620445,1,1,0,0,0,0,0,0,0,0,,,,,
11/7/2023,LOC,204,989.001030620446,1,0,0,0,0,0,1,1,0,0,,,,,
11/7/2023,LOC,237,989.001030620447,1,0,0,0,0,0,0,0,0,0,,,,,
11/7/2023,LOC,394,989.001030620448,1,0,0,0,0,0,0,0,1,0,,,,,
11/7/2023,RBT,316,989.001030620449,1,0,1,0,0,0,0,0,0,0,,,,,
11/7/2023,LOC,375,989.001030620450,1,1,1,1,0,0,1,1,0,0,,,,,
11/7/2023,LOC,373,989.001030620451,1,1,0,0,0,1,0,0,0,0,,,,,
11/7/2023,RBC,349,989.001030620452,1,1,0,0,0,0,0,0,0,0,,,,,
11/7/2023,RBT,393,989.001030620453,1,1,0,0,0,0,0,0,0,0,,,,,
11/7/2023,SCN,84,989.001030620454,1,0,0,0,0,0,0,0,0,0,,,,,
11/7/2023,RBC,303,989.001030620455,1,0,1,0,1,0,0,0,0,0,,,,,
11/7/2023,SCN,121,989.001030620456,1,1,0,0,0,0,0,0,0,0,,,,,
11/7/2023,SCN,142,989.001030620457,1,0,0,0,0,0,0,0,0,0,,,,,
11/7/2023,RBT,306,989.001030620458,1,0,0,0,0,0,0,0,0,0,,,,,
11/7/2023,LOC,337,989.001030620459,1,1,0,0,0,0,0,0,0,0,,,,,
11/7/2023,LOC,445,989.001030620460,1,0,0,0,0,0,0,0,0,0,,,,,
11/7/2023,RBC,276,989.001030620461,1,0,0,0,0,0,0,0,0,0,,,,,
11/7/2023,RBC,318,989.001030620462,1,0,1,1,0,1,1,1,0,0,,,,,
11/7/2023,RBC,307,989.001030620463,1,0,1,0,0,0,0,0,0,0,,,,,
11/7/2023,SRN,367,989.001030620464,1,0,0,0,0,0,0,0,0,0,,,,,
11/7/2023,RBT,216,989.001030620465,1,0,1,0,0,0,0,0,0,0,,,,,
11/7/2023,LOC,182,989.001030620466,1,0,0,1,0,0,0,0,0,0,,,,,
11/7/2023,LOC,318,989.001030620467,1,1,1,1,1,0,1,0,1,0,,,,,
11/7/2023,RBT,327,989.001030620468,1,0,1,0,1,0,1,1,1,1,,,,,
11/7/2023,LOC,134,989.001030620469,1,0,0,0,0,0,0,0,0,0,,,,,
11/7/2023,RBC,315,989.001030620470,1,0,1,0,0,0,1,0,0,1,,,,,
11/7/2023,LOC,391,989.001030620471,1,1,0,0,1,1,0,0,0,0,,,,,
11/7/2023,SRN,388,989.001030620472,1,1,0,0,0,0,0,0,0,0,,,,,
11/7/2023,LOC,172,989.001030620473,1,0,0,0,0,0,0,0,0,0,,,,,
11/7/2023,SRN,347,989.001030620474,1,1,0,0,0,0,0,0,0,0,,,,,
11/7/2023,SRN,386,989.001030620475,1,1,0,0,0,0,0,0,0,0,,,,,
11/7/2023,RBC,290,989.001030620476,1,1,1,1,0,0,0,0,0,0,,,,,
11/7/2023,LOC,247,989.001030620477,1,1,0,1,0,0,1,1,1,0,,,,,
11/7/2023,LOC,275,989.001030620478,1,1,1,0,1,0,1,0,0,0,,,,,
11/7/2023,RBT,234,989.001030620479,1,1,1,0,0,0,0,0,0,0,,,,,
11/7/2023,RBC,287,989.001030620480,1,0,0,0,0,0,0,0,0,0,,,,,
11/7/2023,LOC,372,989.001030620481,1,1,1,1,0,0,0,0,0,0,,,,,
11/7/2023,RBT,126,989.001030620482,1,1,0,0,0,0,0,0,0,0,,,,,
11/7/2023,RBT,152,989.001030620483,1,1,0,0,0,0,0,0,0,0,,,,,
11/7/2023,LOC,569,989.001030620484,1,1,0,0,0,0,0,0,0,0,,,,,
11/7/2023,LOC,371,989.001030620485,1,0,0,0,1,0,0,0,1,0,,,,,
11/7/2023,SRN,381,989.001030620486,1,1,0,0,0,0,0,0,0,0,,,,,
11/7/2023,RBC,298,989.001030620487,1,0,0,0,0,0,0,0,0,0,,,,,
11/7/2023,RBC,317,989.001030620488,1,0,1,0,0,0,0,0,0,0,,,,,
11/7/2023,SRN,384,989.001030620489,1,1,0,0,0,0,0,0,0,0,,,,,
11/7/2023,RBT,320,989.001030620490,1,0,0,0,0,0,0,0,0,0,,,,,
11/7/2023,SCN,96,989.001030620491,1,0,0,0,0,0,0,0,0,0,,,,,
11/7/2023,RBT,170,989.001030620492,1,0,0,0,0,0,0,0,0,0,,,,,
11/7/2023,RBT,372,989.001030620493,1,0,0,0,0,0,0,0,0,0,,,,,
11/7/2023,LOC,258,989.001030620494,1,1,1,1,1,0,0,0,1,1,,,,,
11/7/2023,RBC,291,989.001030620495,1,0,0,0,0,0,0,0,0,0,,,,,
11/7/2023,RBT,303,989.001030620496,1,1,0,0,0,0,0,0,0,0,,,,,
11/7/2023,RBT,314,989.001030620497,1,0,0,0,0,0,0,0,0,0,,,,,
11/7/2023,RBT,138,989.001030620498,1,0,1,0,1,1,0,0,0,0,,,,,
11/7/2023,RBC,307,989.001030620499,1,1,1,0,0,0,0,0,0,0,,,,,
11/7/2023,LOC,295,989.001030620500,1,0,1,1,1,0,1,1,0,0,,,,,
11/7/2023,LOC,401,989.001030620501,1,1,0,0,0,0,0,0,0,0,,,,,
11/7/2023,LOC,373,989.001030620502,1,1,1,1,0,0,1,1,0,0,,,,,
11/7/2023,SRN,357,989.001030620503,1,1,0,0,0,0,0,0,0,0,,,,,
11/7/2023,RBC,285,989.001030620504,1,0,0,0,0,0,0,0,0,0,,,,,
11/7/2023,RBT,298,989.001030620505,1,1,0,0,0,0,0,0,0,0,,,,,
11/7/2023,SRN,372,989.001030620506,1,1,1,0,0,0,0,0,0,0,,,,,
11/7/2023,RBT,321,989.001030620507,1,0,0,0,0,0,0,0,0,0,,,,,
11/7/2023,LOC,261,989.001030620508,1,0,0,1,1,0,1,0,0,0,,,,,
11/7/2023,RBC,276,989.001030620509,1,1,1,0,0,0,0,0,0,0,,,,,
11/7/2023,RBC,295,989.001030620510,1,0,0,0,0,0,0,0,0,0,,,,,
11/7/2023,RBC,318,989.001030620511,1,0,1,1,1,1,0,0,0,0,,,,,
11/7/2023,RBT,293,989.001030620512,1,1,0,0,0,0,0,0,0,0,,,,,
11/7/2023,RBT,422,989.001030620513,1,0,1,0,0,0,0,0,0,0,,,,,
11/7/2023,RBT,265,989.001030620514,1,1,0,0,0,0,0,0,0,0,,,,,
11/7/2023,RBT,359,989.001030620515,1,0,1,1,0,0,0,0,0,0,,,,,
11/7/2023,RBT,329,989.001030620516,1,0,1,0,0,0,0,0,0,0,,,,,
11/7/2023,RBC,340,989.001030620517,1,0,1,0,1,0,0,0,0,0,,,,,
11/7/2023,RBC,305,989.001030620518,1,0,0,0,0,0,0,0,0,0,,,,,
11/7/2023,RBT,317,989.001030620519,1,0,0,0,0,0,0,0,0,0,,,,,
11/7/2023,RBC,307,989.001030620520,1,0,1,0,0,0,0,0,0,0,,,,,
11/7/2023,RBC,280,989.001030620521,1,0,1,1,0,0,0,0,0,0,,,,,
11/7/2023,RBT,256,989.001030620522,1,1,0,0,0,0,0,0,0,0,,,,,
11/7/2023,RBT,298,989.001030620523,1,1,0,0,0,0,0,0,0,0,,,,,
11/7/2023,LOC,321,989.001030620524,1,1,0,0,0,0,0,0,0,0,,,,,
11/7/2023,RBT,257,989.001030620525,0,0,0,0,0,0,0,0,0,0,,,,,
11/7/2023,SRN,405,989.001030620526,1,0,0,0,0,0,0,0,0,0,,,,,
11/7/2023,RBT,130,989.001030620527,1,0,0,0,0,0,0,0,0,0,,,,,
11/7/2023,RBC,300,989.001030620528,1,0,1,0,0,0,0,0,0,0,,,,,
11/7/2023,LOC,502,989.001030620529,1,0,1,0,0,0,0,1,0,0,,,,,
11/7/2023,RBT,529,989.001030620530,1,1,1,0,0,0,0,0,0,0,,,,,
11/7/2023,RBC,298,989.001030620531,1,0,0,0,0,0,0,0,0,0,,,,,
11/7/2023,RBC,313,989.001030620532,1,0,0,0,0,0,0,0,0,0,,,,,
11/7/2023,RBC,314,989.001030620533,1,1,0,0,0,0,0,0,0,0,,,,,
11/7/2023,RBT,314,989.001030620534,1,1,0,0,0,0,0,0,0,0,,,,,
11/7/2023,SRN,374,989.001030620535,1,1,0,0,0,0,0,0,0,0,,,,,
11/7/2023,RBC,287,989.001030620536,1,1,1,1,0,0,0,0,0,0,,,,,
11/7/2023,SRN,377,989.001030620537,1,1,0,0,0,0,0,0,0,0,,,,,
11/7/2023,RBC,283,989.001030620538,1,1,0,0,0,0,0,0,0,0,,,,,
11/7/2023,LOC,353,989.001030620539,1,0,1,0,0,0,0,0,1,0,,,,,
11/7/2023,SRN,374,989.001030620540,1,1,0,0,0,0,0,0,0,0,,,,,
11/7/2023,RBT,312,989.001030620541,1,0,0,0,0,0,0,0,0,0,,,,,
11/7/2023,RBT,312,989.001030620542,1,1,0,0,0,0,0,0,0,0,,,,,
11/7/2023,RBT,312,989.001030620543,1,0,1,1,0,0,0,0,0,0,,,,,
11/7/2023,SRN,344,989.001030620544,1,1,0,0,0,0,0,0,0,0,,,,,
11/7/2023,RBT,307,989.001030620545,1,1,0,0,0,0,0,0,0,0,,,,,
11/7/2023,RBT,396,989.001030620546,1,1,0,0,0,0,0,0,0,0,,,,,
11/7/2023,SCN,125,989.001030620547,1,0,0,0,0,0,0,0,0,0,,,,,
11/7/2023,RBT,133,989.001030620548,1,0,1,0,0,0,0,0,0,0,,,,,
11/7/2023,RBC,305,989.001030620549,1,0,0,0,0,0,0,0,0,0,,,,,
11/7/2023,SRN,402,989.001030620550,1,0,1,1,0,0,0,0,0,0,,,,,
11/7/2023,RBC,289,989.001030620551,1,0,0,0,0,1,0,0,0,0,,,,,
11/7/2023,LOC,176,989.001030620552,1,0,0,0,0,0,0,0,0,0,,,,,
11/7/2023,LOC,311,989.001030620553,1,1,1,1,1,0,0,0,1,1,,,,,
11/7/2023,RBT,303,989.001030620554,1,1,0,0,0,0,0,0,0,0,,,,,
11/7/2023,SCN,91,989.001030620555,1,0,0,0,0,0,0,0,0,0,,,,,
11/7/2023,RBT,328,989.001030620556,1,0,0,1,0,0,0,0,0,0,,,,,
11/7/2023,RBT,196,989.001030620557,1,0,0,0,0,0,0,0,0,0,,,,,
11/7/2023,RBT,156,989.001030620558,1,0,1,0,0,0,0,0,0,0,,,,,
11/7/2023,RBT,283,989.001030620559,1,1,0,0,0,0,0,0,0,0,,,,,
11/7/2023,RBT,240,989.001030620560,1,1,1,0,0,0,0,0,0,0,,,,,
11/7/2023,LOC,291,989.001030620561,1,0,0,0,0,0,0,0,0,0,,,,,
11/7/2023,SCN,126,989.001030620562,1,0,0,1,0,0,0,0,0,0,,,,,
11/7/2023,SCN,105,989.001030620563,1,0,0,0,0,0,0,0,0,0,,,,,
11/7/2023,LOC,270,989.001030620564,1,1,0,0,0,0,0,0,0,0,,,,,
11/7/2023,RBC,229,989.001030620565,1,1,1,1,1,0,0,0,0,0,,,,,
11/7/2023,SCN,117,989.001030620566,1,0,0,1,0,0,0,0,0,0,,,,,
11/7/2023,LOC,437,989.001030620567,1,0,0,0,0,0,0,0,0,0,,,,,
11/7/2023,RBT,113,989.001030620568,1,0,0,0,0,0,0,0,0,0,,,,,
11/7/2023,RBC,281,989.001030620569,1,1,0,1,0,0,0,0,0,0,,,,,
11/7/2023,LOC,306,989.001030620570,1,0,1,0,0,0,0,0,0,0,,,,,
11/7/2023,RBT,138,989.001030620571,1,0,0,0,0,0,0,0,0,0,,,,,
11/7/2023,RBT,133,989.001030620572,1,0,0,0,0,0,0,0,0,0,,,,,
11/7/2023,SRN,381,989.001030620573,1,1,0,0,0,0,0,0,0,0,,,,,
11/7/2023,RBT,212,989.001030620574,0,0,0,0,0,0,0,0,0,0,,,,,
11/7/2023,RBC,288,989.001030620575,1,1,1,1,0,0,0,0,0,0,,,,,
11/7/2023,RBC,298,989.001030620576,1,1,1,0,0,0,0,0,0,0,,,,,
11/7/2023,RBT,199,989.001030620577,1,0,0,0,0,0,0,0,0,0,,,,,
11/7/2023,RBC,294,989.001030620578,1,1,1,1,0,0,0,0,0,0,,,,,
11/7/2023,RBT,123,989.001030620579,1,0,0,0,0,0,0,0,0,0,,,,,
11/7/2023,RBT,322,989.001030620580,1,1,0,0,0,0,0,0,0,0,,,,,
11/7/2023,RBT,253,989.001030620581,1,0,0,0,0,0,0,0,0,0,,,,,
11/7/2023,LOC,424,989.001030620582,1,1,1,1,1,0,1,1,1,1,,,,,
11/7/2023,RBT,135,989.001030620583,1,0,0,0,0,0,0,0,0,0,,,,,
11/7/2023,LOC,215,989.001030620584,1,1,1,1,0,0,0,0,0,0,,,,,
11/7/2023,SCN,118,989.001030620585,1,0,0,1,0,0,0,0,0,0,,,,,
11/7/2023,RBT,281,989.001030620586,1,0,0,0,0,0,0,0,0,0,,,,,
11/7/2023,LOC,314,989.001030620587,1,0,0,0,0,0,0,0,0,0,,,,,
11/7/2023,SCN,96,989.001030620588,1,0,0,0,0,0,0,0,0,0,,,,,
11/7/2023,SCN,145,989.001030620589,1,0,0,0,0,0,0,0,0,0,,,,,
11/7/2023,SCN,92,989.001030620590,1,0,0,0,0,0,0,0,0,0,,,,,
11/7/2023,RBC,304,989.001030620591,1,1,0,0,0,0,0,0,0,0,,,,,
11/7/2023,SRN,397,989.001030620592,1,1,0,0,0,0,0,0,0,0,,,,,
11/7/2023,RBT,303,989.001030620593,1,1,0,0,0,0,0,0,0,0,,,,,
11/7/2023,LOC,216,989.001030620594,1,1,0,0,0,0,0,0,0,0,,,,,
11/7/2023,RBT,280,989.001030620595,1,1,0,0,0,0,0,0,0,0,,,,,
11/7/2023,LOC,163,989.001030620596,1,0,0,0,0,0,0,0,0,0,,,,,
11/7/2023,LOC,144,989.001030620597,1,0,0,0,0,0,0,0,0,0,,,,,
11/7/2023,LOC,178,989.001030620598,1,1,0,0,0,0,0,0,0,0,,,,,
11/7/2023,LOC,173,989.001030620599,1,0,0,0,0,0,0,0,0,0,,,,,
11/7/2023,RBT,205,989.001030620600,1,0,1,0,0,0,0,0,0,0,,,,,
11/7/2023,SRN,490,989.001030620601,1,1,0,0,0,0,0,0,0,0,,,,,
11/7/2023,SCN,134,989.001030620602,1,0,0,0,0,0,0,0,0,0,,,,,
11/7/2023,RBT,315,989.001030620603,1,1,1,0,1,0,0,0,0,0,,,,,
11/7/2023,SCN,95,989.001030620604,1,0,0,0,0,0,0,0,0,0,,,,,
11/7/2023,RBT,215,989.001030620605,1,1,0,0,0,0,0,0,0,0,,,,,
11/7/2023,RBT,132,989.001030620606,1,0,0,0,0,0,0,0,0,0,,,,,
11/7/2023,LOC,178,989.001030620607,1,0,1,1,0,0,0,0,0,0,,,,,
11/7/2023,SRN,407,989.001030620608,1,0,0,0,0,0,0,0,0,0,,,,,
11/7/2023,LOC,286,989.001030620609,1,1,1,1,0,1,0,0,1,1,,,,,
11/7/2023,RBC,313,989.001030620610,1,0,0,0,0,0,0,0,0,0,,,,,
11/7/2023,RBC,276,989.001030620611,1,1,1,1,0,0,0,0,0,0,,,,,
11/7/2023,RBT,305,989.001030620612,1,1,1,1,0,0,0,0,0,0,,,,,
11/7/2023,RBT,120,989.001030620613,1,0,0,0,0,0,0,0,0,0,,,,,
11/7/2023,LOC,364,989.001030620614,1,1,0,0,1,1,1,1,0,0,,,,,
11/7/2023,LOC,275,989.001030620615,1,0,1,0,0,1,0,0,1,0,,,,,
11/7/2023,RBC,296,989.001030620616,1,0,0,0,0,0,0,0,0,0,,,,,
11/7/2023,RBT,134,989.001030620617,1,0,1,0,0,0,0,0,0,0,,,,,
11/7/2023,RBC,240,989.001030620618,1,0,1,1,0,0,0,0,0,0,,,,,
11/7/2023,LOC,138,989.001030620619,1,0,0,0,0,0,0,0,0,0,,,,,
11/7/2023,LOC,117,989.001030620620,1,0,0,0,0,0,0,0,0,0,,,,,
11/7/2023,SRN,369,989.001030620621,1,1,0,0,0,0,0,0,0,0,,,,,
11/7/2023,LOC,388,989.001030620622,1,0,0,0,1,0,0,0,0,0,,,,,
11/7/2023,LOC,450,989.001030620623,1,1,1,0,1,1,1,1,1,1,,,,,
11/7/2023,RBC,325,989.001030620624,1,0,1,1,0,0,0,0,0,0,,,,,
11/7/2023,LOC,246,989.001030620625,1,1,0,0,0,0,0,0,0,0,,,,,
11/7/2023,SCN,95,989.001030620626,1,0,0,0,0,0,0,0,0,0,,,,,
11/7/2023,RBT,141,989.001030620627,1,0,0,0,0,0,0,0,0,0,,,,,
11/7/2023,LOC,324,989.001030620628,1,0,1,0,0,0,1,1,1,0,,,,,
11/7/2023,RBT,327,989.001030620629,1,0,1,1,0,0,0,0,0,0,,,,,
11/7/2023,RBC,295,989.001030620631,1,0,0,0,0,0,0,0,0,0,,,,,
11/7/2023,RBT,146,989.001030620632,1,0,0,0,0,0,0,0,0,0,,,,,
11/7/2023,RBC,325,989.001030620633,1,1,1,1,0,0,0,0,0,0,,,,,
11/7/2023,SCN,123,989.001030620634,1,0,0,0,0,0,0,0,0,0,,,,,
11/7/2023,LOC,403,989.001030620635,1,0,1,0,0,0,0,0,0,0,,,,,
11/7/2023,RBC,300,989.001030620636,1,0,0,0,0,0,0,0,0,0,,,,,
11/7/2023,LOC,107,989.001030620637,1,0,1,1,0,0,0,0,0,0,,,,,
11/7/2023,RBC,294,989.001030620638,1,0,0,0,0,0,0,0,0,0,,,,,
11/7/2023,SCN,98,989.001030620639,1,0,0,0,0,0,0,0,0,0,,,,,
11/7/2023,RBC,327,989.001030620640,1,0,1,0,0,0,0,0,1,1,,,,,
11/7/2023,SCN,83,989.001030620641,1,0,0,0,0,0,0,0,0,0,,,,,
11/7/2023,LOC,392,989.001030620642,1,0,0,0,0,0,0,0,0,0,,,,,
11/7/2023,RBT,153,989.001030620643,1,1,0,0,0,0,0,0,0,0,,,,,
11/7/2023,RBT,350,989.001030620644,1,0,0,1,0,0,0,0,0,0,,,,,
11/7/2023,LOC,252,989.001030620645,1,0,0,0,0,0,0,0,0,0,,,,,
11/7/2023,LOC,208,989.001030620646,1,1,0,1,0,0,0,0,0,0,,,,,
11/7/2023,RBT,368,989.001030620647,1,0,1,0,0,0,0,0,0,0,,,,,
11/7/2023,SCN,92,989.001030620648,1,0,0,0,0,0,0,0,0,0,,,,,
11/7/2023,SCN,87,989.001030620649,1,0,0,0,0,0,0,0,0,0,,,,,
11/7/2023,RBT,117,989.001030620650,1,1,0,0,0,0,0,0,0,0,,,,,
11/7/2023,LOC,283,989.001030620651,1,1,1,1,0,0,0,0,0,0,,,,,
11/7/2023,LOC,405,989.001030620653,1,0,1,0,1,1,1,1,0,0,,,,,
11/7/2023,RBT,238,989.001030620654,1,1,0,0,0,0,0,0,0,0,,,,,
11/7/2023,LOC,356,989.001030620655,1,1,1,1,0,1,0,0,0,0,,,,,
11/7/2023,LOC,138,989.001030620656,1,1,0,0,0,0,1,0,1,0,,,,,
11/7/2023,LOC,147,989.001030620657,1,0,0,0,0,0,0,0,0,0,,,,,
11/7/2023,RBT,306,989.001030620658,1,1,1,1,0,0,0,0,0,0,,,,,
11/7/2023,RBT,289,989.001030620659,1,1,1,1,0,0,0,0,0,0,,,,,
11/7/2023,RBT,313,989.001030620660,1,0,0,0,0,0,0,0,0,0,,,,,
11/9/2023,LOC,307,989.001030620661,0,1,0,0,0,0,0,0,0,0,,,,,
11/7/2023,LOC,447,989.001030620662,1,0,1,1,1,0,1,1,1,1,,,,,
11/9/2023,RBT,163,989.001030620663,1,0,0,0,0,0,0,0,0,0,,,,,
11/9/2023,LOC,360,989.001030620664,0,1,1,1,0,0,1,1,0,0,,,,,
11/9/2023,RBT,236,989.001030620665,0,1,0,0,0,0,0,0,0,0,,,,,
11/9/2023,LOC,132,989.001030620666,0,1,0,0,0,0,0,0,0,0,,,,,
11/9/2023,LOC,293,989.001030620667,0,1,1,0,0,1,1,1,1,0,,,,,
11/9/2023,LOC,414,989.001030620668,0,1,0,0,0,0,0,0,1,0,,,,,
11/9/2023,LOC,198,989.001030620669,0,1,1,1,0,0,0,0,0,0,,,,,
11/9/2023,SRN,378,989.001030620670,0,1,0,0,0,0,0,0,0,0,,,,,
11/9/2023,SRN,385,989.001030620671,0,1,1,1,0,0,0,0,0,0,,,,,
11/9/2023,SCN,94,989.001030620672,0,1,0,0,0,0,0,0,0,0,,,,,
11/7/2023,SRN,433,989.001030620673,1,0,0,0,0,0,0,0,0,0,,,,,
11/9/2023,LOC,178,989.001030620674,0,1,0,0,0,0,0,0,0,0,,,,,
11/9/2023,RBT,250,989.001030620675,0,1,0,0,0,0,0,0,0,0,,,,,
11/9/2023,LOC,172,989.001030620676,0,1,0,0,0,0,0,0,0,0,,,,,
11/9/2023,SRN,394,989.001030620677,0,1,0,0,0,0,0,0,0,0,,,,,
11/9/2023,LOC,159,989.001030620678,0,1,0,0,0,0,1,0,0,1,,,,,
11/9/2023,RBT,298,989.001030620679,0,1,0,0,0,0,0,0,0,0,,,,,
11/7/2023,RBT,121,989.001030620680,1,1,0,0,0,0,0,0,0,0,,,,,
11/9/2023,SCN,146,989.001030620681,0,1,0,0,0,0,0,0,0,0,,,,,
11/7/2023,RBT,285,989.001030620682,1,0,0,0,0,0,0,0,0,0,,,,,
11/9/2023,LOC,168,989.001030620683,0,1,0,0,0,0,0,0,0,0,,,,,
11/9/2023,LOC,411,989.001030620684,0,1,0,0,1,0,1,1,0,0,,,,,
11/9/2023,LOC,166,989.001030620685,0,1,0,0,0,0,0,0,0,0,,,,,
11/9/2023,LOC,139,989.001030620686,0,1,0,0,0,0,0,0,0,0,,,,,
11/9/2023,RBT,120,989.001030620687,0,1,1,1,0,0,0,0,0,0,,,,,
11/9/2023,SRN,533,989.001030620688,0,1,0,0,0,0,0,0,0,0,,,,,
11/9/2023,LOC,152,989.001030620689,0,1,0,0,0,0,0,0,0,0,,,,,
11/9/2023,LOC,254,989.001030620690,0,1,0,0,0,0,0,0,0,0,,,,,
11/9/2023,LOC,185,989.001030620691,0,1,1,1,1,0,0,0,0,0,,,,,
11/9/2023,RBT,365,989.001030620692,0,1,1,0,0,0,0,0,0,0,,,,,
11/9/2023,SRN,375,989.001030620693,0,1,0,0,0,0,0,0,0,0,,,,,
11/9/2023,SRN,474,989.001030620694,0,1,0,0,0,0,0,0,0,0,,,,,
11/9/2023,RBT,405,989.001030620695,0,1,0,0,0,0,0,0,0,0,,,,,
11/9/2023,LOC,159,989.001030620696,0,1,0,1,0,0,0,0,0,0,,,,,
11/7/2023,RBT,279,989.001030620697,1,1,1,0,0,0,0,0,0,0,,,,,
11/9/2023,LOC,253,989.001030620698,0,1,0,0,0,0,0,0,0,0,,,,,
11/9/2023,LOC,331,989.001030620700,0,1,0,0,0,0,0,0,0,0,,,,,
11/9/2023,LOC,358,989.001030620701,0,1,0,0,0,0,0,0,0,0,,,,,
11/9/2023,RBC,304,989.001030620702,0,1,0,0,0,1,1,1,0,0,,,,,
11/9/2023,SCN,101,989.001030620703,0,1,1,0,0,0,0,0,0,0,,,,,
11/9/2023,RBC,306,989.001030620704,0,1,0,1,0,0,0,0,0,0,,,,,
11/7/2023,RBT,185,989.001030620705,1,1,0,0,0,0,0,0,0,0,,,,,
11/9/2023,LOC,246,989.001030620706,0,1,0,0,1,0,0,0,0,0,,,,,
11/7/2023,RBT,183,989.001030620707,1,0,0,1,0,0,0,0,0,0,,,,,
11/7/2023,RBT,314,989.001030620708,1,1,1,1,0,0,0,0,0,0,,,,,
11/9/2023,RBT,398,989.001030620709,0,1,1,0,0,1,1,0,0,0,,,,,
11/9/2023,SRN,368,989.001030620710,0,1,0,0,0,0,0,0,0,0,,,,,
11/9/2023,SRN,381,989.001030620711,0,1,0,0,0,0,0,0,0,0,,,,,
11/7/2023,RBT,295,989.001030620712,1,1,0,0,0,0,0,0,0,0,,,,,
11/9/2023,RBT,317,989.001030620713,0,1,0,0,0,0,0,0,0,0,,,,,
11/9/2023,SCN,137,989.001030620714,0,1,0,0,0,0,0,0,0,0,,,,,
11/9/2023,SRN,396,989.001030620715,0,1,0,0,0,0,0,0,0,0,,,,,
11/9/2023,SRN,357,989.001030620716,0,1,0,0,0,0,0,0,0,0,,,,,
11/7/2023,RBT,298,989.001030620717,1,1,0,0,0,0,0,0,0,0,,,,,
11/7/2023,RBT,104,989.001030620718,1,0,0,0,0,0,0,0,0,0,,,,,
11/9/2023,LOC,186,989.001030620719,0,1,1,0,0,0,0,0,0,0,,,,,
11/9/2023,LOC,366,989.001030620720,0,1,0,0,0,0,0,0,0,0,,,,,
11/9/2023,RBT,369,989.001030620721,0,1,1,0,0,0,0,0,0,0,,,,,
11/9/2023,RBT,317,989.001030620722,0,1,1,1,0,0,0,0,0,0,,,,,
11/9/2023,RBT,430,989.001030620723,0,1,1,1,0,0,0,0,0,0,,,,,
11/9/2023,LOC,459,989.001030620724,0,1,0,0,0,0,0,0,0,0,,,,,
11/9/2023,LOC,144,989.001030620725,0,1,0,0,0,0,0,0,0,0,,,,,
11/9/2023,SRN,480,989.001030620726,0,1,0,0,0,0,0,0,0,0,,,,,
11/7/2023,RBT,224,989.001030620727,1,1,0,0,0,0,0,0,0,0,,,,,
11/7/2023,RBC,322,989.001030620728,1,1,1,0,0,0,0,0,0,0,,,,,
11/9/2023,LOC,378,989.001030620729,0,1,0,0,0,0,0,0,0,0,,,,,
11/7/2023,RBC,311,989.001030620730,1,1,1,1,0,0,0,0,0,0,,,,,
11/9/2023,LOC,392,989.001030620731,0,1,0,0,0,0,0,0,0,0,,,,,
11/9/2023,SRN,398,989.001030620732,0,1,0,0,0,0,0,0,0,0,,,,,
11/7/2023,LOC,171,989.001030620733,1,0,0,0,0,0,0,0,0,0,,,,,
11/9/2023,RBT,249,989.001030620734,0,1,0,0,0,0,0,0,0,0,,,,,
11/7/2023,LOC,295,989.001030620735,1,1,1,1,1,0,1,1,0,0,,,,,
11/7/2023,RBC,295,989.001030620736,1,1,1,0,1,1,0,0,0,0,,,,,
11/9/2023,LOC,442,989.001030620737,0,1,1,1,0,0,0,0,0,0,,,,,
11/7/2023,RBT,301,989.001030620738,1,0,1,1,0,0,0,0,0,0,,,,,
11/9/2023,SRN,434,989.001030620739,0,1,0,0,0,0,0,0,0,0,,,,,
11/7/2023,RBT,312,989.001030620740,1,1,0,0,0,0,0,0,0,0,,,,,
11/7/2023,RBC,302,989.001030620741,1,1,1,0,0,0,0,0,0,0,,,,,
11/9/2023,LOC,179,989.001030620742,0,1,0,0,0,0,0,0,0,0,,,,,
11/7/2023,RBT,110,989.001030620743,1,0,0,0,0,0,0,0,0,0,,,,,
11/9/2023,LOC,260,989.001030620744,0,1,0,0,0,0,0,0,0,0,,,,,
11/7/2023,RBT,264,989.001030620745,1,1,0,0,0,0,0,0,0,0,,,,,
11/9/2023,RBT,309,989.001030620746,0,1,0,0,0,0,0,0,0,0,,,,,
11/7/2023,RBT,125,989.001030620747,1,0,0,0,0,0,0,0,0,0,,,,,
11/9/2023,SRN,381,989.001030620748,0,1,0,0,0,0,0,0,0,0,,,,,
11/7/2023,SCN,130,989.001030620749,1,0,0,1,0,0,0,0,0,0,,,,,
11/9/2023,SRN,418,989.001030620750,0,1,0,0,0,0,0,0,0,0,,,,,
11/9/2023,LOC,187,989.001030620751,0,1,1,0,0,1,0,0,0,0,,,,,
11/9/2023,LOC,158,989.001030620752,0,1,1,0,0,1,0,0,0,0,,,,,
11/7/2023,LOC,392,989.001030620753,1,0,0,0,0,0,0,0,0,0,,,,,
11/7/2023,RBT,198,989.001030620754,1,1,0,1,0,0,0,0,0,0,,,,,
11/7/2023,RBT,295,989.001030620755,1,1,0,0,0,0,0,0,0,0,,,,,
11/7/2023,RBT,124,989.001030620756,1,0,0,0,0,0,0,0,0,0,,,,,
11/9/2023,LOC,427,989.001030620757,0,1,1,1,1,0,0,1,0,0,,,,,
11/7/2023,RBC,296,989.001030620758,1,1,1,1,0,0,0,0,0,0,,,,,
11/9/2023,LOC,202,989.001030620759,0,1,0,0,0,0,0,0,0,0,,,,,
11/9/2023,LOC,429,989.001030620760,0,1,1,1,0,0,0,0,0,0,,,,,
11/7/2023,SCN,87,989.001030620761,1,0,0,0,0,0,0,0,0,0,,,,,
11/7/2023,RBC,305,989.001030620762,1,1,1,0,0,0,0,0,0,0,,,,,
11/7/2023,RBT,309,989.001030620763,1,1,0,0,0,0,0,0,0,0,,,,,
11/7/2023,LOC,295,989.001030620764,1,1,0,0,0,0,0,0,0,0,,,,,
11/7/2023,RBT,126,989.001030620765,1,0,0,1,0,0,0,0,0,0,,,,,
11/7/2023,RBT,196,989.001030620766,1,0,0,0,0,0,0,0,0,0,,,,,
11/7/2023,RBT,270,989.001030620767,1,1,0,0,0,0,0,0,0,0,,,,,
11/7/2023,RBT,316,989.001030620768,1,1,0,0,0,0,0,0,0,0,,,,,
11/7/2023,RBC,314,989.001030620769,1,0,1,0,0,0,0,0,0,0,,,,,
11/7/2023,RBT,301,989.001030620770,1,0,0,0,0,0,0,0,0,0,,,,,
11/7/2023,RBT,376,989.001030620771,1,1,1,0,0,0,0,0,0,0,,,,,
11/7/2023,SCN,95,989.001030620773,1,0,0,0,0,0,0,0,0,0,,,,,
11/7/2023,LOC,368,989.001030620774,1,1,1,0,1,0,1,0,0,0,,,,,
11/7/2023,RBT,187,989.001030620775,1,1,0,0,0,0,0,0,0,0,,,,,
11/7/2023,RBC,315,989.001030620776,1,1,1,0,0,0,0,0,0,0,,,,,
11/7/2023,RBT,321,989.001030620777,1,1,1,1,0,0,0,0,0,0,,,,,
11/7/2023,RBC,294,989.001030620778,1,1,1,0,0,0,0,0,0,0,,,,,
11/7/2023,RBC,291,989.001030620779,1,1,1,0,0,0,0,0,0,0,,,,,
11/7/2023,RBT,287,989.001030620780,1,0,0,0,0,0,0,0,0,0,,,,,
11/7/2023,RBC,310,989.001030620781,1,1,1,0,0,0,0,0,0,0,,,,,
11/7/2023,LOC,413,989.001030620782,1,0,0,0,1,0,1,1,0,0,,,,,
11/7/2023,RBT,298,989.001030620783,1,1,0,0,0,0,0,0,0,0,,,,,
11/7/2023,RBT,269,989.001030620784,1,1,0,0,0,0,0,0,0,0,,,,,
11/7/2023,SRN,394,989.001030620785,1,1,0,0,0,0,0,0,0,0,,,,,
11/7/2023,RBT,313,989.001030620786,1,1,1,1,0,0,0,0,0,0,,,,,
11/7/2023,RBT,325,989.001030620787,1,1,0,0,0,0,0,0,0,0,,,,,
11/7/2023,SCN,100,989.001030620788,1,0,0,0,0,0,0,0,0,0,,,,,
11/7/2023,RBC,305,989.001030620789,1,1,1,0,0,0,0,0,0,0,,,,,
11/7/2023,RBC,265,989.001030620790,1,1,0,1,1,0,0,0,0,0,,,,,
11/7/2023,RBC,297,989.001030620791,1,0,1,1,0,0,0,0,0,0,,,,,
11/7/2023,RBT,274,989.001030620792,1,0,0,0,0,0,0,0,0,0,,,,,
11/7/2023,RBT,303,989.001030620793,1,1,0,0,0,0,0,0,0,0,,,,,
11/7/2023,LOC,407,989.001030620794,1,1,1,0,0,0,0,0,0,0,,,,,
11/7/2023,RBT,185,989.001030620795,1,0,1,0,0,0,0,0,0,0,,,,,
11/7/2023,RBT,298,989.001030620796,1,1,0,0,0,0,0,0,0,0,,,,,
11/7/2023,RBT,125,989.001030620797,1,0,0,0,0,0,0,0,0,0,,,,,
11/7/2023,RBC,281,989.001030620798,1,1,1,1,0,0,0,0,0,0,,,,,
11/7/2023,RBT,331,989.001030620799,1,1,0,0,0,0,0,0,0,0,,,,,
11/7/2023,RBT,323,989.001030620800,1,1,0,0,0,0,0,0,0,0,,,,,
11/7/2023,LOC,115,989.001030620801,1,1,1,0,1,1,0,0,0,0,,,,,
11/7/2023,RBT,126,989.001030620802,1,0,0,0,0,0,0,0,0,0,,,,,
11/7/2023,RBT,129,989.001030620803,1,1,0,0,0,0,0,0,0,0,,,,,
11/7/2023,RBT,317,989.001030620804,1,1,0,0,0,0,0,0,0,0,,,,,
11/7/2023,RBT,267,989.001030620805,1,1,0,0,0,0,0,0,0,0,,,,,
11/7/2023,LOC,434,989.001030620806,1,0,0,0,0,1,0,0,0,0,,,,,
11/7/2023,RBT,310,989.001030620807,1,0,0,0,0,0,0,0,0,0,,,,,
11/7/2023,LOC,146,989.001030620808,1,0,0,0,0,0,0,0,0,0,,,,,
11/7/2023,RBT,302,989.001030620809,1,1,0,0,0,0,0,0,0,0,,,,,
11/7/2023,RBT,135,989.001030620810,1,0,0,0,0,0,0,0,0,0,,,,,
11/7/2023,SCN,120,989.001030620811,1,0,0,0,0,0,0,0,0,0,,,,,
11/7/2023,RBT,104,989.001030620812,1,0,0,0,0,0,0,0,0,0,,,,,
11/7/2023,RBT,331,989.001030620813,1,1,0,0,0,0,0,0,0,0,,,,,
11/7/2023,RBT,218,989.001030620814,1,1,0,0,0,0,0,0,0,0,,,,,
11/7/2023,RBC,305,989.001030620815,1,1,1,1,0,0,0,0,0,0,,,,,
11/7/2023,RBT,299,989.001030620816,1,0,1,0,0,0,0,0,0,0,,,,,
11/7/2023,RBT,355,989.001030620817,1,1,1,0,0,0,0,0,0,0,,,,,
11/7/2023,LOC,362,989.001030620818,1,1,0,0,0,0,0,0,0,0,,,,,
11/7/2023,SCN,101,989.001030620819,1,0,0,0,0,0,0,0,0,0,,,,,
11/7/2023,RBT,283,989.001030620820,1,1,0,0,0,0,0,0,0,0,,,,,
11/7/2023,RBT,275,989.001030620821,1,1,0,0,0,0,0,0,0,0,,,,,
11/7/2023,RBC,281,989.001030620822,1,1,1,0,0,0,0,0,0,0,,,,,
11/7/2023,RBC,296,989.001030620823,1,1,1,1,0,0,0,0,0,0,,,,,
11/7/2023,RBC,295,989.001030620824,1,1,0,1,0,0,0,0,0,0,,,,,
11/7/2023,SRN,423,989.001030620825,1,1,1,0,0,0,0,0,0,0,,,,,
11/7/2023,RBT,220,989.001030620826,1,0,0,0,0,0,0,0,0,0,,,,,
11/7/2023,RBT,255,989.001030620827,1,0,0,0,0,0,0,0,0,0,,,,,
11/7/2023,RBT,167,989.001030620828,1,1,0,1,0,0,0,0,0,0,,,,,
11/7/2023,RBT,306,989.001030620829,1,1,0,0,0,0,0,0,0,0,,,,,
11/7/2023,RBC,251,989.001030620830,1,0,1,1,0,0,0,0,0,0,,,,,
11/7/2023,LOC,461,989.001030620831,1,1,1,0,0,1,1,1,0,0,,,,,
11/7/2023,LOC,322,989.001030620832,1,1,0,1,0,0,1,1,0,1,,,,,
11/7/2023,RBT,318,989.001030620833,1,1,0,0,0,0,0,0,0,0,,,,,
11/7/2023,RBT,354,989.001030620834,1,1,0,0,0,0,0,0,0,0,,,,,
11/7/2023,RBT,312,989.001030620835,1,1,0,0,0,0,0,0,0,0,,,,,
11/7/2023,RBT,317,989.001030620836,1,1,0,0,0,0,0,0,0,0,,,,,
11/7/2023,RBT,291,989.001030620837,1,1,0,0,0,0,0,0,0,0,,,,,
11/7/2023,RBT,195,989.001030620838,1,0,0,0,0,0,0,0,0,0,,,,,
11/7/2023,RBC,276,989.001030620839,1,0,1,1,0,0,0,0,0,0,,,,,
11/7/2023,RBC,278,989.001030620840,1,1,1,1,0,0,0,0,0,0,,,,,
11/7/2023,RBT,228,989.001030620841,1,0,0,0,0,0,0,0,0,0,,,,,
11/7/2023,RBT,126,989.001030620842,1,0,0,0,0,0,0,0,0,0,,,,,
11/7/2023,RBT,287,989.001030620843,1,0,0,0,0,0,0,0,0,0,,,,,
11/7/2023,RBC,323,989.001030620845,1,1,1,0,0,0,0,0,0,0,,,,,
11/7/2023,RBT,290,989.001030620846,1,1,0,0,0,0,0,0,0,0,,,,,
11/7/2023,RBT,313,989.001030620847,1,1,0,0,0,0,0,0,0,0,,,,,
11/7/2023,RBC,295,989.001030620848,1,1,1,0,0,0,0,0,0,0,,,,,
11/7/2023,RBC,288,989.001030620849,1,0,1,1,0,0,0,0,0,0,,,,,
11/7/2023,RBC,321,989.001030620850,1,1,0,1,0,0,0,0,0,0,,,,,
11/7/2023,RBT,286,989.001030620851,1,1,0,0,0,0,0,0,0,0,,,,,
11/7/2023,RBT,553,989.001030620852,1,0,1,0,0,0,0,0,0,0,,,,,
11/7/2023,SRN,392,989.001030620853,1,1,0,0,0,0,0,0,0,0,,,,,
11/7/2023,RBT,297,989.001030620854,1,0,1,0,0,0,0,0,0,0,,,,,
11/7/2023,RBC,287,989.001030620855,1,0,1,1,0,0,0,0,0,0,,,,,
11/7/2023,RBT,286,989.001030620856,1,1,0,0,0,0,0,0,0,0,,,,,
11/7/2023,LOC,173,989.001030620857,1,0,1,1,0,0,0,0,0,0,,,,,
11/7/2023,RBT,322,989.001030620858,1,0,0,0,0,0,0,0,0,0,,,,,
11/7/2023,RBT,296,989.001030620859,1,1,0,0,0,0,0,0,0,0,,,,,
11/7/2023,SRN,368,989.001030620860,1,1,0,0,0,0,0,0,0,0,,,,,
11/9/2023,RBT,258,989.001030620861,0,1,1,1,0,1,0,0,0,0,,,,,
11/9/2023,RBT,254,989.001030620862,0,1,0,0,0,0,0,0,0,0,,,,,
11/9/2023,SRN,361,989.001030620863,0,1,0,0,0,0,0,0,0,0,,,,,
11/9/2023,SRN,387,989.001030620864,0,1,1,1,0,0,0,0,0,0,,,,,
11/9/2023,LOC,301,989.001030620865,0,1,0,0,0,0,0,0,0,0,,,,,
11/9/2023,LOC,157,989.001030620866,0,1,0,0,0,0,0,0,0,0,,,,,
11/9/2023,RBT,158,989.001030620867,0,1,1,1,0,0,0,0,0,0,,,,,
11/9/2023,SCN,87,989.001030620868,0,1,0,0,0,0,0,0,0,0,,,,,
11/9/2023,SCN,87,989.001030620869,0,1,0,0,0,0,0,0,0,0,,,,,
11/9/2023,LOC,146,989.001030620870,0,1,0,1,0,0,0,0,0,0,,,,,
11/9/2023,SCN,93,989.001030620871,0,1,0,1,0,0,0,0,0,0,,,,,
11/9/2023,RBT,279,989.001030620872,0,1,0,0,0,0,0,0,0,0,,,,,
11/9/2023,RBC,205,989.001030620873,0,1,1,0,0,0,0,0,0,0,,,,,
11/9/2023,LOC,188,989.001030620874,0,1,1,0,0,0,0,0,0,0,,,,,
11/9/2023,LOC,274,989.001030620875,0,1,1,1,0,0,0,0,0,0,,,,,
11/9/2023,LOC,110,989.001030620876,0,1,0,0,0,0,0,0,0,0,,,,,
11/9/2023,RBT,198,989.001030620877,0,1,1,0,0,0,0,0,0,0,,,,,
11/9/2023,SCN,81,989.001030620878,0,1,0,0,0,0,0,0,0,0,,,,,
11/9/2023,LOC,337,989.001030620879,0,1,0,0,0,0,0,0,0,0,,,,,
11/9/2023,RBT,131,989.001030620881,0,1,0,1,0,0,0,0,0,0,,,,,
11/9/2023,RBT,337,989.001030620882,0,1,1,0,0,0,0,0,0,0,,,,,
11/9/2023,LOC,277,989.001030620883,0,1,1,1,1,0,1,1,0,0,,,,,
11/9/2023,LOC,143,989.001030620885,0,1,0,0,0,0,0,0,0,0,,,,,
11/9/2023,RBT,154,989.001030620886,0,1,0,1,0,0,0,0,0,0,,,,,
11/9/2023,RBT,167,989.001030620887,0,1,1,0,0,0,0,0,0,0,,,,,
11/9/2023,LOC,178,989.001030620888,0,1,0,0,0,0,0,0,0,0,,,,,
11/9/2023,RBT,201,989.001030620889,0,1,0,0,0,0,0,0,0,0,,,,,
11/9/2023,RBT,146,989.001030620890,0,1,0,0,0,0,0,0,0,0,,,,,
11/9/2023,SCN,88,989.001030620891,0,1,0,0,0,0,0,0,0,0,,,,,
11/9/2023,LOC,154,989.001030620892,0,1,0,1,0,1,0,0,0,0,,,,,
11/9/2023,LOC,429,989.001030620893,0,1,1,1,0,0,0,0,0,0,,,,,
11/9/2023,LOC,145,989.001030620894,0,1,1,0,1,0,0,0,0,0,,,,,
11/9/2023,RBT,103,989.001030620895,0,1,0,0,0,0,0,0,0,0,,,,,
11/9/2023,LOC,422,989.001030620896,0,1,0,0,0,0,0,0,0,0,,,,,
11/9/2023,SCN,77,989.001030620897,0,1,0,0,0,0,0,0,0,0,,,,,
11/9/2023,RBT,325,989.001030620898,0,1,1,1,0,0,0,0,0,0,,,,,
11/9/2023,RBT,690,989.001030620899,0,1,0,0,0,0,0,0,0,0,,,,,
11/9/2023,RBT,129,989.001030620900,0,1,0,0,0,0,0,0,0,0,,,,,
11/9/2023,SCN,113,989.001030620901,0,1,0,0,0,0,0,0,0,0,,,,,
11/9/2023,LOC,127,989.001030620902,0,1,0,0,0,0,0,0,0,0,,,,,
11/9/2023,LOC,132,989.001030620903,0,1,0,0,0,0,0,0,0,0,,,,,
11/9/2023,LOC,343,989.001030620904,0,1,1,1,0,0,1,1,1,0,,,,,
11/9/2023,RBT,263,989.001030620905,0,1,1,1,0,0,0,0,0,0,,,,,
11/9/2023,RBT,389,989.001030620906,0,1,1,1,0,0,0,0,0,0,,,,,
11/9/2023,LOC,380,989.001030620907,0,1,0,0,0,0,0,0,0,0,,,,,
11/9/2023,RBT,229,989.001030620908,0,1,0,0,0,0,0,0,0,0,,,,,
11/9/2023,RBT,120,989.001030620909,0,1,0,0,0,0,0,1,0,0,,,,,
11/9/2023,SCN,89,989.001030620911,0,1,0,0,0,0,0,0,0,0,,,,,
11/9/2023,LOC,203,989.001030620912,0,1,0,1,0,1,1,0,0,0,,,,,
11/9/2023,LOC,149,989.001030620913,0,1,1,0,0,0,0,0,0,0,,,,,
11/9/2023,LOC,387,989.001030620914,0,1,1,1,0,1,1,1,0,0,,,,,
11/9/2023,SRN,384,989.001030620915,0,1,0,0,0,0,0,0,0,0,,,,,
11/9/2023,SCN,76,989.001030620916,0,1,0,0,0,0,0,0,0,0,,,,,
11/9/2023,LOC,157,989.001030620917,0,1,0,0,1,0,0,0,0,0,,,,,
11/9/2023,LOC,135,989.001030620918,0,1,0,0,0,0,1,0,1,0,,,,,
11/9/2023,RBT,149,989.001030620919,0,1,0,0,0,0,0,0,0,0,,,,,
11/9/2023,LOC,374,989.001030620920,0,1,0,0,0,0,0,0,0,0,,,,,
11/9/2023,RBC,320,989.001030620921,0,1,1,1,0,0,0,0,0,0,,,,,
11/9/2023,SRN,441,989.001030620922,0,1,0,0,0,0,0,0,0,0,,,,,
11/9/2023,LOC,163,989.001030620923,0,1,1,0,0,0,0,0,0,0,,,,,
11/9/2023,RBT,210,989.001030620924,0,1,1,1,0,0,0,0,0,0,,,,,
11/9/2023,SCN,81,989.001030620925,0,1,0,0,0,0,0,0,0,0,,,,,
11/9/2023,LOC,181,989.001030620926,0,1,0,0,0,1,0,0,0,0,,,,,
11/9/2023,RBT,155,989.001030620927,0,1,0,0,0,0,0,0,0,0,,,,,
11/9/2023,LOC,341,989.001030620928,0,1,0,0,0,0,0,0,0,0,,,,,
11/9/2023,SCN,109,989.001030620929,0,1,0,0,0,0,0,0,0,0,,,,,
11/9/2023,SCN,106,989.001030620930,0,1,0,0,0,0,0,0,0,0,,,,,
11/9/2023,LOC,103,989.001030620931,0,1,0,0,1,0,0,0,0,0,,,,,
11/9/2023,LOC,155,989.001030620932,0,1,0,0,1,1,0,0,0,0,,,,,
11/9/2023,LOC,355,989.001030620933,0,1,0,0,0,0,0,0,0,0,,,,,
11/9/2023,RBC,269,989.001030620934,0,1,0,1,0,0,0,0,0,0,,,,,
11/9/2023,RBT,152,989.001030620935,0,1,0,0,0,0,0,0,0,0,,,,,
11/9/2023,LOC,138,989.001030620936,0,1,0,0,0,0,0,0,0,0,,,,,
11/9/2023,SCN,87,989.001030620937,0,1,0,0,0,0,0,0,0,0,,,,,
11/9/2023,LOC,268,989.001030620938,0,1,1,1,1,1,0,0,0,0,,,,,
11/9/2023,SCN,80,989.001030620939,0,1,0,0,0,0,0,0,0,0,,,,,
11/9/2023,SCN,102,989.001030620940,0,1,0,0,0,0,0,0,0,0,,,,,
11/9/2023,LOC,264,989.001030620941,0,1,0,0,0,0,0,0,0,0,,,,,
11/9/2023,LOC,441,989.001030620942,0,1,1,0,1,0,0,0,1,0,,,,,
11/9/2023,SCN,106,989.001030620943,0,1,0,0,0,0,0,0,0,0,,,,,
11/9/2023,LOC,153,989.001030620944,0,1,0,0,0,0,0,0,0,0,,,,,
11/9/2023,LOC,362,989.001030620945,0,1,0,0,0,0,0,0,0,0,,,,,
11/9/2023,LOC,259,989.001030620946,0,1,0,0,0,0,0,0,0,0,,,,,
11/9/2023,LOC,136,989.001030620947,0,1,0,0,0,0,0,0,0,0,,,,,
11/9/2023,LOC,336,989.001030620948,0,1,0,0,0,0,0,0,0,0,,,,,
11/9/2023,SRN,413,989.001030620949,0,1,0,0,0,0,0,0,0,0,,,,,
11/9/2023,SCN,120,989.001030620950,0,1,0,0,0,0,0,0,0,0,,,,,
11/9/2023,LOC,158,989.001030620951,0,1,1,0,0,0,0,0,0,0,,,,,
11/9/2023,RBT,269,989.001030620952,0,1,0,0,0,0,0,0,0,0,,,,,
11/9/2023,RBC,342,989.001030620953,0,1,0,1,0,0,0,0,0,0,,,,,
3/19/2024,RBT,146,989.001030620954,0,0,1,0,0,0,0,0,0,0,,,,,
11/9/2023,LOC,335,989.001030620955,0,1,0,1,0,0,1,0,0,0,,,,,
11/9/2023,SRN,344,989.001030620956,0,1,0,0,0,0,0,0,0,0,,,,,
11/9/2023,LOC,151,989.001030620957,0,1,0,0,1,0,0,0,0,0,,,,,
11/9/2023,RBT,243,989.001030620958,0,1,0,1,0,0,0,0,0,0,,,,,
3/19/2024,LOC,193,989.001030620959,0,0,1,1,0,0,0,0,0,0,,,,,
11/9/2023,RBT,120,989.001030620960,0,1,0,0,0,0,0,0,0,0,,,,,
11/9/2023,RBC,344,989.001030620961,0,1,1,0,1,1,0,0,0,0,,,,,
11/9/2023,RBT,278,989.001030620962,0,1,1,0,0,0,0,0,0,0,,,,,
11/9/2023,RBT,296,989.001030620963,0,1,0,0,0,0,0,0,0,0,,,,,
11/9/2023,RBC,284,989.001030620964,0,1,0,0,0,0,0,0,0,0,,,,,
11/9/2023,RBT,337,989.001030620965,0,1,0,0,0,0,0,0,0,0,,,,,
11/9/2023,RBT,149,989.001030620966,0,1,0,0,0,0,0,0,0,0,,,,,
11/9/2023,RBT,304,989.001030620967,0,1,1,1,0,0,0,0,0,0,,,,,
11/9/2023,RBT,269,989.001030620968,0,1,0,0,0,0,0,0,0,0,,,,,
11/9/2023,RBT,324,989.001030620969,0,1,1,0,0,0,0,0,0,0,,,,,
11/9/2023,SCN,92,989.001030620970,0,1,0,0,0,0,0,0,0,0,,,,,
11/9/2023,RBT,147,989.001030620971,0,1,0,0,0,0,0,0,0,0,,,,,
11/9/2023,LOC,358,989.001030620972,0,1,0,0,0,0,0,0,0,0,,,,,
11/9/2023,SRN,334,989.001030620973,0,1,0,0,0,0,0,0,0,0,,,,,
11/9/2023,LOC,487,989.001030620974,0,1,1,1,0,0,1,0,0,0,,,,,
11/9/2023,RBT,323,989.001030620975,0,1,0,0,0,0,0,0,0,0,,,,,
11/9/2023,RBT,331,989.001030620976,0,1,0,0,0,0,0,0,0,0,,,,,
11/9/2023,RBT,189,989.001030620977,0,1,0,0,0,0,0,0,0,0,,,,,
11/9/2023,LOC,264,989.001030620978,0,1,1,0,0,0,0,0,0,0,,,,,
11/9/2023,LOC,387,989.001030620979,0,1,0,0,0,0,0,0,0,0,,,,,
11/9/2023,LOC,324,989.001030620980,0,1,1,0,1,0,1,1,0,0,,,,,
11/6/2025,LOC,363,989.001030620980,,,,,,,,,0,0,,,,,
11/9/2023,LOC,302,989.001030620981,0,1,1,1,0,0,0,0,0,0,,,,,
11/9/2023,RBC,264,989.001030620982,0,1,1,1,0,0,0,0,0,0,,,,,
11/9/2023,RBC,314,989.001030620983,0,1,0,1,0,1,0,0,0,0,,,,,
11/9/2023,RBT,313,989.001030620984,0,1,1,1,0,0,0,0,0,0,,,,,
11/9/2023,RBC,342,989.001030620985,0,1,1,0,0,0,0,0,0,0,,,,,
11/9/2023,SCN,111,989.001030620986,0,1,0,0,0,0,0,0,0,0,,,,,
11/9/2023,RBC,300,989.001030620987,0,1,0,0,0,0,0,0,0,0,,,,,
11/9/2023,RBT,137,989.001030620988,0,1,1,0,0,0,0,0,0,0,,,,,
11/9/2023,LOC,161,989.001030620989,0,1,0,0,0,0,0,0,0,0,,,,,
11/9/2023,RBC,293,989.001030620990,0,1,1,1,0,0,0,0,0,0,,,,,
11/9/2023,SRN,399,989.001030620991,0,1,0,0,0,0,0,0,0,0,,,,,
11/9/2023,RBT,314,989.001030620992,0,1,0,0,0,0,0,0,0,0,,,,,
11/9/2023,RBC,317,989.001030620993,0,1,1,0,0,0,0,0,0,0,,,,,
11/9/2023,RBC,297,989.001030620994,0,1,1,0,0,0,0,0,0,0,,,,,
11/9/2023,RBT,134,989.001030620995,0,1,1,0,1,1,0,0,0,0,,,,,
11/9/2023,SRN,409,989.001030620996,0,1,0,0,0,0,0,0,0,0,,,,,
11/9/2023,RBT,286,989.001030620997,0,1,0,0,0,0,0,0,0,0,,,,,
11/9/2023,RBT,200,989.001030620998,0,1,0,0,0,0,0,0,0,0,,,,,
11/9/2023,RBT,317,989.001030620999,0,1,0,0,0,0,0,0,0,0,,,,,
11/9/2023,RBT,326,989.001030621000,0,1,1,0,0,0,0,0,0,0,,,,,
11/9/2023,RBT,334,989.001030621001,0,1,1,1,0,0,0,0,0,0,,,,,
11/9/2023,LOC,199,989.001030621002,0,1,1,0,0,0,0,0,0,0,,,,,
11/9/2023,LOC,198,989.001030621003,0,1,0,0,0,0,0,0,0,0,,,,,
11/9/2023,RBT,318,989.001030621004,0,1,0,0,0,0,0,0,0,0,,,,,
11/9/2023,RBT,306,989.001030621005,0,1,0,0,0,0,0,0,0,0,,,,,
11/9/2023,SCN,109,989.001030621006,0,1,0,0,0,0,0,0,0,0,,,,,
11/9/2023,RBC,288,989.001030621007,0,1,1,0,0,0,0,0,0,0,,,,,
11/9/2023,RBC,331,989.001030621008,0,1,1,1,0,0,0,0,0,0,,,,,
11/9/2023,RBC,291,989.001030621009,0,1,1,0,0,0,0,0,0,0,,,,,
11/9/2023,SCN,110,989.001030621010,0,1,0,0,0,0,0,0,0,0,,,,,
11/9/2023,RBC,298,989.001030621011,0,1,1,1,0,0,0,0,0,0,,,,,
11/9/2023,RBT,249,989.001030621012,0,1,0,0,0,0,0,0,0,0,,,,,
11/9/2023,RBT,132,989.001030621013,0,1,0,0,0,0,0,0,0,0,,,,,
11/9/2023,RBT,166,989.001030621014,0,1,0,0,0,0,0,0,0,0,,,,,
11/9/2023,LOC,264,989.001030621015,0,1,1,0,0,0,0,0,0,0,,,,,
11/9/2023,RBC,306,989.001030621016,0,1,1,0,0,0,0,0,0,0,,,,,
11/9/2023,RBC,333,989.001030621017,0,1,0,0,0,0,0,0,0,0,,,,,
11/9/2023,RBT,224,989.001030621018,0,1,0,1,0,0,0,0,0,0,,,,,
11/9/2023,LOC,347,989.001030621020,0,1,0,0,0,0,0,0,0,0,,,,,
11/9/2023,LOC,169,989.001030621021,0,1,0,0,0,0,0,0,0,0,,,,,
11/9/2023,RBC,214,989.001030621022,0,1,1,0,0,0,0,0,0,0,,,,,
11/9/2023,RBC,280,989.001030621023,0,1,1,1,0,0,0,0,0,0,,,,,
11/9/2023,RBC,277,989.001030621024,0,1,1,0,0,0,0,0,0,0,,,,,
11/9/2023,LOC,189,989.001030621025,0,1,1,1,0,0,0,0,0,0,,,,,
11/9/2023,RBC,288,989.001030621026,0,1,1,1,0,0,0,0,0,0,,,,,
11/9/2023,SCN,88,989.001030621027,0,1,0,0,0,0,0,0,0,0,,,,,
11/9/2023,RBT,271,989.001030621028,0,1,0,0,0,0,0,0,0,0,,,,,
11/9/2023,SCN,88,989.001030621029,0,1,0,0,0,0,0,0,0,0,,,,,
11/9/2023,SRN,382,989.001030621030,0,1,0,0,0,0,0,0,0,0,,,,,
11/9/2023,RBT,279,989.001030621032,0,1,1,1,0,0,0,0,0,0,,,,,
11/9/2023,RBT,287,989.001030621033,0,1,0,0,0,0,0,0,0,0,,,,,
11/9/2023,RBC,305,989.001030621034,0,1,1,1,0,0,0,0,0,0,,,,,
11/9/2023,SRN,412,989.001030621035,0,1,0,0,0,0,0,0,0,0,,,,,
11/9/2023,RBC,281,989.001030621036,0,1,1,1,0,0,0,0,0,0,,,,,
11/9/2023,SCN,109,989.001030621037,0,1,0,0,0,0,0,0,0,0,,,,,
11/9/2023,LOC,192,989.001030621038,0,1,1,0,1,1,1,1,1,1,,,,,
11/9/2023,RBC,343,989.001030621039,0,1,0,0,0,0,0,0,0,0,,,,,
11/9/2023,RBC,316,989.001030621040,0,1,1,0,0,0,0,0,0,0,,,,,
11/9/2023,RBC,265,989.001030621041,0,1,1,1,0,0,0,0,0,0,,,,,
11/9/2023,SCN,86,989.001030621042,0,1,0,0,0,0,0,0,0,0,,,,,
11/9/2023,RBC,237,989.001030621043,0,1,1,0,1,0,0,0,0,0,,,,,
11/9/2023,LOC,164,989.001030621044,0,1,1,0,0,0,0,0,0,0,,,,,
11/9/2023,RBC,282,989.001030621045,0,1,1,1,0,0,0,0,0,0,,,,,
11/9/2023,RBT,223,989.001030621046,0,1,0,0,0,0,0,0,0,0,,,,,
11/9/2023,SCN,89,989.001030621047,0,1,0,0,0,0,0,0,0,0,,,,,
11/9/2023,RBC,231,989.001030621048,0,1,1,1,0,0,0,0,0,0,,,,,
11/9/2023,LOC,193,989.001030621049,0,1,1,1,0,0,1,1,0,1,,,,,
11/9/2023,SCN,109,989.001030621050,0,1,0,0,0,0,0,0,0,0,,,,,
11/9/2023,RBC,323,989.001030621051,0,1,0,0,0,0,0,0,0,0,,,,,
11/9/2023,LOC,138,989.001030621052,0,1,0,0,0,0,0,0,0,0,,,,,
11/9/2023,RBC,333,989.001030621053,0,1,1,0,0,0,0,0,0,0,,,,,
11/9/2023,LOC,122,989.001030621054,0,1,0,0,0,0,0,0,0,0,,,,,
11/9/2023,RBC,299,989.001030621055,0,1,1,0,0,0,0,0,0,0,,,,,
11/9/2023,LOC,188,989.001030621056,0,1,1,0,0,0,0,0,0,0,,,,,
11/9/2023,RBT,150,989.001030621057,0,1,0,1,0,0,0,0,0,0,,,,,
11/9/2023,RBT,440,989.001030621058,0,1,1,1,0,1,1,0,0,0,,,,,
11/9/2023,RBT,156,989.001030621059,0,1,1,0,0,0,0,0,0,0,,,,,
11/9/2023,RBC,323,989.001030621060,0,1,1,1,1,1,0,0,0,0,,,,,
11/9/2023,RBC,331,989.001030621061,0,1,1,0,0,0,0,0,0,0,,,,,
11/9/2023,RBC,264,989.001030621062,0,1,1,1,0,0,0,0,0,0,,,,,
11/9/2023,RBC,282,989.001030621063,0,1,0,0,0,0,0,0,0,0,,,,,
11/9/2023,RBT,116,989.001030621064,0,1,0,0,0,0,0,0,0,0,,,,,
11/9/2023,RBT,120,989.001030621065,0,1,0,0,0,0,0,0,0,0,,,,,
11/9/2023,RBT,131,989.001030621066,0,1,0,0,0,0,0,0,0,0,,,,,
11/9/2023,RBC,314,989.001030621067,0,1,0,0,0,0,0,0,0,0,,,,,
11/9/2023,RBC,256,989.001030621068,0,1,1,1,0,0,0,0,0,0,,,,,
11/9/2023,RBC,299,989.001030621069,0,1,0,0,0,0,0,0,0,0,,,,,
11/9/2023,SRN,404,989.001030621070,0,1,0,0,0,0,0,0,0,0,,,,,
11/9/2023,SCN,151,989.001030621071,0,1,0,0,0,0,0,1,0,0,,,,,
11/9/2023,RBC,318,989.001030621072,0,1,1,0,0,0,0,0,0,0,,,,,
11/9/2023,RBC,281,989.001030621073,0,1,1,1,0,0,0,0,0,0,,,,,
11/9/2023,SCN,110,989.001030621074,0,1,0,1,0,0,0,0,0,0,,,,,
11/9/2023,RBT,121,989.001030621075,0,1,0,1,0,0,0,0,0,0,,,,,
11/9/2023,RBT,146,989.001030621076,0,1,0,0,0,0,0,0,0,0,,,,,
11/9/2023,RBC,323,989.001030621077,0,1,1,0,0,0,0,0,0,0,,,,,
11/9/2023,RBC,264,989.001030621078,0,1,0,0,0,0,0,0,0,0,,,,,
11/9/2023,LOC,409,989.001030621079,0,1,1,1,0,0,0,0,0,0,,,,,
11/9/2023,RBC,319,989.001030621080,0,1,1,0,0,0,0,0,0,0,,,,,
11/9/2023,RBC,316,989.001030621081,0,1,1,0,0,0,0,0,0,0,,,,,
11/9/2023,RBC,302,989.001030621082,0,1,1,1,0,0,0,0,0,0,,,,,
11/9/2023,RBC,287,989.001030621083,0,1,1,1,0,0,0,0,0,0,,,,,
11/9/2023,RBC,298,989.001030621084,0,1,1,1,0,0,0,0,0,0,,,,,
11/9/2023,RBT,218,989.001030621085,0,1,1,1,0,0,0,0,0,0,,,,,
11/9/2023,RBC,304,989.001030621086,0,1,1,1,0,0,0,0,0,0,,,,,
11/9/2023,RBC,303,989.001030621087,0,1,0,0,0,0,0,0,0,0,,,,,
11/9/2023,RBC,304,989.001030621088,0,1,0,0,0,0,0,0,0,0,,,,,
11/9/2023,RBC,281,989.001030621089,0,1,1,0,0,0,0,0,0,0,,,,,
11/9/2023,RBC,304,989.001030621090,0,1,1,0,0,0,0,0,0,0,,,,,
11/9/2023,RBT,218,989.001030621092,0,1,0,0,0,0,0,0,0,0,,,,,
11/9/2023,SCN,95,989.001030621093,0,1,0,0,0,0,0,0,0,0,,,,,
11/9/2023,RBC,307,989.001030621094,0,1,0,0,0,0,0,0,0,0,,,,,
11/9/2023,LOC,278,989.001030621095,0,1,0,0,0,0,0,0,0,0,,,,,
11/9/2023,RBT,153,989.001030621096,0,1,0,0,0,0,0,0,0,0,,,,,
11/9/2023,RBT,112,989.001030621097,0,1,1,1,0,0,0,0,0,0,,,,,
11/9/2023,SRN,407,989.001030621098,0,1,0,0,0,0,0,0,0,0,,,,,
11/9/2023,SRN,398,989.001030621099,0,1,0,0,0,0,0,0,0,0,,,,,
11/9/2023,RBT,246,989.001030621100,0,1,1,0,0,0,0,0,0,0,,,,,
11/9/2023,RBT,121,989.001030621101,0,1,0,0,0,0,0,0,0,0,,,,,
11/9/2023,RBC,273,989.001030621102,0,1,1,1,0,0,0,0,0,0,,,,,
11/9/2023,LOC,272,989.001030621103,0,1,1,1,1,0,1,1,1,1,,,,,
11/9/2023,RBC,288,989.001030621104,0,1,1,0,0,0,0,0,0,0,,,,,
11/9/2023,RBC,331,989.001030621105,0,1,1,1,0,0,0,0,0,0,,,,,
11/9/2023,RBT,134,989.001030621106,0,1,0,0,0,0,0,0,0,0,,,,,
11/9/2023,LOC,417,989.001030621107,0,1,0,0,1,0,0,0,0,0,,,,,
11/9/2023,RBC,306,989.001030621108,0,1,0,0,0,0,0,0,0,0,,,,,
11/9/2023,RBC,229,989.001030621109,0,1,0,0,0,0,0,0,0,0,,,,,
11/9/2023,RBC,268,989.001030621110,0,1,1,1,0,0,0,0,0,0,,,,,
11/9/2023,RBC,297,989.001030621111,0,1,0,0,0,0,0,0,0,0,,,,,
11/9/2023,SCN,132,989.001030621112,0,1,0,0,0,0,0,0,0,0,,,,,
11/9/2023,RBC,303,989.001030621114,0,1,1,0,1,0,0,0,0,0,,,,,
11/9/2023,SCN,121,989.001030621115,0,1,1,0,0,0,0,0,0,0,,,,,
11/9/2023,RBT,139,989.001030621116,0,1,0,0,0,0,0,0,0,0,,,,,
11/9/2023,RBT,127,989.001030621117,0,1,0,0,0,0,0,0,0,0,,,,,
11/9/2023,RBC,280,989.001030621118,0,1,1,1,0,0,0,0,0,0,,,,,
11/9/2023,RBT,134,989.001030621119,0,1,0,0,0,0,0,0,0,0,,,,,
11/9/2023,RBC,288,989.001030621120,0,1,0,0,0,0,0,0,0,0,,,,,
11/9/2023,LOC,177,989.001030621121,0,1,0,0,0,0,0,0,0,0,,,,,
11/9/2023,RBC,278,989.001030621122,0,1,0,0,0,0,0,0,0,0,,,,,
11/9/2023,LOC,357,989.001030621123,0,1,0,0,0,0,0,0,0,0,,,,,
11/9/2023,RBT,335,989.001030621124,0,1,1,1,0,0,0,0,0,0,,,,,
11/9/2023,RBC,339,989.001030621125,0,1,1,0,0,0,0,0,0,0,,,,,
11/9/2023,SCN,113,989.001030621126,0,1,0,0,0,1,0,0,0,0,,,,,
11/9/2023,RBC,307,989.001030621127,0,1,0,0,0,0,0,0,0,0,,,,,
11/9/2023,RBT,175,989.001030621128,0,1,0,0,0,0,0,0,0,0,,,,,
11/9/2023,RBT,183,989.001030621129,0,1,0,0,0,0,0,0,0,0,,,,,
11/9/2023,RBT,124,989.001030621130,0,1,0,0,0,0,0,0,0,0,,,,,
11/9/2023,RBC,285,989.001030621131,0,1,0,0,0,0,0,0,0,0,,,,,
11/9/2023,RBT,147,989.001030621132,0,1,0,0,0,0,0,0,0,0,,,,,
11/9/2023,RBC,319,989.001030621133,0,1,0,0,0,0,0,0,0,0,,,,,
11/9/2023,RBC,281,989.001030621134,0,1,0,0,0,0,0,0,0,0,,,,,
11/9/2023,RBT,322,989.001030621135,0,1,1,0,0,0,0,0,0,0,,,,,
3/21/2024,RBC,326,989.001030621135,0,0,0,1,0,0,0,0,0,0,,,,,
11/9/2023,RBT,140,989.001030621137,0,1,0,0,0,0,0,0,0,0,,,,,
11/9/2023,LOC,424,989.001030621138,0,1,0,0,0,0,0,0,0,0,,,,,
11/9/2023,LOC,256,989.001030621139,0,1,1,1,1,1,0,0,0,0,,,,,
11/9/2023,RBT,206,989.001030621140,0,1,0,0,0,0,0,0,0,0,,,,,
11/9/2023,RBC,256,989.001030621141,0,1,1,0,1,0,0,0,0,0,,,,,
11/9/2023,RBC,271,989.001030621142,0,1,1,1,0,0,0,0,0,0,,,,,
11/9/2023,LOC,174,989.001030621143,0,1,0,0,0,0,0,0,0,0,,,,,
11/9/2023,RBT,297,989.001030621144,0,1,0,0,0,0,0,0,0,0,,,,,
11/9/2023,RBC,313,989.001030621145,0,1,0,0,0,0,0,0,0,0,,,,,
11/9/2023,SRN,414,989.001030621146,0,1,0,0,0,0,0,0,0,0,,,,,
11/9/2023,SCN,108,989.001030621147,0,1,0,0,0,0,0,0,0,0,,,,,
11/9/2023,RBT,293,989.001030621148,0,1,1,0,0,0,0,0,0,0,,,,,
11/9/2023,LOC,382,989.001030621149,0,1,0,0,0,0,0,0,0,0,,,,,
11/9/2023,RBT,146,989.001030621150,0,1,0,0,0,0,0,0,0,0,,,,,
11/9/2023,RBT,220,989.001030621151,0,1,1,1,0,0,0,0,0,0,,,,,
11/9/2023,RBC,317,989.001030621152,0,1,1,0,0,0,0,0,0,0,,,,,
11/9/2023,RBC,288,989.001030621153,0,1,1,1,0,0,0,0,0,0,,,,,
11/9/2023,RBC,281,989.001030621154,0,1,0,0,0,0,0,0,0,0,,,,,
11/9/2023,RBC,267,989.001030621155,0,1,0,0,0,0,0,0,0,0,,,,,
11/9/2023,RBT,297,989.001030621156,0,1,1,0,0,0,0,0,0,0,,,,,
3/21/2024,RBC,294,989.001030621156,0,0,0,1,0,0,0,0,0,0,,,,,
11/9/2023,RBC,317,989.001030621157,0,1,1,0,0,1,0,0,0,0,,,,,
11/9/2023,SCN,109,989.001030621158,0,1,0,0,0,0,0,0,0,0,,,,,
11/9/2023,RBT,139,989.001030621159,0,1,0,0,0,0,0,0,0,0,,,,,
11/9/2023,RBT,424,989.001030621160,0,1,1,0,0,0,0,0,0,0,,,,,
11/9/2023,SCN,96,989.001030621161,0,1,0,0,0,0,0,0,0,0,,,,,
11/3/2025,LOC,201,989.001030621162,0,0,0,0,0,0,0,0,1,1,,,,,
11/9/2023,RBT,128,989.001030621163,0,1,1,0,0,0,0,0,0,0,,,,,
11/9/2023,SCN,101,989.001030621164,0,1,0,0,0,0,0,0,0,0,,,,,
11/3/2025,RBC,272,989.001030621165,0,0,0,0,0,0,0,0,1,1,,,,,
3/21/2024,SCN,94,989.001030621166,0,0,0,1,0,0,0,0,0,0,,,,,
11/3/2025,LOC,321,989.001030621167,0,0,0,0,0,0,0,0,1,0,,,,,
3/21/2024,RBT,96,989.001030621168,0,0,0,1,0,0,0,0,0,0,,,,,
3/21/2024,RBT,418,989.001030621169,0,0,0,1,0,0,0,0,0,0,,,,,
3/21/2024,SCN,90,989.001030621170,0,0,0,1,0,0,0,0,0,0,,,,,
11/3/2025,SCN,133,989.001030621171,0,0,0,0,0,0,0,0,1,0,,,,,
11/3/2025,SCN,88,989.001030621172,0,0,0,0,0,0,0,0,1,0,,,,,
11/3/2025,LOC,160,989.001030621173,0,0,0,0,0,0,0,0,1,0,,,,,
3/21/2024,SCN,76,989.001030621174,0,0,0,1,0,0,0,0,0,0,,,,,
11/9/2023,RBT,129,989.001030621175,0,1,0,0,0,0,0,0,0,0,,,,,
11/3/2025,LOC,275,989.001030621176,0,0,0,0,0,0,0,0,1,0,,,,,
11/3/2025,LOC,270,989.001030621177,0,0,0,0,0,0,0,0,1,1,,,,,
3/21/2024,SCN,86,989.001030621178,0,0,0,1,0,0,0,0,0,0,,,,,
3/21/2024,LOC,94,989.001030621179,0,0,0,1,0,0,0,0,0,0,,,,,
3/21/2024,SCN,111,989.001030621180,0,0,0,1,0,0,0,0,0,0,,,,,
11/3/2025,LOC,350,989.001030621181,0,0,0,0,0,0,0,0,1,0,,,,,
3/21/2024,RBT,139,989.001030621182,0,0,0,1,0,0,0,0,0,0,,,,,
11/9/2023,RBT,116,989.001030621183,0,1,0,0,0,0,0,0,0,0,,,,,
3/21/2024,SCN,97,989.001030621184,0,0,0,1,0,0,0,0,0,0,,,,,
11/9/2023,LOC,449,989.001030621185,0,1,0,0,0,0,0,0,0,0,,,,,
3/21/2024,SCN,90,989.001030621186,0,0,0,1,0,0,0,0,0,0,,,,,
11/3/2025,SCN,74,989.001030621187,0,0,0,0,0,0,0,0,1,0,,,,,
11/9/2023,SCN,89,989.001030621189,0,1,0,0,0,0,0,0,0,0,,,,,
11/9/2023,SCN,115,989.001030621190,0,1,0,0,0,0,0,0,0,0,,,,,
3/21/2024,SCN,83,989.001030621191,0,0,0,1,0,0,0,0,0,0,,,,,
3/21/2024,RBC,271,989.001030621192,0,0,0,1,0,0,0,0,0,0,,,,,
11/9/2023,SCN,86,989.001030621193,0,1,0,0,0,0,0,0,0,0,,,,,
11/9/2023,RBT,264,989.001030621194,0,1,0,0,0,0,0,0,0,0,,,,,
11/3/2025,LOC,224,989.001030621195,0,0,0,0,0,0,0,0,1,0,,,,,
11/3/2025,SCN,84,989.001030621196,0,0,0,0,0,0,0,0,1,0,,,,,
11/3/2025,LOC,182,989.001030621197,0,0,0,0,0,0,0,0,1,0,,,,,
11/9/2023,RBT,123,989.001030621198,0,1,0,0,0,0,0,0,0,0,,,,,
3/21/2024,SCN,105,989.001030621199,0,0,0,1,0,0,0,0,0,0,,,,,
3/21/2024,RBT,196,989.001030621200,0,0,0,1,0,0,0,0,0,0,,,,,
11/3/2025,LOC,354,989.001030621201,0,0,0,0,0,0,0,0,1,1,,,,,
11/9/2023,RBC,289,989.001030621202,0,1,0,0,0,0,0,0,0,0,,,,,
3/21/2024,SCN,85,989.001030621203,0,0,0,1,0,0,0,0,0,0,,,,,
11/3/2025,SCN,91,989.001030621204,0,0,0,0,0,0,0,0,1,0,,,,,
3/21/2024,RBT,483,989.001030621205,0,0,0,1,0,0,0,0,0,0,,,,,
11/3/2025,LOC,193,989.001030621206,0,0,0,0,0,0,0,0,1,1,,,,,
3/21/2024,RBT,139,989.001030621207,0,0,0,1,0,0,0,0,0,0,,,,,
11/9/2023,SCN,93,989.001030621208,0,1,0,0,0,0,0,0,0,0,,,,,
11/3/2025,LOC,160,989.001030621209,0,0,0,0,0,0,0,0,1,0,,,,,
11/9/2023,LOC,150,989.001030621210,0,1,0,0,0,0,0,0,0,0,,,,,
11/9/2023,RBT,349,989.001030621211,0,1,0,0,0,0,0,0,0,0,,,,,
3/21/2024,SCN,91,989.001030621212,0,0,0,1,0,0,0,0,0,0,,,,,
3/21/2024,SCN,99,989.001030621213,0,0,0,1,0,0,0,0,0,0,,,,,
3/21/2024,SCN,92,989.001030621214,0,0,0,1,0,0,0,0,0,0,,,,,
11/9/2023,RBC,294,989.001030621215,0,1,0,0,0,0,0,0,0,0,,,,,
11/9/2023,RBT,135,989.001030621216,0,1,0,0,0,0,0,0,0,0,,,,,
3/21/2024,RBC,289,989.001030621217,0,0,0,1,0,0,0,0,0,0,,,,,
3/21/2024,SCN,96,989.001030621218,0,0,0,1,0,0,0,0,0,0,,,,,
11/9/2023,RBC,278,989.001030621219,0,1,0,0,0,0,0,0,0,0,,,,,
3/21/2024,SCN,90,989.001030621220,0,0,0,1,0,0,0,0,0,0,,,,,
3/21/2024,SCN,105,989.001030621221,0,0,0,1,0,0,0,0,0,0,,,,,
11/3/2025,LOC,366,989.001030621222,0,0,0,0,0,0,0,0,1,0,,,,,
3/21/2024,SCN,99,989.001030621223,0,0,0,1,0,0,0,0,0,0,,,,,
3/20/2025,SCN,107,989.001030621223,0,0,0,0,0,0,0,1,0,0,,,,,
3/21/2024,SCN,108,989.001030621224,0,0,0,1,0,0,0,0,0,1,,,,,
11/9/2023,SCN,93,989.001030621225,0,1,0,0,0,0,0,0,0,0,,,,,
3/21/2024,SCN,106,989.001030621226,0,0,0,1,0,0,0,0,0,0,,,,,
3/21/2024,SCN,97,989.001030621227,0,0,0,1,0,0,1,0,0,0,,,,,
11/3/2025,RBT,146,989.001030621228,0,0,0,0,0,0,0,0,1,0,,,,,
11/9/2023,SCN,118,989.001030621229,0,1,0,0,0,0,0,0,0,0,,,,,
3/21/2024,SCN,91,989.001030621230,0,0,0,1,0,0,0,0,0,0,,,,,
11/9/2023,RBT,129,989.001030621231,0,1,0,0,0,0,0,0,0,0,,,,,
3/21/2024,SCN,94,989.001030621232,0,0,0,1,0,0,0,0,0,0,,,,,
11/3/2025,SCN,111,989.001030621233,0,0,0,0,0,0,0,0,1,0,,,,,
3/21/2024,SCN,100,989.001030621234,0,0,0,1,0,0,0,0,0,0,,,,,
3/21/2024,RBC,289,989.001030621235,0,0,0,1,0,0,0,0,0,0,,,,,
11/9/2023,LOC,417,989.001030621236,0,1,0,0,0,0,0,0,0,0,,,,,
3/19/2024,RBT,448,989.001030621237,0,0,1,1,0,0,0,0,0,0,,,,,
3/21/2024,RBT,224,989.001030621238,0,0,0,1,0,0,0,0,0,0,,,,,
3/21/2024,SCN,101,989.001030621239,0,0,0,1,0,0,0,0,0,0,,,,,
3/21/2024,SCN,76,989.001030621240,0,0,0,1,0,0,0,0,0,0,,,,,
11/3/2025,SCN,110,989.001030621241,0,0,0,0,0,0,0,0,1,0,,,,,
11/9/2023,SCN,98,989.001030621242,0,1,0,0,0,0,0,0,0,0,,,,,
3/21/2024,SCN,82,989.001030621243,0,0,0,1,0,0,0,0,0,0,,,,,
3/21/2024,RBT,546,989.001030621244,0,0,0,1,0,0,0,0,0,0,,,,,
11/9/2023,RBT,286,989.001030621245,0,1,0,0,0,0,0,0,0,0,,,,,
11/9/2023,SCN,102,989.001030621246,0,1,1,0,0,0,0,0,0,0,,,,,
11/9/2023,SCN,109,989.001030621247,0,1,0,0,0,0,0,0,0,0,,,,,
11/9/2023,RBT,289,989.001030621248,0,1,0,0,0,0,0,0,0,0,,,,,
11/3/2025,RBT,126,989.001030621249,0,0,0,0,0,0,0,0,1,1,,,,,
11/9/2023,RBT,149,989.001030621250,0,1,0,0,0,0,0,0,0,0,,,,,
3/21/2024,SCN,101,989.001030621251,0,0,0,1,0,0,0,0,0,0,,,,,
11/9/2023,SCN,98,989.001030621252,0,1,0,0,0,0,0,0,0,0,,,,,
11/9/2023,RBT,121,989.001030621253,0,1,0,0,0,0,0,0,0,0,,,,,
3/21/2024,LOC,165,989.001030621254,0,0,0,1,0,0,0,0,0,0,,,,,
3/21/2024,RBT,112,989.001030621255,0,0,0,1,0,0,0,0,0,0,,,,,
11/9/2023,SCN,138,989.001030621256,0,1,0,0,0,0,0,0,0,0,,,,,
11/9/2023,RBT,133,989.001030621257,0,1,0,0,0,0,0,0,0,0,,,,,
3/21/2024,RBT,123,989.001030621258,0,0,0,1,0,0,0,0,0,0,,,,,
3/21/2024,SCN,81,989.001030621259,0,0,0,1,0,0,0,0,0,0,,,,,
11/3/2025,LOC,240,989.001030621260,0,0,0,0,0,0,0,0,1,1,,,,,
3/19/2024,RBT,124,989.001030621261,0,0,1,0,0,0,0,0,0,0,,,,,
3/19/2024,SCN,145,989.001030621262,0,0,1,0,0,0,0,0,0,0,,,,,
3/19/2024,LOC,373,989.001030621263,0,0,1,1,1,0,1,1,1,0,,,,,
3/19/2024,RBT,405,989.001030621264,0,0,1,0,0,0,0,0,0,0,,,,,
3/19/2024,SCN,90,989.001030621265,0,0,1,0,0,0,0,0,0,0,,,,,
3/19/2024,RBC,304,989.001030621266,0,0,1,1,0,0,0,0,0,0,,,,,
3/19/2024,RBC,323,989.001030621267,0,0,1,0,0,1,0,0,0,0,,,,,
3/19/2024,LOC,105,989.001030621268,0,0,1,0,0,0,0,1,0,0,,,,,
3/19/2024,RBC,295,989.001030621269,0,0,1,0,0,0,0,0,0,0,,,,,
3/19/2024,LOC,305,989.001030621270,0,0,1,0,0,0,0,0,0,0,,,,,
3/19/2024,RBT,275,989.001030621271,0,0,1,0,0,0,0,0,0,0,,,,,
3/19/2024,LOC,100,989.001030621272,0,0,1,0,0,0,0,0,1,0,,,,,
3/19/2024,SCN,111,989.001030621273,0,0,1,0,0,0,0,0,0,0,,,,,
3/19/2024,SCN,86,989.001030621274,0,0,1,0,0,0,0,0,0,0,,,,,
3/19/2024,LOC,340,989.001030621275,0,0,1,1,0,0,0,0,0,0,,,,,
3/19/2024,LOC,94,989.001030621276,0,0,1,0,0,0,0,0,0,0,,,,,
3/19/2024,SRN,395,989.001030621277,0,0,1,0,0,0,0,0,0,0,,,,,
3/21/2024,SRN,392,989.001030621277,0,0,0,1,0,0,0,0,0,0,,,,,
3/19/2024,LOC,215,989.001030621278,0,0,1,0,0,0,0,0,0,0,,,,,
3/19/2024,SCN,94,989.001030621279,0,0,1,0,0,0,0,0,0,0,,,,,
3/19/2024,LOC,107,989.001030621280,0,0,1,0,0,0,0,0,0,0,,,,,
3/19/2024,SCN,90,989.001030621281,0,0,1,0,0,0,0,0,0,0,,,,,
3/19/2024,SCN,90,989.001030621282,0,0,1,0,0,0,0,0,0,0,,,,,
3/19/2024,SCN,76,989.001030621283,0,0,1,0,0,0,0,0,0,0,,,,,
3/19/2024,SCN,115,989.001030621284,0,0,1,0,0,0,0,0,0,0,,,,,
3/19/2024,SCN,124,989.001030621285,0,0,1,0,0,0,0,0,0,0,,,,,
3/19/2024,LOC,150,989.001030621286,0,0,1,0,0,0,0,0,0,0,,,,,
3/19/2024,SCN,99,989.001030621287,0,0,1,0,0,0,0,0,0,0,,,,,
3/19/2024,SCN,122,989.001030621288,0,0,1,0,0,0,0,0,0,0,,,,,
3/19/2024,SRN,396,989.001030621289,0,0,1,0,0,0,0,0,0,0,,,,,
3/19/2024,RBT,150,989.001030621290,0,0,1,1,0,0,0,0,0,0,,,,,
3/19/2024,RBT,215,989.001030621291,0,0,1,1,0,0,0,0,0,0,,,,,
3/19/2024,RBT,139,989.001030621292,0,0,1,1,1,0,0,0,0,0,,,,,
3/19/2024,SCN,100,989.001030621293,0,0,1,1,0,0,0,0,0,0,,,,,
3/19/2024,RBT,133,989.001030621294,0,0,1,0,0,0,0,0,0,0,,,,,
3/19/2024,LOC,267,989.001030621295,0,0,1,0,0,0,0,0,0,0,,,,,
3/19/2024,RBT,585,989.001030621296,0,0,1,1,0,0,0,0,0,0,,,,,
3/19/2024,LOC,100,989.001030621297,0,0,1,0,0,0,0,0,0,0,,,,,
3/19/2024,RBT,120,989.001030621298,0,0,1,0,0,0,0,0,0,0,,,,,
3/19/2024,SCN,125,989.001030621299,0,0,1,0,0,0,0,0,0,0,,,,,
3/19/2024,SCN,110,989.001030621300,0,0,1,0,0,0,0,0,0,0,,,,,
3/19/2024,LOC,365,989.001030621301,0,0,1,1,0,0,0,0,0,0,,,,,
3/19/2024,RBC,261,989.001030621302,0,0,1,0,0,0,0,0,0,0,,,,,
3/19/2024,RBT,405,989.001030621303,0,0,1,1,0,0,0,0,0,0,,,,,
3/19/2024,LOC,205,989.001030621304,0,0,1,1,0,0,0,0,0,0,,,,,
3/19/2024,RBC,300,989.001030621305,0,0,1,0,0,0,0,0,0,0,,,,,
3/19/2024,LOC,225,989.001030621306,0,0,1,0,0,0,1,1,1,1,,,,,
3/19/2024,LOC,216,989.001030621307,0,0,1,0,0,0,0,0,0,0,,,,,
3/19/2024,RBC,270,989.001030621308,0,0,1,1,1,1,0,0,0,0,,,,,
3/19/2024,RBT,555,989.001030621309,0,0,1,0,0,0,0,0,0,0,,,,,
3/19/2024,RBC,297,989.001030621310,0,0,1,1,0,0,0,0,0,0,,,,,
3/19/2024,LOC,160,989.001030621311,0,0,1,1,0,0,0,0,0,0,,,,,
3/19/2024,LOC,305,989.001030621312,0,0,1,1,1,0,0,0,0,0,,,,,
3/19/2024,LOC,87,989.001030621313,0,0,1,0,0,0,0,0,0,0,,,,,
3/19/2024,LOC,211,989.001030621314,0,0,1,1,0,0,0,0,0,0,,,,,
3/19/2024,RBT,175,989.001030621315,0,0,1,0,0,0,0,0,0,0,,,,,
3/19/2024,LOC,165,989.001030621316,0,0,1,1,0,0,0,0,0,0,,,,,
3/19/2024,SCN,95,989.001030621317,0,0,1,0,0,0,0,0,0,0,,,,,
3/19/2024,RBT,127,989.001030621318,0,0,1,0,0,0,0,0,0,0,,,,,
3/19/2024,LOC,100,989.001030621319,0,0,1,0,0,0,0,0,0,0,,,,,
3/19/2024,SCN,95,989.001030621320,0,0,1,0,0,0,0,0,0,0,,,,,
3/19/2024,RBC,324,989.001030621321,0,0,1,0,0,0,0,0,0,0,,,,,
3/19/2024,LOC,160,989.001030621322,0,0,1,0,0,0,0,0,0,0,,,,,
3/19/2024,RBT,146,989.001030621323,0,0,1,0,0,0,0,0,0,0,,,,,
3/19/2024,RBT,220,989.001030621324,0,0,1,0,0,0,0,0,0,0,,,,,
3/19/2024,SCN,85,989.001030621325,0,0,1,0,0,0,0,0,0,0,,,,,
3/19/2024,LOC,111,989.001030621326,0,0,1,0,0,0,0,0,0,0,,,,,
3/19/2024,RBT,149,989.001030621327,0,0,1,1,1,0,0,1,0,0,,,,,
3/19/2024,LOC,190,989.001030621328,0,0,1,1,1,0,0,0,0,0,,,,,
3/19/2024,LOC,140,989.001030621329,0,0,1,1,0,0,0,0,0,0,,,,,
3/19/2024,LOC,106,989.001030621330,0,0,1,0,0,0,0,0,0,0,,,,,
3/19/2024,SCN,90,989.001030621331,0,0,1,0,0,0,0,0,0,0,,,,,
3/19/2024,LOC,300,989.001030621332,0,0,1,0,0,0,1,1,0,0,,,,,
3/19/2024,RBT,300,989.001030621333,0,0,1,0,0,0,1,0,0,0,,,,,
3/19/2024,RBT,168,989.001030621334,0,0,1,0,0,0,0,0,0,0,,,,,
3/19/2024,RBT,136,989.001030621335,0,0,1,1,0,0,0,0,0,0,,,,,
3/19/2024,SCN,96,989.001030621336,0,0,1,0,0,0,0,0,0,0,,,,,
3/19/2024,RBC,270,989.001030621337,0,0,1,1,0,0,0,0,0,0,,,,,
3/19/2024,RBT,114,989.001030621338,0,0,1,0,0,0,0,0,0,0,,,,,
3/19/2024,SCN,98,989.001030621339,0,0,1,0,0,0,0,0,0,0,,,,,
3/19/2024,RBC,330,989.001030621340,0,0,1,1,0,0,0,0,0,0,,,,,
3/19/2024,LOC,98,989.001030621341,0,0,1,0,0,0,0,0,0,0,,,,,
3/19/2024,SCN,98,989.001030621342,0,0,1,0,0,0,0,0,0,0,,,,,
3/19/2024,RBT,149,989.001030621343,0,0,1,0,0,0,0,0,0,0,,,,,
3/19/2024,SCN,96,989.001030621344,0,0,1,0,0,0,0,0,0,0,,,,,
3/19/2024,SCN,85,989.001030621345,0,0,1,0,0,0,0,0,0,0,,,,,
3/19/2024,RBT,217,989.001030621346,0,0,1,1,0,0,0,0,0,0,,,,,
3/19/2024,LOC,385,989.001030621347,0,0,1,0,0,0,0,0,0,0,,,,,
3/19/2024,RBC,278,989.001030621348,0,0,1,1,0,1,0,0,0,0,,,,,
3/19/2024,LOC,335,989.001030621349,0,0,1,1,0,0,0,0,0,0,,,,,
3/19/2024,RBT,454,989.001030621350,0,0,1,0,0,0,0,0,0,0,,,,,
3/19/2024,RBT,170,989.001030621351,0,0,1,0,0,0,0,0,0,0,,,,,
3/19/2024,SCN,117,989.001030621352,0,0,1,0,0,0,0,0,0,0,,,,,
3/19/2024,RBC,290,989.001030621353,0,0,1,0,1,0,0,0,0,0,,,,,
3/19/2024,RBC,270,989.001030621354,0,0,1,0,0,0,0,0,0,0,,,,,
3/19/2024,SCN,99,989.001030621355,0,0,1,0,0,0,0,0,0,0,,,,,
3/19/2024,RBC,280,989.001030621356,0,0,1,0,0,0,0,0,0,0,,,,,
3/19/2024,SCN,127,989.001030621357,0,0,1,0,0,0,0,0,0,0,,,,,
3/19/2024,RBT,337,989.001030621358,0,0,1,1,0,0,0,0,0,0,,,,,
3/19/2024,RBT,100,989.001030621359,0,0,1,0,0,0,0,0,0,0,,,,,
3/19/2024,RBC,325,989.001030621360,0,0,1,0,0,0,0,0,0,0,,,,,
3/19/2024,SCN,99,989.001030621361,0,0,1,0,0,0,0,0,0,0,,,,,
3/19/2024,RBT,432,989.001030621362,0,0,1,1,0,0,0,0,0,0,,,,,
3/19/2024,SCN,96,989.001030621363,0,0,1,0,0,0,0,0,0,0,,,,,
3/19/2024,SCN,128,989.001030621364,0,0,1,0,0,0,0,0,0,0,,,,,
3/19/2024,RBT,101,989.001030621365,0,0,1,0,0,0,0,0,0,0,,,,,
3/19/2024,RBT,132,989.001030621366,0,0,1,1,0,0,0,0,0,0,,,,,
3/19/2024,RBT,465,989.001030621367,0,0,1,1,0,0,0,0,0,0,,,,,
3/19/2024,RBT,404,989.001030621368,0,0,1,0,0,0,0,0,0,0,,,,,
3/19/2024,RBT,457,989.001030621369,0,0,1,0,0,0,0,0,0,0,,,,,
3/19/2024,SCN,93,989.001030621370,0,0,1,0,0,0,0,0,0,0,,,,,
3/19/2024,SCN,103,989.001030621371,0,0,1,0,0,0,0,0,0,0,,,,,
3/19/2024,LOC,93,989.001030621372,0,0,1,0,0,0,0,0,0,0,,,,,
3/19/2024,RBT,146,989.001030621373,0,0,1,1,0,0,0,0,0,0,,,,,
3/19/2024,LOC,405,989.001030621374,0,0,1,0,0,1,0,0,1,0,,,,,
3/19/2024,SCN,132,989.001030621375,0,0,1,0,0,0,0,0,0,0,,,,,
3/19/2024,LOC,195,989.001030621376,0,0,1,0,0,1,0,0,0,0,,,,,
3/19/2024,LOC,335,989.001030621377,0,0,1,1,0,0,1,1,0,0,,,,,
3/19/2024,SCN,90,989.001030621378,0,0,1,0,0,0,0,0,0,0,,,,,
3/19/2024,SCN,158,989.001030621379,0,0,1,0,0,0,0,0,0,0,,,,,
3/19/2024,SCN,113,989.001030621380,0,0,1,1,0,0,0,0,0,0,,,,,
3/19/2024,RBT,130,989.001030621381,0,0,1,1,0,0,0,0,0,0,,,,,
3/19/2024,RBC,309,989.001030621382,0,0,1,0,0,0,0,0,0,0,,,,,
3/19/2024,LOC,495,989.001030621383,0,0,1,0,0,0,1,0,0,0,,,,,
3/19/2024,LOC,102,989.001030621384,0,0,1,1,1,0,0,1,0,0,,,,,
3/19/2024,SCN,133,989.001030621385,0,0,1,0,0,0,0,0,0,0,,,,,
3/19/2024,LOC,383,989.001030621386,0,0,1,0,0,0,0,0,0,0,,,,,
3/19/2024,LOC,162,989.001030621387,0,0,1,0,0,0,0,0,0,0,,,,,
3/19/2024,SCN,117,989.001030621388,0,0,1,0,0,0,0,0,0,0,,,,,
3/19/2024,LOC,112,989.001030621389,0,0,1,0,0,0,0,0,0,0,,,,,
3/19/2024,LOC,144,989.001030621390,0,0,1,0,0,0,0,0,0,0,,,,,
3/19/2024,SCN,103,989.001030621391,0,0,1,0,0,0,0,0,0,0,,,,,
3/19/2024,RBT,364,989.001030621392,0,0,1,0,0,0,0,0,0,0,,,,,
3/19/2024,SCN,105,989.001030621393,0,0,1,0,0,1,0,0,0,0,,,,,
3/19/2024,LOC,209,989.001030621394,0,0,1,0,0,0,0,0,0,0,,,,,
3/19/2024,RBT,404,989.001030621395,0,0,1,1,0,0,0,0,0,0,,,,,
3/19/2024,RBT,170,989.001030621396,0,0,1,0,0,0,0,0,0,0,,,,,
3/19/2024,LOC,152,989.001030621397,0,0,1,0,0,0,0,0,0,0,,,,,
3/19/2024,SCN,122,989.001030621398,0,0,1,0,0,0,0,0,0,0,,,,,
3/19/2024,SRN,445,989.001030621399,0,0,1,1,0,0,0,0,0,0,,,,,
3/19/2024,SCN,92,989.001030621400,0,0,1,0,0,0,0,0,0,0,,,,,
3/19/2024,LOC,365,989.001030621401,0,0,1,0,0,0,0,0,0,0,,,,,
3/19/2024,SNR,365,989.001030621402,0,0,1,1,0,0,0,0,0,0,,,,,
3/19/2024,LOC,147,989.001030621403,0,0,1,1,0,0,0,0,0,0,,,,,
3/19/2024,RBT,457,989.001030621404,0,0,1,1,0,0,0,0,0,0,,,,,
3/19/2024,LOC,149,989.001030621405,0,0,1,1,0,0,0,0,0,0,,,,,
3/19/2024,LOC,98,989.001030621406,0,0,1,0,0,0,0,0,0,0,,,,,
3/19/2024,LOC,179,989.001030621407,0,0,1,1,0,0,0,0,0,0,,,,,
3/19/2024,LOC,205,989.001030621408,0,0,1,0,0,0,1,1,0,0,,,,,
3/19/2024,RBT,152,989.001030621409,0,0,1,0,0,1,0,0,0,0,,,,,
3/19/2024,RBT,384,989.001030621410,0,0,1,1,0,0,0,0,0,0,,,,,
3/19/2024,SCN,98,989.001030621411,0,0,1,0,0,0,0,0,0,0,,,,,
3/19/2024,RBT,394,989.001030621412,0,0,1,0,0,0,0,0,0,0,,,,,
3/19/2024,LOC,109,989.001030621413,0,0,1,0,0,0,0,0,0,0,,,,,
3/19/2024,RBT,174,989.001030621414,0,0,1,1,1,1,0,0,0,0,,,,,
3/19/2024,SCN,146,989.001030621415,0,0,1,0,0,0,0,0,0,0,,,,,
3/19/2024,LOC,183,989.001030621416,0,0,1,1,0,0,0,0,0,0,,,,,
3/19/2024,LOC,187,989.001030621417,0,0,1,1,0,0,0,0,1,0,,,,,
3/19/2024,SCN,89,989.001030621418,0,0,1,0,0,0,0,0,0,0,,,,,
3/19/2024,LOC,144,989.001030621419,0,0,1,1,0,0,0,0,0,0,,,,,
3/19/2024,SCN,103,989.001030621420,0,0,1,0,0,0,1,0,0,0,,,,,
3/19/2024,SCN,114,989.001030621421,0,0,1,0,0,0,0,0,0,0,,,,,
3/19/2024,LOC,105,989.001030621422,0,0,1,0,0,0,0,0,0,0,,,,,
3/19/2024,LOC,174,989.001030621423,0,0,1,1,0,0,0,0,0,0,,,,,
3/19/2024,RBT,319,989.001030621424,0,0,1,0,0,0,0,0,0,0,,,,,
3/19/2024,LOC,162,989.001030621425,0,0,1,0,0,0,0,0,0,0,,,,,
3/19/2024,LOC,186,989.001030621426,0,0,1,1,0,0,0,0,0,0,,,,,
3/19/2024,SCN,94,989.001030621427,0,0,1,0,0,0,0,0,0,0,,,,,
3/19/2024,RBT,456,989.001030621428,0,0,1,0,0,0,0,0,0,0,,,,,
3/19/2024,LOC,390,989.001030621429,0,0,1,0,0,0,0,0,0,0,,,,,
3/19/2024,SCN,85,989.001030621430,0,0,1,0,0,0,0,0,0,0,,,,,
3/19/2024,RBT,133,989.001030621431,0,0,1,0,0,0,0,0,0,0,,,,,
3/19/2024,SCN,106,989.001030621432,0,0,1,0,0,0,0,0,0,0,,,,,
3/19/2024,SCN,98,989.001030621433,0,0,1,0,0,0,0,0,0,0,,,,,
3/19/2024,LOC,159,989.001030621434,0,0,1,0,0,0,0,0,0,0,,,,,
3/19/2024,RBT,554,989.001030621435,0,0,1,0,0,0,0,0,0,0,,,,,
3/19/2024,LOC,134,989.001030621436,0,0,1,1,0,0,0,0,0,0,,,,,
3/19/2024,SCN,108,989.001030621437,0,0,1,0,0,0,0,0,0,0,,,,,
3/19/2024,RBT,110,989.001030621438,0,0,1,0,0,0,0,0,0,0,,,,,
3/19/2024,SCN,101,989.001030621439,0,0,1,0,0,0,0,0,0,0,,,,,
3/19/2024,SCN,117,989.001030621440,0,0,1,0,0,0,0,0,0,0,,,,,
3/19/2024,LOC,175,989.001030621441,0,0,1,0,0,1,1,0,0,0,,,,,
3/19/2024,SCN,96,989.001030621442,0,0,1,0,0,0,0,0,0,0,,,,,
3/19/2024,SCN,118,989.001030621443,0,0,1,0,0,0,0,0,0,0,,,,,
3/19/2024,LOC,220,989.001030621444,0,0,1,1,0,0,0,0,0,0,,,,,
3/19/2024,RBT,113,989.001030621445,0,0,1,0,0,0,0,0,0,0,,,,,
3/19/2024,SRN,411,989.001030621446,0,0,1,1,0,0,0,0,0,0,,,,,
3/19/2024,SCN,133,989.001030621447,0,0,1,0,0,0,0,0,0,0,,,,,
3/19/2024,SCN,93,989.001030621448,0,0,1,0,0,0,0,0,0,0,,,,,
3/19/2024,SCN,104,989.001030621449,0,0,1,0,0,0,0,0,0,0,,,,,
3/19/2024,SCN,115,989.001030621450,0,0,1,0,0,0,0,0,0,0,,,,,
3/19/2024,LOC,167,989.001030621451,0,0,1,0,0,0,0,0,0,0,,,,,
3/19/2024,LOC,220,989.001030621452,0,0,1,0,0,0,0,0,0,0,,,,,
3/19/2024,SCN,105,989.001030621453,0,0,1,0,0,0,0,0,0,0,,,,,
3/19/2024,LOC,382,989.001030621454,0,0,1,0,0,0,1,0,0,0,,,,,
3/19/2024,SCN,138,989.001030621455,0,0,1,0,0,0,0,0,0,0,,,,,
3/19/2024,LOC,160,989.001030621456,0,0,1,0,0,0,0,0,0,0,,,,,
3/19/2024,LOC,195,989.001030621457,0,0,1,0,0,0,0,0,0,0,,,,,
3/19/2024,RBT,114,989.001030621458,0,0,1,0,0,0,0,0,0,0,,,,,
3/19/2024,RBT,481,989.001030621459,0,0,1,1,0,0,0,0,0,0,,,,,
3/19/2024,SCN,93,989.001030621460,0,0,1,0,0,0,0,0,0,0,,,,,
3/21/2024,SCN,80,989.001030621461,0,0,0,1,0,0,0,0,0,0,,,,,
3/21/2024,LOC,163,989.001030621462,0,0,0,1,0,0,0,0,0,0,,,,,
3/21/2024,RBT,424,989.001030621463,0,0,0,1,0,0,0,0,0,0,,,,,
3/21/2024,RBT,100,989.001030621464,0,0,0,1,0,0,0,0,0,0,,,,,
3/21/2024,SCN,111,989.001030621465,0,0,0,1,0,0,1,0,0,0,,,,,
3/21/2024,LOC,116,989.001030621466,0,0,0,1,0,0,1,1,0,0,,,,,
3/21/2024,SCN,94,989.001030621467,0,0,0,1,0,0,0,0,0,0,,,,,
3/21/2024,RBT,147,989.001030621468,0,0,0,1,0,0,0,0,0,0,,,,,
3/21/2024,RBT,151,989.001030621469,0,0,0,1,0,0,0,0,0,0,,,,,
3/21/2024,RBT,149,989.001030621470,0,0,0,1,0,0,0,0,0,0,,,,,
3/21/2024,LOC,97,989.001030621471,0,0,0,1,0,0,0,0,0,0,,,,,
3/21/2024,LOC,167,989.001030621472,0,0,0,1,0,0,0,1,0,0,,,,,
3/21/2024,LOC,160,989.001030621473,0,0,0,1,0,0,0,0,0,0,,,,,
3/21/2024,RBT,151,989.001030621474,0,0,0,1,0,1,0,0,0,0,,,,,
3/21/2024,SCN,82,989.001030621475,0,0,0,1,0,0,0,0,0,0,,,,,
3/21/2024,SCN,92,989.001030621476,0,0,0,1,0,0,0,0,0,0,,,,,
3/21/2024,SCN,107,989.001030621477,0,0,0,1,0,0,0,0,0,0,,,,,
3/21/2024,SCN,95,989.001030621478,0,0,0,1,0,0,0,0,0,0,,,,,
3/21/2024,LOC,102,989.001030621479,0,0,0,1,0,0,0,0,0,0,,,,,
3/21/2024,RBT,123,989.001030621480,0,0,0,1,0,1,0,0,0,0,,,,,
3/21/2024,SCN,99,989.001030621481,0,0,0,1,0,0,0,0,0,0,,,,,
3/21/2024,RBT,118,989.001030621482,0,0,0,1,0,0,0,0,0,0,,,,,
3/21/2024,LOC,93,989.001030621483,0,0,0,1,0,0,0,0,0,0,,,,,
3/21/2024,RBT,133,989.001030621484,0,0,0,1,0,0,0,0,0,0,,,,,
3/21/2024,RBT,142,989.001030621485,0,0,0,1,0,0,0,0,0,0,,,,,
3/21/2024,SCN,106,989.001030621486,0,0,0,1,0,0,0,0,0,0,,,,,
3/21/2024,LOC,109,989.001030621487,0,0,0,1,0,1,0,0,0,0,,,,,
3/21/2024,LOC,93,989.001030621488,0,0,0,1,0,0,0,0,0,0,,,,,
3/21/2024,RBC,295,989.001030621489,0,0,0,1,0,0,0,0,0,0,,,,,
3/21/2024,RBT,134,989.001030621490,0,0,0,1,0,0,0,0,0,0,,,,,
3/21/2024,SCN,91,989.001030621491,0,0,0,1,0,0,0,0,0,0,,,,,
3/21/2024,SCN,86,989.001030621492,0,0,0,1,0,0,0,0,0,0,,,,,
3/21/2024,LOC,268,989.001030621493,0,0,0,1,1,0,1,0,1,0,,,,,
3/21/2024,SCN,156,989.001030621494,0,0,0,1,0,0,0,0,1,0,,,,,
3/21/2024,LOC,100,989.001030621495,0,0,0,1,0,0,0,0,0,0,,,,,
3/21/2024,LOC,180,989.001030621496,0,0,0,1,1,0,0,1,1,1,,,,,
3/21/2024,RBC,337,989.001030621497,0,0,0,1,0,0,1,1,0,0,,,,,
3/21/2024,SCN,82,989.001030621498,0,0,0,1,0,0,0,0,0,0,,,,,
3/21/2024,LOC,183,989.001030621499,0,0,0,1,0,0,1,0,0,0,,,,,
3/21/2024,SCN,91,989.001030621500,0,0,0,1,0,0,0,0,0,0,,,,,
3/21/2024,SCN,82,989.001030621501,0,0,0,1,0,0,0,0,0,0,,,,,
3/21/2024,SCN,108,989.001030621502,0,0,0,1,0,0,0,0,0,0,,,,,
3/21/2024,SCN,101,989.001030621503,0,0,0,1,0,0,0,0,0,0,,,,,
3/21/2024,SCN,87,989.001030621504,0,0,0,1,0,0,0,0,0,0,,,,,
3/21/2024,SCN,83,989.001030621505,0,0,0,1,0,0,0,0,0,0,,,,,
3/21/2024,LOC,150,989.001030621506,0,0,0,1,0,0,0,0,0,0,,,,,
3/21/2024,RBT,125,989.001030621507,0,0,0,1,0,0,0,0,0,0,,,,,
3/21/2024,LOC,167,989.001030621508,0,0,0,1,0,0,0,0,0,0,,,,,
3/21/2024,RBT,222,989.001030621509,0,0,0,1,0,0,0,0,0,0,,,,,
3/21/2024,LOC,111,989.001030621510,0,0,0,1,0,0,0,0,0,0,,,,,
3/21/2024,RBT,159,989.001030621511,0,0,0,1,0,0,1,0,0,0,,,,,
3/21/2024,SCN,96,989.001030621512,0,0,0,1,0,0,0,0,0,0,,,,,
3/21/2024,LOC,140,989.001030621513,0,0,0,1,0,0,0,0,0,0,,,,,
3/21/2024,RBT,288,989.001030621514,0,0,0,1,0,0,0,0,0,0,,,,,
3/21/2024,SCN,97,989.001030621515,0,0,0,1,0,0,0,0,0,0,,,,,
3/21/2024,RBT,112,989.001030621516,0,0,0,1,1,0,1,1,1,0,,,,,
3/21/2024,LOC,95,989.001030621517,0,0,0,1,0,0,0,0,0,0,,,,,
3/21/2024,LOC,110,989.001030621518,0,0,0,1,0,0,0,0,0,0,,,,,
3/21/2024,SCN,98,989.001030621519,0,0,0,1,0,0,0,0,0,0,,,,,
3/21/2024,SCN,93,989.001030621520,0,0,0,1,0,0,0,0,0,0,,,,,
3/21/2024,SCN,87,989.001030621521,0,0,0,1,0,0,1,0,0,0,,,,,
3/21/2024,SCN,96,989.001030621522,0,0,0,1,0,0,0,0,0,0,,,,,
3/21/2024,LOC,162,989.001030621523,0,0,0,0,0,0,0,0,0,0,,,,,
3/21/2024,LOC,93,989.001030621524,0,0,0,1,0,0,0,0,0,0,,,,,
3/21/2024,SCN,78,989.001030621525,0,0,0,1,0,0,0,0,0,0,,,,,
3/21/2024,LOC,97,989.001030621526,0,0,0,1,0,0,0,0,0,0,,,,,
3/21/2024,LOC,177,989.001030621527,0,0,0,1,0,0,0,0,0,0,,,,,
3/21/2024,LOC,100,989.001030621528,0,0,0,1,0,0,0,0,0,0,,,,,
3/21/2024,SCN,92,989.001030621529,0,0,0,1,0,0,0,0,0,0,,,,,
3/21/2024,SCN,77,989.001030621530,0,0,0,1,0,0,0,0,0,0,,,,,
3/21/2024,SCN,97,989.001030621531,0,0,0,1,0,0,0,0,0,0,,,,,
3/21/2024,LOC,100,989.001030621532,0,0,0,1,0,0,0,0,0,0,,,,,
3/21/2024,SCN,99,989.001030621533,0,0,0,1,0,0,0,0,0,0,,,,,
3/21/2024,SCN,97,989.001030621534,0,0,0,1,0,0,0,0,0,0,,,,,
3/21/2024,LOC,122,989.001030621535,0,0,0,1,0,0,0,0,0,0,,,,,
3/21/2024,LOC,194,989.001030621536,0,0,0,1,0,0,0,0,0,0,,,,,
3/21/2024,LOC,127,989.001030621537,0,0,0,1,0,0,0,0,0,0,,,,,
3/21/2024,LOC,107,989.001030621538,0,0,0,1,0,1,0,0,1,0,,,,,
3/21/2024,SCN,94,989.001030621539,0,0,0,1,0,0,0,0,0,0,,,,,
3/21/2024,RBT,152,989.001030621540,0,0,0,1,0,0,0,0,0,0,,,,,
3/21/2024,LOC,107,989.001030621541,0,0,0,1,0,0,0,0,0,0,,,,,
3/21/2024,SCN,80,989.001030621542,0,0,0,1,0,0,0,0,0,0,,,,,
3/21/2024,RBT,103,989.001030621543,0,0,0,1,1,0,0,0,0,0,,,,,
3/21/2024,SCN,97,989.001030621544,0,0,0,1,0,0,0,0,0,0,,,,,
3/21/2024,LOC,97,989.001030621545,0,0,0,1,0,0,0,0,0,0,,,,,
3/21/2024,LOC,190,989.001030621546,0,0,0,1,0,1,0,0,0,0,,,,,
3/21/2024,LOC,97,989.001030621547,0,0,0,1,0,0,0,0,0,0,,,,,
3/21/2024,LOC,98,989.001030621548,0,0,0,1,0,0,0,0,0,0,,,,,
3/21/2024,RBT,102,989.001030621549,0,0,0,1,0,0,0,0,0,0,,,,,
3/21/2024,LOC,212,989.001030621550,0,0,0,1,0,0,0,0,0,0,,,,,
3/21/2024,SCN,87,989.001030621551,0,0,0,1,0,0,0,0,0,0,,,,,
3/21/2024,RBT,442,989.001030621552,0,0,0,1,0,0,0,0,0,0,,,,,
3/21/2024,LOC,187,989.001030621553,0,0,0,1,1,0,0,0,0,0,,,,,
3/21/2024,LOC,153,989.001030621554,0,0,0,1,0,0,0,0,0,0,,,,,
3/21/2024,LOC,88,989.001030621555,0,0,0,1,0,0,0,0,0,0,,,,,
3/21/2024,LOC,158,989.001030621556,0,0,0,1,0,0,0,0,0,0,,,,,
3/21/2024,SCN,85,989.001030621557,0,0,0,1,0,0,0,0,0,0,,,,,
3/21/2024,SCN,103,989.001030621558,0,0,0,1,0,0,0,0,0,0,,,,,
3/21/2024,SCN,136,989.001030621559,0,0,0,1,0,0,0,0,0,0,,,,,
3/21/2024,RBC,239,989.001030621560,0,0,0,1,0,0,1,1,1,0,,,,,
3/19/2024,SCN,98,989.001040499521,0,0,1,0,0,0,0,0,0,0,,,,,
3/19/2024,SCN,94,989.001040499522,0,0,1,0,0,0,0,0,0,0,,,,,
3/21/2024,SCN,101,989.001040499523,0,0,0,1,0,0,0,0,0,0,,,,,
3/21/2024,SCN,98,989.001040499524,0,0,0,1,0,0,0,0,0,0,,,,,
3/21/2024,LOC,179,989.001040499525,0,0,0,1,0,0,0,0,0,0,,,,,
3/19/2024,RBC,239,989.001040499526,0,0,1,1,0,0,0,0,0,0,,,,,
3/19/2024,RBT,136,989.001040499527,0,0,1,0,0,0,0,0,0,0,,,,,
3/21/2024,LOC,157,989.001040499528,0,0,0,1,0,0,0,0,0,0,,,,,
3/21/2024,LOC,101,989.001040499529,0,0,0,1,0,0,0,0,0,0,,,,,
3/19/2024,RBC,260,989.001040499530,0,0,1,0,0,0,0,0,0,0,,,,,
3/19/2024,SCN,117,989.001040499531,0,0,1,0,0,0,0,0,0,0,,,,,
3/19/2024,SCN,125,989.001040499532,0,0,1,0,0,0,0,0,0,0,,,,,
3/19/2024,RBC,289,989.001040499533,0,0,1,1,0,0,0,0,0,0,,,,,
3/21/2024,RBT,142,989.001040499534,0,0,0,1,0,0,0,0,0,0,,,,,
3/19/2024,SCN,120,989.001040499535,0,0,1,0,0,0,0,0,0,0,,,,,
3/19/2024,RBT,235,989.001040499536,0,0,1,0,0,0,0,0,0,0,,,,,
3/19/2024,RBT,265,989.001040499537,0,0,1,0,0,0,0,0,0,0,,,,,
3/19/2024,SCN,99,989.001040499538,0,0,1,0,0,0,0,0,0,0,,,,,
3/21/2024,LOC,162,989.001040499539,0,0,0,1,0,0,0,0,0,0,,,,,
3/19/2024,LOC,194,989.001040499540,0,0,1,0,0,0,0,0,0,0,,,,,
3/19/2024,RBC,296,989.001040499541,0,0,1,0,0,0,0,0,0,0,,,,,
3/21/2024,SCN,92,989.001040499542,0,0,0,1,0,0,0,0,0,0,,,,,
3/19/2024,RBC,355,989.001040499543,0,0,1,1,0,0,0,0,0,0,,,,,
3/19/2024,RBC,286,989.001040499544,0,0,1,0,0,0,0,0,0,0,,,,,
3/21/2024,RBT,397,989.001040499545,0,0,0,1,0,0,0,0,0,0,,,,,
3/21/2024,SCN,94,989.001040499546,0,0,0,1,0,0,0,0,0,0,,,,,
3/19/2024,SCN,87,989.001040499547,0,0,1,0,0,0,0,0,0,0,,,,,
3/21/2024,SCN,98,989.001040499548,0,0,0,1,0,0,0,0,0,0,,,,,
3/19/2024,RBT,423,989.001040499549,0,0,1,0,0,0,0,0,0,0,,,,,
3/19/2024,RBT,104,989.001040499550,0,0,1,0,0,0,0,0,0,0,,,,,
3/21/2024,LOC,175,989.001040499551,0,0,0,1,1,1,0,0,0,0,,,,,
3/19/2024,RBT,123,989.001040499552,0,0,1,0,0,0,0,0,0,0,,,,,
3/19/2024,RBC,276,989.001040499553,0,0,1,1,0,0,0,0,0,0,,,,,
3/19/2024,RBC,280,989.001040499554,0,0,1,0,0,0,0,0,0,0,,,,,
3/21/2024,SCN,97,989.001040499555,0,0,0,1,0,0,0,0,0,0,,,,,
3/19/2024,LOC,170,989.001040499556,0,0,1,0,0,0,0,0,0,0,,,,,
3/21/2024,RBT,225,989.001040499557,0,0,0,1,0,0,0,0,0,0,,,,,
3/21/2024,SCN,110,989.001040499558,0,0,0,1,0,0,0,0,0,0,,,,,
3/19/2024,RBC,299,989.001040499559,0,0,1,0,0,0,0,0,0,0,,,,,
3/19/2024,LOC,160,989.001040499560,0,0,1,0,1,1,0,0,0,0,,,,,
3/21/2024,RBT,130,989.001040499561,0,0,0,1,0,0,0,0,0,0,,,,,
3/19/2024,RBC,335,989.001040499562,0,0,1,0,0,0,0,0,0,0,,,,,
3/21/2024,SCN,91,989.001040499563,0,0,0,1,0,0,0,0,0,0,,,,,
3/21/2024,LOC,147,989.001040499564,0,0,0,1,0,0,0,0,0,0,,,,,
3/19/2024,RBT,127,989.001040499565,0,0,1,0,0,0,0,0,0,0,,,,,
3/21/2024,RBT,134,989.001040499566,0,0,0,1,0,1,0,0,0,0,,,,,
3/21/2024,LOC,166,989.001040499567,0,0,0,1,0,0,0,0,0,0,,,,,
3/19/2024,RBC,305,989.001040499568,0,0,1,0,0,0,0,0,0,0,,,,,
3/19/2024,RBC,294,989.001040499569,0,0,1,0,0,0,0,0,0,0,,,,,
3/21/2024,SCN,112,989.001040499570,0,0,0,1,0,0,0,0,0,0,,,,,
3/21/2024,SCN,83,989.001040499571,0,0,0,1,0,0,0,0,0,0,,,,,
3/19/2024,RBC,285,989.001040499572,0,0,1,0,0,0,0,0,0,0,,,,,
3/21/2024,SCN,112,989.001040499573,0,0,0,1,0,0,0,0,0,0,,,,,
3/19/2024,LOC,98,989.001040499574,0,0,1,0,0,0,0,0,0,0,,,,,
3/21/2024,LOC,163,989.001040499575,0,0,0,1,0,0,0,0,0,0,,,,,
3/19/2024,RBT,113,989.001040499576,0,0,1,1,0,0,1,0,0,0,,,,,
3/21/2024,LOC,284,989.001040499577,0,0,0,1,0,0,0,0,0,0,,,,,
3/19/2024,SCN,105,989.001040499578,0,0,1,0,0,0,0,0,0,0,,,,,
3/21/2024,LOC,187,989.001040499579,0,0,0,1,0,0,0,0,0,0,,,,,
3/21/2024,LOC,105,989.001040499580,0,0,0,1,0,0,0,0,1,0,,,,,
3/19/2024,RBT,505,989.001040499581,0,0,1,0,0,0,0,0,0,0,,,,,
3/21/2024,SCN,84,989.001040499582,0,0,0,1,0,0,0,0,0,0,,,,,
3/19/2024,RBC,278,989.001040499583,0,0,1,0,0,0,0,0,0,0,,,,,
3/19/2024,RBC,257,989.001040499584,0,0,1,0,0,0,0,0,0,0,,,,,
3/19/2024,RBT,147,989.001040499585,0,0,1,1,0,0,0,0,0,0,,,,,
3/21/2024,SCN,118,989.001040499586,0,0,0,1,0,0,0,0,0,0,,,,,
3/19/2024,RBC,340,989.001040499587,0,0,1,0,0,0,0,0,0,0,,,,,
3/19/2024,SCN,80,989.001040499588,0,0,1,0,0,0,0,0,0,0,,,,,
3/21/2024,RBT,291,989.001040499589,0,0,0,1,0,0,0,0,0,0,,,,,
3/19/2024,LOC,419,989.001040499590,0,0,1,0,0,0,0,1,0,0,,,,,
3/21/2024,RBT,91,989.001040499591,0,0,0,1,0,0,0,0,0,0,,,,,
3/19/2024,SCN,98,989.001040499592,0,0,1,0,0,0,0,0,0,0,,,,,
3/19/2024,RBC,309,989.001040499593,0,0,1,1,0,0,0,0,0,0,,,,,
3/21/2024,LOC,132,989.001040499594,0,0,0,1,0,0,0,1,0,0,,,,,
3/21/2024,RBC,287,989.001040499595,0,0,0,1,0,0,0,0,0,0,,,,,
3/19/2024,SCN,97,989.001040499596,0,0,1,0,0,0,0,0,0,0,,,,,
3/19/2024,RBT,86,989.001040499597,0,0,1,0,0,0,0,0,0,0,,,,,
3/19/2024,SCN,95,989.001040499598,0,0,1,0,0,0,0,0,0,0,,,,,
3/21/2024,SCN,94,989.001040499599,0,0,0,1,0,0,0,0,0,0,,,,,
3/21/2024,SCN,107,989.001040499600,0,0,0,1,0,0,0,0,0,0,,,,,
3/19/2024,RBT,220,989.001040499601,0,0,1,0,0,0,0,0,0,0,,,,,
3/21/2024,LOC,125,989.001040499602,0,0,0,1,0,0,0,0,0,0,,,,,
3/21/2024,LOC,197,989.001040499603,0,0,0,1,0,0,0,0,0,0,,,,,
3/21/2024,LOC,160,989.001040499604,0,0,0,1,0,0,0,0,0,0,,,,,
3/21/2024,SCN,120,989.001040499605,0,0,0,1,0,0,0,0,0,0,,,,,
3/21/2024,SCN,94,989.001040499606,0,0,0,1,0,0,0,0,0,0,,,,,
3/19/2024,SCN,98,989.001040499607,0,0,1,0,0,0,0,0,0,0,,,,,
3/21/2024,SCN,103,989.001040499608,0,0,0,1,0,0,0,0,0,0,,,,,
3/21/2024,SCN,92,989.001040499609,0,0,0,1,0,0,0,0,0,0,,,,,
3/21/2024,LOS,137,989.001040499610,0,0,0,1,0,0,0,0,0,0,,,,,
3/21/2024,LOC,202,989.001040499612,0,0,0,1,0,0,0,0,0,0,,,,,
3/19/2024,RBC,284,989.001040499613,0,0,1,0,0,0,0,0,0,0,,,,,
3/19/2024,LOC,149,989.001040499614,0,0,1,0,0,0,0,0,0,0,,,,,
3/19/2024,SCN,90,989.001040499615,0,0,1,0,0,0,0,0,0,0,,,,,
3/19/2024,LOC,109,989.001040499616,0,0,1,1,0,0,0,0,0,0,,,,,
3/19/2024,RBC,291,989.001040499617,0,0,1,1,0,0,0,0,0,0,,,,,
3/19/2024,LOC,166,989.001040499618,0,0,1,0,0,0,0,0,0,0,,,,,
3/19/2024,LOC,368,989.001040499619,0,0,1,1,0,0,1,0,0,0,,,,,
3/19/2024,SCN,84,989.001040499620,0,0,1,0,0,0,0,0,0,0,,,,,
4/11/2024,RBC,279,989.001040499925,0,0,0,0,0,0,0,0,0,0,,,,,
4/11/2024,RBC,292,989.001040499926,0,0,0,0,0,1,0,0,0,0,,,,,
4/11/2024,RBC,258,989.001040499928,0,0,0,0,0,0,0,1,0,0,,,,,
4/11/2024,RBC,257,989.001040499929,0,0,0,0,0,0,0,0,0,0,,,,,
4/11/2024,RBC,246,989.00104049993,0,0,0,0,0,0,0,0,0,0,,,,,
4/11/2024,RBC,293,989.001040499932,0,0,0,0,0,0,0,0,0,0,,,,,
4/11/2024,RBC,267,989.001040499937,0,0,0,0,1,0,0,0,0,0,,,,,
4/11/2024,RBC,281,989.001040499938,0,0,0,0,0,0,0,0,0,0,,,,,
4/11/2024,RBC,286,989.00104049994,0,0,0,0,0,0,0,0,0,0,,,,,
11/4/2024,RBC,296,989.001040499941,0,0,0,0,0,0,1,0,0,0,,,,,
11/4/2024,RBC,315,989.001040499942,0,0,0,0,0,0,1,1,0,0,,,,,
4/11/2024,RBC,222,989.001040499943,0,0,0,0,0,0,0,0,0,0,,,,,
4/11/2024,RBC,292,989.001040499944,0,0,0,0,0,0,0,0,0,0,,,,,
4/11/2024,RBC,264,989.001040499945,0,0,0,0,0,0,0,0,0,0,,,,,
4/11/2024,RBC,282,989.001040499948,0,0,0,0,1,0,0,0,0,0,,,,,
4/11/2024,RBC,331,989.001040499949,0,0,0,0,0,0,0,0,0,1,,,,,
4/11/2024,RBC,283,989.00104049995,0,0,0,0,0,0,0,0,0,0,,,,,
4/11/2024,RBC,283,989.001040499950,0,0,0,0,1,0,1,1,0,0,,,,,
4/11/2024,RBC,271,989.001040499951,0,0,0,0,0,0,0,0,0,0,,,,,
4/11/2024,RBC,223,989.001040499953,0,0,0,0,0,0,0,0,0,0,,,,,
4/11/2024,RBC,268,989.001040499954,0,0,0,0,0,0,0,0,0,0,,,,,
4/11/2024,RBC,317,989.001040499955,0,0,0,0,0,0,0,0,1,1,,,,,
4/11/2024,RBC,280,989.001040499958,0,0,0,0,0,1,0,0,0,0,,,,,
4/11/2024,RBC,267,989.001040499959,0,0,0,0,0,0,0,0,0,0,,,,,
4/11/2024,RBC,220,989.001040499961,0,0,0,0,0,0,0,0,0,0,,,,,
3/18/2025,RBC,268,989.001040499963,0,0,0,0,0,0,1,1,0,0,,,,,
4/11/2024,RBC,276,989.001040499966,0,0,0,0,0,1,0,0,0,0,,,,,
4/11/2024,RBC,257,989.001040499968,0,0,0,0,0,0,0,0,0,0,,,,,
4/11/2024,RBC,246,989.001040499969,0,0,0,0,0,0,0,0,0,0,,,,,
4/11/2024,RBC,284,989.001040499971,0,0,0,0,0,0,0,0,0,0,,,,,
4/11/2024,RBC,263,989.001040499972,0,0,0,0,0,0,0,0,0,0,,,,,
4/11/2024,RBC,279,989.001040499977,0,0,0,0,0,0,0,0,0,0,,,,,
4/11/2024,RBC,284,989.001040499978,0,0,0,0,0,1,0,0,0,0,,,,,
4/11/2024,RBC,252,989.001040499979,0,0,0,0,0,0,0,0,0,0,,,,,
4/11/2024,RBC,282,989.001040499981,0,0,0,0,0,1,0,0,0,0,,,,,
4/11/2024,RBC,250,989.001040499982,0,0,0,0,0,0,0,0,0,0,,,,,
4/11/2024,RBC,291,989.001040499984,0,0,0,0,1,0,0,0,0,0,,,,,
4/11/2024,RBC,317,989.001040499985,0,0,0,0,0,0,0,0,0,0,,,,,
4/11/2024,RBC,240,989.001040499986,0,0,0,0,0,0,0,1,0,0,,,,,
11/4/2024,RBC,300,989.001040499987,0,0,0,0,1,0,1,1,0,0,,,,,
4/11/2024,RBC,252,989.001040499988,0,0,0,0,0,0,0,0,0,0,,,,,
4/11/2024,RBC,257,989.001040499989,0,0,0,0,0,0,0,0,0,0,,,,,
11/4/2024,RBC,311,989.001040499990,0,0,0,0,1,1,0,0,0,0,,,,,
4/11/2024,RBC,286,989.001040499991,0,0,0,0,0,0,0,0,0,0,,,,,
4/11/2024,RBC,273,989.001040499992,0,0,0,0,1,1,0,0,0,0,,,,,
3/18/2025,RBC,273,989.001040499993,0,0,0,0,0,0,1,1,0,0,,,,,
4/11/2024,RBC,283,989.001040499994,0,0,0,0,0,0,0,0,0,0,,,,,
4/11/2024,RBC,234,989.001040499996,0,0,0,0,0,0,0,0,0,0,,,,,
4/11/2024,RBC,292,989.001040499997,0,0,0,0,0,0,0,0,0,0,,,,,
4/11/2024,RBC,320,989.001040499998,0,0,0,0,0,0,0,0,0,0,,,,,
4/11/2024,RBC,222,989.001040500000,0,0,0,0,0,0,0,0,0,0,,,,,
4/11/2024,RBC,268,989.001040500001,0,0,0,0,1,0,0,0,0,0,,,,,
11/5/2024,RBC,295,989.001040500002,0,0,0,0,0,1,0,0,0,0,,,,,
4/11/2024,RBC,296,989.001040500006,0,0,0,0,1,1,0,0,0,0,,,,,
4/11/2024,RBC,256,989.001040500007,0,0,0,0,0,0,0,0,0,0,,,,,
4/11/2024,RBC,288,989.001040500009,0,0,0,0,0,0,0,0,0,0,,,,,
4/11/2024,RBC,306,989.001040500011,0,0,0,0,1,1,0,0,0,0,,,,,
4/11/2024,RBC,233,989.001040500017,0,0,0,0,0,1,0,0,0,0,,,,,
4/11/2024,RBC,283,989.001040500018,0,0,0,0,0,0,0,0,0,0,,,,,
11/3/2025,RBT,146,989.001040500022,0,0,0,0,0,0,0,0,1,0,,,,,
11/3/2025,LOC,227,989.001040500023,0,0,0,0,0,0,0,0,1,1,,,,,
11/3/2025,LOC,166,989.001040500024,0,0,0,0,0,0,0,0,1,0,,,,,
11/3/2025,LOC,152,989.001040500025,0,0,0,0,0,0,0,0,1,0,,,,,
11/3/2025,LOC,267,989.001040500026,0,0,0,0,0,0,0,0,1,0,,,,,
11/3/2025,SCN,139,989.001040500027,0,0,0,0,0,0,0,0,1,0,,,,,
11/3/2025,RBT,264,989.001040500028,0,0,0,0,0,0,0,0,1,0,,,,,
11/3/2025,LOC,420,989.001040500029,0,0,0,0,0,0,0,0,1,0,,,,,
11/3/2025,SCN,95,989.001040500030,0,0,0,0,0,0,0,0,1,0,,,,,
11/3/2025,LOC,176,989.001040500031,0,0,0,0,0,0,0,0,1,0,,,,,
11/3/2025,RBT,126,989.001040500032,0,0,0,0,0,0,0,0,1,0,,,,,
11/3/2025,RBC,330,989.001040500033,0,0,0,0,0,0,0,0,1,0,,,,,
11/3/2025,RBT,400,989.001040500034,0,0,0,0,0,0,0,0,1,0,,,,,
11/3/2025,LOC,218,989.001040500035,0,0,0,0,0,0,0,0,1,1,,,,,
11/3/2025,SCN,122,989.001040500036,0,0,0,0,0,0,0,0,1,0,,,,,
11/3/2025,LOC,159,989.001040500038,0,0,0,0,0,0,0,0,1,0,,,,,
11/3/2025,LOC,375,989.001040500039,0,0,0,0,0,0,0,0,1,1,,,,,
11/3/2025,LOC,165,989.001040500040,0,0,0,0,0,0,0,0,1,0,,,,,
11/3/2025,RBT,115,989.001040500041,0,0,0,0,0,0,0,0,1,0,,,,,
11/3/2025,RBT,157,989.001040500042,0,0,0,0,0,0,0,0,1,0,,,,,
11/3/2025,RBC,305,989.001040500043,0,0,0,0,0,0,0,0,1,0,,,,,
11/3/2025,RBT,196,989.001040500044,0,0,0,0,0,0,0,0,1,0,,,,,
11/3/2025,SCN,105,989.001040500045,0,0,0,0,0,0,0,0,1,0,,,,,
11/3/2025,LOC,168,989.001040500046,0,0,0,0,0,0,0,0,1,0,,,,,
11/3/2025,SCN,94,989.001040500047,0,0,0,0,0,0,0,0,1,0,,,,,
11/3/2025,RBC,332,989.001040500048,0,0,0,0,0,0,0,0,1,1,,,,,
11/3/2025,LOC,155,989.001040500050,0,0,0,0,0,0,0,0,1,1,,,,,
11/3/2025,LOC,191,989.001040500051,0,0,0,0,0,0,0,0,1,0,,,,,
11/6/2025,RBT,317,989.001040500052,0,0,0,0,0,0,0,0,0,1,,,,,
11/3/2025,RBT,128,989.001040500053,0,0,0,0,0,0,0,0,1,0,,,,,
11/3/2025,LOC,169,989.001040500054,0,0,0,0,0,0,0,0,1,1,,,,,
11/3/2025,CRN,301,989.001040500055,0,0,0,0,0,0,0,0,1,0,,,,,
11/3/2025,LOC,395,989.001040500056,0,0,0,0,0,0,0,0,1,0,,,,,
11/3/2025,LOC,441,989.001040500057,0,0,0,0,0,0,0,0,1,0,,,,,
11/6/2025,LOC,357,989.001040500058,0,0,0,0,0,0,0,0,0,1,,,,,
11/3/2025,LOC,202,989.001040500059,0,0,0,0,0,0,0,0,1,0,,,,,
11/6/2025,LOC,468,989.001040500060,0,0,0,0,0,0,0,0,0,1,,,,,
11/3/2025,LOC,200,989.001040500061,0,0,0,0,0,0,0,0,1,0,,,,,
11/3/2025,LOC,445,989.001040500062,0,0,0,0,0,0,0,0,1,1,,,,,
11/3/2025,LOC,423,989.001040500063,0,0,0,0,0,0,0,0,1,0,,,,,
11/3/2025,LOC,194,989.001040500064,0,0,0,0,0,0,0,0,1,0,,,,,
11/3/2025,LOC,124,989.001040500065,0,0,0,0,0,0,0,0,1,0,,,,,
11/3/2025,SCN,140,989.001040500066,0,0,0,0,0,0,0,0,1,0,,,,,
11/3/2025,MST,115,989.001040500067,0,0,0,0,0,0,0,0,1,0,,,,,
11/3/2025,RBT,291,989.001040500069,0,0,0,0,0,0,0,0,1,0,,,,,
11/3/2025,LOC,275,989.001040500070,0,0,0,0,0,0,0,0,1,0,,,,,
11/3/2025,LOC,265,989.001040500071,0,0,0,0,0,0,0,0,1,0,,,,,
11/3/2025,LOC,231,989.001040500072,0,0,0,0,0,0,0,0,1,1,,,,,
11/3/2025,SCN,107,989.001040500073,0,0,0,0,0,0,0,0,1,0,,,,,
11/3/2025,RBT,162,989.001040500074,0,0,0,0,0,0,0,0,1,0,,,,,
11/3/2025,SCN,100,989.001040500075,0,0,0,0,0,0,0,0,1,0,,,,,
11/3/2025,RBT,220,989.001040500076,0,0,0,0,0,0,0,0,1,0,,,,,
11/3/2025,RBT,320,989.001040500077,0,0,0,0,0,0,0,0,1,1,,,,,
11/3/2025,SCN,125,989.001040500078,0,0,0,0,0,0,0,0,1,0,,,,,
11/3/2025,LOC,223,989.001040500080,0,0,0,0,0,0,0,0,1,0,,,,,
11/3/2025,LOC,351,989.001040500081,0,0,0,0,0,0,0,0,1,0,,,,,
11/3/2025,RBT,226,989.001040500082,0,0,0,0,0,0,0,0,1,1,,,,,
11/3/2025,LOC,142,989.001040500083,0,0,0,0,0,0,0,0,1,1,,,,,
11/3/2025,SCN,136,989.001040500084,0,0,0,0,0,0,0,0,1,0,,,,,
11/3/2025,LOC,161,989.001040500085,0,0,0,0,0,0,0,0,1,0,,,,,
11/3/2025,RBC,336,989.001040500086,0,0,0,0,0,0,0,0,1,0,,,,,
11/6/2025,LOC,435,989.001040500087,0,0,0,0,0,0,0,0,0,1,,,,,
11/3/2025,LOC,356,989.001040500088,0,0,0,0,0,0,0,0,1,1,,,,,
11/3/2025,LOC,178,989.001040500090,0,0,0,0,0,0,0,0,1,0,,,,,
11/3/2025,LOC,247,989.001040500091,0,0,0,0,0,0,0,0,1,0,,,,,
11/3/2025,LOC,225,989.001040500092,0,0,0,0,0,0,0,0,1,1,,,,,
11/6/2025,LOC,139,989.001040500093,0,0,0,0,0,0,0,0,0,1,,,,,
11/3/2025,SCN,117,989.001040500094,0,0,0,0,0,0,0,0,1,0,,,,,
11/3/2025,LOC,285,989.001040500095,0,0,0,0,0,0,0,0,1,1,,,,,
11/3/2025,SCN,87,989.001040500096,0,0,0,0,0,0,0,0,1,0,,,,,
11/3/2025,LOC,146,989.001040500097,0,0,0,0,0,0,0,0,1,0,,,,,
11/3/2025,LOC,219,989.001040500098,0,0,0,0,0,0,0,0,1,0,,,,,
11/3/2025,LOC,152,989.001040500099,0,0,0,0,0,0,0,0,1,0,,,,,
11/3/2025,LOC,150,989.001040500100,0,0,0,0,0,0,0,0,1,0,,,,,
11/3/2025,LOC,191,989.001040500101,0,0,0,0,0,0,0,0,1,0,,,,,
11/3/2025,RTC,330,989.001040500102,0,0,0,0,0,0,0,0,1,0,,,,,
11/3/2025,LOC,441,989.001040500103,0,0,0,0,0,0,0,0,1,0,,,,,
11/3/2025,SCN,121,989.001040500104,0,0,0,0,0,0,0,0,1,0,,,,,
11/3/2025,RBC,296,989.001040500105,0,0,0,0,0,0,0,0,1,0,,,,,
11/3/2025,LOC,314,989.001040500106,0,0,0,0,0,0,0,0,1,0,,,,,
11/3/2025,RBT,225,989.001040500107,0,0,0,0,0,0,0,0,1,0,,,,,
11/3/2025,LOC,362,989.001040500108,0,0,0,0,0,0,0,0,1,0,,,,,
11/3/2025,LOC,168,989.001040500109,0,0,0,0,0,0,0,0,1,0,,,,,
11/3/2025,SCN,89,989.001040500110,0,0,0,0,0,0,0,0,1,0,,,,,
11/3/2025,SCN,97,989.001040500111,0,0,0,0,0,0,0,0,1,0,,,,,
11/3/2025,LOC,110,989.001040500112,0,0,0,0,0,0,0,0,1,0,,,,,
11/3/2025,LOC,231,989.001040500113,0,0,0,0,0,0,0,0,1,1,,,,,
11/3/2025,LOC,162,989.001040500114,0,0,0,0,0,0,0,0,1,0,,,,,
11/3/2025,SCN,100,989.001040500115,0,0,0,0,0,0,0,0,1,0,,,,,
11/3/2025,LOC,206,989.001040500116,0,0,0,0,0,0,0,0,1,0,,,,,
11/3/2025,LOC,215,989.001040500117,0,0,0,0,0,0,0,0,1,0,,,,,
11/3/2025,SCN,93,989.001040500118,0,0,0,0,0,0,0,0,1,0,,,,,
11/3/2025,RBT,198,989.001040500119,0,0,0,0,0,0,0,0,1,0,,,,,
11/3/2025,LOC,401,989.001040500120,0,0,0,0,0,0,0,0,1,0,,,,,
11/3/2025,LOC,190,989.001040500121,0,0,0,0,0,0,0,0,1,0,,,,,
4/11/2024,RBC,297,989.001040500922,0,0,0,0,0,0,0,0,0,0,,,,,
4/11/2024,RBC,251,989.001040500924,0,0,0,0,0,0,0,0,0,0,,,,,
4/11/2024,RBC,283,989.001040500925,0,0,0,0,0,0,0,0,0,0,,,,,
11/5/2024,RBC,260,989.001040500926,0,0,0,0,0,1,0,0,0,0,,,,,
4/11/2024,RBC,387,989.001040500927,0,0,0,0,0,0,0,0,0,0,,,,,
4/11/2024,RBC,272,989.001040500929,0,0,0,0,0,0,0,0,0,0,,,,,
4/11/2024,RBC,253,989.00104050093,0,0,0,0,0,0,0,0,0,0,,,,,
4/11/2024,RBC,268,989.001040500932,0,0,0,0,1,0,0,0,0,0,,,,,
4/11/2024,RBC,262,989.001040500933,0,0,0,0,0,1,0,0,0,0,,,,,
4/11/2024,RBC,298,989.001040500937,0,0,0,0,0,0,0,0,0,0,,,,,
4/11/2024,RBC,251,989.001040500938,0,0,0,0,0,0,0,0,0,0,,,,,
4/11/2024,RBC,276,989.001040500939,0,0,0,0,0,0,0,0,0,0,,,,,
4/11/2024,RBC,263,989.00104050094,0,0,0,0,0,0,0,0,0,0,,,,,
4/11/2024,RBC,254,989.001040500941,0,0,0,0,0,0,0,0,0,0,,,,,
4/11/2024,RBC,272,989.001040500944,0,0,0,0,0,0,0,0,0,0,,,,,
4/11/2024,RBC,305,989.001040500947,0,0,0,0,0,0,0,0,0,0,,,,,
4/11/2024,RBC,272,989.001040500949,0,0,0,0,0,0,0,0,0,0,,,,,
11/4/2024,RBC,332,989.001040500950,0,0,0,0,1,0,0,0,0,0,,,,,
4/11/2024,RBC,241,989.001040500951,0,0,0,0,0,0,0,0,0,0,,,,,
4/11/2024,RBC,242,989.001040500954,0,0,0,0,0,0,0,0,0,0,,,,,
11/4/2024,RBC,284,989.001040500955,0,0,0,0,1,0,0,0,0,0,,,,,
4/11/2024,RBC,282,989.001040500956,0,0,0,0,0,0,0,0,0,0,,,,,
4/11/2024,RBC,242,989.001040500958,0,0,0,0,0,0,0,0,0,0,,,,,
4/11/2024,RBC,276,989.00104050096,0,0,0,0,0,0,0,0,0,0,,,,,
4/11/2024,RBC,240,989.001040500961,0,0,0,0,0,0,0,0,0,0,,,,,
4/11/2024,RBC,284,989.001040500963,0,0,0,0,0,0,0,0,0,0,,,,,
4/11/2024,RBC,286,989.001040500965,0,0,0,0,0,1,0,0,0,0,,,,,
4/11/2024,RBC,316,989.001040500966,0,0,0,0,0,1,1,0,0,0,,,,,
4/11/2024,RBC,277,989.001040500968,0,0,0,0,0,0,0,0,0,0,,,,,
3/18/2025,RBC,290,989.001040500970,0,0,0,0,0,0,1,1,0,0,,,,,
4/11/2024,RBC,241,989.001040500971,0,0,0,0,0,0,0,0,0,0,,,,,
4/11/2024,RBC,253,989.001040500972,0,0,0,0,1,0,0,0,0,0,,,,,
4/11/2024,RBC,252,989.001040500976,0,0,0,0,0,0,0,0,0,0,,,,,
4/11/2024,RBC,294,989.001040500978,0,0,0,0,0,0,0,0,0,0,,,,,
4/11/2024,RBC,286,989.001040500981,0,0,0,0,0,0,0,0,0,0,,,,,
4/11/2024,RBC,218,989.001040500982,0,0,0,0,0,0,0,0,0,0,,,,,
4/11/2024,RBC,199,989.001040500984,0,0,0,0,0,0,0,0,0,0,,,,,
4/11/2024,RBC,304,989.001040500988,0,0,0,0,0,0,0,0,0,0,,,,,
4/11/2024,RBC,282,989.001040500989,0,0,0,0,0,0,0,0,0,0,,,,,
4/11/2024,RBC,264,989.00104050099,0,0,0,0,0,0,0,0,0,0,,,,,
4/11/2024,RBC,276,989.001040500991,0,0,0,0,0,0,0,0,0,0,,,,,
11/4/2024,RBC,280,989.001040500993,0,0,0,0,1,0,0,0,0,0,,,,,
4/11/2024,RBC,281,989.001040500995,0,0,0,0,0,0,1,0,0,0,,,,,
4/11/2024,RBC,292,989.001040500996,0,0,0,0,0,0,0,0,0,0,,,,,
4/11/2024,RBC,252,989.001040500998,0,0,0,0,0,0,0,0,0,0,,,,,
4/11/2024,RBC,300,989.001040501000,0,0,0,0,0,0,0,0,0,0,,,,,
11/4/2024,RBT,301,989.001040501002,0,0,0,0,1,0,0,0,0,0,,,,,
4/11/2024,RBC,272,989.001040501004,0,0,0,0,0,0,0,0,0,0,,,,,
4/11/2024,RBC,268,989.001040501007,0,0,0,0,0,0,0,0,0,0,,,,,
4/11/2024,RBC,318,989.001040501008,0,0,0,0,0,0,0,0,0,0,,,,,
4/11/2024,RBC,250,989.001040501010,0,0,0,0,1,1,0,0,0,0,,,,,
4/11/2024,RBC,260,989.001040501012,0,0,0,0,0,0,0,0,0,0,,,,,
4/11/2024,RBC,262,989.001040501016,0,0,0,0,0,0,0,0,0,0,,,,,
11/4/2024,RBC,304,989.001040501017,0,0,0,0,1,0,0,0,0,0,,,,,
4/11/2024,RBC,238,989.001040501019,0,0,0,0,0,0,0,0,0,0,,,,,
4/11/2024,RBC,262,989.00104050102,0,0,0,0,0,0,0,0,0,0,,,,,
4/11/2024,RBC,295,989.001040501021,0,0,0,0,0,0,0,0,0,0,,,,,
4/11/2024,RBC,254,989.001040501422,0,0,0,0,0,0,0,0,0,0,,,,,
4/11/2024,RBC,280,989.001040501423,0,0,0,0,0,0,0,0,0,0,,,,,
4/11/2024,RBC,292,989.001040501424,0,0,0,0,0,0,0,0,0,0,,,,,
4/11/2024,RBC,296,989.001040501425,0,0,0,0,0,1,1,1,0,0,,,,,
4/11/2024,RBC,246,989.001040501426,0,0,0,0,0,0,0,0,0,0,,,,,
4/11/2024,RBC,259,989.001040501427,0,0,0,0,0,0,0,0,0,0,,,,,
4/11/2024,RBC,255,989.001040501428,0,0,0,0,0,0,0,0,0,0,,,,,
4/11/2024,RBC,260,989.001040501429,0,0,0,0,0,0,0,0,0,0,,,,,
4/11/2024,RBC,246,989.00104050143,0,0,0,0,0,0,0,0,0,0,,,,,
11/4/2024,RBC,289,989.001040501430,0,0,0,0,1,0,0,0,0,0,,,,,
4/11/2024,RBC,287,989.001040501431,0,0,0,0,0,0,0,0,0,0,,,,,
4/11/2024,RBC,215,989.001040501432,0,0,0,0,0,0,0,0,0,0,,,,,
4/11/2024,RBC,250,989.001040501433,0,0,0,0,0,0,0,0,0,0,,,,,
4/11/2024,RBC,218,989.001040501434,0,0,0,0,0,0,0,0,0,0,,,,,
4/11/2024,RBC,239,989.001040501435,0,0,0,0,0,0,1,0,0,0,,,,,
4/11/2024,RBC,298,989.001040501436,0,0,0,0,0,0,0,0,0,0,,,,,
4/11/2024,RBC,250,989.001040501437,0,0,0,0,0,0,0,0,0,0,,,,,
4/11/2024,RBC,299,989.001040501438,0,0,0,0,0,0,0,0,0,0,,,,,
4/11/2024,RBC,265,989.001040501439,0,0,0,0,0,0,0,0,0,0,,,,,
4/11/2024,RBC,242,989.00104050144,0,0,0,0,0,0,0,0,0,0,,,,,
4/11/2024,RBC,261,989.001040501441,0,0,0,0,0,0,0,0,0,0,,,,,
4/11/2024,RBC,266,989.001040501442,0,0,0,0,0,0,0,0,0,0,,,,,
4/11/2024,RBC,301,989.001040501443,0,0,0,0,0,0,0,0,0,0,,,,,
4/11/2024,RBC,257,989.001040501444,0,0,0,0,0,0,0,0,0,0,,,,,
4/11/2024,RBC,302,989.001040501445,0,0,0,0,0,0,0,0,0,0,,,,,
4/11/2024,RBC,249,989.001040501446,0,0,0,0,1,0,0,0,0,0,,,,,
4/11/2024,RBC,254,989.001040501447,0,0,0,0,0,0,0,0,0,0,,,,,
4/11/2024,RBC,265,989.001040501448,0,0,0,0,0,0,0,0,0,0,,,,,
4/11/2024,RBC,264,989.001040501449,0,0,0,0,1,0,0,0,0,0,,,,,
4/11/2024,RBC,218,989.00104050145,0,0,0,0,0,0,0,0,0,0,,,,,
4/11/2024,RBC,282,989.001040501451,0,0,0,0,0,0,1,1,0,0,,,,,
4/11/2024,RBC,229,989.001040501452,0,0,0,0,0,0,0,0,0,0,,,,,
4/11/2024,RBC,304,989.001040501453,0,0,0,0,1,0,0,0,0,0,,,,,
4/11/2024,RBC,255,989.001040501454,0,0,0,0,1,0,0,0,0,0,,,,,
4/11/2024,RBC,273,989.001040501455,0,0,0,0,0,0,0,0,0,0,,,,,
4/11/2024,RBC,281,989.001040501456,0,0,0,0,0,0,1,0,0,0,,,,,
4/11/2024,RBC,207,989.001040501457,0,0,0,0,0,0,0,0,0,0,,,,,
4/11/2024,RBC,241,989.001040501458,0,0,0,0,0,0,0,0,0,0,,,,,
4/11/2024,RBC,268,989.001040501459,0,0,0,0,0,0,0,0,0,0,,,,,
4/11/2024,RBC,262,989.001040501460,0,0,0,0,0,0,1,1,0,0,,,,,
4/11/2024,RBC,246,989.001040501461,0,0,0,0,1,0,1,1,0,0,,,,,
4/11/2024,RBC,245,989.001040501462,0,0,0,0,0,0,0,0,0,0,,,,,
4/11/2024,RBC,279,989.001040501463,0,0,0,0,0,0,0,0,0,0,,,,,
4/11/2024,RBC,221,989.001040501464,0,0,0,0,0,0,0,0,0,0,,,,,
4/11/2024,RBC,226,989.001040501465,0,0,0,0,0,0,0,0,0,0,,,,,
4/11/2024,RBC,250,989.001040501466,0,0,0,0,0,0,0,0,0,0,,,,,
4/11/2024,RBC,262,989.001040501467,0,0,0,0,0,0,0,0,0,0,,,,,
4/11/2024,RBC,254,989.001040501468,0,0,0,0,0,0,0,0,0,0,,,,,
4/11/2024,RBC,268,989.001040501469,0,0,0,0,0,0,0,0,0,0,,,,,
4/11/2024,RBC,275,989.00104050147,0,0,0,0,0,0,0,0,0,0,,,,,
11/4/2024,RBC,309,989.001040501470,0,0,0,0,0,0,0,0,0,0,,,,,
4/11/2024,RBC,263,989.001040501471,0,0,0,0,0,0,0,0,0,0,,,,,
4/11/2024,RBC,295,989.001040501472,0,0,0,0,0,0,0,0,0,0,,,,,
4/11/2024,RBC,285,989.001040501473,0,0,0,0,0,0,0,0,0,0,,,,,
4/11/2024,RBC,241,989.001040501474,0,0,0,0,0,0,0,0,0,0,,,,,
4/11/2024,RBC,288,989.001040501475,0,0,0,0,0,0,0,0,0,0,,,,,
4/11/2024,RBC,240,989.001040501476,0,0,0,0,0,0,0,0,0,0,,,,,
4/11/2024,RBC,276,989.001040501477,0,0,0,0,1,0,1,0,0,0,,,,,
4/11/2024,RBC,261,989.001040501478,0,0,0,0,0,0,0,0,0,0,,,,,
4/11/2024,RBC,256,989.001040501479,0,0,0,0,0,0,0,0,0,0,,,,,
4/11/2024,RBC,262,989.00104050148,0,0,0,0,0,0,0,0,0,0,,,,,
4/11/2024,RBC,288,989.001040501481,0,0,0,0,0,0,0,0,0,0,,,,,
4/11/2024,RBC,230,989.001040501482,0,0,0,0,0,0,0,0,0,0,,,,,
4/11/2024,RBC,275,989.001040501483,0,0,0,0,0,0,0,0,0,0,,,,,
4/11/2024,RBC,261,989.001040501484,0,0,0,0,0,0,0,0,0,0,,,,,
4/11/2024,RBC,260,989.001040501485,0,0,0,0,0,0,0,0,0,0,,,,,
4/11/2024,RBC,265,989.001040501486,0,0,0,0,0,0,0,0,0,0,,,,,
4/11/2024,RBC,279,989.001040501487,0,0,0,0,1,1,0,0,0,0,,,,,
4/11/2024,RBC,233,989.001040501488,0,0,0,0,0,0,0,0,0,0,,,,,
4/11/2024,RBC,231,989.001040501489,0,0,0,0,0,0,0,0,0,0,,,,,
4/11/2024,RBC,256,989.00104050149,0,0,0,0,0,0,0,0,0,0,,,,,
4/11/2024,RBC,241,989.001040501491,0,0,0,0,1,0,0,0,0,0,,,,,
4/11/2024,RBC,291,989.001040501492,0,0,0,0,1,0,0,0,0,0,,,,,
4/11/2024,RBC,254,989.001040501493,0,0,0,0,0,0,0,0,0,0,,,,,
4/11/2024,RBC,275,989.001040501494,0,0,0,0,0,0,0,0,0,0,,,,,
4/11/2024,RBC,276,989.001040501495,0,0,0,0,0,0,0,0,0,0,,,,,
4/11/2024,RBC,273,989.001040501496,0,0,0,0,0,0,0,0,0,0,,,,,
4/11/2024,RBC,262,989.001040501497,0,0,0,0,0,0,0,0,0,0,,,,,
4/11/2024,RBC,298,989.001040501498,0,0,0,0,0,0,0,0,0,0,,,,,
4/11/2024,RBC,267,989.001040501499,0,0,0,0,0,0,0,0,0,0,,,,,
4/11/2024,RBC,265,989.0010405015,0,0,0,0,0,0,0,0,0,0,,,,,
11/4/2024,RBC,300,989.001040501500,0,0,0,0,1,0,0,0,0,0,,,,,
4/11/2024,RBC,230,989.001040501501,0,0,0,0,0,0,0,0,0,0,,,,,
4/11/2024,RBC,255,989.001040501502,0,0,0,0,1,0,0,0,0,0,,,,,
4/11/2024,RBC,291,989.001040501503,0,0,0,0,1,0,0,0,0,0,,,,,
4/11/2024,RBC,285,989.001040501504,0,0,0,0,0,1,0,0,0,0,,,,,
4/11/2024,RBC,277,989.001040501505,0,0,0,0,1,0,0,0,0,0,,,,,
4/11/2024,RBC,253,989.001040501506,0,0,0,0,0,0,0,0,0,0,,,,,
4/11/2024,RBC,240,989.001040501507,0,0,0,0,0,0,0,0,0,0,,,,,
4/11/2024,RBC,290,989.001040501508,0,0,0,0,0,0,0,0,0,0,,,,,
4/11/2024,RBC,271,989.001040501509,0,0,0,0,0,0,0,0,0,0,,,,,
4/11/2024,RBC,256,989.00104050151,0,0,0,0,0,0,0,0,0,0,,,,,
11/4/2024,RBC,303,989.001040501510,0,0,0,0,1,0,0,0,0,0,,,,,
4/11/2024,RBC,235,989.001040501511,0,0,0,0,0,0,0,0,0,0,,,,,
4/11/2024,RBC,260,989.001040501512,0,0,0,0,0,0,0,0,0,0,,,,,
4/11/2024,RBC,246,989.001040501513,0,0,0,0,0,0,0,0,0,0,,,,,
4/11/2024,RBC,268,989.001040501514,0,0,0,0,0,0,0,0,0,0,,,,,
4/11/2024,RBC,245,989.001040501515,0,0,0,0,0,0,0,0,0,0,,,,,
4/11/2024,RBC,265,989.001040501516,0,0,0,0,0,0,0,0,0,0,,,,,
4/11/2024,RBC,318,989.001040501517,0,0,0,0,0,0,0,0,0,0,,,,,
4/11/2024,RBC,250,989.001040501518,0,0,0,0,0,0,0,0,0,0,,,,,
4/11/2024,RBC,245,989.001040501519,0,0,0,0,0,0,0,0,0,0,,,,,
4/11/2024,RBC,251,989.00104050152,0,0,0,0,0,0,0,0,0,0,,,,,
4/11/2024,RBC,265,989.001040501521,0,0,0,0,0,0,0,0,0,0,,,,,
4/11/2024,RBC,290,989.001040501522,0,0,0,0,0,0,0,0,0,0,,,,,
4/11/2024,RBC,289,989.001040501523,0,0,0,0,0,0,1,0,0,0,,,,,
4/11/2024,RBC,283,989.001040501527,0,0,0,0,0,0,0,0,0,0,,,,,
11/4/2024,RBC,308,989.001040501528,0,0,0,0,0,1,0,0,0,0,,,,,
4/11/2024,RBC,251,989.00104050153,0,0,0,0,0,0,0,0,0,0,,,,,
4/11/2024,RBC,224,989.001040501531,0,0,0,0,0,0,0,0,0,0,,,,,
4/11/2024,RBC,247,989.001040501533,0,0,0,0,0,0,0,0,0,0,,,,,
4/11/2024,RBC,257,989.001040501534,0,0,0,0,0,0,0,0,0,0,,,,,
4/11/2024,RBC,254,989.001040501535,0,0,0,0,0,0,0,0,0,0,,,,,
4/11/2024,RBC,237,989.001040501536,0,0,0,0,0,0,0,0,0,0,,,,,
4/11/2024,RBC,295,989.001040501537,0,0,0,0,0,0,0,0,0,0,,,,,
11/5/2024,RBC,281,989.001040501538,0,0,0,0,0,1,0,0,0,0,,,,,
4/11/2024,RBC,241,989.001040501540,0,0,0,0,0,1,0,0,0,0,,,,,
4/11/2024,RBC,298,989.001040501542,0,0,0,0,0,0,0,0,0,0,,,,,
4/11/2024,RBC,226,989.001040501543,0,0,0,0,1,1,0,0,0,0,,,,,
4/11/2024,RBC,279,989.001040501544,0,0,0,0,0,0,0,0,1,1,,,,,
4/11/2024,RBC,278,989.001040501545,0,0,0,0,0,0,1,0,0,0,,,,,
4/11/2024,RBC,257,989.001040501546,0,0,0,0,0,0,0,0,0,0,,,,,
4/11/2024,RBC,282,989.001040501548,0,0,0,0,0,0,0,0,0,0,,,,,
4/11/2024,RBC,287,989.001040501549,0,0,0,0,0,0,0,0,0,0,,,,,
3/18/2025,RBC,316,989.001040501550,0,0,0,0,0,0,1,0,0,0,,,,,
4/11/2024,RBC,267,989.001040501551,0,0,0,0,0,0,0,0,0,0,,,,,
4/11/2024,RBC,272,989.001040501552,0,0,0,0,0,0,0,0,0,0,,,,,
4/11/2024,RBC,277,989.001040501553,0,0,0,0,0,0,0,0,0,0,,,,,
4/11/2024,RBC,222,989.001040501554,0,0,0,0,0,0,0,0,0,0,,,,,
4/11/2024,RBC,299,989.001040501555,0,0,0,0,0,0,0,0,0,0,,,,,
4/11/2024,RBC,281,989.001040501556,0,0,0,0,0,1,0,0,0,0,,,,,
4/11/2024,RBC,282,989.001040501557,0,0,0,0,0,0,0,0,0,0,,,,,
4/11/2024,RBC,248,989.001040501558,0,0,0,0,0,0,0,0,0,0,,,,,
4/11/2024,RBC,290,989.001040501559,0,0,0,0,0,0,0,0,0,0,,,,,
4/11/2024,RBC,218,989.00104050156,0,0,0,0,0,0,0,0,0,0,,,,,
11/4/2024,RBC,264,989.001040501560,0,0,0,0,1,0,0,0,0,0,,,,,
4/11/2024,RBC,272,989.001040501561,0,0,0,0,0,0,0,0,0,0,,,,,
4/11/2024,RBC,267,989.001040501562,0,0,0,0,0,0,0,0,0,0,,,,,
4/11/2024,RBC,295,989.001040501563,0,0,0,0,1,0,0,0,0,0,,,,,
4/11/2024,RBC,280,989.001040501564,0,0,0,0,1,0,0,0,0,0,,,,,
4/11/2024,RBC,240,989.001040501565,0,0,0,0,0,0,0,0,0,0,,,,,
4/11/2024,RBC,291,989.001040501566,0,0,0,0,0,0,0,0,0,0,,,,,
4/11/2024,RBC,276,989.001040501567,0,0,0,0,1,0,0,0,0,0,,,,,
4/11/2024,RBC,258,989.001040501568,0,0,0,0,0,0,0,0,0,0,,,,,
4/11/2024,RBC,250,989.001040501569,0,0,0,0,0,0,0,0,0,0,,,,,
4/11/2024,RBC,285,989.00104050157,0,0,0,0,0,0,0,0,0,0,,,,,
4/11/2024,RBC,272,989.001040501571,0,0,0,0,0,0,0,0,0,0,,,,,
4/11/2024,RBC,262,989.001040501573,0,0,0,0,0,0,0,0,0,0,,,,,
4/11/2024,RBC,250,989.001040501574,0,0,0,0,1,0,0,0,0,0,,,,,
4/11/2024,RBC,257,989.001040501575,0,0,0,0,0,1,0,0,0,0,,,,,
4/11/2024,RBC,248,989.001040501576,0,0,0,0,0,0,1,1,0,0,,,,,
3/20/2025,RBC,306,989.001040501576,0,0,0,0,0,0,0,1,0,0,,,,,
4/11/2024,RBC,271,989.001040501577,0,0,0,0,0,0,0,0,0,0,,,,,
4/11/2024,RBC,278,989.001040501579,0,0,0,0,0,0,0,0,0,0,,,,,
4/11/2024,RBC,248,989.00104050158,0,0,0,0,0,0,0,0,0,0,,,,,
4/11/2024,RBC,247,989.001040501581,0,0,0,0,0,0,0,0,0,0,,,,,
4/11/2024,RBC,282,989.001040501582,0,0,0,0,0,0,0,0,0,0,,,,,
4/11/2024,RBC,276,989.001040501583,0,0,0,0,1,1,0,0,0,0,,,,,
4/11/2024,RBC,279,989.001040501584,0,0,0,0,0,0,0,0,0,0,,,,,
4/11/2024,RBC,273,989.001040501585,0,0,0,0,1,0,0,0,0,0,,,,,
4/11/2024,RBC,276,989.001040501586,0,0,0,0,0,0,0,0,0,0,,,,,
4/11/2024,RBC,304,989.001040501587,0,0,0,0,0,0,0,0,0,0,,,,,
11/4/2024,RBC,315,989.001040501588,0,0,0,0,1,0,1,0,0,0,,,,,
4/11/2024,RBC,278,989.001040501589,0,0,0,0,0,0,0,0,0,0,,,,,
4/11/2024,RBC,297,989.00104050159,0,0,0,0,0,0,0,0,0,0,,,,,
4/11/2024,RBC,252,989.001040501591,0,0,0,0,0,0,0,0,0,0,,,,,
4/11/2024,RBC,264,989.001040501594,0,0,0,0,0,0,0,0,0,0,,,,,
4/11/2024,RBC,304,989.001040501595,0,0,0,0,0,0,0,0,0,0,,,,,
4/11/2024,RBC,262,989.001040501596,0,0,0,0,0,0,0,0,0,0,,,,,
4/11/2024,RBC,264,989.001040501597,0,0,0,0,0,0,0,0,0,0,,,,,
4/11/2024,RBC,290,989.001040501598,0,0,0,0,0,1,0,0,0,0,,,,,
4/11/2024,RBC,239,989.001040501599,0,0,0,0,0,0,0,0,0,0,,,,,
4/11/2024,RBC,258,989.001040501600,0,0,0,0,0,0,0,0,0,0,,,,,
4/11/2024,RBC,250,989.001040501601,0,0,0,0,0,0,0,0,0,0,,,,,
4/11/2024,RBC,283,989.001040501602,0,0,0,0,1,0,0,0,0,0,,,,,
4/11/2024,RBC,275,989.001040501603,0,0,0,0,0,0,0,0,0,0,,,,,
4/11/2024,RBC,262,989.001040501604,0,0,0,0,0,0,0,0,0,0,,,,,
4/11/2024,RBC,307,989.001040501605,0,0,0,0,0,1,0,0,0,0,,,,,
4/11/2024,RBC,302,989.001040501606,0,0,0,0,0,0,0,0,0,0,,,,,
4/11/2024,RBC,326,989.001040501607,0,0,0,0,0,0,1,1,1,0,,,,,
4/11/2024,RBC,267,989.001040501608,0,0,0,0,1,0,0,0,0,0,,,,,
4/11/2024,RBC,262,989.001040501609,0,0,0,0,0,0,0,0,0,0,,,,,
4/11/2024,RBC,242,989.00104050161,0,0,0,0,0,0,0,0,0,0,,,,,
4/11/2024,RBC,241,989.001040501611,0,0,0,0,0,0,0,0,0,0,,,,,
4/11/2024,RBC,267,989.001040501612,0,0,0,0,0,0,0,0,0,0,,,,,
4/11/2024,RBC,255,989.001040501613,0,0,0,0,0,0,0,0,0,0,,,,,
4/11/2024,RBC,267,989.001040501614,0,0,0,0,1,0,0,0,0,0,,,,,
4/11/2024,RBC,242,989.001040501615,0,0,0,0,0,0,0,0,0,0,,,,,
4/11/2024,RBC,291,989.001040501616,0,0,0,0,0,0,0,0,0,0,,,,,
4/11/2024,RBC,278,989.001040501617,0,0,0,0,0,0,0,0,0,0,,,,,
4/11/2024,RBC,218,989.001040501618,0,0,0,0,0,0,0,0,0,0,,,,,
4/11/2024,RBC,262,989.001040501619,0,0,0,0,0,0,0,0,0,0,,,,,
4/11/2024,RBC,250,989.00104050162,0,0,0,0,0,0,0,0,0,0,,,,,
4/11/2024,RBC,267,989.001040501621,0,0,0,0,0,0,0,0,0,0,,,,,
3/18/2025,SCN,119,989.002028176669,0,0,0,0,0,0,1,0,0,0,,,,,
3/18/2025,LOC,172,989.002028176670,0,0,0,0,0,0,1,1,0,0,,,,,
3/18/2025,RBT,135,989.002028176671,0,0,0,0,0,0,1,0,0,0,,,,,
3/18/2025,RBT,138,989.002028176672,0,0,0,0,0,0,1,1,0,0,,,,,
3/18/2025,LOC,306,989.002028176673,0,0,0,0,0,0,1,0,0,0,,,,,
3/18/2025,RBT,268,989.002028176674,0,0,0,0,0,0,1,1,0,0,,,,,
3/18/2025,RBT,129,989.002028176675,0,0,0,0,0,0,1,0,0,1,,,,,
3/18/2025,SCN,108,989.002028176676,0,0,0,0,0,0,1,0,0,0,,,,,
3/18/2025,LOC,167,989.002028176677,0,0,0,0,0,0,1,1,0,0,,,,,
3/18/2025,RBT,127,989.002028176678,0,0,0,0,0,0,1,1,0,0,,,,,
3/18/2025,SCN,95,989.002028176679,0,0,0,0,0,0,1,0,0,0,,,,,
3/18/2025,RBT,135,989.002028176680,0,0,0,0,0,0,1,0,1,1,,,,,
3/18/2025,LOC,215,989.002028176681,0,0,0,0,0,0,1,0,0,0,,,,,
3/18/2025,LOC,173,989.002028176682,0,0,0,0,0,0,1,0,0,0,,,,,
3/18/2025,LOC,169,989.002028176683,0,0,0,0,0,0,1,0,0,0,,,,,
3/18/2025,SCN,118,989.002028176684,0,0,0,0,0,0,1,0,0,0,,,,,
3/18/2025,RXN,356,989.002028176685,0,0,0,0,0,0,1,1,0,0,,,,,
3/18/2025,SCN,98,989.002028176686,0,0,0,0,0,0,1,0,0,0,,,,,
3/18/2025,LOC,252,989.002028176687,0,0,0,0,0,0,1,1,0,0,,,,,
3/18/2025,LOC,150,989.002028176688,0,0,0,0,0,0,1,0,0,0,,,,,
3/18/2025,LOC,180,989.002028176689,0,0,0,0,0,0,1,0,0,0,,,,,
3/18/2025,LOC,173,989.002028176690,0,0,0,0,0,0,1,1,0,0,,,,,
3/18/2025,LOC,216,989.002028176691,0,0,0,0,0,0,1,0,0,0,,,,,
3/18/2025,LOC,230,989.002028176692,0,0,0,0,0,0,1,0,0,0,,,,,
3/18/2025,RBT,126,989.002028176693,0,0,0,0,0,0,1,1,0,0,,,,,
3/18/2025,SCN,122,989.002028176694,0,0,0,0,0,0,1,0,0,0,,,,,
3/18/2025,RBC,344,989.002028176695,0,0,0,0,0,0,1,1,1,0,,,,,
3/18/2025,RBT,204,989.002028176696,0,0,0,0,0,0,1,1,0,0,,,,,
3/18/2025,RBT,210,989.002028176697,0,0,0,0,0,0,1,1,0,0,,,,,
3/18/2025,RBT,145,989.002028176698,0,0,0,0,0,0,1,1,0,0,,,,,
3/18/2025,LOC,414,989.002028176699,0,0,0,0,0,0,1,0,0,0,,,,,
3/18/2025,LOC,287,989.002028176700,0,0,0,0,0,0,1,1,0,0,,,,,
3/18/2025,LOC,318,989.002028176701,0,0,0,0,0,0,1,0,0,0,,,,,
3/18/2025,LOC,177,989.002028176702,0,0,0,0,0,0,1,0,0,0,,,,,
3/18/2025,SCN,102,989.002028176703,0,0,0,0,0,0,1,0,0,0,,,,,
3/18/2025,RBT,130,989.002028176704,0,0,0,0,0,0,1,0,0,0,,,,,
3/18/2025,RBT,135,989.002028176705,0,0,0,0,0,0,1,0,0,0,,,,,
3/18/2025,RXN,360,989.002028176706,0,0,0,0,0,0,1,0,0,0,,,,,
3/18/2025,RBT,294,989.002028176707,0,0,0,0,0,0,1,0,0,0,,,,,
3/18/2025,RBC,260,989.002028176708,0,0,0,0,0,0,1,0,0,0,,,,,
3/18/2025,LOC,120,989.002028176709,0,0,0,0,0,0,1,1,0,0,,,,,
3/18/2025,SCN,90,989.002028176710,0,0,0,0,0,0,1,0,0,0,,,,,
3/18/2025,RBC,316,989.002028176711,0,0,0,0,0,0,1,0,0,0,,,,,
3/18/2025,RBT,152,989.002028176712,0,0,0,0,0,0,1,0,0,0,,,,,
3/18/2025,LOC,203,989.002028176713,0,0,0,0,0,0,1,0,0,0,,,,,
3/18/2025,RBT,103,989.002028176714,0,0,0,0,0,0,1,0,0,0,,,,,
3/18/2025,RBT,236,989.002028176715,0,0,0,0,0,0,1,1,0,0,,,,,
3/18/2025,RBT,149,989.002028176716,0,0,0,0,0,0,1,0,0,0,,,,,
3/18/2025,LOC,170,989.002028176717,0,0,0,0,0,0,1,0,0,0,,,,,
3/18/2025,SCN,93,989.002028176718,0,0,0,0,0,0,1,0,0,0,,,,,
3/18/2025,RBT,132,989.002028176719,0,0,0,0,0,0,1,0,0,0,,,,,
3/18/2025,SCN,102,989.002028176720,0,0,0,0,0,0,1,0,0,0,,,,,
3/18/2025,RBT,122,989.002028176721,0,0,0,0,0,0,1,1,0,0,,,,,
3/18/2025,RBT,99,989.002028176722,0,0,0,0,0,0,1,0,0,0,,,,,
3/20/2025,RBT,451,989.002028176723,0,0,0,0,0,0,0,1,0,0,,,,,
3/18/2025,LOC,168,989.002028176724,0,0,0,0,0,0,1,0,0,0,,,,,
3/18/2025,RBT,136,989.002028176725,0,0,0,0,0,0,1,0,0,0,,,,,
3/18/2025,LOC,145,989.002028176726,0,0,0,0,0,0,1,0,0,0,,,,,
3/18/2025,LOC,175,989.002028176727,0,0,0,0,0,0,1,0,1,1,,,,,
3/18/2025,SCN,96,989.002028176728,0,0,0,0,0,0,1,0,0,0,,,,,
3/18/2025,LOC,201,989.002028176729,0,0,0,0,0,0,1,1,0,1,,,,,
3/18/2025,RBT,108,989.002028176730,0,0,0,0,0,0,1,0,0,0,,,,,
3/18/2025,SCN,102,989.002028176731,0,0,0,0,0,0,1,0,0,0,,,,,
3/18/2025,LOC,295,989.002028176732,0,0,0,0,0,0,1,1,0,0,,,,,
3/18/2025,LOC,165,989.002028176733,0,0,0,0,0,0,1,0,1,0,,,,,
3/18/2025,RBT,118,989.002028176734,0,0,0,0,0,0,1,0,0,0,,,,,
3/18/2025,RBT,126,989.002028176735,0,0,0,0,0,0,1,0,0,0,,,,,
3/18/2025,SCN,101,989.002028176736,0,0,0,0,0,0,1,0,0,0,,,,,
3/18/2025,LOC,102,989.002028176737,0,0,0,0,0,0,1,0,0,0,,,,,
3/18/2025,LOC,110,989.002028176738,0,0,0,0,0,0,1,0,0,0,,,,,
3/18/2025,LOC,326,989.002028176739,0,0,0,0,0,0,1,0,0,0,,,,,
3/18/2025,LOC,316,989.002028176740,0,0,0,0,0,0,1,1,0,0,,,,,
3/18/2025,RBT,117,989.002028176741,0,0,0,0,0,0,1,0,0,0,,,,,
3/18/2025,LOC,155,989.002028176742,0,0,0,0,0,0,1,0,0,0,,,,,
3/18/2025,SCN,125,989.002028176743,0,0,0,0,0,0,1,0,0,0,,,,,
3/18/2025,RBT,395,989.002028176744,0,0,0,0,0,0,1,0,0,0,,,,,
3/18/2025,RBT,115,989.002028176745,0,0,0,0,0,0,1,0,0,0,,,,,
3/18/2025,LOC,196,989.002028176746,0,0,0,0,0,0,1,1,0,0,,,,,
3/18/2025,SCN,95,989.002028176747,0,0,0,0,0,0,1,0,0,0,,,,,
3/18/2025,LOC,215,989.002028176748,0,0,0,0,0,0,1,0,1,0,,,,,
3/18/2025,LOC,202,989.002028176749,0,0,0,0,0,0,1,1,0,0,,,,,
3/18/2025,RBC,310,989.002028176750,0,0,0,0,0,0,1,1,0,0,,,,,
3/18/2025,RBT,133,989.002028176751,0,0,0,0,0,0,1,1,0,0,,,,,
3/18/2025,SCN,110,989.002028176752,0,0,0,0,0,0,1,0,0,0,,,,,
3/18/2025,RBC,316,989.002028176753,0,0,0,0,0,0,1,1,0,0,,,,,
3/18/2025,RBT,151,989.002028176754,0,0,0,0,0,0,1,0,0,0,,,,,
3/18/2025,RBC,314,989.002028176755,0,0,0,0,0,0,1,1,0,0,,,,,
3/18/2025,SCN,115,989.002028176756,0,0,0,0,0,0,1,0,0,0,,,,,
3/18/2025,RXN,375,989.002028176757,0,0,0,0,0,0,1,0,0,0,,,,,
3/18/2025,RBT,204,989.002028176758,0,0,0,0,0,0,1,1,0,0,,,,,
3/18/2025,SCN,85,989.002028176759,0,0,0,0,0,0,1,0,0,0,,,,,
3/18/2025,LOC,221,989.002028176760,0,0,0,0,0,0,1,0,0,0,,,,,
3/18/2025,LOC,193,989.002028176761,0,0,0,0,0,0,1,1,0,1,,,,,
11/3/2025,LOC,346,989.002028176762,0,0,0,0,0,0,0,0,1,1,,,,,
3/18/2025,SCN,92,989.002028176763,0,0,0,0,0,0,1,0,0,0,,,,,
3/18/2025,RBC,296,989.002028176764,0,0,0,0,0,0,1,1,0,0,,,,,
3/18/2025,LOC,211,989.002028176765,0,0,0,0,0,0,1,1,0,1,,,,,
3/18/2025,RBT,137,989.002028176766,0,0,0,0,0,0,1,1,0,0,,,,,
3/18/2025,RBT,356,989.002028176767,0,0,0,0,0,0,1,1,0,0,,,,,
3/18/2025,RBT,118,989.002028176768,0,0,0,0,0,0,1,0,0,0,,,,,
11/6/2025,SCN,130,989.002028176769,0,0,0,0,0,0,0,0,0,1,,,,,
11/6/2025,RBT,202,989.002028176770,0,0,0,0,0,0,0,0,0,1,,,,,
11/6/2025,LOC,228,989.002028176772,0,0,0,0,0,0,0,0,0,1,,,,,
11/6/2025,LOC,213,989.002028176773,0,0,0,0,0,0,0,0,0,1,,,,,
11/6/2025,SCN,111,989.002028176774,0,0,0,0,0,0,0,0,0,1,,,,,
11/6/2025,RBT,210,989.002028176775,0,0,0,0,0,0,0,0,0,1,,,,,
11/6/2025,LOC,275,989.002028176777,0,0,0,0,0,0,0,0,0,1,,,,,
11/6/2025,SCN,103,989.002028176778,0,0,0,0,0,0,0,0,0,1,,,,,
11/6/2025,SCN,97,989.002028176779,0,0,0,0,0,0,0,0,0,1,,,,,
11/6/2025,LOC,163,989.002028176780,0,0,0,0,0,0,0,0,0,1,,,,,
11/6/2025,SCN,114,989.002028176782,0,0,0,0,0,0,0,0,0,1,,,,,
11/6/2025,RBT,183,989.002028176783,0,0,0,0,0,0,0,0,0,1,,,,,
11/6/2025,RBT,165,989.002028176784,0,0,0,0,0,0,0,0,0,1,,,,,
11/6/2025,RBT,167,989.002028176786,0,0,0,0,0,0,0,0,0,1,,,,,
11/6/2025,SCN,128,989.002028176787,0,0,0,0,0,0,0,0,0,1,,,,,
11/6/2025,SCN,135,989.002028176788,0,0,0,0,0,0,0,0,0,1,,,,,
11/6/2025,LOC,129,989.002028176789,0,0,0,0,0,0,0,0,0,1,,,,,
11/6/2025,SCN,96,989.002028176790,0,0,0,0,0,0,0,0,0,1,,,,,
11/6/2025,SCN,104,989.002028176792,0,0,0,0,0,0,0,0,0,1,,,,,
11/6/2025,LOC,139,989.002028176793,0,0,0,0,0,0,0,0,0,1,,,,,
11/6/2025,RBT,138,989.002028176796,0,0,0,0,0,0,0,0,0,1,,,,,
11/6/2025,LOC,178,989.002028176797,0,0,0,0,0,0,0,0,0,1,,,,,
11/6/2025,LOC,270,989.002028176798,0,0,0,0,0,0,0,0,0,1,,,,,
11/6/2025,SCN,123,989.002028176799,0,0,0,0,0,0,0,0,0,1,,,,,
11/6/2025,SCN,115,989.002028176801,0,0,0,0,0,0,0,0,0,1,,,,,
11/6/2025,LOC,211,989.002028176802,0,0,0,0,0,0,0,0,0,1,,,,,
11/6/2025,LOC,276,989.002028176803,0,0,0,0,0,0,0,0,0,1,,,,,
11/6/2025,LOC,208,989.002028176806,0,0,0,0,0,0,0,0,0,1,,,,,
11/6/2025,LOC,177,989.002028176807,0,0,0,0,0,0,0,0,0,1,,,,,
11/6/2025,LOC,224,989.002028176809,0,0,0,0,0,0,0,0,0,1,,,,,
11/6/2025,RBC,333,989.002028176811,0,0,0,0,0,0,0,0,0,1,,,,,
11/6/2025,SCN,117,989.002028176812,0,0,0,0,0,0,0,0,0,1,,,,,
11/6/2025,LOC,224,989.002028176813,0,0,0,0,0,0,0,0,0,1,,,,,
11/6/2025,SCN,108,989.002028176815,0,0,0,0,0,0,0,0,0,1,,,,,
11/6/2025,RBT,177,989.002028176816,0,0,0,0,0,0,0,0,0,1,,,,,
11/6/2025,SCN,95,989.002028176817,0,0,0,0,0,0,0,0,0,1,,,,,
11/6/2025,RBC,347,989.002028176819,0,0,0,0,0,0,0,0,0,1,,,,,
11/6/2025,RBT,143,989.002028176821,0,0,0,0,0,0,0,0,0,1,,,,,
11/6/2025,SCN,123,989.002028176822,0,0,0,0,0,0,0,0,0,1,,,,,
11/6/2025,LOC,120,989.002028176823,0,0,0,0,0,0,0,0,0,1,,,,,
11/6/2025,LOC,351,989.002028176824,0,0,0,0,0,0,0,0,0,1,,,,,
11/6/2025,LOC,153,989.002028176825,0,0,0,0,0,0,0,0,0,1,,,,,
11/6/2025,LOC,140,989.002028176826,0,0,0,0,0,0,0,0,0,1,,,,,
11/6/2025,RBT,128,989.002028176827,0,0,0,0,0,0,0,0,0,1,,,,,
11/6/2025,RBT,143,989.002028176830,0,0,0,0,0,0,0,0,0,1,,,,,
11/6/2025,LOC,362,989.002028176831,0,0,0,0,0,0,0,0,0,1,,,,,
11/6/2025,LOC,219,989.002028176832,0,0,0,0,0,0,0,0,0,1,,,,,
11/6/2025,LOC,197,989.002028176833,0,0,0,0,0,0,0,0,0,1,,,,,
11/6/2025,LOC,172,989.002028176834,0,0,0,0,0,0,0,0,0,1,,,,,
11/6/2025,LOC,191,989.002028176835,0,0,0,0,0,0,0,0,0,1,,,,,
11/6/2025,LOC,167,989.002028176836,0,0,0,0,0,0,0,0,0,1,,,,,
11/6/2025,LOC,401,989.002028176840,0,0,0,0,0,0,0,0,0,1,,,,,
11/6/2025,LOC,196,989.002028176842,0,0,0,0,0,0,0,0,0,1,,,,,
11/6/2025,LOC,180,989.002028176843,0,0,0,0,0,0,0,0,0,1,,,,,
11/6/2025,LOC,162,989.002028176844,0,0,0,0,0,0,0,0,0,1,,,,,
11/6/2025,RBT,286,989.002028176845,0,0,0,0,0,0,0,0,0,1,,,,,
11/6/2025,RBT,159,989.002028176848,0,0,0,0,0,0,0,0,0,1,,,,,
11/6/2025,RBC,313,989.002028176849,0,0,0,0,0,0,0,0,0,1,,,,,
11/6/2025,LOC,206,989.002028176850,0,0,0,0,0,0,0,0,0,1,,,,,
11/6/2025,RBT,185,989.002028176851,0,0,0,0,0,0,0,0,0,1,,,,,
11/6/2025,LOC,395,989.002028176852,0,0,0,0,0,0,0,0,0,1,,,,,
11/6/2025,LOC,255,989.002028176853,0,0,0,0,0,0,0,0,0,1,,,,,
11/6/2025,SCN,131,989.002028176854,0,0,0,0,0,0,0,0,0,1,,,,,
11/6/2025,LOC,161,989.002028176855,0,0,0,0,0,0,0,0,0,1,,,,,
11/6/2025,LOC,175,989.002028176856,0,0,0,0,0,0,0,0,0,1,,,,,
11/6/2025,LOC,394,989.002028176857,0,0,0,0,0,0,0,0,0,1,,,,,
11/6/2025,LOC,177,989.002028176858,0,0,0,0,0,0,0,0,0,1,,,,,
11/6/2025,LOC,396,989.002028176859,0,0,0,0,0,0,0,0,0,1,,,,,
11/6/2025,LOC,205,989.002028176861,0,0,0,0,0,0,0,0,0,1,,,,,
11/6/2025,SCN,128,989.002028176862,0,0,0,0,0,0,0,0,0,1,,,,,
11/6/2025,RBT,137,989.002028176863,0,0,0,0,0,0,0,0,0,1,,,,,
11/6/2025,SCN,95,989.002028176864,0,0,0,0,0,0,0,0,0,1,,,,,
11/6/2025,SCN,117,989.002028176865,0,0,0,0,0,0,0,0,0,1,,,,,
11/6/2025,LOC,132,989.002028176866,0,0,0,0,0,0,0,0,0,1,,,,,
3/18/2025,LOC,195,989.002028176869,0,0,0,0,0,0,1,1,1,1,,,,,
3/18/2025,RBT,141,989.002028176870,0,0,0,0,0,0,1,1,0,0,,,,,
11/5/2024,LOC,160,989.002028176871,0,0,0,0,0,1,0,0,0,1,,,,,
11/5/2024,RBC,287,989.002028176872,0,0,0,0,0,1,0,0,0,0,,,,,
3/18/2025,LOC,130,989.002028176873,0,0,0,0,0,0,1,1,0,0,,,,,
11/5/2024,LOC,176,989.002028176874,0,0,0,0,0,1,0,0,0,0,,,,,
11/5/2024,LOC,474,989.002028176875,0,0,0,0,0,1,0,0,0,0,,,,,
11/5/2024,SCN,91,989.002028176876,0,0,0,0,0,1,0,0,0,0,,,,,
11/5/2024,SCN,100,989.002028176877,0,0,0,0,0,1,0,0,0,0,,,,,
3/18/2025,LOC,182,989.002028176878,0,0,0,0,0,0,1,0,0,0,,,,,
3/18/2025,RBT,276,989.002028176879,0,0,0,0,0,0,1,1,0,0,,,,,
11/5/2024,RBT,285,989.002028176880,0,0,0,0,0,1,0,0,0,0,,,,,
3/18/2025,RBT,163,989.002028176881,0,0,0,0,0,0,1,0,0,0,,,,,
3/18/2025,RBT,140,989.002028176882,0,0,0,0,0,0,1,0,0,0,,,,,
3/18/2025,RBT,150,989.002028176883,0,0,0,0,0,0,1,0,0,0,,,,,
11/5/2024,LOC,193,989.002028176884,0,0,0,0,0,1,1,0,0,0,,,,,
11/5/2024,LOC,133,989.002028176885,0,0,0,0,0,1,0,1,0,0,,,,,
11/5/2024,SCN,77,989.002028176886,0,0,0,0,0,1,0,0,0,0,,,,,
3/18/2025,SCN ,95,989.002028176887,0,0,0,0,0,0,1,0,0,0,,,,,
3/18/2025,LOC,153,989.002028176888,0,0,0,0,0,0,1,0,1,0,,,,,
11/5/2024,LOC,329,989.002028176889,0,0,0,0,0,1,0,0,0,0,,,,,
11/5/2024,LOC,146,989.002028176890,0,0,0,0,0,1,0,0,0,0,,,,,
11/5/2024,RBT,144,989.002028176891,0,0,0,0,0,1,0,0,0,0,,,,,
3/18/2025,SCN,99,989.002028176892,0,0,0,0,0,0,1,0,0,0,,,,,
3/18/2025,LOC,169,989.002028176893,0,0,0,0,0,0,1,0,0,0,,,,,
11/5/2024,RBC,273,989.002028176894,0,0,0,0,0,1,0,0,0,0,,,,,
3/18/2025,SCN,92,989.002028176895,0,0,0,0,0,0,1,0,0,0,,,,,
3/18/2025,LOC,433,989.002028176896,0,0,0,0,0,0,1,0,0,0,,,,,
11/5/2024,RBT,279,989.002028176897,0,0,0,0,0,1,0,0,0,0,,,,,
3/18/2025,LOC,105,989.002028176898,0,0,0,0,0,0,1,0,0,0,,,,,
3/18/2025,RBT,129,989.002028176899,0,0,0,0,0,0,1,0,0,0,,,,,
11/5/2024,SCN,78,989.002028176900,0,0,0,0,0,1,0,0,0,0,,,,,
3/18/2025,LOC,361,989.002028176901,0,0,0,0,0,0,1,0,0,0,,,,,
11/5/2024,LOC,159,989.002028176902,0,0,0,0,0,1,0,0,0,0,,,,,
3/18/2025,RBT,100,989.002028176903,0,0,0,0,0,0,1,0,0,0,,,,,
11/5/2024,RBT,125,989.002028176904,0,0,0,0,0,1,0,0,0,0,,,,,
3/18/2025,RBT,126,989.002028176905,0,0,0,0,0,0,1,0,0,0,,,,,
11/5/2024,RBT,132,989.002028176906,0,0,0,0,0,1,0,0,0,0,,,,,
3/18/2025,LOC,205,989.002028176907,0,0,0,0,0,0,1,0,0,0,,,,,
3/18/2025,SCN,119,989.002028176908,0,0,0,0,0,0,1,1,0,0,,,,,
3/18/2025,LOC,191,989.002028176909,0,0,0,0,0,0,1,0,1,0,,,,,
11/5/2024,LOC,338,989.002028176910,0,0,0,0,0,1,0,0,0,0,,,,,
11/6/2025,SCN,95,989.002028176912,0,0,0,0,0,0,0,0,0,1,,,,,
3/18/2025,SCN,90,989.002028176914,0,0,0,0,0,0,1,0,0,0,,,,,
3/18/2025,LOC,167,989.002028176915,0,0,0,0,0,0,1,0,0,0,,,,,
3/18/2025,RBT,106,989.002028176916,0,0,0,0,0,0,1,0,0,0,,,,,
11/5/2024,RBC,304,989.002028176917,0,0,0,0,0,1,0,0,0,0,,,,,
11/5/2024,LOC,416,989.002028176918,0,0,0,0,0,1,0,0,0,0,,,,,
11/5/2024,SCN,112,989.002028176919,0,0,0,0,0,1,0,0,0,0,,,,,
3/18/2025,SCN,89,989.002028176920,0,0,0,0,0,0,1,0,0,0,,,,,
11/5/2024,RBT,146,989.002028176921,0,0,0,0,0,1,0,0,0,0,,,,,
3/18/2025,LOC,193,989.002028176922,0,0,0,0,0,0,1,0,0,0,,,,,
11/5/2024,RBT,119,989.002028176923,0,0,0,0,0,1,1,0,0,0,,,,,
3/18/2025,RBT,116,989.002028176924,0,0,0,0,0,0,1,0,0,0,,,,,
11/5/2024,RBT,121,989.002028176925,0,0,0,0,0,1,0,0,0,0,,,,,
11/5/2024,LOC,238,989.002028176926,0,0,0,0,0,1,0,0,0,0,,,,,
11/5/2024,LOC,164,989.002028176927,0,0,0,0,0,1,0,0,0,0,,,,,
11/5/2024,LOC,171,989.002028176928,0,0,0,0,0,1,1,0,0,0,,,,,
11/5/2024,LOC,209,989.002028176929,0,0,0,0,0,1,0,0,0,0,,,,,
3/18/2025,SCN,125,989.002028176930,0,0,0,0,0,0,1,0,0,0,,,,,
11/5/2024,RBT,145,989.002028176932,0,0,0,0,0,1,0,0,0,0,,,,,
11/5/2024,RBT,125,989.002028176933,0,0,0,0,0,1,0,0,0,0,,,,,
11/5/2024,SCN,79,989.002028176934,0,0,0,0,0,1,0,0,0,0,,,,,
11/5/2024,RBT,131,989.002028176935,0,0,0,0,0,1,0,0,0,0,,,,,
11/5/2024,RBC,267,989.002028176936,0,0,0,0,0,1,0,0,0,0,,,,,
3/18/2025,SCN,114,989.002028176937,0,0,0,0,0,0,1,0,0,0,,,,,
3/18/2025,LOC,109,989.002028176938,0,0,0,0,0,0,1,0,0,0,,,,,
11/5/2024,LOC,172,989.002028176939,0,0,0,0,0,1,0,0,0,0,,,,,
3/18/2025,LOC,170,989.002028176940,0,0,0,0,0,0,1,0,0,0,,,,,
3/18/2025,LOC,154,989.002028176941,0,0,0,0,0,0,1,0,0,0,,,,,
3/18/2025,RBT,126,989.002028176942,0,0,0,0,0,0,1,0,0,0,,,,,
3/18/2025,WHS,20,989.002028176943,0,0,0,0,0,0,1,0,0,0,,,,,
3/18/2025,LOC,156,989.002028176944,0,0,0,0,0,0,1,0,1,1,,,,,
11/5/2024,LOC,159,989.002028176945,0,0,0,0,0,1,0,0,0,0,,,,,
11/5/2024,RBC,310,989.002028176946,0,0,0,0,0,1,0,0,0,0,,,,,
11/5/2024,LOC,482,989.002028176947,0,0,0,0,0,1,0,0,1,0,,,,,
11/5/2024,RBT,147,989.002028176948,0,0,0,0,0,1,0,0,0,0,,,,,
3/18/2025,RBT,134,989.002028176949,0,0,0,0,0,0,1,0,0,1,,,,,
3/18/2025,RBT,137,989.002028176950,0,0,0,0,0,0,1,1,0,0,,,,,
3/18/2025,SCN,119,989.002028176951,0,0,0,0,0,0,1,0,0,0,,,,,
3/18/2025,RBT,95,989.002028176952,0,0,0,0,0,0,1,0,1,1,,,,,
3/18/2025,SCN,114,989.002028176953,0,0,0,0,0,0,1,0,0,0,,,,,
11/5/2024,SCN,121,989.002028176954,0,0,0,0,0,1,0,0,0,0,,,,,
11/5/2024,SCN,97,989.002028176955,0,0,0,0,0,1,0,0,0,0,,,,,
11/5/2024,LOC,209,989.002028176956,0,0,0,0,0,1,1,0,0,1,,,,,
11/5/2024,RBT,140,989.002028176957,0,0,0,0,0,1,0,0,0,0,,,,,
3/18/2025,RBT,142,989.002028176958,0,0,0,0,0,0,1,0,0,0,,,,,
11/5/2024,SCN,108,989.002028176959,0,0,0,0,0,1,0,0,0,0,,,,,
3/18/2025,RBT,125,989.002028176960,0,0,0,0,0,0,1,0,0,0,,,,,
3/18/2025,LOC,164,989.002028176961,0,0,0,0,0,0,1,0,0,0,,,,,
3/18/2025,SCN,91,989.002028176962,0,0,0,0,0,0,1,0,0,0,,,,,
3/18/2025,SCN,117,989.002028176963,0,0,0,0,0,0,1,0,0,0,,,,,
3/18/2025,RBT,124,989.002028176964,0,0,0,0,0,0,1,0,0,0,,,,,
3/18/2025,RBT,123,989.002028176965,0,0,0,0,0,0,1,1,0,0,,,,,
3/20/2025,LOC,184,989.002028176966,0,0,0,0,0,0,0,1,0,0,,,,,
3/18/2025,SCN,111,989.002028176967,0,0,0,0,0,0,1,0,0,0,,,,,
11/5/2024,RBT,131,989.002028176968,0,0,0,0,0,1,0,0,0,0,,,,,
3/20/2025,RBT,130,989.002028176969,0,0,0,0,0,0,0,1,0,0,,,,,
11/3/2025,LOC,393,989.002028176970,0,0,0,0,0,0,0,0,1,0,,,,,
11/3/2025,RBT,347,989.002028176971,0,0,0,0,0,0,0,0,1,0,,,,,
3/20/2025,SCN,112,989.002028176972,0,0,0,0,0,0,0,1,0,0,,,,,
3/18/2025,SCN,106,989.002028176973,0,0,0,0,0,0,1,0,0,0,,,,,
3/20/2025,SCN,118,989.002028176974,0,0,0,0,0,0,0,1,0,0,,,,,
3/20/2025,SCN,120,989.002028176975,0,0,0,0,0,0,0,1,0,0,,,,,
3/20/2025,RBT,177,989.002028176976,0,0,0,0,0,0,0,1,0,0,,,,,
3/20/2025,SCN,98,989.002028176977,0,0,0,0,0,0,0,1,0,0,,,,,
3/18/2025,RBC,280,989.002028176978,0,0,0,0,0,0,1,1,0,0,,,,,
3/20/2025,LOC,104,989.002028176979,0,0,0,0,0,0,0,1,0,0,,,,,
3/20/2025,LOC,158,989.002028176980,0,0,0,0,0,0,0,1,0,0,,,,,
3/18/2025,LOC,157,989.002028176981,0,0,0,0,0,0,1,0,0,0,,,,,
3/20/2025,SCN,139,989.002028176982,0,0,0,0,0,0,0,1,0,0,,,,,
3/20/2025,LOC,191,989.002028176983,0,0,0,0,0,0,0,1,0,0,,,,,
3/20/2025,SCN,126,989.002028176984,0,0,0,0,0,0,0,1,0,0,,,,,
3/18/2025,RBT,121,989.002028176985,0,0,0,0,0,0,1,0,0,0,,,,,
11/3/2025,LOC,132,989.002028176986,0,0,0,0,0,0,0,0,1,1,,,,,
3/20/2025,LOC,214,989.002028176987,0,0,0,0,0,0,0,1,1,1,,,,,
3/20/2025,SCN,139,989.002028176988,0,0,0,0,0,0,0,1,0,0,,,,,
3/20/2025,RBT,136,989.002028176989,0,0,0,0,0,0,0,1,0,0,,,,,
3/20/2025,LOC,170,989.002028176990,0,0,0,0,0,0,0,1,0,0,,,,,
3/18/2025,LOC,325,989.002028176991,0,0,0,0,0,0,1,0,1,0,,,,,
3/18/2025,LOC,167,989.002028176992,0,0,0,0,0,0,1,0,0,0,,,,,
3/20/2025,SCN,95,989.002028176993,0,0,0,0,0,0,0,1,0,0,,,,,
3/18/2025,SCN,98,989.002028176994,0,0,0,0,0,0,1,0,0,0,,,,,
11/3/2025,LOC,295,989.002028176996,0,0,0,0,0,0,0,0,1,0,,,,,
3/20/2025,LOC,190,989.002028176997,0,0,0,0,0,0,0,1,0,0,,,,,
3/18/2025,RBT,108,989.002028176998,0,0,0,0,0,0,1,0,0,0,,,,,
3/20/2025,LOC,317,989.002028176999,0,0,0,0,0,0,0,1,0,0,,,,,
3/20/2025,LOC,148,989.002028177001,0,0,0,0,0,0,0,1,0,0,,,,,
3/20/2025,LOC,154,989.002028177002,0,0,0,0,0,0,0,1,0,0,,,,,
3/20/2025,LOC,173,989.002028177003,0,0,0,0,0,0,0,1,1,0,,,,,
3/18/2025,SCN ,101,989.002028177004,0,0,0,0,0,0,1,0,0,0,,,,,
3/20/2025,SCN,121,989.002028177005,0,0,0,0,0,0,0,1,0,0,,,,,
11/3/2025,SCN,95,989.002028177006,0,0,0,0,0,0,0,0,1,0,,,,,
3/18/2025,LOC,175,989.002028177007,0,0,0,0,0,0,1,1,1,0,,,,,
3/20/2025,RBC,328,989.002028177008,0,0,0,0,0,0,0,1,0,0,,,,,
11/3/2025,LOC,394,989.002028177009,0,0,0,0,0,0,0,0,1,0,,,,,
11/3/2025,SCN,91,989.002028177010,0,0,0,0,0,0,0,0,1,0,,,,,
3/18/2025,RBT,140,989.002028177011,0,0,0,0,0,0,1,0,0,0,,,,,
11/3/2025,LOC,431,989.002028177012,0,0,0,0,0,0,0,0,1,0,,,,,
3/20/2025,RBT,136,989.002028177013,0,0,0,0,0,0,0,1,0,0,,,,,
3/20/2025,LOC,176,989.002028177014,0,0,0,0,0,0,0,1,1,0,,,,,
3/20/2025,RBT,137,989.002028177015,0,0,0,0,0,0,0,1,0,0,,,,,
3/20/2025,RBT,135,989.002028177016,0,0,0,0,0,0,0,1,0,0,,,,,
3/18/2025,RBT,131,989.002028177017,0,0,0,0,0,0,1,1,0,0,,,,,
3/20/2025,RBT,133,989.002028177018,0,0,0,0,0,0,0,1,0,0,,,,,
3/18/2025,RBT,127,989.002028177019,0,0,0,0,0,0,1,0,0,0,,,,,
11/3/2025,RBT,311,989.002028177020,0,0,0,0,0,0,0,0,1,0,,,,,
3/18/2025,SCN,93,989.002028177021,0,0,0,0,0,0,1,0,0,0,,,,,
3/18/2025,SCN,115,989.002028177022,0,0,0,0,0,0,1,0,0,0,,,,,
3/20/2025,LOC,178,989.002028177023,0,0,0,0,0,0,0,1,0,0,,,,,
11/3/2025,RBT,356,989.002028177024,0,0,0,0,0,0,0,0,1,0,,,,,
3/20/2025,RBT,185,989.002028177025,0,0,0,0,0,0,0,1,0,0,,,,,
3/20/2025,SCN,99,989.002028177026,0,0,0,0,0,0,0,1,0,0,,,,,
3/20/2025,SCN,94,989.002028177027,0,0,0,0,0,0,0,1,0,0,,,,,
11/3/2025,LOC,390,989.002028177028,0,0,0,0,0,0,0,0,1,0,,,,,
3/18/2025,RBT,147,989.002028177029,0,0,0,0,0,0,1,1,0,0,,,,,
3/20/2025,LOC,104,989.002028177030,0,0,0,0,0,0,0,1,0,0,,,,,
3/20/2025,LOC,157,989.002028177031,0,0,0,0,0,0,0,1,0,0,,,,,
3/20/2025,LOC,151,989.002028177032,0,0,0,0,0,0,0,1,0,0,,,,,
3/20/2025,LOC,173,989.002028177033,0,0,0,0,0,0,0,1,0,0,,,,,
3/20/2025,LOC,232,989.002028177034,0,0,0,0,0,0,0,1,0,0,,,,,
3/20/2025,SCN,115,989.002028177035,0,0,0,0,0,0,0,1,0,0,,,,,
3/20/2025,SCN,88,989.002028177036,0,0,0,0,0,0,0,1,0,0,,,,,
3/20/2025,LOC,212,989.002028177037,0,0,0,0,0,0,0,1,0,0,,,,,
3/20/2025,SCN,95,989.002028177038,0,0,0,0,0,0,0,1,0,0,,,,,
3/18/2025,RBT,228,989.002028177039,0,0,0,0,0,0,1,0,0,0,,,,,
3/18/2025,RBT,166,989.002028177040,0,0,0,0,0,0,1,1,0,0,,,,,
3/20/2025,LOC,176,989.002028177041,0,0,0,0,0,0,0,1,0,0,,,,,
3/18/2025,SCN,101,989.002028177042,0,0,0,0,0,0,1,0,0,0,,,,,
11/3/2025,SCN,90,989.002028177043,0,0,0,0,0,0,0,0,1,0,,,,,
3/20/2025,RBT,129,989.002028177044,0,0,0,0,0,0,0,1,0,0,,,,,
3/18/2025,RBT,118,989.002028177045,0,0,0,0,0,0,1,0,0,0,,,,,
3/20/2025,RBT,120,989.002028177046,0,0,0,0,0,0,0,1,0,0,,,,,
3/20/2025,RBT,102,989.002028177047,0,0,0,0,0,0,0,1,0,0,,,,,
3/18/2025,SCN,92,989.002028177048,0,0,0,0,0,0,1,0,0,0,,,,,
3/20/2025,RBT,119,989.002028177049,0,0,0,0,0,0,0,1,0,0,,,,,
3/18/2025,LOC,228,989.002028177050,0,0,0,0,0,0,1,0,0,0,,,,,
3/18/2025,LOC,302,989.002028177051,0,0,0,0,0,0,1,1,0,0,,,,,
3/20/2025,RBT,129,989.002028177052,0,0,0,0,0,0,0,1,0,0,,,,,
3/18/2025,RBT,160,989.002028177053,0,0,0,0,0,0,1,0,0,0,,,,,
3/18/2025,RBT,132,989.002028177054,0,0,0,0,0,0,1,0,0,0,,,,,
3/20/2025,LOC,191,989.002028177055,0,0,0,0,0,0,0,1,0,0,,,,,
3/18/2025,RBC,324,989.002028177056,0,0,0,0,0,0,1,1,0,0,,,,,
3/20/2025,RBT,134,989.002028177057,0,0,0,0,0,0,0,1,0,0,,,,,
3/20/2025,LOC,175,989.002028177058,0,0,0,0,0,0,0,1,0,0,,,,,
3/18/2025,SCN,115,989.002028177059,0,0,0,0,0,0,1,0,0,0,,,,,
3/20/2025,SCN,88,989.002028177060,0,0,0,0,0,0,0,1,0,0,,,,,
3/20/2025,LOC,116,989.002028177061,0,0,0,0,0,0,0,1,0,0,,,,,
11/3/2025,LOC,211,989.002028177062,0,0,0,0,0,0,0,0,1,0,,,,,
3/20/2025,LOC,165,989.002028177063,0,0,0,0,0,0,0,1,0,0,,,,,
3/20/2025,RBT,123,989.002028177064,0,0,0,0,0,0,0,1,0,0,,,,,
3/20/2025,SCN,92,989.002028177065,0,0,0,0,0,0,0,1,0,0,,,,,
3/18/2025,LOC,186,989.002028177066,0,0,0,0,0,0,1,0,1,0,,,,,
3/20/2025,RBT,116,989.002028177067,0,0,0,0,0,0,0,1,1,0,,,,,
3/20/2025,LOC,108,989.002028177068,0,0,0,0,0,0,0,1,0,0,,,,,
11/4/2024,LOC,239,989.002028177069,0,0,0,0,1,1,0,0,0,0,,,,,
11/4/2024,LOC,192,989.002028177070,0,0,0,0,1,0,1,0,0,0,,,,,
11/4/2024,RBT,127,989.002028177071,0,0,0,0,1,0,0,0,1,0,,,,,
11/4/2024,LOC,358,989.002028177072,0,0,0,0,1,1,0,0,1,1,,,,,
11/4/2024,SCN,111,989.002028177073,0,0,0,0,1,0,0,0,0,0,,,,,
11/4/2024,LOC,164,989.002028177075,0,0,0,0,1,0,1,0,0,0,,,,,
11/4/2024,RBT,340,989.002028177076,0,0,0,0,1,1,0,0,1,0,,,,,
11/4/2024,LOC,147,989.002028177077,0,0,0,0,1,0,1,1,0,0,,,,,
11/4/2024,SCN,95,989.002028177078,0,0,0,0,1,0,0,0,0,0,,,,,
11/4/2024,RBT,211,989.002028177079,0,0,0,0,1,1,0,0,0,0,,,,,
11/4/2024,LOC,352,989.002028177080,0,0,0,0,1,0,0,0,0,0,,,,,
11/4/2024,LOC,391,989.002028177081,0,0,0,0,1,0,0,0,0,0,,,,,
11/4/2024,RBC,298,989.002028177082,0,0,0,0,1,1,0,0,0,0,,,,,
11/4/2024,RBC,280,989.002028177083,0,0,0,0,1,1,0,0,0,0,,,,,
11/4/2024,RBC,294,989.002028177084,0,0,0,0,1,1,0,0,0,0,,,,,
11/4/2024,RBT,109,989.002028177085,0,0,0,0,1,0,0,0,0,0,,,,,
11/4/2024,RBC,268,989.002028177086,0,0,0,0,1,0,0,0,0,0,,,,,
11/4/2024,RBC,263,989.002028177088,0,0,0,0,1,0,0,0,0,0,,,,,
11/4/2024,LOC,153,989.002028177089,0,0,0,0,1,1,0,0,0,0,,,,,
11/4/2024,RBC,335,989.002028177090,0,0,0,0,1,1,0,0,0,0,,,,,
11/4/2024,LOC,187,989.002028177091,0,0,0,0,1,0,0,0,0,0,,,,,
11/4/2024,RBC,307,989.002028177092,0,0,0,0,1,0,0,0,0,0,,,,,
11/4/2024,SCN,99,989.002028177093,0,0,0,0,1,0,0,0,0,0,,,,,
11/4/2024,RBT,144,989.002028177094,0,0,0,0,1,0,0,0,0,0,,,,,
11/4/2024,RBT,210,989.002028177095,0,0,0,0,1,0,0,0,0,0,,,,,
11/4/2024,LOC,190,989.002028177096,0,0,0,0,1,0,0,0,0,0,,,,,
11/4/2024,RBT,209,989.002028177097,0,0,0,0,1,0,0,0,0,0,,,,,
11/4/2024,RBC,320,989.002028177098,0,0,0,0,1,1,0,0,0,0,,,,,
11/4/2024,RBT,316,989.002028177099,0,0,0,0,1,0,0,0,0,0,,,,,
11/4/2024,RBT,140,989.002028177100,0,0,0,0,1,0,0,0,0,0,,,,,
11/4/2024,RBT,199,989.002028177101,0,0,0,0,1,0,0,0,0,0,,,,,
11/4/2024,RBT,144,989.002028177102,0,0,0,0,1,0,0,0,0,0,,,,,
11/4/2024,LOC,364,989.002028177103,0,0,0,0,1,0,0,0,0,0,,,,,
11/4/2024,RBC,324,989.002028177104,0,0,0,0,1,1,0,0,0,0,,,,,
11/4/2024,SCN,107,989.002028177105,0,0,0,0,1,0,0,0,0,0,,,,,
11/4/2024,RBT,136,989.002028177106,0,0,0,0,1,0,0,0,0,0,,,,,
11/4/2024,RBT,179,989.002028177107,0,0,0,0,1,0,0,0,0,0,,,,,
11/4/2024,LOC,299,989.002028177108,0,0,0,0,1,0,0,0,0,0,,,,,
11/4/2024,LOC,244,989.002028177109,0,0,0,0,1,1,0,0,0,0,,,,,
11/4/2024,LOC,174,989.002028177110,0,0,0,0,1,0,0,0,0,0,,,,,
11/4/2024,RBT,124,989.002028177111,0,0,0,0,1,0,0,0,0,0,,,,,
11/4/2024,LOC,402,989.002028177112,0,0,0,0,1,0,0,0,0,0,,,,,
11/4/2024,LOC,335,989.002028177113,0,0,0,0,1,0,0,0,0,0,,,,,
11/4/2024,RBT,123,989.002028177114,0,0,0,0,1,1,0,0,0,0,,,,,
11/4/2024,LOC,142,989.002028177115,0,0,0,0,1,0,0,0,0,0,,,,,
11/4/2024,LOC,371,989.002028177116,0,0,0,0,1,0,0,0,0,0,,,,,
11/4/2024,SCN,93,989.002028177117,0,0,0,0,1,0,0,0,0,0,,,,,
11/4/2024,LOC,410,989.002028177118,0,0,0,0,1,0,0,0,0,0,,,,,
11/4/2024,RBC,339,989.002028177119,0,0,0,0,1,1,0,0,0,0,,,,,
11/4/2024,LOC,385,989.002028177120,0,0,0,0,1,0,0,0,0,1,,,,,
11/4/2024,RBT,279,989.002028177121,0,0,0,0,1,0,1,0,0,1,,,,,
11/4/2024,LOC,339,989.002028177122,0,0,0,0,1,0,0,0,0,0,,,,,
11/4/2024,LOC,182,989.002028177123,0,0,0,0,1,0,1,0,0,0,,,,,
11/4/2024,LOC,399,989.002028177124,0,0,0,0,1,0,0,0,0,0,,,,,
11/4/2024,RBT,309,989.002028177125,0,0,0,0,1,0,0,0,0,0,,,,,
11/4/2024,LOC,242,989.002028177127,0,0,0,0,1,0,0,0,0,0,,,,,
11/4/2024,SCN,103,989.002028177128,0,0,0,0,1,1,0,0,0,0,,,,,
11/4/2024,LOC,371,989.002028177129,0,0,0,0,1,1,0,0,0,0,,,,,
11/4/2024,LOC,326,989.002028177130,0,0,0,0,1,0,0,0,1,0,,,,,
11/4/2024,RBT,145,989.002028177131,0,0,0,0,1,0,1,0,0,0,,,,,
11/4/2024,LOC,360,989.002028177132,0,0,0,0,1,1,0,0,0,0,,,,,
11/4/2024,LOC,194,989.002028177133,0,0,0,0,1,0,1,0,0,1,,,,,
11/4/2024,RBT,204,989.002028177134,0,0,0,0,1,1,0,0,0,0,,,,,
11/4/2024,RBC,342,989.002028177135,0,0,0,0,1,1,0,0,0,0,,,,,
11/4/2024,RBT,129,989.002028177136,0,0,0,0,1,0,0,0,0,0,,,,,
11/4/2024,RBC,312,989.002028177137,0,0,0,0,1,0,0,0,0,0,,,,,
11/4/2024,LOC,436,989.002028177138,0,0,0,0,1,0,0,0,0,0,,,,,
11/4/2024,LOC,252,989.002028177139,0,0,0,0,1,0,1,0,0,0,,,,,
11/4/2024,LOC,168,989.002028177140,0,0,0,0,1,0,0,0,1,0,,,,,
11/4/2024,LOC,481,989.002028177141,0,0,0,0,1,1,0,0,0,0,,,,,
11/4/2024,RBT,136,989.002028177142,0,0,0,0,1,0,0,1,0,0,,,,,
11/4/2024,LOC,255,989.002028177143,0,0,0,0,1,0,1,0,0,0,,,,,
11/4/2024,RBT,135,989.002028177144,0,0,0,0,1,0,0,0,0,0,,,,,
11/4/2024,LOC,425,989.002028177145,0,0,0,0,1,0,0,0,1,1,,,,,
11/4/2024,SCN,123,989.002028177146,0,0,0,0,1,0,0,0,0,0,,,,,
11/4/2024,RBT,126,989.002028177147,0,0,0,0,1,0,0,1,0,0,,,,,
11/4/2024,LOC,532,989.002028177148,0,0,0,0,1,0,0,0,0,0,,,,,
11/4/2024,LOC,99,989.002028177149,0,0,0,0,1,0,0,0,0,0,,,,,
11/4/2024,RBC,330,989.002028177150,0,0,0,0,1,0,0,0,0,0,,,,,
11/4/2024,RBT,239,989.002028177151,0,0,0,0,1,0,0,0,0,0,,,,,
11/4/2024,LOC,360,989.002028177152,0,0,0,0,1,0,0,0,0,0,,,,,
11/4/2024,LOC,160,989.002028177153,0,0,0,0,1,0,1,0,0,0,,,,,
11/4/2024,LOC,612,989.002028177154,0,0,0,0,1,1,0,0,0,0,,,,,
11/4/2024,LOC,394,989.002028177155,0,0,0,0,1,1,0,0,0,0,,,,,
11/4/2024,LOC,231,989.002028177156,0,0,0,0,1,1,0,0,0,0,,,,,
11/4/2024,RBT,344,989.002028177157,0,0,0,0,1,1,0,0,0,0,,,,,
11/4/2024,LOC,346,989.002028177158,0,0,0,0,1,0,0,0,0,0,,,,,
11/4/2024,RBC,285,989.002028177159,0,0,0,0,1,0,0,0,0,0,,,,,
11/4/2024,LOC,175,989.002028177160,0,0,0,0,1,0,0,0,0,0,,,,,
11/4/2024,RBT,148,989.002028177161,0,0,0,0,1,0,0,0,0,0,,,,,
11/4/2024,LOC,169,989.002028177162,0,0,0,0,1,0,0,0,0,0,,,,,
11/4/2024,LOC,346,989.002028177163,0,0,0,0,1,1,0,0,0,0,,,,,
11/4/2024,RBT,217,989.002028177164,0,0,0,0,1,0,0,0,0,0,,,,,
11/4/2024,RBC,328,989.002028177165,0,0,0,0,1,0,1,1,0,0,,,,,
11/4/2024,LOC,207,989.002028177166,0,0,0,0,1,0,0,0,0,0,,,,,
11/4/2024,LOC,159,989.002028177167,0,0,0,0,1,0,0,0,0,0,,,,,
11/4/2024,LOC,355,989.002028177168,0,0,0,0,1,0,0,0,0,0,,,,,
11/4/2024,RBT,232,989.002028177169,0,0,0,0,1,1,0,0,0,0,,,,,
11/5/2024,LOC,181,989.002028177170,0,0,0,0,0,1,0,0,0,0,,,,,
11/4/2024,RBC,278,989.002028177171,0,0,0,0,1,0,0,0,0,0,,,,,
11/4/2024,LOC,178,989.002028177172,0,0,0,0,1,0,0,0,0,0,,,,,
11/4/2024,LOC,181,989.002028177173,0,0,0,0,1,0,1,1,0,0,,,,,
11/5/2024,SCN,100,989.002028177174,0,0,0,0,0,1,0,0,0,0,,,,,
11/4/2024,SCN,89,989.002028177175,0,0,0,0,1,0,0,0,0,0,,,,,
11/5/2024,LOC,333,989.002028177176,0,0,0,0,0,1,0,0,0,0,,,,,
11/4/2024,RBC,304,989.002028177177,0,0,0,0,1,0,1,0,0,0,,,,,
11/5/2024,LOC,103,989.002028177178,0,0,0,0,0,1,0,0,0,0,,,,,
11/4/2024,SCN,126,989.002028177179,0,0,0,0,1,0,0,0,0,0,,,,,
11/5/2024,RBT,411,989.002028177180,0,0,0,0,0,1,1,1,1,0,,,,,
11/5/2024,LOC,330,989.002028177181,0,0,0,0,0,1,0,0,0,0,,,,,
11/5/2024,LOC,171,989.002028177182,0,0,0,0,0,1,0,0,0,0,,,,,
11/5/2024,RBC,262,989.002028177183,0,0,0,0,0,1,0,0,0,0,,,,,
11/4/2024,LOC,175,989.002028177184,0,0,0,0,1,0,1,0,0,0,,,,,
11/4/2024,RBT,124,989.002028177185,0,0,0,0,1,0,0,0,0,0,,,,,
11/4/2024,RBT,170,989.002028177186,0,0,0,0,1,0,0,0,0,0,,,,,
11/4/2024,RBT,130,989.002028177187,0,0,0,0,1,0,0,0,0,0,,,,,
11/4/2024,RBT,140,989.002028177188,0,0,0,0,1,0,0,1,0,0,,,,,
11/4/2024,RBT,112,989.002028177189,0,0,0,0,1,0,0,0,0,0,,,,,
11/4/2024,LOC,395,989.002028177190,0,0,0,0,1,0,0,0,0,0,,,,,
11/5/2024,LOC,137,989.002028177191,0,0,0,0,0,1,0,0,0,0,,,,,
11/4/2024,RBT,130,989.002028177192,0,0,0,0,1,0,0,0,0,0,,,,,
11/5/2024,RBT,248,989.002028177193,0,0,0,0,0,1,0,0,0,0,,,,,
11/4/2024,RBT,105,989.002028177194,0,0,0,0,1,0,0,0,0,0,,,,,
11/4/2024,RBT,193,989.002028177195,0,0,0,0,1,0,0,0,0,0,,,,,
11/4/2024,RBT,117,989.002028177196,0,0,0,0,1,0,0,0,0,0,,,,,
11/5/2024,LOC,176,989.002028177197,0,0,0,0,0,1,0,0,0,0,,,,,
11/4/2024,RBT,150,989.002028177198,0,0,0,0,1,0,0,0,0,0,,,,,
11/4/2024,LOC,257,989.002028177199,0,0,0,0,1,0,0,0,0,0,,,,,
11/4/2024,RBC,266,989.002028177200,0,0,0,0,1,0,0,0,0,0,,,,,
11/5/2024,SCN,107,989.002028177201,0,0,0,0,0,1,0,0,0,0,,,,,
11/4/2024,LOC,450,989.002028177202,0,0,0,0,1,1,0,0,0,0,,,,,
11/5/2024,SCN,112,989.002028177203,0,0,0,0,0,1,0,0,0,0,,,,,
11/5/2024,SCN,96,989.002028177204,0,0,0,0,0,1,0,0,0,0,,,,,
11/4/2024,RBC,333,989.002028177205,0,0,0,0,1,1,0,0,0,0,,,,,
11/5/2024,CRN,320,989.002028177206,0,0,0,0,0,1,0,0,0,0,,,,,
11/5/2024,RBT,134,989.002028177207,0,0,0,0,0,1,0,0,0,0,,,,,
11/4/2024,RBT,136,989.002028177208,0,0,0,0,1,0,0,0,0,0,,,,,
11/5/2024,LOC,187,989.002028177209,0,0,0,0,0,1,0,0,0,0,,,,,
11/4/2024,RBT,136,989.002028177210,0,0,0,0,1,0,0,0,0,0,,,,,
11/4/2024,RBT,150,989.002028177211,0,0,0,0,1,0,0,0,0,0,,,,,
11/5/2024,RBT,151,989.002028177212,0,0,0,0,0,1,0,0,0,0,,,,,
11/4/2024,RBT,141,989.002028177213,0,0,0,0,1,0,0,0,0,0,,,,,
11/4/2024,RBT,116,989.002028177214,0,0,0,0,1,0,0,0,0,0,,,,,
11/4/2024,LOC,137,989.002028177215,0,0,0,0,1,0,1,0,0,0,,,,,
11/4/2024,RBT,124,989.002028177216,0,0,0,0,1,0,0,0,0,0,,,,,
11/4/2024,SCN,90,989.002028177217,0,0,0,0,1,0,0,0,0,0,,,,,
11/5/2024,LOC,230,989.002028177218,0,0,0,0,0,1,0,0,0,0,,,,,
11/4/2024,LOC,153,989.002028177219,0,0,0,0,1,0,0,0,0,0,,,,,
11/4/2024,RBT,112,989.002028177220,0,0,0,0,1,0,0,0,0,0,,,,,
11/4/2024,RBC,313,989.002028177221,0,0,0,0,1,0,0,0,0,0,,,,,
11/4/2024,LOC,150,989.002028177222,0,0,0,0,1,0,0,1,0,0,,,,,
11/4/2024,LOC,315,989.002028177223,0,0,0,0,1,0,0,0,0,0,,,,,
11/5/2024,LOC,219,989.002028177224,0,0,0,0,0,1,0,0,0,0,,,,,
11/4/2024,RBT,118,989.002028177225,0,0,0,0,1,0,0,0,0,0,,,,,
11/4/2024,LOC,169,989.002028177226,0,0,0,0,1,0,1,0,0,0,,,,,
11/5/2024,LOC,372,989.002028177227,0,0,0,0,0,1,0,0,0,0,,,,,
11/5/2024,LOC,177,989.002028177228,0,0,0,0,0,1,0,0,0,0,,,,,
11/5/2024,LOC,320,989.002028177229,0,0,0,0,0,1,0,0,0,0,,,,,
11/4/2024,LOC,372,989.002028177230,0,0,0,0,1,0,0,0,0,0,,,,,
11/4/2024,SCN,143,989.002028177231,0,0,0,0,1,0,0,0,0,0,,,,,
11/4/2024,RBT,118,989.002028177232,0,0,0,0,1,0,0,0,0,0,,,,,
11/4/2024,SCN,88,989.002028177233,0,0,0,0,1,0,0,0,0,0,,,,,
11/4/2024,SCN,94,989.002028177234,0,0,0,0,1,0,0,0,1,0,,,,,
11/5/2024,RBT,104,989.002028177235,0,0,0,0,0,1,0,0,0,0,,,,,
11/4/2024,RBC,267,989.002028177236,0,0,0,0,1,0,0,0,0,0,,,,,
11/4/2024,RBC,304,989.002028177237,0,0,0,0,1,0,0,0,0,0,,,,,
11/4/2024,RBT,209,989.002028177238,0,0,0,0,1,0,0,0,0,0,,,,,
11/5/2024,RBT,210,989.002028177238,0,0,0,0,0,1,0,0,0,0,,,,,
11/4/2024,SCN,91,989.002028177239,0,0,0,0,1,0,0,0,0,0,,,,,
11/5/2024,RBT,142,989.002028177240,0,0,0,0,0,1,0,0,0,0,,,,,
11/4/2024,RBT,261,989.002028177241,0,0,0,0,1,1,0,0,0,0,,,,,
11/4/2024,RBT,136,989.002028177242,0,0,0,0,1,0,0,0,0,0,,,,,
11/4/2024,RBT,136,989.002028177243,0,0,0,0,1,0,0,0,0,0,,,,,
11/4/2024,LOC,205,989.002028177244,0,0,0,0,1,0,0,0,0,0,,,,,
11/5/2024,LOC,232,989.002028177245,0,0,0,0,0,1,0,0,0,0,,,,,
11/5/2024,LOC,319,989.002028177246,0,0,0,0,0,1,0,0,0,0,,,,,
11/5/2024,RBT,123,989.002028177247,0,0,0,0,0,1,0,0,0,0,,,,,
11/4/2024,RBT,177,989.002028177248,0,0,0,0,1,0,0,1,0,0,,,,,
11/4/2024,RBC,244,989.002028177249,0,0,0,0,1,0,0,0,0,0,,,,,
11/5/2024,LOC,333,989.002028177250,0,0,0,0,0,1,1,0,0,0,,,,,
11/4/2024,RBT,207,989.002028177251,0,0,0,0,1,0,0,0,0,0,,,,,
11/5/2024,RBC,319,989.002028177252,0,0,0,0,0,1,0,0,0,0,,,,,
11/5/2024,LOC,377,989.002028177253,0,0,0,0,0,1,0,0,0,0,,,,,
11/5/2024,RBC,344,989.002028177254,0,0,0,0,0,1,1,0,0,0,,,,,
3/20/2025,RBT,374,989.002028177254,0,0,0,0,0,0,0,1,0,0,,,,,
11/4/2024,RBT,142,989.002028177255,0,0,0,0,1,0,0,0,0,0,,,,,
11/4/2024,RBT,134,989.002028177256,0,0,0,0,1,1,0,0,1,1,,,,,
11/4/2024,SCN,122,989.002028177257,0,0,0,0,1,0,0,0,0,0,,,,,
11/4/2024,LOC,308,989.002028177258,0,0,0,0,1,0,0,0,0,0,,,,,
11/5/2024,RBT,231,989.002028177259,0,0,0,0,0,1,0,0,0,0,,,,,
11/5/2024,LOC,385,989.002028177260,0,0,0,0,0,1,0,0,0,0,,,,,
11/4/2024,RBC,263,989.002028177261,0,0,0,0,1,0,0,0,0,0,,,,,
11/5/2024,LOC,356,989.002028177262,0,0,0,0,0,1,0,0,0,0,,,,,
11/5/2024,RBT,219,989.002028177263,0,0,0,0,0,1,0,0,0,0,,,,,
11/4/2024,RBT,195,989.002028177264,0,0,0,0,1,1,0,0,0,0,,,,,
11/4/2024,RBC,258,989.002028177265,0,0,0,0,1,1,0,0,0,0,,,,,
11/5/2024,RBT,276,989.002028177266,0,0,0,0,0,1,0,0,0,0,,,,,
11/4/2024,LOC,155,989.002028177267,0,0,0,0,1,0,0,0,1,0,,,,,
11/4/2024,RBT,120,989.002028177268,0,0,0,0,1,0,0,0,0,0,,,,,
11/4/2024,LOC,266,989.002028177269,0,0,0,0,1,1,0,0,0,0,,,,,
