site,dec_tag,detected,reader,antenna,signal
UNC,989.001030620312000,12/16/2025 23:59,1,7,0
UNC,989.001030621374000,12/16/2025 23:59,1,1,0
UNC,989.001030621374000,12/16/2025 23:58,1,1,0
UNC,989.002028176996000,12/16/2025 23:57,1,3,0
UNC,989.001030621374000,12/16/2025 23:57,1,1,0
UNC,989.001030621374000,12/16/2025 23:56,1,1,0
UNC,989.002028176996000,12/16/2025 23:55,1,3,0
UNC,989.001030621374000,12/16/2025 23:55,1,1,0
UNC,989.001030621374000,12/16/2025 23:54,1,1,0
UNC,989.001030621374000,12/16/2025 23:53,1,1,0
UNC,989.001030621374000,12/16/2025 23:52,1,1,0
UNC,989.001030621374000,12/16/2025 23:51,1,2,0
UNC,989.001030621374000,12/16/2025 23:49,1,2,0
UNC,989.001030621374000,12/16/2025 23:49,1,1,0
UNC,989.001030621374000,12/16/2025 23:43,1,1,0
UNC,989.001030621374000,12/16/2025 23:42,1,1,0
UNC,989.001030621374000,12/16/2025 23:41,1,1,0
UNC,989.002028176996000,12/16/2025 23:41,1,3,0
UNC,989.001030621374000,12/16/2025 23:40,1,1,0
UNC,989.001030621374000,12/16/2025 23:35,1,1,0
UNC,989.001030621374000,12/16/2025 23:34,1,1,0
UNC,989.001030621374000,12/16/2025 23:33,1,1,0
UNC,989.001030621374000,12/16/2025 23:32,1,1,0
UNC,989.001030621374000,12/16/2025 23:31,1,1,0
UNC,989.001030621374000,12/16/2025 23:30,1,1,0
UNC,989.001030621374000,12/16/2025 23:29,1,1,0
UNC,989.001030621374000,12/16/2025 23:28,1,1,0
UNC,989.001030621374000,12/16/2025 23:27,1,1,0
UNC,989.001030621374000,12/16/2025 23:26,1,1,0
UNC,989.001030621374000,12/16/2025 23:25,1,1,0
UNC,989.001030621374000,12/16/2025 23:24,1,1,0
UNC,989.002028176996000,12/16/2025 23:23,1,3,0
UNC,989.001030621374000,12/16/2025 23:23,1,1,0
UNC,989.001030621374000,12/16/2025 23:22,1,1,0
UNC,989.001030621374000,12/16/2025 23:21,1,1,0
UNC,989.001030621374000,12/16/2025 23:20,1,1,0
UNC,989.001030621374000,12/16/2025 23:19,1,1,0
UNC,989.001030621374000,12/16/2025 23:18,1,1,0
UNC,989.001030621374000,12/16/2025 23:17,1,1,0
UNC,989.001030621374000,12/16/2025 23:16,1,1,0
UNC,989.001030621374000,12/16/2025 23:15,1,1,0
UNC,989.001030621374000,12/16/2025 23:14,1,1,0
UNC,989.001030621374000,12/16/2025 23:13,1,1,0
UNC,989.001030621374000,12/16/2025 23:12,1,1,0
UNC,989.001030621374000,12/16/2025 23:11,1,1,0
UNC,989.001030621374000,12/16/2025 23:10,1,1,0
UNC,989.001030621374000,12/16/2025 23:09,1,1,0
UNC,989.001030621374000,12/16/2025 23:08,1,1,0
UNC,989.001030621374000,12/16/2025 23:07,1,1,0
UNC,989.001030621374000,12/16/2025 23:06,1,1,0
UNC,989.001030621374000,12/16/2025 23:05,1,1,0
UNC,989.002028176996000,12/16/2025 23:04,1,2,0
UNC,989.001030621374000,12/16/2025 23:03,1,2,0
UNC,989.002028176996000,12/16/2025 23:03,1,2,0
UNC,989.001030621374000,12/16/2025 23:03,1,1,0
UNC,989.002028176996000,12/16/2025 23:02,1,2,0
UNC,989.002028176996000,12/16/2025 23:02,1,3,0
UNC,989.001030621374000,12/16/2025 23:02,1,1,0
UNC,989.001030621374000,12/16/2025 23:01,1,1,0
UNC,989.001030621374000,12/16/2025 23:00,1,1,0
UNC,989.002028176996000,12/16/2025 22:59,1,3,0
UNC,989.001030621374000,12/16/2025 22:59,1,1,0
UNC,989.002028176996000,12/16/2025 22:58,1,3,0
UNC,989.001030621374000,12/16/2025 22:58,1,1,0
UNC,989.001030621374000,12/16/2025 22:57,1,1,0
UNC,989.001030621374000,12/16/2025 22:56,1,1,0
UNC,989.001030621374000,12/16/2025 22:55,1,1,0
UNC,989.001030621374000,12/16/2025 22:54,1,1,0
UNC,989.001030621374000,12/16/2025 22:53,1,1,0
UNC,989.001030621374000,12/16/2025 22:52,1,1,0
UNC,989.001030621374000,12/16/2025 22:50,1,1,0
UNC,989.002028176996000,12/16/2025 22:50,1,3,0
UNC,989.001030621374000,12/16/2025 22:49,1,1,0
UNC,989.001030621374000,12/16/2025 22:48,1,1,0
UNC,989.001030621374000,12/16/2025 22:47,1,1,0
UNC,989.002028176996000,12/16/2025 22:47,1,3,0
UNC,989.001030621374000,12/16/2025 22:46,1,1,0
UNC,989.001030621374000,12/16/2025 22:45,1,1,0
UNC,989.002028176996000,12/16/2025 22:45,1,3,0
UNC,989.001030621374000,12/16/2025 22:45,1,2,0
UNC,989.002028176996000,12/16/2025 22:44,1,3,0
UNC,989.002028176996000,12/16/2025 22:43,1,3,0
UNC,989.002028176996000,12/16/2025 22:42,1,3,0
UNC,989.001030621374000,12/16/2025 22:41,1,2,0
UNC,989.001030621374000,12/16/2025 22:41,1,1,0
UNC,989.001030621374000,12/16/2025 22:40,1,2,0
UNC,989.001030621374000,12/16/2025 22:39,1,1,0
UNC,989.002028176996000,12/16/2025 22:38,1,2,0
UNC,989.001030621374000,12/16/2025 22:38,1,1,0
UNC,989.002028176996000,12/16/2025 22:37,1,2,0
UNC,989.001030621374000,12/16/2025 22:36,1,1,0
UNC,989.002028176996000,12/16/2025 22:36,1,2,0
UNC,989.001030621374000,12/16/2025 22:35,1,1,0
UNC,989.001030621374000,12/16/2025 22:34,1,1,0
UNC,989.001030621374000,12/16/2025 22:33,1,1,0
UNC,989.001030621374000,12/16/2025 22:32,1,1,0
UNC,989.001040500035000,12/16/2025 22:32,1,7,0
UNC,989.001030621374000,12/16/2025 22:31,1,1,0
UNC,989.001040500035000,12/16/2025 22:31,1,7,0
UNC,989.001030621374000,12/16/2025 22:30,1,1,0
UNC,989.001040500035000,12/16/2025 22:30,1,7,0
UNC,989.002028176996000,12/16/2025 22:30,1,2,0
UNC,989.001030621374000,12/16/2025 22:29,1,1,0
UNC,989.001040500035000,12/16/2025 22:29,1,7,0
UNC,989.002028176996000,12/16/2025 22:29,1,2,0
UNC,989.001030621374000,12/16/2025 22:28,1,1,0
UNC,989.002028176996000,12/16/2025 22:27,1,2,0
UNC,989.001030621374000,12/16/2025 22:27,1,1,0
UNC,989.002028176996000,12/16/2025 22:26,1,2,0
UNC,989.001030621374000,12/16/2025 22:26,1,1,0
UNC,989.001030621374000,12/16/2025 22:25,1,1,0
UNC,989.002028176996000,12/16/2025 22:25,1,2,0
UNC,989.001030621374000,12/16/2025 22:24,1,1,0
UNC,989.002028176996000,12/16/2025 22:23,1,2,0
UNC,989.001030621374000,12/16/2025 22:23,1,1,0
UNC,989.001030621374000,12/16/2025 22:22,1,1,0
UNC,989.002028176996000,12/16/2025 22:22,1,2,0
UNC,989.001030621374000,12/16/2025 22:21,1,1,0
UNC,989.002028176996000,12/16/2025 22:21,1,2,0
UNC,989.001030621374000,12/16/2025 22:20,1,1,0
UNC,989.002028176996000,12/16/2025 22:20,1,2,0
UNC,989.001030621374000,12/16/2025 22:19,1,1,0
UNC,989.002028176996000,12/16/2025 22:19,1,2,0
UNC,989.001030621374000,12/16/2025 22:18,1,1,0
UNC,989.002028176996000,12/16/2025 22:18,1,2,0
UNC,989.001030621374000,12/16/2025 22:17,1,1,0
UNC,989.002028176996000,12/16/2025 22:16,1,2,0
UNC,989.001030621374000,12/16/2025 22:16,1,1,0
UNC,989.002028176996000,12/16/2025 22:15,1,2,0
UNC,989.002028176996000,12/16/2025 22:14,1,2,0
UNC,989.001040500035000,12/16/2025 22:13,1,7,0
UNC,989.002028176996000,12/16/2025 22:13,1,2,0
UNC,989.001040500035000,12/16/2025 22:12,1,7,0
UNC,989.001040500035000,12/16/2025 22:11,1,7,0
UNC,989.002028176996000,12/16/2025 22:11,1,2,0
UNC,989.001030621374000,12/16/2025 22:11,1,7,0
UNC,989.001040500035000,12/16/2025 22:10,1,7,0
UNC,989.002028176996000,12/16/2025 22:10,1,2,0
UNC,989.001040500035000,12/16/2025 22:09,1,7,0
UNC,989.002028176996000,12/16/2025 22:09,1,2,0
UNC,989.001040500035000,12/16/2025 22:08,1,7,0
UNC,989.002028176996000,12/16/2025 22:08,1,2,0
UNC,989.001040500035000,12/16/2025 22:07,1,7,0
UNC,989.001030621374000,12/16/2025 22:07,1,7,0
UNC,989.001030621374000,12/16/2025 22:07,1,6,0
UNC,989.002028176996000,12/16/2025 22:06,1,2,0
UNC,989.001040500035000,12/16/2025 22:06,1,7,0
UNC,989.001030621374000,12/16/2025 22:06,1,2,0
UNC,989.001040500035000,12/16/2025 22:05,1,7,0
UNC,989.002028176996000,12/16/2025 22:05,1,2,0
UNC,989.001040500035000,12/16/2025 22:04,1,7,0
UNC,989.002028176996000,12/16/2025 22:04,1,2,0
UNC,989.002028176996000,12/16/2025 22:03,1,2,0
UNC,989.001040500035000,12/16/2025 22:03,1,7,0
UNC,989.002028176996000,12/16/2025 22:02,1,2,0
UNC,989.001040500035000,12/16/2025 22:02,1,7,0
UNC,989.002028176996000,12/16/2025 22:01,1,2,0
UNC,989.001040500035000,12/16/2025 22:01,1,7,0
UNC,989.001040500035000,12/16/2025 22:00,1,7,0
UNC,989.002028176996000,12/16/2025 21:59,1,2,0
UNC,989.001040500035000,12/16/2025 21:59,1,7,0
UNC,989.002028176996000,12/16/2025 21:58,1,2,0
UNC,989.001040500035000,12/16/2025 21:58,1,7,0
UNC,989.002028176996000,12/16/2025 21:57,1,2,0
UNC,989.001040500035000,12/16/2025 21:57,1,7,0
UNC,989.002028176996000,12/16/2025 21:56,1,2,0
UNC,989.001040500035000,12/16/2025 21:55,1,7,0
UNC,989.002028176996000,12/16/2025 21:55,1,2,0
UNC,989.001040500035000,12/16/2025 21:54,1,7,0
UNC,989.002028176996000,12/16/2025 21:54,1,2,0
UNC,989.001040500035000,12/16/2025 21:53,1,7,0
UNC,989.002028176996000,12/16/2025 21:53,1,2,0
UNC,989.001040500035000,12/16/2025 21:52,1,7,0
UNC,989.002028176996000,12/16/2025 21:52,1,2,0
UNC,989.001040500035000,12/16/2025 21:51,1,7,0
UNC,989.002028176996000,12/16/2025 21:51,1,2,0
UNC,989.001040500035000,12/16/2025 21:50,1,7,0
UNC,989.002028176996000,12/16/2025 21:50,1,2,0
UNC,989.001040500035000,12/16/2025 21:49,1,7,0
UNC,989.001040500035000,12/16/2025 21:48,1,7,0
UNC,989.002028176996000,12/16/2025 21:48,1,2,0
UNC,989.001040500035000,12/16/2025 21:47,1,7,0
UNC,989.002028176996000,12/16/2025 21:47,1,2,0
UNC,989.001040500035000,12/16/2025 21:46,1,7,0
UNC,989.002028176996000,12/16/2025 21:46,1,2,0
UNC,989.001040500035000,12/16/2025 21:45,1,7,0
UNC,989.002028176996000,12/16/2025 21:44,1,2,0
UNC,989.001040500035000,12/16/2025 21:44,1,7,0
UNC,989.001040500035000,12/16/2025 21:43,1,7,0
UNC,989.002028176996000,12/16/2025 21:43,1,2,0
UNC,989.001040500035000,12/16/2025 21:42,1,7,0
UNC,989.002028176996000,12/16/2025 21:41,1,2,0
UNC,989.002028176996000,12/16/2025 21:41,1,1,0
UNC,989.001040500035000,12/16/2025 21:41,1,7,0
UNC,989.001040500035000,12/16/2025 21:40,1,7,0
UNC,989.001040500035000,12/16/2025 21:39,1,7,0
UNC,989.001040500035000,12/16/2025 21:38,1,7,0
UNC,989.001040500035000,12/16/2025 21:37,1,7,0
UNC,989.002028176996000,12/16/2025 21:36,1,1,0
UNC,989.001040500035000,12/16/2025 21:36,1,7,0
UNC,989.002028176996000,12/16/2025 21:35,1,1,0
UNC,989.001040500035000,12/16/2025 21:35,1,7,0
UNC,989.002028176996000,12/16/2025 21:35,1,2,0
UNC,989.001040500035000,12/16/2025 21:34,1,7,0
UNC,989.001040500035000,12/16/2025 21:33,1,7,0
UNC,989.001040500035000,12/16/2025 21:32,1,7,0
UNC,989.002028176996000,12/16/2025 21:31,1,3,0
UNC,989.001040500035000,12/16/2025 21:31,1,7,0
UNC,989.001040500035000,12/16/2025 21:30,1,7,0
UNC,989.001030620333000,12/16/2025 21:29,1,3,0
UNC,989.001040500035000,12/16/2025 21:29,1,7,0
UNC,989.001040500035000,12/16/2025 21:28,1,7,0
UNC,989.001040500035000,12/16/2025 21:27,1,7,0
UNC,989.001040500035000,12/16/2025 21:26,1,7,0
UNC,989.001040500035000,12/16/2025 21:25,1,7,0
UNC,989.001030620186000,12/16/2025 21:08,1,9,0
UNC,989.002028176996000,12/16/2025 20:59,1,3,0
UNC,989.002028176996000,12/16/2025 20:53,1,3,0
UNC,989.002028176996000,12/16/2025 20:49,1,3,0
UNC,989.002028176996000,12/16/2025 20:47,1,3,0
UNC,989.002028176996000,12/16/2025 20:46,1,3,0
UNC,989.002028176996000,12/16/2025 20:45,1,3,0
UNC,989.002028176996000,12/16/2025 20:44,1,3,0
UNC,989.002028176996000,12/16/2025 20:43,1,3,0
UNC,989.002028176996000,12/16/2025 20:41,1,2,0
UNC,989.002028176996000,12/16/2025 20:40,1,1,0
UNC,989.002028176996000,12/16/2025 20:40,1,2,0
UNC,989.002028176996000,12/16/2025 20:38,1,2,0
UNC,989.002028176996000,12/16/2025 20:37,1,2,0
UNC,989.002028176996000,12/16/2025 20:36,1,2,0
UNC,989.002028176996000,12/16/2025 20:35,1,2,0
UNC,989.002028176996000,12/16/2025 20:34,1,2,0
UNC,989.002028176996000,12/16/2025 20:32,1,2,0
UNC,989.001040500035000,12/16/2025 20:30,1,6,0
UNC,989.001040500035000,12/16/2025 20:29,1,6,0
UNC,989.001040500035000,12/16/2025 20:27,1,6,0
UNC,989.001040500035000,12/16/2025 20:26,1,6,0
UNC,989.001040500035000,12/16/2025 20:25,1,6,0
UNC,989.001030620186000,12/16/2025 20:24,1,9,0
UNC,989.001040500035000,12/16/2025 20:24,1,6,0
UNC,989.001040500035000,12/16/2025 20:22,1,6,0
UNC,989.001040500035000,12/16/2025 20:21,1,6,0
UNC,989.001040500035000,12/16/2025 20:20,1,6,0
UNC,989.001040500035000,12/16/2025 20:20,1,7,0
UNC,989.001040500035000,12/16/2025 20:18,1,7,0
UNC,989.001040500035000,12/16/2025 20:17,1,7,0
UNC,989.001040500035000,12/16/2025 20:16,1,7,0
UNC,989.001040500035000,12/16/2025 20:15,1,7,0
UNC,989.001040500035000,12/16/2025 20:14,1,7,0
UNC,989.001040500035000,12/16/2025 20:13,1,7,0
UNC,989.001030620186000,12/16/2025 20:05,1,9,0
UNC,989.002028176996000,12/16/2025 19:46,1,3,0
UNC,989.002028176996000,12/16/2025 19:45,1,3,0
UNC,989.002028176996000,12/16/2025 19:44,1,3,0
UNC,989.002028176996000,12/16/2025 19:33,1,3,0
UNC,989.001030620186000,12/16/2025 19:30,1,8,0
UNC,989.002028176996000,12/16/2025 19:29,1,3,0
UNC,989.002028176996000,12/16/2025 19:28,1,3,0
UNC,989.001030620186000,12/16/2025 19:27,1,7,0
UNC,989.002028176996000,12/16/2025 19:26,1,3,0
UNC,989.002028176996000,12/16/2025 19:25,1,3,0
UNC,989.002028176996000,12/16/2025 19:24,1,3,0
UNC,989.002028176996000,12/16/2025 19:23,1,3,0
UNC,989.001030620186000,12/16/2025 19:23,1,8,0
UNC,989.001030620186000,12/16/2025 19:22,1,8,0
UNC,989.002028176996000,12/16/2025 19:22,1,3,0
UNC,989.002028176996000,12/16/2025 19:21,1,3,0
UNC,989.001030620186000,12/16/2025 19:21,1,8,0
UNC,989.001030620186000,12/16/2025 19:15,1,8,0
UNC,989.001040500035000,12/16/2025 19:10,1,8,0
UNC,989.002028176996000,12/16/2025 19:03,1,3,0
UNC,989.001040500035000,12/16/2025 18:39,1,7,0
UNC,989.001040500035000,12/16/2025 18:38,1,7,0
UNC,989.001040500035000,12/16/2025 18:37,1,7,0
UNC,989.001040500035000,12/16/2025 18:36,1,7,0
UNC,989.001040500035000,12/16/2025 18:35,1,7,0
UNC,989.001040500035000,12/16/2025 18:34,1,8,0
UNC,989.001040500035000,12/16/2025 18:33,1,8,0
UNC,989.001040500035000,12/16/2025 18:32,1,8,0
UNC,989.002028176996000,12/16/2025 18:19,1,3,0
UNC,989.001040500035000,12/16/2025 17:49,1,6,0
UNC,989.001040500035000,12/16/2025 17:48,1,6,0
UNC,989.001040500035000,12/16/2025 17:47,1,6,0
UNC,989.001040500035000,12/16/2025 17:46,1,6,0
UNC,989.001040500035000,12/16/2025 17:45,1,6,0
UNC,989.001040500035000,12/16/2025 17:44,1,7,0
UNC,989.001040500035000,12/16/2025 17:37,1,7,0
UNC,989.001040500035000,12/16/2025 17:36,1,7,0
UNC,989.001040500035000,12/16/2025 17:35,1,7,0
UNC,989.001040500035000,12/16/2025 17:34,1,7,0
UNC,989.001040500035000,12/16/2025 17:33,1,7,0
UNC,989.001040500035000,12/16/2025 17:32,1,7,0
UNC,989.001040500035000,12/16/2025 17:31,1,7,0
UNC,989.001040500035000,12/16/2025 17:30,1,7,0
UNC,989.001040500035000,12/16/2025 17:29,1,7,0
UNC,989.001040500035000,12/16/2025 17:27,1,7,0
UNC,989.001040500035000,12/16/2025 17:26,1,7,0
UNC,989.001040500035000,12/16/2025 17:25,1,6,0
UNC,989.001040500035000,12/16/2025 17:25,1,7,0
UNC,989.001040500035000,12/16/2025 17:24,1,7,0
UNC,989.001040500035000,12/16/2025 17:23,1,6,0
UNC,989.001040500035000,12/16/2025 17:23,1,7,0
UNC,989.001040500035000,12/16/2025 17:14,1,7,0
UNC,989.001040500035000,12/16/2025 17:13,1,6,0
UNC,989.001040500035000,12/16/2025 17:12,1,6,0
UNC,989.001040500035000,12/16/2025 17:11,1,6,0
UNC,989.001040500035000,12/16/2025 17:10,1,6,0
UNC,989.001040500035000,12/16/2025 17:09,1,6,0
UNC,989.001040500035000,12/16/2025 17:07,1,1,0
UNC,989.001040500035000,12/16/2025 17:07,1,2,0
UNC,989.001040500035000,12/16/2025 17:06,1,2,0
UNC,989.001040500035000,12/16/2025 17:05,1,1,0
UNC,989.001040500035000,12/16/2025 17:04,1,1,0
UNC,989.001040500035000,12/16/2025 17:01,1,1,0
UNC,989.001040500035000,12/16/2025 17:00,1,1,0
UNC,989.001040500035000,12/16/2025 16:59,1,1,0
UNC,989.001040500035000,12/16/2025 16:59,1,2,0
UNC,989.001040500035000,12/16/2025 16:53,1,6,0
UNC,989.001040500035000,12/16/2025 16:52,1,6,0
UNC,989.001040500035000,12/16/2025 16:52,1,7,0
UNC,989.001040500035000,12/16/2025 16:51,1,7,0
UNC,989.001040500035000,12/16/2025 16:50,1,7,0
UNC,989.001040500035000,12/16/2025 16:48,1,6,0
UNC,989.001040500035000,12/16/2025 16:47,1,6,0
UNC,989.001040500035000,12/16/2025 16:46,1,7,0
UNC,989.001040500035000,12/16/2025 16:46,1,6,0
UNC,989.001040500035000,12/16/2025 16:45,1,6,0
UNC,989.001030620667000,12/16/2025 7:37,1,2,0
UNC,989.001030620667000,12/16/2025 7:36,1,2,0
UNC,989.001030620667000,12/16/2025 7:35,1,2,0
UNC,989.001030620667000,12/16/2025 7:34,1,2,0
UNC,989.001030620667000,12/16/2025 7:33,1,2,0
UNC,989.001030620667000,12/16/2025 7:32,1,2,0
UNC,989.001030620667000,12/16/2025 7:31,1,2,0
UNC,989.001030620667000,12/16/2025 7:30,1,2,0
UNC,989.001030620667000,12/16/2025 7:29,1,2,0
UNC,989.001030620667000,12/16/2025 7:28,1,2,0
UNC,989.001030620667000,12/16/2025 7:27,1,2,0
UNC,989.001030620667000,12/16/2025 7:26,1,2,0
UNC,989.001030620667000,12/16/2025 7:25,1,2,0
UNC,989.001030620667000,12/16/2025 7:24,1,2,0
UNC,989.001030620667000,12/16/2025 7:23,1,2,0
UNC,989.001030620667000,12/16/2025 7:22,1,2,0
UNC,989.001030620667000,12/16/2025 7:21,1,2,0
UNC,989.001030620667000,12/16/2025 7:19,1,2,0
UNC,989.001030620667000,12/16/2025 7:18,1,2,0
UNC,989.001030620667000,12/16/2025 7:17,1,2,0
UNC,989.001030620667000,12/16/2025 7:16,1,2,0
UNC,989.001030620667000,12/16/2025 7:15,1,2,0
UNC,989.001030620667000,12/16/2025 7:14,1,2,0
UNC,989.001030620667000,12/16/2025 7:13,1,2,0
UNC,989.001030620667000,12/16/2025 7:12,1,2,0
UNC,989.001030620667000,12/16/2025 7:11,1,2,0
UNC,989.001030620667000,12/16/2025 7:10,1,2,0
UNC,989.001030620667000,12/16/2025 7:09,1,2,0
UNC,989.001030620667000,12/16/2025 7:08,1,2,0
UNC,989.001030620667000,12/16/2025 7:07,1,2,0
UNC,989.001030620667000,12/16/2025 7:06,1,2,0
UNC,989.001030620667000,12/16/2025 7:05,1,2,0
UNC,989.001030620667000,12/16/2025 7:04,1,2,0
UNC,989.001030620667000,12/16/2025 7:03,1,2,0
UNC,989.001030620667000,12/16/2025 7:02,1,2,0
UNC,989.001030620667000,12/16/2025 7:01,1,2,0
UNC,989.001040500035000,12/16/2025 7:01,1,7,0
UNC,989.001030620667000,12/16/2025 7:00,1,2,0
UNC,989.001040500035000,12/16/2025 7:00,1,7,0
UNC,989.001030620667000,12/16/2025 6:59,1,2,0
UNC,989.001040500035000,12/16/2025 6:59,1,7,0
UNC,989.001030620667000,12/16/2025 6:58,1,2,0
UNC,989.001040500035000,12/16/2025 6:58,1,7,0
UNC,989.001030620667000,12/16/2025 6:57,1,2,0
UNC,989.001040500035000,12/16/2025 6:57,1,7,0
UNC,989.001030620667000,12/16/2025 6:56,1,2,0
UNC,989.001040500035000,12/16/2025 6:56,1,7,0
UNC,989.001030620667000,12/16/2025 6:55,1,2,0
UNC,989.001040500035000,12/16/2025 6:55,1,7,0
UNC,989.001030620667000,12/16/2025 6:54,1,2,0
UNC,989.001030621497000,12/16/2025 6:53,1,1,0
UNC,989.001040500035000,12/16/2025 6:53,1,7,0
UNC,989.001030620667000,12/16/2025 6:53,1,2,0
UNC,989.001030620667000,12/16/2025 6:52,1,2,0
UNC,989.001030620667000,12/16/2025 6:51,1,2,0
UNC,989.001030621497000,12/16/2025 6:51,1,7,0
UNC,989.001030620667000,12/16/2025 6:50,1,2,0
UNC,989.001030620667000,12/16/2025 6:49,1,2,0
UNC,989.001040500035000,12/16/2025 6:49,1,6,0
UNC,989.001040500035000,12/16/2025 6:48,1,7,0
UNC,989.001030620667000,12/16/2025 6:48,1,2,0
UNC,989.001040500035000,12/16/2025 6:48,1,6,0
UNC,989.001030620667000,12/16/2025 6:47,1,2,0
UNC,989.001040500035000,12/16/2025 6:46,1,6,0
UNC,989.001030620667000,12/16/2025 6:46,1,2,0
UNC,989.001040500035000,12/16/2025 6:45,1,6,0
UNC,989.001040500035000,12/16/2025 6:45,1,7,0
UNC,989.001030620667000,12/16/2025 6:45,1,2,0
UNC,989.001040500035000,12/16/2025 6:44,1,7,0
UNC,989.001030620667000,12/16/2025 6:44,1,2,0
UNC,989.001030621374000,12/16/2025 6:43,1,1,0
UNC,989.001040500035000,12/16/2025 6:43,1,7,0
UNC,989.001030620667000,12/16/2025 6:43,1,2,0
UNC,989.001030620667000,12/16/2025 6:42,1,2,0
UNC,989.001040500035000,12/16/2025 6:42,1,7,0
UNC,989.001030620667000,12/16/2025 6:41,1,2,0
UNC,989.001040500035000,12/16/2025 6:41,1,7,0
UNC,989.001030620667000,12/16/2025 6:40,1,2,0
UNC,989.001030620667000,12/16/2025 6:39,1,2,0
UNC,989.001040500035000,12/16/2025 6:39,1,7,0
UNC,989.001030620667000,12/16/2025 6:38,1,2,0
UNC,989.001040500035000,12/16/2025 6:38,1,7,0
UNC,989.001030620667000,12/16/2025 6:37,1,2,0
UNC,989.001030620667000,12/16/2025 6:36,1,2,0
UNC,989.001030620667000,12/16/2025 6:35,1,2,0
UNC,989.001030620667000,12/16/2025 6:34,1,2,0
UNC,989.001030620667000,12/16/2025 6:33,1,2,0
UNC,989.001030620667000,12/16/2025 6:32,1,2,0
UNC,989.001030620667000,12/16/2025 6:31,1,2,0
UNC,989.001030620667000,12/16/2025 6:30,1,2,0
UNC,989.001030620667000,12/16/2025 6:29,1,2,0
UNC,989.001030620667000,12/16/2025 6:28,1,2,0
UNC,989.001030620667000,12/16/2025 6:27,1,2,0
UNC,989.001030620667000,12/16/2025 6:26,1,2,0
UNC,989.001030620667000,12/16/2025 6:25,1,2,0
UNC,989.001030620667000,12/16/2025 6:24,1,2,0
UNC,989.001030620667000,12/16/2025 6:23,1,2,0
UNC,989.001030620667000,12/16/2025 6:22,1,2,0
UNC,989.001030620667000,12/16/2025 6:21,1,2,0
UNC,989.001030620667000,12/16/2025 6:20,1,2,0
UNC,989.001030620667000,12/16/2025 6:19,1,2,0
UNC,989.001030620667000,12/16/2025 6:18,1,2,0
UNC,989.001030620667000,12/16/2025 6:17,1,2,0
UNC,989.001030620667000,12/16/2025 6:16,1,2,0
UNC,989.001030620667000,12/16/2025 6:15,1,2,0
UNC,989.001030620667000,12/16/2025 6:14,1,2,0
UNC,989.001030620667000,12/16/2025 6:13,1,2,0
UNC,989.001030620667000,12/16/2025 6:12,1,2,0
UNC,989.001030620667000,12/16/2025 6:11,1,2,0
UNC,989.001030620667000,12/16/2025 6:10,1,2,0
UNC,989.001030620667000,12/16/2025 6:09,1,2,0
UNC,989.001030620667000,12/16/2025 6:08,1,2,0
UNC,989.001030620667000,12/16/2025 6:07,1,2,0
UNC,989.001030620667000,12/16/2025 6:06,1,2,0
UNC,989.001030620667000,12/16/2025 6:04,1,2,0
UNC,989.001030620667000,12/16/2025 6:03,1,2,0
UNC,989.001030620667000,12/16/2025 6:02,1,2,0
UNC,989.001030620667000,12/16/2025 6:01,1,2,0
UNC,989.001030620667000,12/16/2025 6:00,1,2,0
UNC,989.001030620667000,12/16/2025 5:59,1,2,0
UNC,989.001030620667000,12/16/2025 5:58,1,2,0
UNC,989.001030620667000,12/16/2025 5:57,1,2,0
UNC,989.001030620667000,12/16/2025 5:56,1,2,0
UNC,989.001030620667000,12/16/2025 5:55,1,2,0
UNC,989.001030620667000,12/16/2025 5:54,1,2,0
UNC,989.001030620667000,12/16/2025 5:53,1,2,0
UNC,989.001030620667000,12/16/2025 5:52,1,2,0
UNC,989.001030620667000,12/16/2025 5:51,1,2,0
UNC,989.001030620667000,12/16/2025 5:50,1,2,0
UNC,989.001030620667000,12/16/2025 5:49,1,2,0
UNC,989.001030620667000,12/16/2025 5:48,1,2,0
UNC,989.001030620667000,12/16/2025 5:47,1,2,0
UNC,989.001030620667000,12/16/2025 5:46,1,2,0
UNC,989.001030620667000,12/16/2025 5:45,1,2,0
UNC,989.001030620667000,12/16/2025 5:44,1,2,0
UNC,989.001030620667000,12/16/2025 5:43,1,2,0
UNC,989.001030620667000,12/16/2025 5:42,1,2,0
UNC,989.001030620667000,12/16/2025 5:41,1,2,0
UNC,989.001030620667000,12/16/2025 5:40,1,2,0
UNC,989.001030620667000,12/16/2025 5:39,1,2,0
UNC,989.001030620667000,12/16/2025 5:38,1,2,0
UNC,989.002028176996000,12/16/2025 5:37,1,3,0
UNC,989.001030620667000,12/16/2025 5:37,1,2,0
UNC,989.001030620667000,12/16/2025 5:36,1,2,0
UNC,989.001030620667000,12/16/2025 5:35,1,2,0
UNC,989.001030620667000,12/16/2025 5:34,1,2,0
UNC,989.001030620667000,12/16/2025 5:33,1,2,0
UNC,989.001030620667000,12/16/2025 5:32,1,2,0
UNC,989.001030621383000,12/16/2025 5:31,1,3,0
UNC,989.001030620667000,12/16/2025 5:31,1,2,0
UNC,989.001030620667000,12/16/2025 5:30,1,2,0
UNC,989.001030621383000,12/16/2025 5:29,1,2,0
UNC,989.001030621383000,12/16/2025 5:29,1,1,0
UNC,989.001030620667000,12/16/2025 5:29,1,2,0
UNC,989.001030620667000,12/16/2025 5:28,1,2,0
UNC,989.001030620667000,12/16/2025 5:27,1,2,0
UNC,989.001030620667000,12/16/2025 5:26,1,2,0
UNC,989.001030620667000,12/16/2025 5:25,1,2,0
UNC,989.001030620667000,12/16/2025 5:24,1,2,0
UNC,989.001030620667000,12/16/2025 5:23,1,2,0
UNC,989.002028176996000,12/16/2025 5:22,1,2,0
UNC,989.001030620667000,12/16/2025 5:22,1,2,0
UNC,989.002028176996000,12/16/2025 5:21,1,2,0
UNC,989.002028176996000,12/16/2025 5:21,1,3,0
UNC,989.001030620667000,12/16/2025 5:21,1,2,0
UNC,989.001030620667000,12/16/2025 5:20,1,2,0
UNC,989.001030620667000,12/16/2025 5:19,1,2,0
UNC,989.002028176996000,12/16/2025 5:18,1,3,0
UNC,989.001030620667000,12/16/2025 5:18,1,2,0
UNC,989.001030620667000,12/16/2025 5:17,1,2,0
UNC,989.001030620667000,12/16/2025 5:16,1,2,0
UNC,989.001030620667000,12/16/2025 5:15,1,2,0
UNC,989.001030620667000,12/16/2025 5:13,1,2,0
UNC,989.002028176996000,12/16/2025 5:13,1,2,0
UNC,989.001030620667000,12/16/2025 5:12,1,2,0
UNC,989.001030620667000,12/16/2025 5:11,1,2,0
UNC,989.001030620667000,12/16/2025 5:10,1,2,0
UNC,989.001030620667000,12/16/2025 5:09,1,2,0
UNC,989.002028176996000,12/16/2025 5:08,1,2,0
UNC,989.002028176996000,12/16/2025 5:08,1,3,0
UNC,989.001030620667000,12/16/2025 5:08,1,2,0
UNC,989.001030620667000,12/16/2025 5:07,1,2,0
UNC,989.002028176996000,12/16/2025 5:07,1,3,0
UNC,989.002028176996000,12/16/2025 5:06,1,3,0
UNC,989.001030620667000,12/16/2025 5:06,1,2,0
UNC,989.001030620667000,12/16/2025 5:05,1,2,0
UNC,989.002028176996000,12/16/2025 5:05,1,3,0
UNC,989.001030620667000,12/16/2025 5:04,1,2,0
UNC,989.001030620667000,12/16/2025 5:03,1,2,0
UNC,989.001030620667000,12/16/2025 5:02,1,2,0
UNC,989.001030620667000,12/16/2025 5:01,1,2,0
UNC,989.001030620667000,12/16/2025 5:00,1,2,0
UNC,989.001030620667000,12/16/2025 4:59,1,2,0
UNC,989.001030620667000,12/16/2025 4:58,1,2,0
UNC,989.001030620667000,12/16/2025 4:57,1,2,0
UNC,989.001030620667000,12/16/2025 4:56,1,2,0
UNC,989.001030620667000,12/16/2025 4:55,1,2,0
UNC,989.001030620667000,12/16/2025 4:54,1,2,0
UNC,989.001030620667000,12/16/2025 4:53,1,2,0
UNC,989.001030620667000,12/16/2025 4:52,1,2,0
UNC,989.001030620667000,12/16/2025 4:51,1,2,0
UNC,989.001030620667000,12/16/2025 4:50,1,2,0
UNC,989.001030620667000,12/16/2025 4:49,1,2,0
UNC,989.001030620667000,12/16/2025 4:48,1,2,0
UNC,989.001030620667000,12/16/2025 4:47,1,2,0
UNC,989.001030620667000,12/16/2025 4:46,1,2,0
UNC,989.001030620667000,12/16/2025 4:45,1,2,0
UNC,989.001030620667000,12/16/2025 4:44,1,2,0
UNC,989.001030620667000,12/16/2025 4:43,1,2,0
UNC,989.001030620667000,12/16/2025 4:42,1,2,0
UNC,989.001030620667000,12/16/2025 4:41,1,2,0
UNC,989.001030620667000,12/16/2025 4:40,1,2,0
UNC,989.001030620667000,12/16/2025 4:39,1,2,0
UNC,989.001030620667000,12/16/2025 4:38,1,2,0
UNC,989.001030620667000,12/16/2025 4:37,1,2,0
UNC,989.001030620667000,12/16/2025 4:36,1,2,0
UNC,989.001030620667000,12/16/2025 4:35,1,2,0
UNC,989.001030620667000,12/16/2025 4:34,1,2,0
UNC,989.001030620667000,12/16/2025 4:33,1,2,0
UNC,989.001030620667000,12/16/2025 4:32,1,2,0
UNC,989.001030620667000,12/16/2025 4:31,1,2,0
UNC,989.001030620667000,12/16/2025 4:30,1,2,0
UNC,989.001030620667000,12/16/2025 4:29,1,2,0
UNC,989.001030620667000,12/16/2025 4:28,1,2,0
UNC,989.001030620667000,12/16/2025 4:27,1,2,0
UNC,989.001030620667000,12/16/2025 4:26,1,2,0
UNC,989.001030620667000,12/16/2025 4:25,1,2,0
UNC,989.001030620667000,12/16/2025 4:24,1,2,0
UNC,989.001040500035000,12/16/2025 4:23,1,6,0
UNC,989.001030620667000,12/16/2025 4:23,1,2,0
UNC,989.001040500035000,12/16/2025 4:22,1,6,0
UNC,989.001030620667000,12/16/2025 4:21,1,2,0
UNC,989.001040500035000,12/16/2025 4:21,1,6,0
UNC,989.001030620667000,12/16/2025 4:20,1,2,0
UNC,989.001040500035000,12/16/2025 4:20,1,6,0
UNC,989.001030620667000,12/16/2025 4:19,1,2,0
UNC,989.001040500035000,12/16/2025 4:19,1,6,0
UNC,989.001030620667000,12/16/2025 4:18,1,2,0
UNC,989.001040500035000,12/16/2025 4:18,1,6,0
UNC,989.001030620667000,12/16/2025 4:17,1,2,0
UNC,989.001040500035000,12/16/2025 4:17,1,7,0
UNC,989.001030620667000,12/16/2025 4:16,1,2,0
UNC,989.001040500035000,12/16/2025 4:16,1,7,0
UNC,989.001030620667000,12/16/2025 4:15,1,2,0
UNC,989.001040500035000,12/16/2025 4:14,1,7,0
UNC,989.001030620667000,12/16/2025 4:14,1,2,0
UNC,989.001030620667000,12/16/2025 4:13,1,2,0
UNC,989.001030620667000,12/16/2025 4:12,1,2,0
UNC,989.002028176996000,12/16/2025 4:12,1,7,0
UNC,989.001030620667000,12/16/2025 4:11,1,2,0
UNC,989.001030620667000,12/16/2025 4:10,1,2,0
UNC,989.001030620667000,12/16/2025 4:09,1,2,0
UNC,989.001030620667000,12/16/2025 4:08,1,2,0
UNC,989.001030620667000,12/16/2025 4:07,1,2,0
UNC,989.001030620667000,12/16/2025 4:06,1,2,0
UNC,989.001030620667000,12/16/2025 4:05,1,2,0
UNC,989.001030620667000,12/16/2025 4:04,1,2,0
UNC,989.001030620667000,12/16/2025 4:03,1,2,0
UNC,989.001030620667000,12/16/2025 4:02,1,2,0
UNC,989.001030620667000,12/16/2025 4:01,1,2,0
UNC,989.001030620667000,12/16/2025 4:00,1,2,0
UNC,989.001030620667000,12/16/2025 3:59,1,2,0
UNC,989.001030620667000,12/16/2025 3:58,1,2,0
UNC,989.001030620667000,12/16/2025 3:57,1,2,0
UNC,989.001030620667000,12/16/2025 3:56,1,2,0
UNC,989.001030620667000,12/16/2025 3:55,1,2,0
UNC,989.001030620667000,12/16/2025 3:54,1,2,0
UNC,989.001030620667000,12/16/2025 3:53,1,2,0
UNC,989.001030620667000,12/16/2025 3:52,1,2,0
UNC,989.001030620667000,12/16/2025 3:51,1,2,0
UNC,989.001030620667000,12/16/2025 3:50,1,2,0
UNC,989.001030620667000,12/16/2025 3:49,1,2,0
UNC,989.001030620667000,12/16/2025 3:48,1,2,0
UNC,989.001030620667000,12/16/2025 3:47,1,2,0
UNC,989.001030620667000,12/16/2025 3:46,1,2,0
UNC,989.001030620667000,12/16/2025 3:45,1,2,0
UNC,989.001030620667000,12/16/2025 3:44,1,2,0
UNC,989.001030620667000,12/16/2025 3:43,1,2,0
UNC,989.001030620667000,12/16/2025 3:42,1,2,0
UNC,989.001030620667000,12/16/2025 3:41,1,2,0
UNC,989.001030620667000,12/16/2025 3:40,1,2,0
UNC,989.001030620667000,12/16/2025 3:39,1,2,0
UNC,989.001030620667000,12/16/2025 3:38,1,2,0
UNC,989.001030620667000,12/16/2025 3:36,1,2,0
UNC,989.001030620667000,12/16/2025 3:35,1,2,0
UNC,989.001030620667000,12/16/2025 3:34,1,2,0
UNC,989.001030620667000,12/16/2025 3:33,1,2,0
UNC,989.001030620667000,12/16/2025 3:32,1,2,0
UNC,989.001030620667000,12/16/2025 3:31,1,2,0
UNC,989.001030620667000,12/16/2025 3:30,1,2,0
UNC,989.001030620667000,12/16/2025 3:29,1,2,0
UNC,989.001030620667000,12/16/2025 3:28,1,2,0
UNC,989.002028176996000,12/16/2025 3:27,1,8,0
UNC,989.001030620667000,12/16/2025 3:27,1,2,0
UNC,989.001030620667000,12/16/2025 3:26,1,2,0
UNC,989.001030620667000,12/16/2025 3:25,1,2,0
UNC,989.001030620667000,12/16/2025 3:24,1,2,0
UNC,989.001030620667000,12/16/2025 3:23,1,2,0
UNC,989.001030620667000,12/16/2025 3:22,1,2,0
UNC,989.001030620667000,12/16/2025 3:21,1,2,0
UNC,989.001030620667000,12/16/2025 3:20,1,2,0
UNC,989.001030620667000,12/16/2025 3:19,1,2,0
UNC,989.001030620667000,12/16/2025 3:18,1,2,0
UNC,989.001030620667000,12/16/2025 3:17,1,2,0
UNC,989.001030620667000,12/16/2025 3:16,1,2,0
UNC,989.001030620667000,12/16/2025 3:15,1,2,0
UNC,989.001030620667000,12/16/2025 3:14,1,2,0
UNC,989.001030620667000,12/16/2025 3:13,1,2,0
UNC,989.001030620667000,12/16/2025 3:12,1,2,0
UNC,989.001030620667000,12/16/2025 3:11,1,2,0
UNC,989.001030620667000,12/16/2025 3:10,1,2,0
UNC,989.001030620667000,12/16/2025 3:09,1,2,0
UNC,989.001030620667000,12/16/2025 3:08,1,2,0
UNC,989.001030620667000,12/16/2025 3:07,1,2,0
UNC,989.001030620667000,12/16/2025 3:06,1,2,0
UNC,989.001030620667000,12/16/2025 3:05,1,2,0
UNC,989.001030620667000,12/16/2025 3:04,1,2,0
UNC,989.001030620667000,12/16/2025 3:03,1,2,0
UNC,989.001030620667000,12/16/2025 3:02,1,2,0
UNC,989.001030620667000,12/16/2025 3:01,1,2,0
UNC,989.001030620667000,12/16/2025 3:00,1,2,0
UNC,989.001030620667000,12/16/2025 2:59,1,2,0
UNC,989.001030620667000,12/16/2025 2:58,1,2,0
UNC,989.001030620667000,12/16/2025 2:57,1,2,0
UNC,989.001030620667000,12/16/2025 2:55,1,2,0
UNC,989.001030620667000,12/16/2025 2:54,1,2,0
UNC,989.001030620667000,12/16/2025 2:53,1,2,0
UNC,989.001030620667000,12/16/2025 2:52,1,2,0
UNC,989.001030620667000,12/16/2025 2:51,1,2,0
UNC,989.001030620667000,12/16/2025 2:50,1,2,0
UNC,989.001030620667000,12/16/2025 2:49,1,2,0
UNC,989.001030620667000,12/16/2025 2:48,1,2,0
UNC,989.001030620667000,12/16/2025 2:47,1,2,0
UNC,989.001030620667000,12/16/2025 2:46,1,2,0
UNC,989.001030620667000,12/16/2025 2:45,1,2,0
UNC,989.001030620667000,12/16/2025 2:44,1,2,0
UNC,989.001030620667000,12/16/2025 2:43,1,2,0
UNC,989.001030620667000,12/16/2025 2:42,1,2,0
UNC,989.001030620667000,12/16/2025 2:41,1,2,0
UNC,989.001040500035000,12/16/2025 2:41,1,6,0
UNC,989.001030620667000,12/16/2025 2:40,1,2,0
UNC,989.001040500035000,12/16/2025 2:40,1,6,0
UNC,989.001030620667000,12/16/2025 2:39,1,2,0
UNC,989.002028176996000,12/16/2025 2:39,1,8,0
UNC,989.001040500035000,12/16/2025 2:39,1,6,0
UNC,989.001030620667000,12/16/2025 2:38,1,2,0
UNC,989.002028176996000,12/16/2025 2:38,1,8,0
UNC,989.001030620667000,12/16/2025 2:37,1,2,0
UNC,989.002028176996000,12/16/2025 2:37,1,8,0
UNC,989.001030620667000,12/16/2025 2:36,1,2,0
UNC,989.001030620667000,12/16/2025 2:35,1,2,0
UNC,989.001030620667000,12/16/2025 2:34,1,2,0
UNC,989.001030620667000,12/16/2025 2:33,1,2,0
UNC,989.001030620667000,12/16/2025 2:32,1,2,0
UNC,989.001030620667000,12/16/2025 2:31,1,2,0
UNC,989.001030620667000,12/16/2025 2:30,1,2,0
UNC,989.001030620667000,12/16/2025 2:29,1,2,0
UNC,989.001030620667000,12/16/2025 2:28,1,2,0
UNC,989.001030620667000,12/16/2025 2:27,1,2,0
UNC,989.001030620667000,12/16/2025 2:26,1,2,0
UNC,989.001030620667000,12/16/2025 2:25,1,2,0
UNC,989.002028176996000,12/16/2025 2:25,1,2,0
UNC,989.001030620667000,12/16/2025 2:24,1,2,0
UNC,989.001030620667000,12/16/2025 2:23,1,2,0
UNC,989.001030620667000,12/16/2025 2:22,1,2,0
UNC,989.001030620667000,12/16/2025 2:21,1,2,0
UNC,989.001030620667000,12/16/2025 2:20,1,2,0
UNC,989.001030620667000,12/16/2025 2:18,1,2,0
UNC,989.001030620667000,12/16/2025 2:17,1,2,0
UNC,989.001030620667000,12/16/2025 2:16,1,2,0
UNC,989.001030620667000,12/16/2025 2:15,1,2,0
UNC,989.001030620667000,12/16/2025 2:14,1,2,0
UNC,989.001030620667000,12/16/2025 2:13,1,2,0
UNC,989.002028176996000,12/16/2025 2:13,1,3,0
UNC,989.001030620667000,12/16/2025 2:12,1,2,0
UNC,989.001030620667000,12/16/2025 2:11,1,2,0
UNC,989.001030620667000,12/16/2025 2:10,1,2,0
UNC,989.001030620667000,12/16/2025 2:09,1,2,0
UNC,989.001030620667000,12/16/2025 2:08,1,2,0
UNC,989.001030620667000,12/16/2025 2:07,1,2,0
UNC,989.001030620667000,12/16/2025 2:06,1,2,0
UNC,989.001030620667000,12/16/2025 2:05,1,2,0
UNC,989.001030620667000,12/16/2025 2:04,1,2,0
UNC,989.001030620667000,12/16/2025 2:02,1,2,0
UNC,989.001030620667000,12/16/2025 2:01,1,2,0
UNC,989.001030620667000,12/16/2025 2:00,1,2,0
UNC,989.001030620667000,12/16/2025 1:59,1,2,0
UNC,989.001030620667000,12/16/2025 1:58,1,2,0
UNC,989.001030620667000,12/16/2025 1:56,1,2,0
UNC,989.001030620667000,12/16/2025 1:55,1,2,0
UNC,989.001030620667000,12/16/2025 1:54,1,2,0
UNC,989.001030620667000,12/16/2025 1:53,1,2,0
UNC,989.001030620667000,12/16/2025 1:52,1,2,0
UNC,989.001030620667000,12/16/2025 1:50,1,2,0
UNC,989.001030620667000,12/16/2025 1:49,1,2,0
UNC,989.001030620667000,12/16/2025 1:48,1,2,0
UNC,989.001030620667000,12/16/2025 1:47,1,2,0
UNC,989.001030620667000,12/16/2025 1:46,1,2,0
UNC,989.001030620667000,12/16/2025 1:44,1,2,0
UNC,989.001030620667000,12/16/2025 1:43,1,2,0
UNC,989.001030620667000,12/16/2025 1:42,1,2,0
UNC,989.001030620667000,12/16/2025 1:41,1,2,0
UNC,989.001030620667000,12/16/2025 1:40,1,2,0
UNC,989.001030620667000,12/16/2025 1:39,1,2,0
UNC,989.001030620667000,12/16/2025 1:37,1,2,0
UNC,989.001030620667000,12/16/2025 1:36,1,2,0
UNC,989.001030620667000,12/16/2025 1:35,1,2,0
UNC,989.001030620667000,12/16/2025 1:33,1,2,0
UNC,989.001030620667000,12/16/2025 1:32,1,2,0
UNC,989.001030620667000,12/16/2025 1:31,1,2,0
UNC,989.001030620667000,12/16/2025 1:29,1,2,0
UNC,989.001030620667000,12/16/2025 1:28,1,2,0
UNC,989.001030620667000,12/16/2025 1:27,1,2,0
UNC,989.001030620667000,12/16/2025 1:26,1,2,0
UNC,989.001030620667000,12/16/2025 1:25,1,2,0
UNC,989.001030620667000,12/16/2025 1:24,1,2,0
UNC,989.001030620667000,12/16/2025 1:22,1,2,0
UNC,989.001030620667000,12/16/2025 1:21,1,2,0
UNC,989.001030620667000,12/16/2025 1:20,1,2,0
UNC,989.002028176996000,12/16/2025 1:20,1,3,0
UNC,989.001030620667000,12/16/2025 1:19,1,2,0
UNC,989.002028176996000,12/16/2025 1:19,1,3,0
UNC,989.001030620667000,12/16/2025 1:18,1,2,0
UNC,989.002028176996000,12/16/2025 1:17,1,3,0
UNC,989.001030620186000,12/16/2025 1:17,1,9,0
UNC,989.002028176996000,12/16/2025 1:16,1,3,0
UNC,989.001030620667000,12/16/2025 1:16,1,2,0
UNC,989.002028176996000,12/16/2025 1:15,1,3,0
UNC,989.001030620667000,12/16/2025 1:15,1,2,0
UNC,989.001030620667000,12/16/2025 1:14,1,2,0
UNC,989.002028176996000,12/16/2025 1:14,1,3,0
UNC,989.002028176996000,12/16/2025 1:13,1,3,0
UNC,989.001030620667000,12/16/2025 1:13,1,2,0
UNC,989.002028176996000,12/16/2025 1:12,1,3,0
UNC,989.001030620667000,12/16/2025 1:12,1,2,0
UNC,989.001030620667000,12/16/2025 1:11,1,2,0
UNC,989.001030620667000,12/16/2025 1:09,1,2,0
UNC,989.001030620667000,12/16/2025 1:08,1,2,0
UNC,989.001030620667000,12/16/2025 1:07,1,2,0
UNC,989.001030620667000,12/16/2025 1:05,1,2,0
UNC,989.001030620667000,12/16/2025 1:04,1,2,0
UNC,989.001030620667000,12/16/2025 1:03,1,2,0
UNC,989.001030620667000,12/16/2025 1:02,1,2,0
UNC,989.002028176996000,12/16/2025 1:02,1,3,0
UNC,989.001030620667000,12/16/2025 1:01,1,2,0
UNC,989.002028176996000,12/16/2025 1:00,1,3,0
UNC,989.001030620667000,12/16/2025 1:00,1,2,0
UNC,989.002028176996000,12/16/2025 0:59,1,3,0
UNC,989.001030620667000,12/16/2025 0:59,1,2,0
UNC,989.002028176996000,12/16/2025 0:58,1,3,0
UNC,989.001030620667000,12/16/2025 0:58,1,2,0
UNC,989.001030620667000,12/16/2025 0:57,1,2,0
UNC,989.001030620667000,12/16/2025 0:55,1,2,0
UNC,989.001030620667000,12/16/2025 0:54,1,2,0
UNC,989.001030620667000,12/16/2025 0:53,1,2,0
UNC,989.001030620667000,12/16/2025 0:52,1,2,0
UNC,989.001030620667000,12/16/2025 0:51,1,2,0
UNC,989.001030620667000,12/16/2025 0:50,1,2,0
UNC,989.001030620667000,12/16/2025 0:48,1,2,0
UNC,989.002028176996000,12/16/2025 0:48,1,3,0
UNC,989.001030620667000,12/16/2025 0:46,1,2,0
UNC,989.001030620667000,12/16/2025 0:45,1,2,0
UNC,989.001030620667000,12/16/2025 0:44,1,2,0
UNC,989.001030620667000,12/16/2025 0:43,1,2,0
UNC,989.001030620667000,12/16/2025 0:42,1,2,0
UNC,989.001030620667000,12/16/2025 0:41,1,2,0
UNC,989.002028176996000,12/16/2025 0:41,1,3,0
UNC,989.001030620667000,12/16/2025 0:40,1,2,0
UNC,989.001030620667000,12/16/2025 0:38,1,2,0
UNC,989.001030620667000,12/16/2025 0:37,1,2,0
UNC,989.001030620667000,12/16/2025 0:35,1,2,0
UNC,989.002028176996000,12/16/2025 0:35,1,3,0
UNC,989.001030620667000,12/16/2025 0:34,1,2,0
UNC,989.001030620667000,12/16/2025 0:33,1,2,0
UNC,989.001030620667000,12/16/2025 0:32,1,2,0
UNC,989.002028176996000,12/16/2025 0:31,1,3,0
UNC,989.001030620667000,12/16/2025 0:31,1,2,0
UNC,989.001030620667000,12/16/2025 0:30,1,2,0
UNC,989.002028176996000,12/16/2025 0:30,1,3,0
UNC,989.002028176996000,12/16/2025 0:29,1,3,0
UNC,989.001030620667000,12/16/2025 0:29,1,2,0
UNC,989.001030620667000,12/16/2025 0:28,1,2,0
UNC,989.001030620667000,12/16/2025 0:27,1,2,0
UNC,989.001030620667000,12/16/2025 0:26,1,2,0
UNC,989.001030620667000,12/16/2025 0:24,1,2,0
UNC,989.002028176996000,12/16/2025 0:24,1,2,0
UNC,989.001030620667000,12/16/2025 0:23,1,2,0
UNC,989.002028176996000,12/16/2025 0:22,1,2,0
UNC,989.001030620667000,12/16/2025 0:22,1,2,0
UNC,989.001030620667000,12/16/2025 0:20,1,2,0
UNC,989.001030620667000,12/16/2025 0:19,1,2,0
UNC,989.001030620667000,12/16/2025 0:18,1,2,0
UNC,989.001030620667000,12/16/2025 0:17,1,2,0
UNC,989.001030620667000,12/16/2025 0:16,1,2,0
UNC,989.002028176996000,12/16/2025 0:16,1,3,0
UNC,989.001030620667000,12/16/2025 0:15,1,2,0
UNC,989.001030620667000,12/16/2025 0:14,1,2,0
UNC,989.001030620667000,12/16/2025 0:13,1,2,0
UNC,989.001030620667000,12/16/2025 0:12,1,2,0
UNC,989.001030620667000,12/16/2025 0:10,1,2,0
UNC,989.001030620667000,12/16/2025 0:09,1,2,0
UNC,989.001030620667000,12/16/2025 0:08,1,2,0
UNC,989.001030620667000,12/16/2025 0:06,1,2,0
UNC,989.001030620667000,12/16/2025 0:05,1,2,0
UNC,989.001030620667000,12/16/2025 0:04,1,2,0
UNC,989.001030620667000,12/16/2025 0:03,1,2,0
UNC,989.002028176996000,12/16/2025 0:03,1,2,0
UNC,989.002028176996000,12/16/2025 0:02,1,3,0
UNC,989.001030620667000,12/16/2025 0:02,1,2,0
UNC,989.001030620667000,12/16/2025 0:00,1,2,0
UNC,989.001030620667000,12/15/2025 23:59,1,2,0
UNC,989.001030620667000,12/15/2025 23:57,1,2,0
UNC,989.001030620667000,12/15/2025 23:56,1,2,0
UNC,989.001030620667000,12/15/2025 23:55,1,2,0
UNC,989.001030620667000,12/15/2025 23:54,1,2,0
UNC,989.001030620667000,12/15/2025 23:53,1,2,0
UNC,989.001030620667000,12/15/2025 23:52,1,2,0
UNC,989.001030620667000,12/15/2025 23:51,1,2,0
UNC,989.001030620667000,12/15/2025 23:49,1,2,0
UNC,989.001030620667000,12/15/2025 23:48,1,2,0
UNC,989.001030621374000,12/15/2025 23:47,1,7,0
UNC,989.001030620667000,12/15/2025 23:47,1,2,0
UNC,989.001030620667000,12/15/2025 23:46,1,2,0
UNC,989.001030620667000,12/15/2025 23:45,1,2,0
UNC,989.001030621374000,12/15/2025 23:44,1,7,0
UNC,989.001030620667000,12/15/2025 23:44,1,2,0
UNC,989.001030621374000,12/15/2025 23:43,1,7,0
UNC,989.001030620667000,12/15/2025 23:42,1,2,0
UNC,989.001030620667000,12/15/2025 23:41,1,2,0
UNC,989.001030620667000,12/15/2025 23:40,1,2,0
UNC,989.001040500035000,12/15/2025 23:40,1,7,0
UNC,989.001030620667000,12/15/2025 23:39,1,2,0
UNC,989.001040500035000,12/15/2025 23:39,1,7,0
UNC,989.001030620667000,12/15/2025 23:38,1,2,0
UNC,989.001040500035000,12/15/2025 23:38,1,7,0
UNC,989.001030620667000,12/15/2025 23:37,1,2,0
UNC,989.001040500035000,12/15/2025 23:36,1,7,0
UNC,989.001030620667000,12/15/2025 23:36,1,2,0
UNC,989.001040500035000,12/15/2025 23:35,1,7,0
UNC,989.001030621374000,12/15/2025 23:35,1,6,0
UNC,989.001030620667000,12/15/2025 23:34,1,2,0
UNC,989.001040500035000,12/15/2025 23:34,1,7,0
UNC,989.001030620667000,12/15/2025 23:33,1,2,0
UNC,989.001030620667000,12/15/2025 23:32,1,2,0
UNC,989.001040500035000,12/15/2025 23:31,1,7,0
UNC,989.001030620667000,12/15/2025 23:31,1,2,0
UNC,989.001040500035000,12/15/2025 23:30,1,7,0
UNC,989.001030620667000,12/15/2025 23:30,1,2,0
UNC,989.001040500035000,12/15/2025 23:30,1,6,0
UNC,989.001040500035000,12/15/2025 23:29,1,6,0
UNC,989.001030620667000,12/15/2025 23:28,1,2,0
UNC,989.001040500035000,12/15/2025 23:28,1,6,0
UNC,989.001040500035000,12/15/2025 23:27,1,6,0
UNC,989.001040500035000,12/15/2025 23:26,1,6,0
UNC,989.001040500035000,12/15/2025 23:25,1,6,0
UNC,989.001040500035000,12/15/2025 23:24,1,6,0
UNC,989.001040500035000,12/15/2025 23:22,1,6,0
UNC,989.001040500035000,12/15/2025 23:22,1,7,0
UNC,989.001040500035000,12/15/2025 23:21,1,7,0
UNC,989.001040500035000,12/15/2025 23:20,1,7,0
UNC,989.001040500035000,12/15/2025 23:19,1,7,0
UNC,989.001040500035000,12/15/2025 23:16,1,7,0
UNC,989.001040500035000,12/15/2025 23:15,1,7,0
UNC,989.001040500035000,12/15/2025 23:14,1,7,0
UNC,989.001040500035000,12/15/2025 23:13,1,7,0
UNC,989.001040500035000,12/15/2025 23:12,1,7,0
UNC,989.001040500035000,12/15/2025 23:11,1,7,0
UNC,989.001040500035000,12/15/2025 23:10,1,7,0
UNC,989.001040500035000,12/15/2025 23:09,1,7,0
UNC,989.001040500035000,12/15/2025 23:08,1,7,0
UNC,989.001040500035000,12/15/2025 23:07,1,7,0
UNC,989.001040500035000,12/15/2025 23:06,1,7,0
UNC,989.001040500035000,12/15/2025 23:05,1,7,0
UNC,989.001040500035000,12/15/2025 23:04,1,7,0
UNC,989.001040500035000,12/15/2025 23:03,1,7,0
UNC,989.001040500035000,12/15/2025 23:02,1,7,0
UNC,989.001040500035000,12/15/2025 23:00,1,7,0
UNC,989.001040500035000,12/15/2025 22:59,1,7,0
UNC,989.001030621374000,12/15/2025 22:59,1,6,0
UNC,989.001040500035000,12/15/2025 22:58,1,7,0
UNC,989.001040500035000,12/15/2025 22:57,1,7,0
UNC,989.001040500035000,12/15/2025 22:56,1,7,0
UNC,989.001030620186000,12/15/2025 22:54,1,8,0
UNC,989.001030621374000,12/15/2025 22:54,1,9,0
UNC,989.001030621374000,12/15/2025 22:54,1,8,0
UNC,989.001040500035000,12/15/2025 22:54,1,7,0
UNC,989.001040500035000,12/15/2025 22:53,1,7,0
UNC,989.001040500035000,12/15/2025 22:52,1,7,0
UNC,989.001040500035000,12/15/2025 22:51,1,7,0
UNC,989.001040500035000,12/15/2025 22:50,1,7,0
UNC,989.001040500035000,12/15/2025 22:49,1,7,0
UNC,989.001040500035000,12/15/2025 22:48,1,7,0
UNC,989.001040500035000,12/15/2025 22:46,1,7,0
UNC,989.001030621374000,12/15/2025 22:46,1,7,0
UNC,989.001040500035000,12/15/2025 22:45,1,7,0
UNC,989.001040500035000,12/15/2025 22:43,1,7,0
UNC,989.001040500035000,12/15/2025 22:42,1,7,0
UNC,989.001030621374000,12/15/2025 22:42,1,7,0
UNC,989.001030621374000,12/15/2025 22:37,1,8,0
UNC,989.001030621374000,12/15/2025 22:35,1,7,0
UNC,989.002028176996000,12/15/2025 22:29,1,2,0
UNC,989.002028176996000,12/15/2025 22:29,1,3,0
UNC,989.002028176996000,12/15/2025 22:27,1,3,0
UNC,989.002028176996000,12/15/2025 22:26,1,3,0
UNC,989.001030621374000,12/15/2025 22:26,1,2,0
UNC,989.002028176996000,12/15/2025 22:18,1,2,0
UNC,989.001030621374000,12/15/2025 22:18,1,6,0
UNC,989.002028176996000,12/15/2025 22:17,1,2,0
UNC,989.002028176996000,12/15/2025 22:16,1,2,0
UNC,989.002028176996000,12/15/2025 22:15,1,2,0
UNC,989.002028176996000,12/15/2025 22:13,1,2,0
UNC,989.002028176996000,12/15/2025 22:12,1,2,0
UNC,989.002028177108000,12/15/2025 22:08,1,3,0
UNC,989.001040500035000,12/15/2025 22:04,1,7,0
UNC,989.002028176996000,12/15/2025 22:03,1,3,0
UNC,989.002028176996000,12/15/2025 22:02,1,3,0
UNC,989.002028176996000,12/15/2025 22:01,1,3,0
UNC,989.002028176996000,12/15/2025 21:59,1,3,0
UNC,989.002028176996000,12/15/2025 21:58,1,3,0
UNC,989.002028176996000,12/15/2025 21:53,1,3,0
UNC,989.002028176996000,12/15/2025 21:52,1,3,0
UNC,989.002028176996000,12/15/2025 21:51,1,3,0
UNC,989.001030621374000,12/15/2025 21:50,1,6,0
UNC,989.002028176996000,12/15/2025 21:50,1,3,0
UNC,989.001040500035000,12/15/2025 21:49,1,7,0
UNC,989.002028176996000,12/15/2025 21:37,1,2,0
UNC,989.002028176996000,12/15/2025 21:36,1,2,0
UNC,989.002028176996000,12/15/2025 21:34,1,2,0
UNC,989.002028176996000,12/15/2025 21:34,1,3,0
UNC,989.002028176996000,12/15/2025 21:29,1,3,0
UNC,989.001030621374000,12/15/2025 21:28,1,8,0
UNC,989.001040500035000,12/15/2025 21:13,1,7,0
UNC,989.002028176996000,12/15/2025 21:06,1,2,0
UNC,989.002028176996000,12/15/2025 21:06,1,3,0
UNC,989.002028176996000,12/15/2025 21:00,1,1,0
UNC,989.002028176996000,12/15/2025 21:00,1,2,0
UNC,989.002028176996000,12/15/2025 20:59,1,2,0
UNC,989.002028176996000,12/15/2025 20:58,1,2,0
UNC,989.002028176996000,12/15/2025 20:57,1,2,0
UNC,989.002028176996000,12/15/2025 20:56,1,2,0
UNC,989.002028176996000,12/15/2025 20:55,1,2,0
UNC,989.002028176996000,12/15/2025 20:54,1,2,0
UNC,989.002028176996000,12/15/2025 20:50,1,2,0
UNC,989.001030620186000,12/15/2025 20:49,1,8,0
UNC,989.002028176996000,12/15/2025 20:49,1,2,0
UNC,989.001030620186000,12/15/2025 20:48,1,8,0
UNC,989.002028176996000,12/15/2025 20:48,1,2,0
UNC,989.002028176996000,12/15/2025 20:46,1,2,0
UNC,989.002028176996000,12/15/2025 20:45,1,2,0
UNC,989.001040500035000,12/15/2025 20:45,1,7,0
UNC,989.002028176996000,12/15/2025 20:44,1,2,0
UNC,989.002028176996000,12/15/2025 20:41,1,2,0
UNC,989.001040500035000,12/15/2025 20:39,1,7,0
UNC,989.001040500035000,12/15/2025 20:38,1,7,0
UNC,989.002028176996000,12/15/2025 20:38,1,3,0
UNC,989.001040500035000,12/15/2025 20:37,1,7,0
UNC,989.002028176996000,12/15/2025 20:37,1,3,0
UNC,989.001040500035000,12/15/2025 20:36,1,7,0
UNC,989.002028176996000,12/15/2025 20:36,1,3,0
UNC,989.001040500035000,12/15/2025 20:35,1,7,0
UNC,989.002028176996000,12/15/2025 20:34,1,3,0
UNC,989.001040500035000,12/15/2025 20:34,1,7,0
UNC,989.001030621374000,12/15/2025 20:34,1,1,0
UNC,989.001040500035000,12/15/2025 20:33,1,7,0
UNC,989.001040500035000,12/15/2025 20:32,1,7,0
UNC,989.001040500035000,12/15/2025 20:31,1,7,0
UNC,989.001040500035000,12/15/2025 20:30,1,7,0
UNC,989.001030621374000,12/15/2025 20:30,1,7,0
UNC,989.001040500035000,12/15/2025 20:29,1,7,0
UNC,989.001040500035000,12/15/2025 20:28,1,7,0
UNC,989.001040500035000,12/15/2025 20:27,1,7,0
UNC,989.001030621374000,12/15/2025 20:26,1,8,0
UNC,989.001040500035000,12/15/2025 20:26,1,7,0
UNC,989.001040500035000,12/15/2025 20:25,1,7,0
UNC,989.001030621374000,12/15/2025 20:24,1,6,0
UNC,989.001040500035000,12/15/2025 20:24,1,7,0
UNC,989.002028176996000,12/15/2025 20:23,1,2,0
UNC,989.001040500035000,12/15/2025 20:23,1,7,0
UNC,989.002028176996000,12/15/2025 20:22,1,2,0
UNC,989.001040500035000,12/15/2025 20:22,1,7,0
UNC,989.002028176996000,12/15/2025 20:21,1,2,0
UNC,989.001040500035000,12/15/2025 20:21,1,7,0
UNC,989.001030621374000,12/15/2025 20:20,1,7,0
UNC,989.002028176996000,12/15/2025 20:20,1,2,0
UNC,989.001040500035000,12/15/2025 20:20,1,7,0
UNC,989.002028176996000,12/15/2025 20:20,1,3,0
UNC,989.001040500035000,12/15/2025 20:19,1,7,0
UNC,989.002028176996000,12/15/2025 20:18,1,3,0
UNC,989.001040500035000,12/15/2025 20:18,1,7,0
UNC,989.001040500035000,12/15/2025 20:17,1,7,0
UNC,989.001040500035000,12/15/2025 20:16,1,7,0
UNC,989.001040500035000,12/15/2025 20:15,1,7,0
UNC,989.001040500035000,12/15/2025 20:14,1,7,0
UNC,989.001040500035000,12/15/2025 20:13,1,7,0
UNC,989.001030621374000,12/15/2025 20:12,1,7,0
UNC,989.001040500035000,12/15/2025 20:12,1,7,0
UNC,989.001040500035000,12/15/2025 20:11,1,7,0
UNC,989.001030620186000,12/15/2025 20:10,1,8,0
UNC,989.001030621497000,12/15/2025 20:09,1,7,0
UNC,989.001030620186000,12/15/2025 20:06,1,7,0
UNC,989.001030621374000,12/15/2025 20:05,1,8,0
UNC,989.001030621374000,12/15/2025 20:05,1,7,0
UNC,989.001030621374000,12/15/2025 20:04,1,7,0
UNC,989.001030621497000,12/15/2025 20:02,1,1,0
UNC,989.001030621374000,12/15/2025 20:00,1,7,0
UNC,989.001030621374000,12/15/2025 19:59,1,7,0
UNC,989.002028176996000,12/15/2025 19:56,1,3,0
UNC,989.002028176996000,12/15/2025 19:55,1,3,0
UNC,989.001030621374000,12/15/2025 19:54,1,7,0
UNC,989.002028176996000,12/15/2025 19:54,1,3,0
UNC,989.002028176996000,12/15/2025 19:53,1,3,0
UNC,989.002028176996000,12/15/2025 19:51,1,3,0
UNC,989.001030621374000,12/15/2025 19:51,1,6,0
UNC,989.002028176996000,12/15/2025 19:50,1,3,0
UNC,989.002028176996000,12/15/2025 19:49,1,3,0
UNC,989.002028176996000,12/15/2025 19:48,1,3,0
UNC,989.001030621374000,12/15/2025 19:47,1,6,0
UNC,989.002028176996000,12/15/2025 19:47,1,3,0
UNC,989.001040500035000,12/15/2025 19:45,1,8,0
UNC,989.001030620667000,12/15/2025 19:44,1,2,0
UNC,989.001040500035000,12/15/2025 19:44,1,7,0
UNC,989.001040500035000,12/15/2025 19:43,1,7,0
UNC,989.001030620667000,12/15/2025 19:43,1,2,0
UNC,989.001030620667000,12/15/2025 19:41,1,2,0
UNC,989.001030620667000,12/15/2025 19:40,1,2,0
UNC,989.001030620667000,12/15/2025 19:39,1,2,0
UNC,989.001040500035000,12/15/2025 19:39,1,7,0
UNC,989.001040500035000,12/15/2025 19:38,1,7,0
UNC,989.001030620667000,12/15/2025 19:38,1,2,0
UNC,989.001040500035000,12/15/2025 19:37,1,7,0
UNC,989.001030620667000,12/15/2025 19:37,1,2,0
UNC,989.001040500035000,12/15/2025 19:36,1,7,0
UNC,989.001030620667000,12/15/2025 19:36,1,2,0
UNC,989.002028176996000,12/15/2025 19:35,1,2,0
UNC,989.001040500035000,12/15/2025 19:35,1,7,0
UNC,989.002028176996000,12/15/2025 19:34,1,2,0
UNC,989.001040500035000,12/15/2025 19:34,1,7,0
UNC,989.001030621374000,12/15/2025 19:34,1,6,0
UNC,989.001040500035000,12/15/2025 19:33,1,7,0
UNC,989.002028176996000,12/15/2025 19:33,1,2,0
UNC,989.001030621374000,12/15/2025 19:33,1,6,0
UNC,989.001040500035000,12/15/2025 19:32,1,7,0
UNC,989.002028176996000,12/15/2025 19:32,1,2,0
UNC,989.001040500035000,12/15/2025 19:31,1,7,0
UNC,989.002028176996000,12/15/2025 19:30,1,2,0
UNC,989.001040500035000,12/15/2025 19:30,1,7,0
UNC,989.002028176996000,12/15/2025 19:29,1,2,0
UNC,989.001040500035000,12/15/2025 19:29,1,7,0
UNC,989.002028176996000,12/15/2025 19:28,1,2,0
UNC,989.001040500035000,12/15/2025 19:28,1,7,0
UNC,989.001040500035000,12/15/2025 19:27,1,7,0
UNC,989.002028176996000,12/15/2025 19:26,1,2,0
UNC,989.002028176996000,12/15/2025 19:26,1,3,0
UNC,989.001040500035000,12/15/2025 19:26,1,7,0
UNC,989.001040500035000,12/15/2025 19:24,1,7,0
UNC,989.001040500035000,12/15/2025 19:23,1,7,0
UNC,989.002028176996000,12/15/2025 19:23,1,3,0
UNC,989.001040500035000,12/15/2025 19:22,1,7,0
UNC,989.001030621374000,12/15/2025 19:21,1,6,0
UNC,989.001040500035000,12/15/2025 19:21,1,7,0
UNC,989.001040500035000,12/15/2025 19:20,1,7,0
UNC,989.001040500035000,12/15/2025 19:19,1,7,0
UNC,989.001030621374000,12/15/2025 19:19,1,6,0
UNC,989.001040500035000,12/15/2025 19:18,1,7,0
UNC,989.001040500035000,12/15/2025 19:17,1,7,0
UNC,989.001030621374000,12/15/2025 19:16,1,6,0
UNC,989.001040500035000,12/15/2025 19:16,1,7,0
UNC,989.001030621374000,12/15/2025 19:15,1,6,0
UNC,989.001040500035000,12/15/2025 19:15,1,7,0
UNC,989.001040500035000,12/15/2025 19:14,1,7,0
UNC,989.001040500035000,12/15/2025 19:13,1,7,0
UNC,989.002028176996000,12/15/2025 19:12,1,2,0
UNC,989.001040500035000,12/15/2025 19:12,1,7,0
UNC,989.002028176996000,12/15/2025 19:11,1,2,0
UNC,989.001040500035000,12/15/2025 19:11,1,7,0
UNC,989.002028176996000,12/15/2025 19:10,1,2,0
UNC,989.001040500035000,12/15/2025 19:09,1,7,0
UNC,989.002028176996000,12/15/2025 19:09,1,2,0
UNC,989.001030620667000,12/15/2025 19:09,1,1,0
UNC,989.001040500035000,12/15/2025 19:08,1,7,0
UNC,989.002028176996000,12/15/2025 19:07,1,2,0
UNC,989.001040500035000,12/15/2025 19:07,1,7,0
UNC,989.002028176996000,12/15/2025 19:06,1,2,0
UNC,989.001040500035000,12/15/2025 19:06,1,7,0
UNC,989.002028176996000,12/15/2025 19:05,1,2,0
UNC,989.001040500035000,12/15/2025 19:05,1,7,0
UNC,989.002028176996000,12/15/2025 19:04,1,2,0
UNC,989.001040500035000,12/15/2025 19:04,1,7,0
UNC,989.002028176996000,12/15/2025 19:03,1,1,0
UNC,989.001040500035000,12/15/2025 19:03,1,7,0
UNC,989.002028176996000,12/15/2025 19:03,1,2,0
UNC,989.001040500035000,12/15/2025 19:02,1,7,0
UNC,989.001040500035000,12/15/2025 19:01,1,7,0
UNC,989.001040500035000,12/15/2025 19:00,1,7,0
UNC,989.001040500035000,12/15/2025 18:59,1,7,0
UNC,989.001040500035000,12/15/2025 18:58,1,7,0
UNC,989.001040500035000,12/15/2025 18:57,1,7,0
UNC,989.001040500035000,12/15/2025 18:56,1,7,0
UNC,989.001030621374000,12/15/2025 18:55,1,6,0
UNC,989.001040500035000,12/15/2025 18:55,1,7,0
UNC,989.001030620186000,12/15/2025 18:54,1,9,0
UNC,989.001040500035000,12/15/2025 18:54,1,7,0
UNC,989.001030621374000,12/15/2025 18:54,1,7,0
UNC,989.001030621374000,12/15/2025 18:54,1,6,0
UNC,989.001040500035000,12/15/2025 18:53,1,7,0
UNC,989.001040500035000,12/15/2025 18:52,1,7,0
UNC,989.001030621374000,12/15/2025 18:51,1,6,0
UNC,989.001040500035000,12/15/2025 18:51,1,7,0
UNC,989.001030621374000,12/15/2025 18:50,1,6,0
UNC,989.001040500035000,12/15/2025 18:50,1,7,0
UNC,989.001030621374000,12/15/2025 18:49,1,6,0
UNC,989.001040500035000,12/15/2025 18:49,1,7,0
UNC,989.001030621374000,12/15/2025 18:48,1,6,0
UNC,989.001040500035000,12/15/2025 18:48,1,7,0
UNC,989.001030621374000,12/15/2025 18:47,1,6,0
UNC,989.001040500035000,12/15/2025 18:47,1,7,0
UNC,989.001030621374000,12/15/2025 18:46,1,6,0
UNC,989.001040500035000,12/15/2025 18:46,1,7,0
UNC,989.001030620667000,12/15/2025 18:45,1,6,0
UNC,989.001030621374000,12/15/2025 18:45,1,6,0
UNC,989.001040500035000,12/15/2025 18:45,1,7,0
UNC,989.001030620667000,12/15/2025 18:44,1,6,0
UNC,989.001040500035000,12/15/2025 18:44,1,7,0
UNC,989.001030620186000,12/15/2025 18:43,1,9,0
UNC,989.001030621374000,12/15/2025 18:43,1,6,0
UNC,989.001040500035000,12/15/2025 18:43,1,7,0
UNC,989.001030621374000,12/15/2025 18:42,1,6,0
UNC,989.001040500035000,12/15/2025 18:41,1,7,0
UNC,989.001030620186000,12/15/2025 18:41,1,9,0
UNC,989.001030621374000,12/15/2025 18:41,1,6,0
UNC,989.001040500035000,12/15/2025 18:40,1,7,0
UNC,989.001030621374000,12/15/2025 18:40,1,6,0
UNC,989.001040500035000,12/15/2025 18:39,1,7,0
UNC,989.001030621374000,12/15/2025 18:39,1,6,0
UNC,989.001040500035000,12/15/2025 18:38,1,7,0
UNC,989.001040500035000,12/15/2025 18:37,1,7,0
UNC,989.001040500035000,12/15/2025 18:36,1,7,0
UNC,989.001030621374000,12/15/2025 18:35,1,7,0
UNC,989.001030621374000,12/15/2025 18:34,1,7,0
UNC,989.001030621374000,12/15/2025 18:31,1,7,0
UNC,989.001040500035000,12/15/2025 18:27,1,7,0
UNC,989.001030620667000,12/15/2025 18:26,1,6,0
UNC,989.001030620667000,12/15/2025 18:26,1,7,0
UNC,989.001030621374000,12/15/2025 18:26,1,7,0
UNC,989.001030620667000,12/15/2025 18:25,1,8,0
UNC,989.001030621374000,12/15/2025 18:25,1,8,0
UNC,989.001040500035000,12/15/2025 18:25,1,7,0
UNC,989.002028176996000,12/15/2025 18:24,1,3,0
UNC,989.001040500035000,12/15/2025 18:24,1,7,0
UNC,989.001040500035000,12/15/2025 18:23,1,7,0
UNC,989.001030621374000,12/15/2025 18:22,1,8,0
UNC,989.001040500035000,12/15/2025 18:22,1,7,0
UNC,989.002028176996000,12/15/2025 18:21,1,3,0
UNC,989.001040500035000,12/15/2025 18:21,1,7,0
UNC,989.001040500035000,12/15/2025 18:20,1,7,0
UNC,989.002028176996000,12/15/2025 18:19,1,3,0
UNC,989.001030621374000,12/15/2025 18:19,1,6,0
UNC,989.001040500035000,12/15/2025 18:19,1,7,0
UNC,989.002028176996000,12/15/2025 18:18,1,3,0
UNC,989.001030621374000,12/15/2025 18:18,1,2,0
UNC,989.001040500035000,12/15/2025 18:18,1,7,0
UNC,989.001030621374000,12/15/2025 18:17,1,1,0
UNC,989.001040500035000,12/15/2025 18:17,1,7,0
UNC,989.002028176996000,12/15/2025 18:16,1,1,0
UNC,989.002028176996000,12/15/2025 18:16,1,2,0
UNC,989.001040500035000,12/15/2025 18:16,1,7,0
UNC,989.001040500035000,12/15/2025 18:15,1,7,0
UNC,989.002028176996000,12/15/2025 18:14,1,2,0
UNC,989.001040500035000,12/15/2025 18:13,1,7,0
UNC,989.002028176996000,12/15/2025 18:13,1,2,0
UNC,989.001040500035000,12/15/2025 18:12,1,7,0
UNC,989.001040500035000,12/15/2025 18:11,1,7,0
UNC,989.001040500035000,12/15/2025 18:10,1,7,0
UNC,989.001040500035000,12/15/2025 18:09,1,7,0
UNC,989.001040500035000,12/15/2025 18:08,1,7,0
UNC,989.001040500035000,12/15/2025 18:07,1,7,0
UNC,989.001040500035000,12/15/2025 18:06,1,7,0
UNC,989.002028176996000,12/15/2025 18:06,1,3,0
UNC,989.001040500035000,12/15/2025 18:05,1,7,0
UNC,989.001040500035000,12/15/2025 18:04,1,7,0
UNC,989.001040500035000,12/15/2025 18:03,1,7,0
UNC,989.001030620667000,12/15/2025 17:44,1,8,0
UNC,989.001030620667000,12/15/2025 17:43,1,8,0
UNC,989.001030620667000,12/15/2025 17:42,1,8,0
UNC,989.001030620667000,12/15/2025 17:41,1,8,0
UNC,989.001030620667000,12/15/2025 17:40,1,8,0
UNC,989.001040500035000,12/15/2025 17:39,1,7,0
UNC,989.001030620667000,12/15/2025 17:39,1,8,0
UNC,989.001040500035000,12/15/2025 17:38,1,7,0
UNC,989.001030620667000,12/15/2025 17:38,1,8,0
UNC,989.001030620667000,12/15/2025 17:37,1,8,0
UNC,989.001040500035000,12/15/2025 17:35,1,7,0
UNC,989.001030620667000,12/15/2025 17:35,1,8,0
UNC,989.001040500035000,12/15/2025 17:34,1,6,0
UNC,989.001030620667000,12/15/2025 17:34,1,8,0
UNC,989.001040500035000,12/15/2025 17:34,1,7,0
UNC,989.001040500035000,12/15/2025 17:33,1,6,0
UNC,989.001030620667000,12/15/2025 17:33,1,8,0
UNC,989.001040500035000,12/15/2025 17:32,1,6,0
UNC,989.001030620667000,12/15/2025 17:32,1,8,0
UNC,989.001040500035000,12/15/2025 17:31,1,6,0
UNC,989.001030620667000,12/15/2025 17:30,1,8,0
UNC,989.001040500035000,12/15/2025 17:30,1,6,0
UNC,989.001040500035000,12/15/2025 17:30,1,7,0
UNC,989.001030620667000,12/15/2025 17:29,1,8,0
UNC,989.001040500035000,12/15/2025 17:29,1,6,0
UNC,989.001030620667000,12/15/2025 17:28,1,8,0
UNC,989.001040500035000,12/15/2025 17:28,1,6,0
UNC,989.001030620667000,12/15/2025 17:27,1,8,0
UNC,989.001040500035000,12/15/2025 17:27,1,6,0
UNC,989.001030620667000,12/15/2025 17:26,1,8,0
UNC,989.001040500035000,12/15/2025 17:26,1,6,0
UNC,989.001040500035000,12/15/2025 17:25,1,6,0
UNC,989.001040500035000,12/15/2025 17:25,1,7,0
UNC,989.001030620667000,12/15/2025 17:24,1,6,0
UNC,989.001040500035000,12/15/2025 17:23,1,7,0
UNC,989.001030620667000,12/15/2025 17:23,1,6,0
UNC,989.001040500035000,12/15/2025 17:22,1,7,0
UNC,989.001030620667000,12/15/2025 17:22,1,6,0
UNC,989.001040500035000,12/15/2025 17:21,1,7,0
UNC,989.001030620667000,12/15/2025 17:21,1,6,0
UNC,989.001030620667000,12/15/2025 17:20,1,6,0
UNC,989.001030620667000,12/15/2025 17:19,1,6,0
UNC,989.001030620667000,12/15/2025 17:18,1,8,0
UNC,989.001040500035000,12/15/2025 7:08,1,6,0
UNC,989.001040500035000,12/15/2025 7:06,1,6,0
UNC,989.001040500035000,12/15/2025 7:05,1,6,0
UNC,989.001040500035000,12/15/2025 7:04,1,6,0
UNC,989.001030620668000,12/15/2025 6:46,1,7,0
UNC,989.001040500035000,12/15/2025 6:45,1,7,0
UNC,989.001040500035000,12/15/2025 6:44,1,7,0
UNC,989.001040500035000,12/15/2025 6:43,1,6,0
UNC,989.001040500035000,12/15/2025 6:42,1,6,0
UNC,989.001040500035000,12/15/2025 6:41,1,6,0
UNC,989.001040500035000,12/15/2025 6:40,1,7,0
UNC,989.001040500035000,12/15/2025 6:40,1,6,0
UNC,989.001040500035000,12/15/2025 6:39,1,7,0
UNC,989.001030620668000,12/15/2025 6:38,1,7,0
UNC,989.001040500035000,12/15/2025 6:38,1,7,0
UNC,989.002028177108000,12/15/2025 6:37,1,1,0
UNC,989.001040500035000,12/15/2025 6:36,1,7,0
UNC,989.001040500035000,12/15/2025 6:35,1,7,0
UNC,989.002028177108000,12/15/2025 6:35,1,6,0
UNC,989.002028177108000,12/15/2025 6:34,1,1,0
UNC,989.001040500035000,12/15/2025 6:34,1,7,0
UNC,989.001040500035000,12/15/2025 6:33,1,7,0
UNC,989.001030620668000,12/15/2025 6:24,1,6,0
UNC,989.002028176996000,12/15/2025 6:22,1,8,0
UNC,989.002028176996000,12/15/2025 6:21,1,8,0
UNC,989.002028176996000,12/15/2025 6:20,1,8,0
UNC,989.002028176996000,12/15/2025 6:19,1,8,0
UNC,989.002028176996000,12/15/2025 6:18,1,8,0
UNC,989.002028176996000,12/15/2025 6:17,1,8,0
UNC,989.002028176996000,12/15/2025 6:16,1,8,0
UNC,989.002028176996000,12/15/2025 6:15,1,8,0
UNC,989.002028176996000,12/15/2025 6:14,1,8,0
UNC,989.002028176996000,12/15/2025 6:13,1,8,0
UNC,989.002028176996000,12/15/2025 6:12,1,8,0
UNC,989.002028176996000,12/15/2025 6:11,1,8,0
UNC,989.002028176996000,12/15/2025 6:10,1,8,0
UNC,989.002028176996000,12/15/2025 6:09,1,8,0
UNC,989.002028176996000,12/15/2025 6:08,1,8,0
UNC,989.002028176996000,12/15/2025 6:07,1,8,0
UNC,989.002028176996000,12/15/2025 6:06,1,8,0
UNC,989.002028176996000,12/15/2025 6:05,1,8,0
UNC,989.002028176996000,12/15/2025 6:04,1,8,0
UNC,989.001040500035000,12/15/2025 6:04,1,7,0
UNC,989.002028176996000,12/15/2025 6:03,1,8,0
UNC,989.001040500035000,12/15/2025 6:03,1,7,0
UNC,989.002028176996000,12/15/2025 6:02,1,8,0
UNC,989.001040500035000,12/15/2025 6:02,1,7,0
UNC,989.002028176996000,12/15/2025 6:01,1,8,0
UNC,989.001040500035000,12/15/2025 6:00,1,7,0
UNC,989.002028176996000,12/15/2025 6:00,1,8,0
UNC,989.002028176996000,12/15/2025 5:59,1,8,0
UNC,989.002028176996000,12/15/2025 5:58,1,8,0
UNC,989.002028176996000,12/15/2025 5:57,1,8,0
UNC,989.002028176996000,12/15/2025 5:56,1,8,0
UNC,989.002028176996000,12/15/2025 5:55,1,8,0
UNC,989.002028176996000,12/15/2025 5:54,1,8,0
UNC,989.002028176996000,12/15/2025 5:53,1,8,0
UNC,989.002028176996000,12/15/2025 5:52,1,8,0
UNC,989.002028176996000,12/15/2025 5:51,1,8,0
UNC,989.002028176996000,12/15/2025 5:50,1,8,0
UNC,989.002028176996000,12/15/2025 5:49,1,8,0
UNC,989.002028176996000,12/15/2025 5:48,1,8,0
UNC,989.002028176996000,12/15/2025 5:47,1,8,0
UNC,989.002028176996000,12/15/2025 5:46,1,8,0
UNC,989.002028176996000,12/15/2025 5:45,1,8,0
UNC,989.002028176996000,12/15/2025 5:44,1,8,0
UNC,989.002028176996000,12/15/2025 5:43,1,8,0
UNC,989.002028176996000,12/15/2025 5:42,1,8,0
UNC,989.002028176996000,12/15/2025 5:41,1,8,0
UNC,989.002028176996000,12/15/2025 5:40,1,8,0
UNC,989.002028176996000,12/15/2025 5:39,1,8,0
UNC,989.002028176996000,12/15/2025 5:38,1,8,0
UNC,989.002028176996000,12/15/2025 5:37,1,8,0
UNC,989.002028176996000,12/15/2025 5:36,1,8,0
UNC,989.002028176996000,12/15/2025 5:35,1,8,0
UNC,989.002028176996000,12/15/2025 5:34,1,8,0
UNC,989.002028176996000,12/15/2025 5:33,1,8,0
UNC,989.002028176996000,12/15/2025 5:31,1,8,0
UNC,989.002028176996000,12/15/2025 5:30,1,8,0
UNC,989.002028176996000,12/15/2025 5:29,1,8,0
UNC,989.002028176996000,12/15/2025 5:28,1,8,0
UNC,989.002028176996000,12/15/2025 5:27,1,8,0
UNC,989.002028176996000,12/15/2025 5:26,1,8,0
UNC,989.002028176996000,12/15/2025 5:25,1,8,0
UNC,989.002028176996000,12/15/2025 5:24,1,8,0
UNC,989.002028176996000,12/15/2025 5:23,1,8,0
UNC,989.002028176996000,12/15/2025 5:22,1,8,0
UNC,989.002028176996000,12/15/2025 5:21,1,8,0
UNC,989.002028176996000,12/15/2025 5:20,1,8,0
UNC,989.002028176996000,12/15/2025 5:19,1,8,0
UNC,989.002028176996000,12/15/2025 5:18,1,8,0
UNC,989.002028176996000,12/15/2025 5:17,1,8,0
UNC,989.002028176996000,12/15/2025 5:16,1,8,0
UNC,989.002028176996000,12/15/2025 5:15,1,8,0
UNC,989.002028176996000,12/15/2025 5:14,1,8,0
UNC,989.002028176996000,12/15/2025 5:13,1,8,0
UNC,989.002028176996000,12/15/2025 5:12,1,8,0
UNC,989.002028176996000,12/15/2025 5:11,1,8,0
UNC,989.002028176996000,12/15/2025 5:10,1,8,0
UNC,989.002028176996000,12/15/2025 5:09,1,8,0
UNC,989.002028176996000,12/15/2025 5:08,1,8,0
UNC,989.002028176996000,12/15/2025 5:07,1,8,0
UNC,989.002028176996000,12/15/2025 5:06,1,8,0
UNC,989.002028176996000,12/15/2025 5:05,1,8,0
UNC,989.002028176996000,12/15/2025 5:04,1,8,0
UNC,989.002028176996000,12/15/2025 5:03,1,8,0
UNC,989.002028176996000,12/15/2025 5:02,1,8,0
UNC,989.002028176996000,12/15/2025 5:01,1,8,0
UNC,989.002028176996000,12/15/2025 5:00,1,8,0
UNC,989.002028176996000,12/15/2025 4:59,1,8,0
UNC,989.001030621374000,12/15/2025 4:50,1,3,0
UNC,989.001030621374000,12/15/2025 4:49,1,2,0
UNC,989.001030621374000,12/15/2025 4:46,1,2,0
UNC,989.001030621374000,12/15/2025 4:38,1,6,0
UNC,989.001030621374000,12/15/2025 4:37,1,6,0
UNC,989.001030621374000,12/15/2025 4:35,1,2,0
UNC,989.002028176996000,12/15/2025 4:29,1,2,0
UNC,989.002028176996000,12/15/2025 4:28,1,2,0
UNC,989.002028176996000,12/15/2025 4:26,1,2,0
UNC,989.002028176996000,12/15/2025 4:25,1,2,0
UNC,989.002028176996000,12/15/2025 4:20,1,3,0
UNC,989.002028176996000,12/15/2025 4:04,1,1,0
UNC,989.002028176996000,12/15/2025 4:04,1,2,0
UNC,989.002028176996000,12/15/2025 4:02,1,2,0
UNC,989.002028176996000,12/15/2025 4:01,1,2,0
UNC,989.002028176996000,12/15/2025 3:37,1,2,0
UNC,989.002028176996000,12/15/2025 3:36,1,2,0
UNC,989.002028176996000,12/15/2025 3:34,1,2,0
UNC,989.002028176996000,12/15/2025 3:33,1,2,0
UNC,989.001040500035000,12/15/2025 3:33,1,6,0
UNC,989.002028176996000,12/15/2025 3:32,1,2,0
UNC,989.001040500035000,12/15/2025 3:30,1,6,0
UNC,989.001040500035000,12/15/2025 3:29,1,7,0
UNC,989.001040500035000,12/15/2025 3:28,1,7,0
UNC,989.001040500035000,12/15/2025 3:26,1,7,0
UNC,989.002028176996000,12/15/2025 3:25,1,2,0
UNC,989.001040500035000,12/15/2025 3:25,1,6,0
UNC,989.002028176996000,12/15/2025 3:24,1,2,0
UNC,989.001040500035000,12/15/2025 3:24,1,6,0
UNC,989.002028176996000,12/15/2025 3:23,1,2,0
UNC,989.001040500035000,12/15/2025 3:23,1,6,0
UNC,989.002028176996000,12/15/2025 3:22,1,2,0
UNC,989.001040500035000,12/15/2025 3:22,1,6,0
UNC,989.002028176996000,12/15/2025 3:21,1,2,0
UNC,989.002028176996000,12/15/2025 3:20,1,2,0
UNC,989.002028176996000,12/15/2025 3:19,1,2,0
UNC,989.001040500035000,12/15/2025 3:19,1,7,0
UNC,989.002028176996000,12/15/2025 3:17,1,2,0
UNC,989.002028176996000,12/15/2025 3:16,1,2,0
UNC,989.002028176996000,12/15/2025 3:15,1,2,0
UNC,989.002028176996000,12/15/2025 3:14,1,2,0
UNC,989.002028176996000,12/15/2025 3:12,1,2,0
UNC,989.002028176996000,12/15/2025 3:11,1,2,0
UNC,989.002028176996000,12/15/2025 3:10,1,2,0
UNC,989.002028176996000,12/15/2025 3:09,1,2,0
UNC,989.002028176996000,12/15/2025 2:59,1,2,0
UNC,989.002028176996000,12/15/2025 2:58,1,2,0
UNC,989.002028176996000,12/15/2025 2:56,1,2,0
UNC,989.002028176996000,12/15/2025 2:43,1,2,0
UNC,989.002028176996000,12/15/2025 2:42,1,2,0
UNC,989.002028176996000,12/15/2025 2:41,1,2,0
UNC,989.002028176996000,12/15/2025 2:40,1,2,0
UNC,989.002028176996000,12/15/2025 2:38,1,2,0
UNC,989.002028176996000,12/15/2025 2:37,1,2,0
UNC,989.002028176996000,12/15/2025 2:36,1,2,0
UNC,989.002028176996000,12/15/2025 2:35,1,2,0
UNC,989.002028176996000,12/15/2025 2:34,1,2,0
UNC,989.002028176996000,12/15/2025 2:33,1,2,0
UNC,989.002028176996000,12/15/2025 2:32,1,2,0
UNC,989.002028176996000,12/15/2025 2:31,1,2,0
UNC,989.002028176996000,12/15/2025 2:30,1,2,0
UNC,989.002028176996000,12/15/2025 2:29,1,2,0
UNC,989.001040500035000,12/15/2025 2:22,1,8,0
UNC,989.002028176996000,12/15/2025 2:22,1,3,0
UNC,989.002028176996000,12/15/2025 2:21,1,3,0
UNC,989.001040500035000,12/15/2025 2:21,1,8,0
UNC,989.001040500035000,12/15/2025 2:20,1,7,0
UNC,989.002028176996000,12/15/2025 2:20,1,3,0
UNC,989.002028176996000,12/15/2025 2:19,1,3,0
UNC,989.002028176996000,12/15/2025 2:17,1,3,0
UNC,989.002028176996000,12/15/2025 2:16,1,3,0
UNC,989.002028176996000,12/15/2025 2:14,1,2,0
UNC,989.001040500035000,12/15/2025 2:14,1,7,0
UNC,989.001040500035000,12/15/2025 2:13,1,7,0
UNC,989.001030621374000,12/15/2025 2:13,1,6,0
UNC,989.001040500035000,12/15/2025 2:12,1,7,0
UNC,989.002028176996000,12/15/2025 2:12,1,2,0
UNC,989.001040500035000,12/15/2025 2:11,1,7,0
UNC,989.002028176996000,12/15/2025 2:10,1,2,0
UNC,989.001040500035000,12/15/2025 2:10,1,7,0
UNC,989.002028176996000,12/15/2025 2:09,1,2,0
UNC,989.001040500035000,12/15/2025 2:09,1,7,0
UNC,989.001030621374000,12/15/2025 2:08,1,8,0
UNC,989.002028176996000,12/15/2025 2:08,1,2,0
UNC,989.001040500035000,12/15/2025 2:08,1,7,0
UNC,989.001040500035000,12/15/2025 2:07,1,7,0
UNC,989.002028176996000,12/15/2025 2:07,1,2,0
UNC,989.001030621374000,12/15/2025 2:06,1,8,0
UNC,989.002028176996000,12/15/2025 2:06,1,2,0
UNC,989.001040500035000,12/15/2025 2:06,1,7,0
UNC,989.001040500035000,12/15/2025 2:05,1,7,0
UNC,989.002028176996000,12/15/2025 2:05,1,2,0
UNC,989.002028176996000,12/15/2025 2:05,1,3,0
UNC,989.001040500035000,12/15/2025 2:04,1,7,0
UNC,989.001040500035000,12/15/2025 2:03,1,7,0
UNC,989.001040500035000,12/15/2025 1:58,1,7,0
UNC,989.001040500035000,12/15/2025 1:57,1,7,0
UNC,989.001040500035000,12/15/2025 1:56,1,7,0
UNC,989.001040500035000,12/15/2025 1:53,1,6,0
UNC,989.001040500035000,12/15/2025 1:52,1,6,0
UNC,989.001040500035000,12/15/2025 1:51,1,6,0
UNC,989.001040500035000,12/15/2025 1:50,1,6,0
UNC,989.001030620186000,12/15/2025 1:48,1,9,0
UNC,989.001030620186000,12/15/2025 1:30,1,9,0
UNC,989.001030620186000,12/15/2025 1:28,1,9,0
UNC,989.002028176996000,12/15/2025 1:27,1,3,0
UNC,989.002028176996000,12/15/2025 1:27,1,2,0
UNC,989.001030620186000,12/15/2025 1:27,1,9,0
UNC,989.002028176996000,12/15/2025 1:26,1,2,0
UNC,989.001030620186000,12/15/2025 1:25,1,9,0
UNC,989.002028176996000,12/15/2025 1:25,1,2,0
UNC,989.001030620186000,12/15/2025 1:24,1,9,0
UNC,989.002028176996000,12/15/2025 1:24,1,2,0
UNC,989.001030620186000,12/15/2025 1:23,1,9,0
UNC,989.002028176996000,12/15/2025 1:23,1,2,0
UNC,989.001030620186000,12/15/2025 1:22,1,9,0
UNC,989.002028176996000,12/15/2025 1:21,1,2,0
UNC,989.002028176996000,12/15/2025 1:21,1,3,0
UNC,989.001030620186000,12/15/2025 1:21,1,9,0
UNC,989.002028176996000,12/15/2025 1:19,1,3,0
UNC,989.002028176996000,12/15/2025 1:04,1,3,0
UNC,989.002028176996000,12/15/2025 0:49,1,2,0
UNC,989.002028176996000,12/15/2025 0:48,1,2,0
UNC,989.002028176996000,12/15/2025 0:46,1,2,0
UNC,989.002028176996000,12/15/2025 0:45,1,2,0
UNC,989.002028176996000,12/15/2025 0:44,1,2,0
UNC,989.002028176996000,12/15/2025 0:43,1,2,0
UNC,989.002028176996000,12/15/2025 0:42,1,1,0
UNC,989.002028176996000,12/15/2025 0:41,1,2,0
UNC,989.002028176996000,12/15/2025 0:40,1,2,0
UNC,989.002028176996000,12/15/2025 0:39,1,2,0
UNC,989.002028176996000,12/15/2025 0:38,1,2,0
UNC,989.002028176996000,12/15/2025 0:37,1,2,0
UNC,989.002028176996000,12/15/2025 0:36,1,2,0
UNC,989.002028176996000,12/15/2025 0:35,1,2,0
UNC,989.002028176996000,12/15/2025 0:34,1,2,0
UNC,989.002028176996000,12/15/2025 0:23,1,3,0
UNC,989.002028176996000,12/15/2025 0:22,1,3,0
UNC,989.002028176996000,12/15/2025 0:21,1,3,0
UNC,989.002028176996000,12/15/2025 0:19,1,3,0
UNC,989.002028176996000,12/15/2025 0:11,1,3,0
UNC,989.001040500035000,12/15/2025 0:10,1,6,0
UNC,989.002028176996000,12/15/2025 0:10,1,3,0
UNC,989.001040500035000,12/15/2025 0:09,1,7,0
UNC,989.002028176996000,12/15/2025 0:08,1,3,0
UNC,989.002028176996000,12/15/2025 0:07,1,3,0
UNC,989.001040500035000,12/15/2025 0:07,1,7,0
UNC,989.001040500063000,12/15/2025 0:06,1,8,0
UNC,989.002028176996000,12/15/2025 0:06,1,3,0
UNC,989.002028176996000,12/15/2025 0:05,1,3,0
UNC,989.001040500063000,12/15/2025 0:05,1,2,0
UNC,989.002028176996000,12/15/2025 0:04,1,3,0
UNC,989.001040500035000,12/14/2025 23:57,1,8,0
UNC,989.001040500035000,12/14/2025 23:56,1,8,0
UNC,989.001040500035000,12/14/2025 23:55,1,8,0
UNC,989.001040500035000,12/14/2025 23:54,1,8,0
UNC,989.001040500035000,12/14/2025 23:53,1,8,0
UNC,989.001040500035000,12/14/2025 23:52,1,8,0
UNC,989.001040500035000,12/14/2025 23:51,1,8,0
UNC,989.001040500035000,12/14/2025 23:50,1,8,0
UNC,989.001040500035000,12/14/2025 23:49,1,8,0
UNC,989.002028176996000,12/14/2025 23:48,1,3,0
UNC,989.002028176996000,12/14/2025 23:48,1,2,0
UNC,989.001040500035000,12/14/2025 23:47,1,8,0
UNC,989.001030621374000,12/14/2025 23:47,1,9,0
UNC,989.002028176996000,12/14/2025 23:47,1,2,0
UNC,989.002028176996000,12/14/2025 23:44,1,2,0
UNC,989.001030621374000,12/14/2025 23:44,1,8,0
UNC,989.002028176996000,12/14/2025 23:43,1,2,0
UNC,989.002028176996000,12/14/2025 23:42,1,2,0
UNC,989.002028176996000,12/14/2025 23:41,1,2,0
UNC,989.001030621374000,12/14/2025 23:40,1,8,0
UNC,989.001030621374000,12/14/2025 23:40,1,7,0
UNC,989.002028176996000,12/14/2025 23:39,1,2,0
UNC,989.001030621374000,12/14/2025 23:39,1,7,0
UNC,989.001040500035000,12/14/2025 23:38,1,7,0
UNC,989.002028176996000,12/14/2025 23:38,1,2,0
UNC,989.002028176996000,12/14/2025 23:36,1,3,0
UNC,989.001030621374000,12/14/2025 23:35,1,6,0
UNC,989.002028176996000,12/14/2025 23:35,1,3,0
UNC,989.002028176996000,12/14/2025 23:32,1,2,0
UNC,989.002028176996000,12/14/2025 23:31,1,2,0
UNC,989.001040500035000,12/14/2025 23:31,1,7,0
UNC,989.001040500035000,12/14/2025 23:30,1,7,0
UNC,989.002028176996000,12/14/2025 23:29,1,2,0
UNC,989.001040500035000,12/14/2025 23:29,1,7,0
UNC,989.001040500035000,12/14/2025 23:28,1,7,0
UNC,989.002028176996000,12/14/2025 23:27,1,1,0
UNC,989.001040500035000,12/14/2025 23:27,1,7,0
UNC,989.002028176996000,12/14/2025 23:27,1,2,0
UNC,989.001040500035000,12/14/2025 23:26,1,7,0
UNC,989.002028176996000,12/14/2025 23:25,1,2,0
UNC,989.001040500035000,12/14/2025 23:25,1,7,0
UNC,989.002028176996000,12/14/2025 23:24,1,2,0
UNC,989.001040500035000,12/14/2025 23:24,1,7,0
UNC,989.002028176996000,12/14/2025 23:23,1,2,0
UNC,989.001040500035000,12/14/2025 23:22,1,7,0
UNC,989.002028176996000,12/14/2025 23:22,1,2,0
UNC,989.001040500035000,12/14/2025 23:21,1,7,0
UNC,989.002028176996000,12/14/2025 23:20,1,2,0
UNC,989.002028176996000,12/14/2025 23:19,1,2,0
UNC,989.002028176996000,12/14/2025 23:19,1,3,0
UNC,989.001030620668000,12/14/2025 23:17,1,6,0
UNC,989.001030621374000,12/14/2025 23:17,1,6,0
UNC,989.001030620668000,12/14/2025 23:15,1,6,0
UNC,989.001030620668000,12/14/2025 23:14,1,6,0
UNC,989.002028176996000,12/14/2025 23:13,1,3,0
UNC,989.001040500035000,12/14/2025 23:13,1,7,0
UNC,989.001030621374000,12/14/2025 23:12,1,1,0
UNC,989.001040500035000,12/14/2025 23:12,1,7,0
UNC,989.001030620668000,12/14/2025 23:12,1,2,0
UNC,989.001040500035000,12/14/2025 23:11,1,7,0
UNC,989.002028176996000,12/14/2025 23:10,1,2,0
UNC,989.001040500035000,12/14/2025 23:10,1,7,0
UNC,989.001040500035000,12/14/2025 23:09,1,7,0
UNC,989.002028176996000,12/14/2025 23:08,1,2,0
UNC,989.001030620668000,12/14/2025 23:08,1,1,0
UNC,989.001040500035000,12/14/2025 23:08,1,7,0
UNC,989.001040500035000,12/14/2025 23:07,1,7,0
UNC,989.001030620668000,12/14/2025 23:06,1,1,0
UNC,989.001040500035000,12/14/2025 23:05,1,7,0
UNC,989.001030620668000,12/14/2025 23:05,1,1,0
UNC,989.002028176996000,12/14/2025 23:05,1,2,0
UNC,989.001040500035000,12/14/2025 23:04,1,7,0
UNC,989.002028176996000,12/14/2025 23:04,1,2,0
UNC,989.001040500035000,12/14/2025 23:03,1,7,0
UNC,989.002028176996000,12/14/2025 23:02,1,2,0
UNC,989.001040500035000,12/14/2025 23:02,1,7,0
UNC,989.001040500035000,12/14/2025 23:01,1,7,0
UNC,989.002028176996000,12/14/2025 23:01,1,2,0
UNC,989.001030620668000,12/14/2025 23:01,1,6,0
UNC,989.001040500035000,12/14/2025 23:00,1,7,0
UNC,989.002028176996000,12/14/2025 23:00,1,2,0
UNC,989.001040500035000,12/14/2025 22:59,1,7,0
UNC,989.002028176996000,12/14/2025 22:59,1,2,0
UNC,989.001040500035000,12/14/2025 22:58,1,7,0
UNC,989.001040500035000,12/14/2025 22:57,1,7,0
UNC,989.001040500035000,12/14/2025 22:56,1,7,0
UNC,989.001040500035000,12/14/2025 22:55,1,7,0
UNC,989.001040500035000,12/14/2025 22:54,1,7,0
UNC,989.002028176996000,12/14/2025 22:54,1,3,0
UNC,989.001040500035000,12/14/2025 22:53,1,7,0
UNC,989.001040500035000,12/14/2025 22:52,1,7,0
UNC,989.001040500035000,12/14/2025 22:51,1,7,0
UNC,989.001040500035000,12/14/2025 22:50,1,7,0
UNC,989.002028176996000,12/14/2025 22:49,1,2,0
UNC,989.001040500035000,12/14/2025 22:49,1,7,0
UNC,989.002028176996000,12/14/2025 22:48,1,2,0
UNC,989.001040500035000,12/14/2025 22:48,1,7,0
UNC,989.002028176996000,12/14/2025 22:47,1,2,0
UNC,989.001040500035000,12/14/2025 22:47,1,7,0
UNC,989.002028176996000,12/14/2025 22:46,1,2,0
UNC,989.001040500035000,12/14/2025 22:46,1,7,0
UNC,989.001040500035000,12/14/2025 22:45,1,7,0
UNC,989.001040500035000,12/14/2025 22:44,1,7,0
UNC,989.001040500035000,12/14/2025 22:43,1,7,0
UNC,989.001040500035000,12/14/2025 22:42,1,7,0
UNC,989.001040500035000,12/14/2025 22:41,1,7,0
UNC,989.001040500035000,12/14/2025 22:40,1,7,0
UNC,989.001040500035000,12/14/2025 22:39,1,7,0
UNC,989.002028176996000,12/14/2025 22:38,1,1,0
UNC,989.001040500035000,12/14/2025 22:38,1,7,0
UNC,989.002028176996000,12/14/2025 22:37,1,1,0
UNC,989.001040500035000,12/14/2025 22:37,1,7,0
UNC,989.001040500035000,12/14/2025 22:36,1,7,0
UNC,989.001040500035000,12/14/2025 22:35,1,7,0
UNC,989.001040500035000,12/14/2025 22:34,1,7,0
UNC,989.001040500035000,12/14/2025 22:33,1,7,0
UNC,989.002028176996000,12/14/2025 22:32,1,3,0
UNC,989.001040500035000,12/14/2025 22:32,1,7,0
UNC,989.001040500035000,12/14/2025 22:31,1,7,0
UNC,989.001040500035000,12/14/2025 22:30,1,7,0
UNC,989.001040500035000,12/14/2025 22:29,1,7,0
UNC,989.002028176996000,12/14/2025 22:28,1,3,0
UNC,989.001040500035000,12/14/2025 22:28,1,7,0
UNC,989.002028176996000,12/14/2025 22:27,1,3,0
UNC,989.001040500035000,12/14/2025 22:27,1,7,0
UNC,989.002028176996000,12/14/2025 22:26,1,3,0
UNC,989.001040500035000,12/14/2025 22:26,1,7,0
UNC,989.001040500035000,12/14/2025 22:25,1,7,0
UNC,989.001040500035000,12/14/2025 22:24,1,7,0
UNC,989.001040500035000,12/14/2025 22:23,1,7,0
UNC,989.001040500035000,12/14/2025 22:22,1,7,0
UNC,989.002028177108000,12/14/2025 22:22,1,1,0
UNC,989.001030620186000,12/14/2025 22:21,1,9,0
UNC,989.001040500035000,12/14/2025 22:21,1,7,0
UNC,989.001030620186000,12/14/2025 22:20,1,9,0
UNC,989.001040500035000,12/14/2025 22:20,1,7,0
UNC,989.001040500035000,12/14/2025 22:19,1,7,0
UNC,989.002028177108000,12/14/2025 22:18,1,6,0
UNC,989.001040500035000,12/14/2025 22:18,1,7,0
UNC,989.001040500035000,12/14/2025 22:17,1,7,0
UNC,989.001040500035000,12/14/2025 22:16,1,7,0
UNC,989.001040500035000,12/14/2025 22:15,1,7,0
UNC,989.001040500035000,12/14/2025 22:14,1,7,0
UNC,989.001040500035000,12/14/2025 22:13,1,7,0
UNC,989.001040500035000,12/14/2025 22:12,1,7,0
UNC,989.001040500035000,12/14/2025 22:11,1,7,0
UNC,989.001040500035000,12/14/2025 22:10,1,7,0
UNC,989.001040500035000,12/14/2025 22:09,1,7,0
UNC,989.001040500035000,12/14/2025 22:08,1,7,0
UNC,989.001040500035000,12/14/2025 22:07,1,7,0
UNC,989.001040500035000,12/14/2025 22:06,1,7,0
UNC,989.001040500035000,12/14/2025 22:04,1,7,0
UNC,989.001040500035000,12/14/2025 22:03,1,7,0
UNC,989.002028176996000,12/14/2025 22:02,1,2,0
UNC,989.001040500035000,12/14/2025 22:02,1,7,0
UNC,989.001040500035000,12/14/2025 22:01,1,7,0
UNC,989.002028176996000,12/14/2025 22:01,1,2,0
UNC,989.001040500035000,12/14/2025 22:00,1,7,0
UNC,989.002028176996000,12/14/2025 22:00,1,2,0
UNC,989.001040500035000,12/14/2025 21:59,1,7,0
UNC,989.002028176996000,12/14/2025 21:59,1,2,0
UNC,989.001040500035000,12/14/2025 21:58,1,7,0
UNC,989.002028176996000,12/14/2025 21:58,1,2,0
UNC,989.001040500035000,12/14/2025 21:57,1,7,0
UNC,989.002028176996000,12/14/2025 21:57,1,2,0
UNC,989.001040500035000,12/14/2025 21:56,1,7,0
UNC,989.002028176996000,12/14/2025 21:56,1,2,0
UNC,989.001030620186000,12/14/2025 21:55,1,9,0
UNC,989.001040500035000,12/14/2025 21:55,1,7,0
UNC,989.002028176996000,12/14/2025 21:55,1,2,0
UNC,989.001040500035000,12/14/2025 21:54,1,7,0
UNC,989.002028176996000,12/14/2025 21:54,1,2,0
UNC,989.001040500035000,12/14/2025 21:53,1,7,0
UNC,989.002028176996000,12/14/2025 21:52,1,2,0
UNC,989.001040500035000,12/14/2025 21:52,1,7,0
UNC,989.002028176996000,12/14/2025 21:51,1,2,0
UNC,989.001040500035000,12/14/2025 21:51,1,7,0
UNC,989.001040500035000,12/14/2025 21:50,1,7,0
UNC,989.002028176996000,12/14/2025 21:50,1,2,0
UNC,989.001040500035000,12/14/2025 21:49,1,7,0
UNC,989.002028176996000,12/14/2025 21:49,1,2,0
UNC,989.001040500035000,12/14/2025 21:48,1,7,0
UNC,989.002028176996000,12/14/2025 21:48,1,2,0
UNC,989.001040500035000,12/14/2025 21:47,1,7,0
UNC,989.002028176996000,12/14/2025 21:47,1,2,0
UNC,989.001040500035000,12/14/2025 21:46,1,7,0
UNC,989.001040500035000,12/14/2025 21:45,1,7,0
UNC,989.001040500035000,12/14/2025 21:44,1,7,0
UNC,989.002028176996000,12/14/2025 21:44,1,2,0
UNC,989.001040500035000,12/14/2025 21:43,1,7,0
UNC,989.001040500035000,12/14/2025 21:42,1,7,0
UNC,989.002028176996000,12/14/2025 21:42,1,2,0
UNC,989.001040500035000,12/14/2025 21:41,1,7,0
UNC,989.001040500035000,12/14/2025 21:40,1,7,0
UNC,989.001040500035000,12/14/2025 21:39,1,7,0
UNC,989.001040500035000,12/14/2025 21:38,1,7,0
UNC,989.001040500035000,12/14/2025 21:37,1,7,0
UNC,989.002028176996000,12/14/2025 21:36,1,2,0
UNC,989.001040500035000,12/14/2025 21:36,1,7,0
UNC,989.001040500035000,12/14/2025 21:35,1,7,0
UNC,989.001040500035000,12/14/2025 21:34,1,7,0
UNC,989.001040500035000,12/14/2025 21:33,1,7,0
UNC,989.001040500035000,12/14/2025 21:32,1,7,0
UNC,989.001040500035000,12/14/2025 21:31,1,7,0
UNC,989.001040500035000,12/14/2025 21:30,1,7,0
UNC,989.001040500035000,12/14/2025 21:29,1,7,0
UNC,989.001040500035000,12/14/2025 21:28,1,7,0
UNC,989.001040500035000,12/14/2025 21:27,1,7,0
UNC,989.001040500035000,12/14/2025 21:26,1,7,0
UNC,989.001040500035000,12/14/2025 21:25,1,7,0
UNC,989.001040500035000,12/14/2025 21:24,1,7,0
UNC,989.001040500035000,12/14/2025 21:23,1,7,0
UNC,989.001040500035000,12/14/2025 21:22,1,7,0
UNC,989.001040500035000,12/14/2025 21:21,1,7,0
UNC,989.001040500035000,12/14/2025 21:20,1,7,0
UNC,989.001040500035000,12/14/2025 21:19,1,7,0
UNC,989.001040500035000,12/14/2025 21:18,1,7,0
UNC,989.001040500035000,12/14/2025 21:17,1,7,0
UNC,989.001040500035000,12/14/2025 21:16,1,7,0
UNC,989.001040500035000,12/14/2025 21:15,1,7,0
UNC,989.001040500035000,12/14/2025 21:14,1,7,0
UNC,989.001040500035000,12/14/2025 21:13,1,7,0
UNC,989.001040500035000,12/14/2025 21:12,1,7,0
UNC,989.002028176996000,12/14/2025 21:11,1,2,0
UNC,989.001040500035000,12/14/2025 21:11,1,7,0
UNC,989.002028176996000,12/14/2025 21:10,1,2,0
UNC,989.001040500035000,12/14/2025 21:10,1,7,0
UNC,989.001030620186000,12/14/2025 21:10,1,9,0
UNC,989.002028176996000,12/14/2025 21:09,1,2,0
UNC,989.001040500035000,12/14/2025 21:09,1,7,0
UNC,989.001040500035000,12/14/2025 21:08,1,7,0
UNC,989.002028176996000,12/14/2025 21:07,1,2,0
UNC,989.001040500035000,12/14/2025 21:07,1,7,0
UNC,989.001040500035000,12/14/2025 21:06,1,7,0
UNC,989.002028176996000,12/14/2025 21:05,1,2,0
UNC,989.001040500035000,12/14/2025 21:05,1,7,0
UNC,989.001040500035000,12/14/2025 21:03,1,7,0
UNC,989.001040500035000,12/14/2025 21:02,1,7,0
UNC,989.001040500035000,12/14/2025 21:01,1,7,0
UNC,989.001040500035000,12/14/2025 21:00,1,7,0
UNC,989.001040500035000,12/14/2025 20:59,1,7,0
UNC,989.001040500035000,12/14/2025 20:58,1,7,0
UNC,989.001040500035000,12/14/2025 20:57,1,7,0
UNC,989.001040500035000,12/14/2025 20:56,1,7,0
UNC,989.001040500035000,12/14/2025 20:55,1,7,0
UNC,989.001040500035000,12/14/2025 20:54,1,7,0
UNC,989.002028176996000,12/14/2025 20:53,1,2,0
UNC,989.001040500035000,12/14/2025 20:53,1,7,0
UNC,989.001040500035000,12/14/2025 20:52,1,7,0
UNC,989.002028176996000,12/14/2025 20:52,1,2,0
UNC,989.001040500035000,12/14/2025 20:51,1,7,0
UNC,989.002028176996000,12/14/2025 20:51,1,2,0
UNC,989.001040500035000,12/14/2025 20:50,1,7,0
UNC,989.002028176996000,12/14/2025 20:50,1,2,0
UNC,989.001040500035000,12/14/2025 20:49,1,7,0
UNC,989.002028176996000,12/14/2025 20:48,1,2,0
UNC,989.001040500035000,12/14/2025 20:48,1,7,0
UNC,989.002028176996000,12/14/2025 20:47,1,2,0
UNC,989.001030620186000,12/14/2025 20:47,1,9,0
UNC,989.001040500035000,12/14/2025 20:47,1,7,0
UNC,989.002028176996000,12/14/2025 20:46,1,2,0
UNC,989.001040500035000,12/14/2025 20:46,1,7,0
UNC,989.002028176996000,12/14/2025 20:45,1,2,0
UNC,989.001040500035000,12/14/2025 20:45,1,7,0
UNC,989.002028176996000,12/14/2025 20:44,1,2,0
UNC,989.001040500035000,12/14/2025 20:44,1,7,0
UNC,989.002028176996000,12/14/2025 20:43,1,2,0
UNC,989.001040500035000,12/14/2025 20:43,1,7,0
UNC,989.002028176996000,12/14/2025 20:42,1,2,0
UNC,989.001040500035000,12/14/2025 20:41,1,7,0
UNC,989.002028176996000,12/14/2025 20:41,1,2,0
UNC,989.001040500035000,12/14/2025 20:40,1,7,0
UNC,989.002028176996000,12/14/2025 20:40,1,2,0
UNC,989.001040500035000,12/14/2025 20:39,1,7,0
UNC,989.002028176996000,12/14/2025 20:39,1,2,0
UNC,989.001040500035000,12/14/2025 20:38,1,7,0
UNC,989.002028176996000,12/14/2025 20:38,1,2,0
UNC,989.001040500035000,12/14/2025 20:37,1,7,0
UNC,989.002028176996000,12/14/2025 20:37,1,2,0
UNC,989.001040500035000,12/14/2025 20:36,1,7,0
UNC,989.002028176996000,12/14/2025 20:36,1,1,0
UNC,989.002028176996000,12/14/2025 20:36,1,2,0
UNC,989.001040500035000,12/14/2025 20:35,1,7,0
UNC,989.002028176996000,12/14/2025 20:34,1,2,0
UNC,989.001040500035000,12/14/2025 20:34,1,7,0
UNC,989.002028176996000,12/14/2025 20:33,1,2,0
UNC,989.001040500035000,12/14/2025 20:33,1,7,0
UNC,989.001040500035000,12/14/2025 20:32,1,7,0
UNC,989.002028176996000,12/14/2025 20:32,1,2,0
UNC,989.001040500035000,12/14/2025 20:31,1,7,0
UNC,989.002028176996000,12/14/2025 20:31,1,2,0
UNC,989.001040500035000,12/14/2025 20:30,1,7,0
UNC,989.002028176996000,12/14/2025 20:30,1,2,0
UNC,989.001040500035000,12/14/2025 20:29,1,7,0
UNC,989.002028176996000,12/14/2025 20:28,1,2,0
UNC,989.001040500035000,12/14/2025 20:28,1,7,0
UNC,989.002028176996000,12/14/2025 20:27,1,2,0
UNC,989.001040500035000,12/14/2025 20:27,1,7,0
UNC,989.002028176996000,12/14/2025 20:26,1,2,0
UNC,989.001040500035000,12/14/2025 20:26,1,7,0
UNC,989.001040500035000,12/14/2025 20:25,1,7,0
UNC,989.002028176996000,12/14/2025 20:25,1,2,0
UNC,989.001040500035000,12/14/2025 20:24,1,7,0
UNC,989.002028176996000,12/14/2025 20:23,1,2,0
UNC,989.001040500035000,12/14/2025 20:23,1,7,0
UNC,989.002028176996000,12/14/2025 20:22,1,2,0
UNC,989.001040500035000,12/14/2025 20:22,1,7,0
UNC,989.002028176996000,12/14/2025 20:21,1,2,0
UNC,989.001040500035000,12/14/2025 20:21,1,7,0
UNC,989.002028176996000,12/14/2025 20:20,1,2,0
UNC,989.001040500035000,12/14/2025 20:20,1,7,0
UNC,989.001040500035000,12/14/2025 20:19,1,7,0
UNC,989.002028176996000,12/14/2025 20:18,1,2,0
UNC,989.001040500035000,12/14/2025 20:17,1,7,0
UNC,989.002028176996000,12/14/2025 20:17,1,2,0
UNC,989.001040500035000,12/14/2025 20:16,1,7,0
UNC,989.002028176996000,12/14/2025 20:16,1,2,0
UNC,989.001040500035000,12/14/2025 20:15,1,7,0
UNC,989.002028176996000,12/14/2025 20:15,1,2,0
UNC,989.001040500035000,12/14/2025 20:14,1,7,0
UNC,989.002028176996000,12/14/2025 20:14,1,2,0
UNC,989.001040500035000,12/14/2025 20:13,1,7,0
UNC,989.001040500035000,12/14/2025 20:12,1,7,0
UNC,989.002028176996000,12/14/2025 20:12,1,2,0
UNC,989.001040500035000,12/14/2025 20:11,1,7,0
UNC,989.002028176996000,12/14/2025 20:10,1,2,0
UNC,989.001040500035000,12/14/2025 20:10,1,7,0
UNC,989.002028176996000,12/14/2025 20:09,1,2,0
UNC,989.001040500035000,12/14/2025 20:09,1,7,0
UNC,989.002028176996000,12/14/2025 20:08,1,2,0
UNC,989.001040500035000,12/14/2025 20:08,1,7,0
UNC,989.002028176996000,12/14/2025 20:07,1,2,0
UNC,989.001040500035000,12/14/2025 20:07,1,7,0
UNC,989.001040500035000,12/14/2025 20:06,1,7,0
UNC,989.001040500035000,12/14/2025 20:05,1,7,0
UNC,989.001040500035000,12/14/2025 20:04,1,7,0
UNC,989.002028176996000,12/14/2025 20:04,1,2,0
UNC,989.001040500035000,12/14/2025 20:03,1,7,0
UNC,989.001040500035000,12/14/2025 20:02,1,7,0
UNC,989.002028176996000,12/14/2025 20:01,1,2,0
UNC,989.001040500035000,12/14/2025 20:01,1,7,0
UNC,989.001040500035000,12/14/2025 20:00,1,7,0
UNC,989.001040500035000,12/14/2025 19:59,1,7,0
UNC,989.001040500035000,12/14/2025 19:58,1,7,0
UNC,989.001040500035000,12/14/2025 19:57,1,7,0
UNC,989.001040500035000,12/14/2025 19:56,1,7,0
UNC,989.001040500035000,12/14/2025 19:55,1,7,0
UNC,989.001040500035000,12/14/2025 19:54,1,7,0
UNC,989.001040500035000,12/14/2025 19:53,1,7,0
UNC,989.001040500035000,12/14/2025 19:52,1,7,0
UNC,989.001040500035000,12/14/2025 19:51,1,7,0
UNC,989.001040500035000,12/14/2025 19:50,1,7,0
UNC,989.001040500035000,12/14/2025 19:49,1,7,0
UNC,989.001040500035000,12/14/2025 19:48,1,7,0
UNC,989.001040500035000,12/14/2025 19:46,1,7,0
UNC,989.001040500035000,12/14/2025 19:45,1,7,0
UNC,989.001040500035000,12/14/2025 19:44,1,7,0
UNC,989.001040500035000,12/14/2025 19:43,1,7,0
UNC,989.001040500035000,12/14/2025 19:42,1,7,0
UNC,989.001040500035000,12/14/2025 19:41,1,7,0
UNC,989.001040500035000,12/14/2025 19:40,1,7,0
UNC,989.001040500035000,12/14/2025 19:39,1,7,0
UNC,989.001040500035000,12/14/2025 19:38,1,7,0
UNC,989.001040500035000,12/14/2025 19:37,1,7,0
UNC,989.001040500035000,12/14/2025 19:36,1,7,0
UNC,989.001040500035000,12/14/2025 19:35,1,7,0
UNC,989.001040500035000,12/14/2025 19:34,1,7,0
UNC,989.001040500035000,12/14/2025 19:33,1,7,0
UNC,989.001040500035000,12/14/2025 19:32,1,7,0
UNC,989.001040500035000,12/14/2025 19:31,1,7,0
UNC,989.001040500035000,12/14/2025 19:30,1,7,0
UNC,989.001040500035000,12/14/2025 19:29,1,7,0
UNC,989.001040500035000,12/14/2025 19:28,1,7,0
UNC,989.001040500035000,12/14/2025 19:27,1,7,0
UNC,989.001040500035000,12/14/2025 19:26,1,7,0
UNC,989.001040500035000,12/14/2025 19:25,1,7,0
UNC,989.001040500035000,12/14/2025 19:24,1,7,0
UNC,989.001040500035000,12/14/2025 19:23,1,7,0
UNC,989.001040500035000,12/14/2025 19:22,1,7,0
UNC,989.001040500035000,12/14/2025 19:21,1,7,0
UNC,989.001040500035000,12/14/2025 19:20,1,7,0
UNC,989.001040500035000,12/14/2025 19:19,1,7,0
UNC,989.001040500035000,12/14/2025 19:18,1,7,0
UNC,989.002028176996000,12/14/2025 19:18,1,3,0
UNC,989.001040500035000,12/14/2025 19:17,1,7,0
UNC,989.001040500035000,12/14/2025 19:16,1,7,0
UNC,989.001040500035000,12/14/2025 19:15,1,7,0
UNC,989.002028176996000,12/14/2025 19:14,1,3,0
UNC,989.001040500035000,12/14/2025 19:14,1,7,0
UNC,989.001040500035000,12/14/2025 19:13,1,7,0
UNC,989.002028177009000,12/14/2025 19:12,1,6,0
UNC,989.001040500035000,12/14/2025 19:12,1,7,0
UNC,989.001040500035000,12/14/2025 19:11,1,7,0
UNC,989.002028176996000,12/14/2025 19:11,1,3,0
UNC,989.001040500035000,12/14/2025 19:10,1,7,0
UNC,989.001040500035000,12/14/2025 19:09,1,7,0
UNC,989.001040500035000,12/14/2025 19:08,1,7,0
UNC,989.001040500035000,12/14/2025 19:07,1,7,0
UNC,989.002028176996000,12/14/2025 19:06,1,3,0
UNC,989.001040500035000,12/14/2025 19:06,1,7,0
UNC,989.002028176996000,12/14/2025 19:05,1,3,0
UNC,989.001040500035000,12/14/2025 19:05,1,7,0
UNC,989.001040500035000,12/14/2025 19:04,1,7,0
UNC,989.001040500035000,12/14/2025 19:02,1,7,0
UNC,989.001040500035000,12/14/2025 19:01,1,7,0
UNC,989.001040500035000,12/14/2025 19:00,1,7,0
UNC,989.002028176996000,12/14/2025 19:00,1,3,0
UNC,989.001040500035000,12/14/2025 18:59,1,7,0
UNC,989.001040500035000,12/14/2025 18:58,1,7,0
UNC,989.001040500035000,12/14/2025 18:57,1,7,0
UNC,989.001040500035000,12/14/2025 18:56,1,7,0
UNC,989.001040500035000,12/14/2025 18:55,1,7,0
UNC,989.002028176996000,12/14/2025 18:55,1,2,0
UNC,989.001040500035000,12/14/2025 18:54,1,7,0
UNC,989.002028176996000,12/14/2025 18:54,1,2,0
UNC,989.001040500035000,12/14/2025 18:53,1,7,0
UNC,989.001040500035000,12/14/2025 18:52,1,7,0
UNC,989.002028176996000,12/14/2025 18:51,1,2,0
UNC,989.001040500035000,12/14/2025 18:51,1,7,0
UNC,989.001040500035000,12/14/2025 18:50,1,7,0
UNC,989.002028176996000,12/14/2025 18:49,1,2,0
UNC,989.002028176996000,12/14/2025 18:49,1,3,0
UNC,989.001040500035000,12/14/2025 18:49,1,7,0
UNC,989.002028176996000,12/14/2025 18:48,1,3,0
UNC,989.001040500035000,12/14/2025 18:48,1,7,0
UNC,989.001040500035000,12/14/2025 18:47,1,7,0
UNC,989.001040500035000,12/14/2025 18:46,1,7,0
UNC,989.002028176996000,12/14/2025 18:45,1,2,0
UNC,989.001040500035000,12/14/2025 18:45,1,7,0
UNC,989.001040500035000,12/14/2025 18:44,1,7,0
UNC,989.002028176996000,12/14/2025 18:43,1,2,0
UNC,989.001040500035000,12/14/2025 18:43,1,7,0
UNC,989.001040500035000,12/14/2025 18:42,1,7,0
UNC,989.001040500035000,12/14/2025 18:41,1,7,0
UNC,989.001040500035000,12/14/2025 18:40,1,7,0
UNC,989.001040500035000,12/14/2025 18:38,1,7,0
UNC,989.001040500035000,12/14/2025 18:37,1,7,0
UNC,989.002028176996000,12/14/2025 18:37,1,2,0
UNC,989.001040500035000,12/14/2025 18:36,1,7,0
UNC,989.001040500035000,12/14/2025 18:35,1,7,0
UNC,989.002028176996000,12/14/2025 18:35,1,3,0
UNC,989.001040500035000,12/14/2025 18:34,1,7,0
UNC,989.002028176996000,12/14/2025 18:34,1,3,0
UNC,989.001040500035000,12/14/2025 18:33,1,7,0
UNC,989.002028176996000,12/14/2025 18:33,1,3,0
UNC,989.001040500035000,12/14/2025 18:32,1,7,0
UNC,989.002028176996000,12/14/2025 18:32,1,3,0
UNC,989.001040500035000,12/14/2025 18:31,1,7,0
UNC,989.001040500035000,12/14/2025 18:30,1,7,0
UNC,989.001040500035000,12/14/2025 18:29,1,7,0
UNC,989.001040500035000,12/14/2025 18:28,1,7,0
UNC,989.002028176996000,12/14/2025 18:15,1,3,0
UNC,989.001040500035000,12/14/2025 18:05,1,6,0
UNC,989.001040500035000,12/14/2025 17:33,1,7,0
UNC,989.001040500035000,12/14/2025 17:32,1,7,0
UNC,989.001040500035000,12/14/2025 17:28,1,6,0
UNC,989.001040500035000,12/14/2025 17:27,1,6,0
UNC,989.001040500035000,12/14/2025 17:26,1,7,0
UNC,989.001040500035000,12/14/2025 17:22,1,7,0
UNC,989.001040500035000,12/14/2025 17:21,1,7,0
UNC,989.001040500035000,12/14/2025 17:20,1,7,0
UNC,989.001040500035000,12/14/2025 17:19,1,7,0
UNC,989.001040500035000,12/14/2025 17:16,1,6,0
UNC,989.001040500035000,12/14/2025 17:15,1,6,0
UNC,989.001040500035000,12/14/2025 17:14,1,6,0
UNC,989.001040500035000,12/14/2025 17:13,1,6,0
UNC,989.001040500035000,12/14/2025 17:11,1,6,0
UNC,989.001040500035000,12/14/2025 17:11,1,7,0
UNC,989.001040500035000,12/14/2025 17:09,1,7,0
UNC,989.001040500035000,12/14/2025 17:08,1,7,0
UNC,989.001040500035000,12/14/2025 17:07,1,7,0
UNC,989.001040500035000,12/14/2025 17:06,1,7,0
UNC,989.001040500035000,12/14/2025 17:05,1,7,0
UNC,989.001040500035000,12/14/2025 17:03,1,7,0
UNC,989.001040500035000,12/14/2025 17:01,1,6,0
UNC,989.001040500035000,12/14/2025 17:01,1,7,0
UNC,989.001040500035000,12/14/2025 17:00,1,6,0
UNC,989.001040500035000,12/14/2025 17:00,1,7,0
UNC,989.001040500035000,12/14/2025 16:59,1,7,0
UNC,989.001040500035000,12/14/2025 16:58,1,6,0
UNC,989.001040500035000,12/14/2025 16:53,1,1,0
UNC,989.001040500035000,12/14/2025 16:50,1,7,0
UNC,989.001040500035000,12/14/2025 16:49,1,6,0
UNC,989.002028176996000,12/14/2025 15:26,1,3,0
UNC,989.002028176996000,12/14/2025 15:25,1,3,0
UNC,989.002028176996000,12/14/2025 15:24,1,3,0
UNC,989.002028176996000,12/14/2025 15:23,1,3,0
UNC,989.002028176996000,12/14/2025 15:22,1,3,0
UNC,989.002028176996000,12/14/2025 15:21,1,3,0
UNC,989.002028176996000,12/14/2025 15:20,1,3,0
UNC,989.002028176996000,12/14/2025 15:19,1,3,0
UNC,989.002028176996000,12/14/2025 15:18,1,3,0
UNC,989.002028176996000,12/14/2025 15:06,1,3,0
UNC,989.001040500035000,12/14/2025 15:02,1,7,0
UNC,989.001040500035000,12/14/2025 15:02,1,6,0
UNC,989.001040500035000,12/14/2025 15:01,1,6,0
UNC,989.001040500035000,12/14/2025 15:00,1,6,0
UNC,989.001040500035000,12/14/2025 14:59,1,6,0
UNC,989.002028176996000,12/14/2025 12:26,1,2,0
UNC,989.001030621374000,12/14/2025 7:09,1,2,0
UNC,989.001030621374000,12/14/2025 7:06,1,7,0
UNC,989.001040500035000,12/14/2025 7:04,1,6,0
UNC,989.001040500035000,12/14/2025 7:03,1,6,0
UNC,989.001030620668000,12/14/2025 7:03,1,7,0
UNC,989.001030620668000,12/14/2025 7:03,1,6,0
UNC,989.001040500035000,12/14/2025 7:02,1,6,0
UNC,989.001040500035000,12/14/2025 7:00,1,6,0
UNC,989.001040500035000,12/14/2025 6:59,1,6,0
UNC,989.001040500035000,12/14/2025 6:59,1,7,0
UNC,989.001040500035000,12/14/2025 6:58,1,7,0
UNC,989.001040500035000,12/14/2025 6:57,1,7,0
UNC,989.001040500035000,12/14/2025 6:56,1,7,0
UNC,989.001040500035000,12/14/2025 6:55,1,7,0
UNC,989.001040500035000,12/14/2025 6:54,1,7,0
UNC,989.001040500035000,12/14/2025 6:53,1,6,0
UNC,989.001040500035000,12/14/2025 6:53,1,7,0
UNC,989.001040500035000,12/14/2025 6:52,1,7,0
UNC,989.001040500035000,12/14/2025 6:50,1,6,0
UNC,989.001030620668000,12/14/2025 6:50,1,6,0
UNC,989.001040500035000,12/14/2025 6:49,1,6,0
UNC,989.001040500035000,12/14/2025 6:48,1,6,0
UNC,989.001040500035000,12/14/2025 6:48,1,7,0
UNC,989.001040500035000,12/14/2025 6:47,1,7,0
UNC,989.001040500035000,12/14/2025 6:46,1,7,0
UNC,989.001040500035000,12/14/2025 6:45,1,7,0
UNC,989.001040500035000,12/14/2025 6:44,1,7,0
UNC,989.001040500035000,12/14/2025 6:42,1,7,0
UNC,989.001040500035000,12/14/2025 6:41,1,7,0
UNC,989.001040500035000,12/14/2025 6:40,1,7,0
UNC,989.001040500035000,12/14/2025 6:39,1,7,0
UNC,989.001040500035000,12/14/2025 6:38,1,7,0
UNC,989.001040500035000,12/14/2025 6:36,1,6,0
UNC,989.001040500035000,12/14/2025 6:35,1,6,0
UNC,989.001040500035000,12/14/2025 6:34,1,6,0
UNC,989.001030620668000,12/14/2025 6:28,1,7,0
UNC,989.001030620668000,12/14/2025 6:28,1,6,0
UNC,989.001030620668000,12/14/2025 6:16,1,6,0
UNC,989.001030620668000,12/14/2025 6:10,1,2,0
UNC,989.001030620668000,12/14/2025 6:06,1,2,0
UNC,989.001030620668000,12/14/2025 5:59,1,7,0
UNC,989.001030620668000,12/14/2025 5:58,1,6,0
UNC,989.002028176996000,12/14/2025 4:36,1,2,0
UNC,989.002028176996000,12/14/2025 4:35,1,2,0
UNC,989.001030621374000,12/14/2025 4:33,1,1,0
UNC,989.002028176996000,12/14/2025 4:32,1,2,0
UNC,989.001030621374000,12/14/2025 4:32,1,1,0
UNC,989.002028176996000,12/14/2025 4:30,1,2,0
UNC,989.001030621374000,12/14/2025 4:30,1,1,0
UNC,989.002028176996000,12/14/2025 4:29,1,2,0
UNC,989.001030621374000,12/14/2025 4:28,1,1,0
UNC,989.002028176996000,12/14/2025 4:28,1,2,0
UNC,989.001030621374000,12/14/2025 4:27,1,1,0
UNC,989.001030621374000,12/14/2025 4:26,1,1,0
UNC,989.002028176996000,12/14/2025 4:25,1,2,0
UNC,989.001030621374000,12/14/2025 4:25,1,1,0
UNC,989.002028176996000,12/14/2025 4:24,1,2,0
UNC,989.001030621374000,12/14/2025 4:24,1,1,0
UNC,989.002028176996000,12/14/2025 4:22,1,2,0
UNC,989.001030621374000,12/14/2025 4:22,1,1,0
UNC,989.001030621374000,12/14/2025 4:21,1,1,0
UNC,989.001030621374000,12/14/2025 4:20,1,1,0
UNC,989.002028176996000,12/14/2025 4:20,1,2,0
UNC,989.001030621374000,12/14/2025 4:19,1,1,0
UNC,989.002028176996000,12/14/2025 4:19,1,2,0
UNC,989.001030621374000,12/14/2025 4:18,1,1,0
UNC,989.002028176996000,12/14/2025 4:17,1,2,0
UNC,989.001030621374000,12/14/2025 4:17,1,1,0
UNC,989.001030621374000,12/14/2025 4:16,1,1,0
UNC,989.002028176996000,12/14/2025 4:16,1,2,0
UNC,989.001030621374000,12/14/2025 4:15,1,1,0
UNC,989.001030621374000,12/14/2025 4:13,1,1,0
UNC,989.002028176996000,12/14/2025 4:13,1,2,0
UNC,989.001030621374000,12/14/2025 4:12,1,1,0
UNC,989.002028176996000,12/14/2025 4:12,1,2,0
UNC,989.001030621374000,12/14/2025 4:11,1,1,0
UNC,989.001030621374000,12/14/2025 4:10,1,1,0
UNC,989.001030621374000,12/14/2025 4:09,1,1,0
UNC,989.001030621374000,12/14/2025 4:08,1,1,0
UNC,989.001030621374000,12/14/2025 4:07,1,1,0
UNC,989.002028176996000,12/14/2025 4:06,1,2,0
UNC,989.001030621374000,12/14/2025 4:06,1,1,0
UNC,989.001030621374000,12/14/2025 4:05,1,1,0
UNC,989.002028176996000,12/14/2025 4:05,1,2,0
UNC,989.001030621374000,12/14/2025 4:04,1,1,0
UNC,989.001030621374000,12/14/2025 4:03,1,1,0
UNC,989.002028176996000,12/14/2025 4:02,1,2,0
UNC,989.001030621374000,12/14/2025 4:02,1,1,0
UNC,989.002028176996000,12/14/2025 4:01,1,2,0
UNC,989.001030621374000,12/14/2025 4:00,1,1,0
UNC,989.002028176996000,12/14/2025 4:00,1,2,0
UNC,989.002028176996000,12/14/2025 3:59,1,2,0
UNC,989.002028176996000,12/14/2025 3:57,1,2,0
UNC,989.002028176996000,12/14/2025 3:56,1,2,0
UNC,989.002028176996000,12/14/2025 3:55,1,2,0
UNC,989.002028176996000,12/14/2025 3:53,1,2,0
UNC,989.002028176996000,12/14/2025 3:52,1,2,0
UNC,989.001030621374000,12/14/2025 3:51,1,6,0
UNC,989.002028176996000,12/14/2025 3:51,1,2,0
UNC,989.001030621374000,12/14/2025 3:50,1,6,0
UNC,989.001040500035000,12/14/2025 3:47,1,7,0
UNC,989.002028176996000,12/14/2025 3:47,1,2,0
UNC,989.001040500035000,12/14/2025 3:46,1,7,0
UNC,989.002028176996000,12/14/2025 3:45,1,2,0
UNC,989.002028176996000,12/14/2025 3:44,1,2,0
UNC,989.002028176996000,12/14/2025 3:43,1,2,0
UNC,989.001030621374000,12/14/2025 3:42,1,6,0
UNC,989.002028176996000,12/14/2025 3:42,1,2,0
UNC,989.002028176996000,12/14/2025 3:41,1,2,0
UNC,989.002028176996000,12/14/2025 3:39,1,2,0
UNC,989.002028176996000,12/14/2025 3:28,1,2,0
UNC,989.002028176996000,12/14/2025 3:27,1,2,0
UNC,989.002028176996000,12/14/2025 3:26,1,2,0
UNC,989.002028176996000,12/14/2025 3:24,1,2,0
UNC,989.002028176996000,12/14/2025 3:20,1,2,0
UNC,989.002028176996000,12/14/2025 3:10,1,3,0
UNC,989.002028176996000,12/14/2025 3:04,1,2,0
UNC,989.002028176996000,12/14/2025 3:03,1,2,0
UNC,989.002028176996000,12/14/2025 3:01,1,2,0
UNC,989.002028176996000,12/14/2025 2:59,1,2,0
UNC,989.002028176996000,12/14/2025 2:54,1,2,0
UNC,989.002028176996000,12/14/2025 2:50,1,2,0
UNC,989.002028176996000,12/14/2025 2:43,1,3,0
UNC,989.002028176996000,12/14/2025 2:37,1,2,0
UNC,989.002028176996000,12/14/2025 2:35,1,2,0
UNC,989.002028176996000,12/14/2025 2:35,1,3,0
UNC,989.002028176996000,12/14/2025 2:34,1,3,0
UNC,989.001040500035000,12/14/2025 2:25,1,6,0
UNC,989.002028176996000,12/14/2025 2:25,1,2,0
UNC,989.001040500035000,12/14/2025 2:24,1,6,0
UNC,989.001040500035000,12/14/2025 2:23,1,6,0
UNC,989.002028176996000,12/14/2025 2:21,1,2,0
UNC,989.002028176996000,12/14/2025 2:21,1,1,0
UNC,989.002028176996000,12/14/2025 2:20,1,1,0
UNC,989.002028176996000,12/14/2025 2:20,1,2,0
UNC,989.002028176996000,12/14/2025 2:19,1,2,0
UNC,989.002028176996000,12/14/2025 2:18,1,2,0
UNC,989.001040500035000,12/14/2025 2:17,1,7,0
UNC,989.002028176996000,12/14/2025 2:17,1,2,0
UNC,989.001040500035000,12/14/2025 2:16,1,7,0
UNC,989.001040500035000,12/14/2025 2:15,1,7,0
UNC,989.001040500035000,12/14/2025 2:15,1,8,0
UNC,989.002028176996000,12/14/2025 2:14,1,2,0
UNC,989.002028176996000,12/14/2025 2:12,1,2,0
UNC,989.001040500035000,12/14/2025 2:12,1,8,0
UNC,989.002028176996000,12/14/2025 2:10,1,3,0
UNC,989.001040500035000,12/14/2025 2:10,1,8,0
UNC,989.001040500035000,12/14/2025 2:06,1,8,0
UNC,989.002028176996000,12/14/2025 2:03,1,2,0
UNC,989.002028176996000,12/14/2025 2:02,1,2,0
UNC,989.002028176996000,12/14/2025 2:01,1,2,0
UNC,989.001040500035000,12/14/2025 2:00,1,8,0
UNC,989.002028176996000,12/14/2025 1:59,1,2,0
UNC,989.002028176996000,12/14/2025 1:54,1,2,0
UNC,989.002028176996000,12/14/2025 1:52,1,2,0
UNC,989.001040500035000,12/14/2025 1:48,1,8,0
UNC,989.002028176996000,12/14/2025 1:47,1,2,0
UNC,989.001040500035000,12/14/2025 1:47,1,8,0
UNC,989.001040500035000,12/14/2025 1:45,1,8,0
UNC,989.002028176996000,12/14/2025 1:45,1,2,0
UNC,989.002028176996000,12/14/2025 1:43,1,2,0
UNC,989.001040500035000,12/14/2025 1:42,1,8,0
UNC,989.002028176996000,12/14/2025 1:42,1,2,0
UNC,989.001040500035000,12/14/2025 1:40,1,8,0
UNC,989.001040500035000,12/14/2025 1:39,1,8,0
UNC,989.002028176996000,12/14/2025 1:38,1,2,0
UNC,989.001040500035000,12/14/2025 1:38,1,8,0
UNC,989.002028176996000,12/14/2025 1:37,1,2,0
UNC,989.002028176996000,12/14/2025 1:35,1,2,0
UNC,989.001040500035000,12/14/2025 1:35,1,8,0
UNC,989.001040500035000,12/14/2025 1:33,1,8,0
UNC,989.001040500035000,12/14/2025 1:32,1,8,0
UNC,989.002028176996000,12/14/2025 1:31,1,2,0
UNC,989.002028176996000,12/14/2025 1:30,1,2,0
UNC,989.001040500035000,12/14/2025 1:28,1,8,0
UNC,989.001030621374000,12/14/2025 1:27,1,6,0
UNC,989.002028176996000,12/14/2025 1:26,1,2,0
UNC,989.001040500035000,12/14/2025 1:25,1,8,0
UNC,989.002028176996000,12/14/2025 1:24,1,2,0
UNC,989.001040500035000,12/14/2025 1:24,1,8,0
UNC,989.002028176996000,12/14/2025 1:23,1,2,0
UNC,989.002028176996000,12/14/2025 1:22,1,3,0
UNC,989.002028176996000,12/14/2025 1:21,1,3,0
UNC,989.001040500035000,12/14/2025 1:20,1,8,0
UNC,989.002028176996000,12/14/2025 1:20,1,3,0
UNC,989.001040500035000,12/14/2025 1:19,1,8,0
UNC,989.002028176996000,12/14/2025 1:18,1,3,0
UNC,989.001040500035000,12/14/2025 1:18,1,8,0
UNC,989.002028176996000,12/14/2025 1:17,1,3,0
UNC,989.001040500035000,12/14/2025 1:16,1,8,0
UNC,989.002028176996000,12/14/2025 1:16,1,3,0
UNC,989.001040500035000,12/14/2025 1:14,1,8,0
UNC,989.001040500035000,12/14/2025 1:12,1,8,0
UNC,989.001040500035000,12/14/2025 1:09,1,8,0
UNC,989.002028176996000,12/14/2025 1:07,1,3,0
UNC,989.002028176996000,12/14/2025 1:06,1,3,0
UNC,989.001040500035000,12/14/2025 1:06,1,8,0
UNC,989.001040500035000,12/14/2025 1:03,1,8,0
UNC,989.001040500035000,12/14/2025 1:00,1,8,0
UNC,989.001040500035000,12/14/2025 0:58,1,8,0
UNC,989.002028176996000,12/14/2025 0:53,1,2,0
UNC,989.002028176996000,12/14/2025 0:52,1,2,0
UNC,989.001040500035000,12/14/2025 0:52,1,8,0
UNC,989.002028176996000,12/14/2025 0:51,1,2,0
UNC,989.002028176996000,12/14/2025 0:50,1,2,0
UNC,989.001040500035000,12/14/2025 0:49,1,8,0
UNC,989.002028176996000,12/14/2025 0:49,1,2,0
UNC,989.002028176996000,12/14/2025 0:48,1,2,0
UNC,989.002028176996000,12/14/2025 0:46,1,2,0
UNC,989.002028176996000,12/14/2025 0:45,1,2,0
UNC,989.001040500035000,12/14/2025 0:44,1,8,0
UNC,989.002028176996000,12/14/2025 0:44,1,2,0
UNC,989.002028176996000,12/14/2025 0:43,1,2,0
UNC,989.001040500035000,12/14/2025 0:41,1,8,0
UNC,989.002028176996000,12/14/2025 0:40,1,2,0
UNC,989.002028176996000,12/14/2025 0:38,1,2,0
UNC,989.002028176996000,12/14/2025 0:37,1,3,0
UNC,989.001040500035000,12/14/2025 0:36,1,8,0
UNC,989.001040500035000,12/14/2025 0:34,1,8,0
UNC,989.002028176996000,12/14/2025 0:33,1,2,0
UNC,989.002028176996000,12/14/2025 0:32,1,2,0
UNC,989.002028176996000,12/14/2025 0:32,1,1,0
UNC,989.001030621374000,12/14/2025 0:30,1,6,0
UNC,989.002028176996000,12/14/2025 0:30,1,1,0
UNC,989.002028176996000,12/14/2025 0:28,1,1,0
UNC,989.002028176996000,12/14/2025 0:28,1,2,0
UNC,989.002028176996000,12/14/2025 0:27,1,2,0
UNC,989.002028176996000,12/14/2025 0:26,1,2,0
UNC,989.002028176996000,12/14/2025 0:25,1,2,0
UNC,989.002028176996000,12/14/2025 0:24,1,2,0
UNC,989.001040500035000,12/14/2025 0:21,1,8,0
UNC,989.001040500035000,12/14/2025 0:20,1,8,0
UNC,989.001040500035000,12/14/2025 0:19,1,8,0
UNC,989.001030621374000,12/14/2025 0:19,1,7,0
UNC,989.001030621374000,12/14/2025 0:17,1,2,0
UNC,989.002028176996000,12/14/2025 0:05,1,2,0
UNC,989.002028176996000,12/14/2025 0:03,1,2,0
UNC,989.002028176996000,12/13/2025 23:58,1,2,0
UNC,989.002028176996000,12/13/2025 23:57,1,2,0
UNC,989.002028176996000,12/13/2025 23:55,1,2,0
UNC,989.001040500035000,12/13/2025 23:55,1,8,0
UNC,989.002028176996000,12/13/2025 23:54,1,2,0
UNC,989.001040500035000,12/13/2025 23:54,1,8,0
UNC,989.002028176996000,12/13/2025 23:53,1,3,0
UNC,989.001040500035000,12/13/2025 23:53,1,8,0
UNC,989.002028176996000,12/13/2025 23:52,1,3,0
UNC,989.002028176996000,12/13/2025 23:51,1,3,0
UNC,989.001040500035000,12/13/2025 23:50,1,8,0
UNC,989.002028176996000,12/13/2025 23:50,1,3,0
UNC,989.002028176996000,12/13/2025 23:49,1,3,0
UNC,989.002028176996000,12/13/2025 23:48,1,2,0
UNC,989.001040500035000,12/13/2025 23:45,1,8,0
UNC,989.002028176996000,12/13/2025 23:43,1,2,0
UNC,989.001040500035000,12/13/2025 23:43,1,8,0
UNC,989.002028176996000,12/13/2025 23:37,1,2,0
UNC,989.001040500035000,12/13/2025 23:37,1,8,0
UNC,989.001030621374000,12/13/2025 23:37,1,1,0
UNC,989.002028176996000,12/13/2025 23:36,1,2,0
UNC,989.002028176996000,12/13/2025 23:35,1,2,0
UNC,989.002028176996000,12/13/2025 23:34,1,2,0
UNC,989.001040500035000,12/13/2025 23:33,1,8,0
UNC,989.002028176996000,12/13/2025 23:32,1,2,0
UNC,989.002028176996000,12/13/2025 23:31,1,2,0
UNC,989.001030621374000,12/13/2025 23:31,1,8,0
UNC,989.002028176996000,12/13/2025 23:30,1,2,0
UNC,989.001040500035000,12/13/2025 23:29,1,8,0
UNC,989.002028176996000,12/13/2025 23:29,1,1,0
UNC,989.002028176996000,12/13/2025 23:29,1,2,0
UNC,989.001030621374000,12/13/2025 23:29,1,9,0
UNC,989.002028176996000,12/13/2025 23:28,1,1,0
UNC,989.001030621374000,12/13/2025 23:28,1,9,0
UNC,989.002028176996000,12/13/2025 23:27,1,2,0
UNC,989.002028176996000,12/13/2025 23:26,1,2,0
UNC,989.001040500035000,12/13/2025 23:25,1,8,0
UNC,989.002028176996000,12/13/2025 23:25,1,2,0
UNC,989.002028176996000,12/13/2025 23:23,1,2,0
UNC,989.001040500035000,12/13/2025 23:23,1,8,0
UNC,989.002028176996000,12/13/2025 23:22,1,2,0
UNC,989.001030620668000,12/13/2025 23:21,1,6,0
UNC,989.002028176996000,12/13/2025 23:20,1,2,0
UNC,989.001040500035000,12/13/2025 23:20,1,8,0
UNC,989.002028176996000,12/13/2025 23:19,1,2,0
UNC,989.001030620668000,12/13/2025 23:18,1,6,0
UNC,989.001040500035000,12/13/2025 23:18,1,8,0
UNC,989.002028176996000,12/13/2025 23:18,1,2,0
UNC,989.002028176732000,12/13/2025 23:17,1,2,0
UNC,989.002028176996000,12/13/2025 23:16,1,2,0
UNC,989.001040500035000,12/13/2025 23:16,1,8,0
UNC,989.002028176996000,12/13/2025 23:15,1,2,0
UNC,989.001040500035000,12/13/2025 23:15,1,8,0
UNC,989.002028176996000,12/13/2025 23:14,1,2,0
UNC,989.002028176732000,12/13/2025 23:13,1,6,0
UNC,989.002028176996000,12/13/2025 23:13,1,2,0
UNC,989.002028176996000,12/13/2025 23:12,1,2,0
UNC,989.002028176996000,12/13/2025 23:11,1,2,0
UNC,989.002028176996000,12/13/2025 23:10,1,1,0
UNC,989.002028176996000,12/13/2025 23:08,1,1,0
UNC,989.002028176996000,12/13/2025 23:06,1,1,0
UNC,989.002028176996000,12/13/2025 23:05,1,2,0
UNC,989.002028176996000,12/13/2025 23:04,1,2,0
UNC,989.001030621374000,12/13/2025 23:03,1,6,0
UNC,989.002028176996000,12/13/2025 23:02,1,2,0
UNC,989.001030621374000,12/13/2025 23:02,1,1,0
UNC,989.002028176996000,12/13/2025 23:01,1,2,0
UNC,989.002028176996000,12/13/2025 23:00,1,2,0
UNC,989.002028176996000,12/13/2025 22:58,1,2,0
UNC,989.002028176996000,12/13/2025 22:57,1,2,0
UNC,989.002028176996000,12/13/2025 22:56,1,2,0
UNC,989.002028176996000,12/13/2025 22:52,1,2,0
UNC,989.002028176996000,12/13/2025 22:49,1,2,0
UNC,989.001030621374000,12/13/2025 22:49,1,1,0
UNC,989.002028176996000,12/13/2025 22:48,1,2,0
UNC,989.001030621374000,12/13/2025 22:47,1,6,0
UNC,989.002028176996000,12/13/2025 22:47,1,2,0
UNC,989.002028176996000,12/13/2025 22:46,1,2,0
UNC,989.002028176996000,12/13/2025 22:44,1,2,0
UNC,989.002028176996000,12/13/2025 22:43,1,2,0
UNC,989.002028176996000,12/13/2025 22:42,1,2,0
UNC,989.002028176996000,12/13/2025 22:41,1,2,0
UNC,989.002028176996000,12/13/2025 22:40,1,2,0
UNC,989.002028176996000,12/13/2025 22:39,1,2,0
UNC,989.002028176996000,12/13/2025 22:38,1,2,0
UNC,989.002028176996000,12/13/2025 22:37,1,2,0
UNC,989.002028176996000,12/13/2025 22:36,1,2,0
UNC,989.002028176996000,12/13/2025 22:35,1,2,0
UNC,989.002028176996000,12/13/2025 22:34,1,2,0
UNC,989.002028176996000,12/13/2025 22:33,1,2,0
UNC,989.002028176996000,12/13/2025 22:31,1,2,0
UNC,989.002028176996000,12/13/2025 22:30,1,2,0
UNC,989.002028176996000,12/13/2025 22:29,1,2,0
UNC,989.002028176996000,12/13/2025 22:28,1,2,0
UNC,989.002028176996000,12/13/2025 22:27,1,2,0
UNC,989.002028176996000,12/13/2025 22:26,1,2,0
UNC,989.002028176996000,12/13/2025 22:25,1,2,0
UNC,989.001030620668000,12/13/2025 22:23,1,7,0
UNC,989.001030620668000,12/13/2025 22:23,1,6,0
UNC,989.001030620668000,12/13/2025 22:22,1,7,0
UNC,989.001030620668000,12/13/2025 22:20,1,6,0
UNC,989.002028176996000,12/13/2025 22:19,1,2,0
UNC,989.001030620668000,12/13/2025 22:19,1,6,0
UNC,989.002028176996000,12/13/2025 22:18,1,2,0
UNC,989.002028176996000,12/13/2025 22:17,1,2,0
UNC,989.002028176996000,12/13/2025 22:15,1,2,0
UNC,989.001030620668000,12/13/2025 22:14,1,6,0
UNC,989.002028176996000,12/13/2025 22:14,1,2,0
UNC,989.002028176996000,12/13/2025 22:13,1,2,0
UNC,989.002028176996000,12/13/2025 22:12,1,2,0
UNC,989.002028176996000,12/13/2025 22:10,1,2,0
UNC,989.002028176996000,12/13/2025 22:08,1,2,0
UNC,989.002028176996000,12/13/2025 22:07,1,2,0
UNC,989.002028176996000,12/13/2025 22:05,1,2,0
UNC,989.002028176996000,12/13/2025 22:02,1,2,0
UNC,989.002028176996000,12/13/2025 22:01,1,2,0
UNC,989.002028176996000,12/13/2025 22:00,1,2,0
UNC,989.002028176996000,12/13/2025 21:58,1,2,0
UNC,989.002028176996000,12/13/2025 21:57,1,2,0
UNC,989.001030621374000,12/13/2025 21:56,1,6,0
UNC,989.002028176996000,12/13/2025 21:56,1,2,0
UNC,989.001030621374000,12/13/2025 21:55,1,7,0
UNC,989.002028176996000,12/13/2025 21:55,1,2,0
UNC,989.001030621374000,12/13/2025 21:54,1,6,0
UNC,989.002028176996000,12/13/2025 21:53,1,2,0
UNC,989.002028176996000,12/13/2025 21:52,1,2,0
UNC,989.001030621374000,12/13/2025 21:52,1,6,0
UNC,989.001030621374000,12/13/2025 21:51,1,6,0
UNC,989.002028176996000,12/13/2025 21:51,1,2,0
UNC,989.002028176996000,12/13/2025 21:50,1,2,0
UNC,989.002028176996000,12/13/2025 21:49,1,2,0
UNC,989.001030621374000,12/13/2025 21:48,1,1,0
UNC,989.002028176996000,12/13/2025 21:48,1,2,0
UNC,989.001030621374000,12/13/2025 21:47,1,1,0
UNC,989.002028176996000,12/13/2025 21:47,1,2,0
UNC,989.002028176996000,12/13/2025 21:46,1,2,0
UNC,989.001030621374000,12/13/2025 21:45,1,1,0
UNC,989.002028176996000,12/13/2025 21:45,1,2,0
UNC,989.002028176996000,12/13/2025 21:43,1,2,0
UNC,989.002028176996000,12/13/2025 21:42,1,2,0
UNC,989.002028176996000,12/13/2025 21:41,1,2,0
UNC,989.002028176996000,12/13/2025 21:40,1,2,0
UNC,989.002028176996000,12/13/2025 21:39,1,2,0
UNC,989.002028176996000,12/13/2025 21:37,1,2,0
UNC,989.002028176996000,12/13/2025 21:36,1,2,0
UNC,989.002028176996000,12/13/2025 21:35,1,2,0
UNC,989.002028176996000,12/13/2025 21:34,1,2,0
UNC,989.002028176996000,12/13/2025 21:33,1,2,0
UNC,989.002028176996000,12/13/2025 21:32,1,2,0
UNC,989.002028176996000,12/13/2025 21:31,1,2,0
UNC,989.002028176996000,12/13/2025 21:29,1,2,0
UNC,989.002028176996000,12/13/2025 21:28,1,2,0
UNC,989.002028176996000,12/13/2025 21:27,1,2,0
UNC,989.002028176996000,12/13/2025 21:26,1,2,0
UNC,989.002028176996000,12/13/2025 21:25,1,2,0
UNC,989.002028176996000,12/13/2025 21:24,1,3,0
UNC,989.002028176996000,12/13/2025 21:23,1,3,0
UNC,989.002028176996000,12/13/2025 21:22,1,3,0
UNC,989.002028176996000,12/13/2025 21:21,1,3,0
UNC,989.002028176996000,12/13/2025 21:20,1,3,0
UNC,989.002028176996000,12/13/2025 21:19,1,3,0
UNC,989.002028176996000,12/13/2025 20:54,1,3,0
UNC,989.002028176996000,12/13/2025 20:52,1,3,0
UNC,989.002028176996000,12/13/2025 20:51,1,3,0
UNC,989.002028176996000,12/13/2025 20:50,1,3,0
UNC,989.002028176996000,12/13/2025 20:49,1,3,0
UNC,989.002028176996000,12/13/2025 20:47,1,3,0
UNC,989.002028176996000,12/13/2025 20:20,1,2,0
UNC,989.002028176996000,12/13/2025 20:18,1,3,0
UNC,989.002028176996000,12/13/2025 20:12,1,2,0
UNC,989.002028176996000,12/13/2025 20:11,1,2,0
UNC,989.002028176996000,12/13/2025 20:10,1,2,0
UNC,989.002028176996000,12/13/2025 20:08,1,2,0
UNC,989.002028176996000,12/13/2025 20:07,1,2,0
UNC,989.002028176996000,12/13/2025 20:04,1,3,0
UNC,989.002028176996000,12/13/2025 20:03,1,3,0
UNC,989.002028176996000,12/13/2025 19:56,1,3,0
UNC,989.002028176732000,12/13/2025 19:45,1,2,0
UNC,989.002028176996000,12/13/2025 19:43,1,2,0
UNC,989.002028176996000,12/13/2025 19:41,1,2,0
UNC,989.002028176996000,12/13/2025 19:40,1,2,0
UNC,989.002028176996000,12/13/2025 19:39,1,2,0
UNC,989.002028176996000,12/13/2025 19:38,1,2,0
UNC,989.002028176996000,12/13/2025 19:36,1,2,0
UNC,989.002028176996000,12/13/2025 19:35,1,2,0
UNC,989.001030621374000,12/13/2025 18:50,1,8,0
UNC,989.001030621374000,12/13/2025 18:46,1,7,0
UNC,989.001030621374000,12/13/2025 18:45,1,2,0
UNC,989.001040500055000,12/13/2025 18:18,1,2,0
UNC,989.001040500055000,12/13/2025 18:09,1,7,0
UNC,989.001040500055000,12/13/2025 18:08,1,7,0
UNC,989.001040500055000,12/13/2025 18:07,1,7,0
UNC,989.001040500055000,12/13/2025 18:05,1,7,0
UNC,989.001040500055000,12/13/2025 18:04,1,7,0
UNC,989.001040500055000,12/13/2025 18:03,1,7,0
UNC,989.001040500055000,12/13/2025 18:02,1,7,0
UNC,989.001030621374000,12/13/2025 18:02,1,3,0
UNC,989.001040500055000,12/13/2025 18:01,1,7,0
UNC,989.001040500055000,12/13/2025 17:59,1,7,0
UNC,989.001040500055000,12/13/2025 17:58,1,7,0
UNC,989.001030621374000,12/13/2025 17:54,1,7,0
UNC,989.001030621374000,12/13/2025 17:53,1,7,0
UNC,989.001040500055000,12/13/2025 17:52,1,7,0
UNC,989.001040500055000,12/13/2025 17:51,1,7,0
UNC,989.001030621374000,12/13/2025 17:48,1,7,0
UNC,989.001030621374000,12/13/2025 17:47,1,7,0
UNC,989.001040500035000,12/13/2025 17:46,1,6,0
UNC,989.001030621374000,12/13/2025 17:46,1,7,0
UNC,989.001040500035000,12/13/2025 17:45,1,6,0
UNC,989.001040500035000,12/13/2025 17:45,1,7,0
UNC,989.001040500035000,12/13/2025 17:44,1,7,0
UNC,989.001040500035000,12/13/2025 17:43,1,7,0
UNC,989.001040500035000,12/13/2025 17:38,1,7,0
UNC,989.001030621374000,12/13/2025 17:37,1,6,0
UNC,989.001040500035000,12/13/2025 17:34,1,7,0
UNC,989.001040500035000,12/13/2025 17:33,1,7,0
UNC,989.001040500035000,12/13/2025 17:32,1,7,0
UNC,989.001030621374000,12/13/2025 17:32,1,2,0
UNC,989.001040500035000,12/13/2025 17:31,1,7,0
UNC,989.001040500035000,12/13/2025 17:26,1,6,0
UNC,989.001040500035000,12/13/2025 17:25,1,6,0
UNC,989.001040500035000,12/13/2025 17:24,1,6,0
UNC,989.001040500035000,12/13/2025 17:23,1,7,0
UNC,989.001040500035000,12/13/2025 17:22,1,7,0
UNC,989.001040500035000,12/13/2025 17:21,1,7,0
UNC,989.002028176695000,12/13/2025 17:16,1,3,0
UNC,989.002028176695000,12/13/2025 17:15,1,3,0
UNC,989.002028176695000,12/13/2025 17:14,1,3,0
UNC,989.002028176695000,12/13/2025 17:14,1,2,0
UNC,989.001040500055000,12/13/2025 17:13,1,7,0
UNC,989.002028176695000,12/13/2025 17:13,1,2,0
UNC,989.002028176695000,12/13/2025 17:12,1,3,0
UNC,989.001040500055000,12/13/2025 17:12,1,7,0
UNC,989.001040500035000,12/13/2025 17:12,1,7,0
UNC,989.002028176695000,12/13/2025 17:11,1,3,0
UNC,989.002028176695000,12/13/2025 17:10,1,3,0
UNC,989.002028176695000,12/13/2025 17:09,1,3,0
UNC,989.002028176695000,12/13/2025 17:08,1,2,0
UNC,989.001040500035000,12/13/2025 17:08,1,6,0
UNC,989.002028176695000,12/13/2025 17:07,1,2,0
UNC,989.001040500035000,12/13/2025 17:07,1,6,0
UNC,989.001040500035000,12/13/2025 17:06,1,7,0
UNC,989.002028176695000,12/13/2025 17:06,1,2,0
UNC,989.001040500035000,12/13/2025 17:06,1,6,0
UNC,989.002028176695000,12/13/2025 17:05,1,2,0
UNC,989.001040500035000,12/13/2025 17:05,1,6,0
UNC,989.001040500055000,12/13/2025 17:04,1,7,0
UNC,989.001040500035000,12/13/2025 17:04,1,6,0
UNC,989.002028176695000,12/13/2025 17:03,1,2,0
UNC,989.001040500055000,12/13/2025 17:03,1,7,0
UNC,989.001040500035000,12/13/2025 17:03,1,7,0
UNC,989.002028176695000,12/13/2025 17:02,1,2,0
UNC,989.001040500055000,12/13/2025 17:02,1,7,0
UNC,989.002028176695000,12/13/2025 17:01,1,2,0
UNC,989.001040500035000,12/13/2025 17:01,1,7,0
UNC,989.001040500055000,12/13/2025 17:01,1,7,0
UNC,989.002028176695000,12/13/2025 17:00,1,2,0
UNC,989.001040500035000,12/13/2025 17:00,1,7,0
UNC,989.001040500055000,12/13/2025 16:59,1,7,0
UNC,989.002028176695000,12/13/2025 16:59,1,2,0
UNC,989.001040500035000,12/13/2025 16:59,1,7,0
UNC,989.001040500055000,12/13/2025 16:58,1,7,0
UNC,989.001040500035000,12/13/2025 16:58,1,7,0
UNC,989.002028176695000,12/13/2025 16:58,1,2,0
UNC,989.001040500055000,12/13/2025 16:57,1,6,0
UNC,989.001040500055000,12/13/2025 16:57,1,7,0
UNC,989.001040500035000,12/13/2025 16:56,1,6,0
UNC,989.002028176695000,12/13/2025 16:56,1,2,0
UNC,989.001040500035000,12/13/2025 16:56,1,7,0
UNC,989.001040500055000,12/13/2025 16:56,1,7,0
UNC,989.002028176695000,12/13/2025 16:55,1,2,0
UNC,989.002028176695000,12/13/2025 16:54,1,2,0
UNC,989.002028176695000,12/13/2025 16:53,1,2,0
UNC,989.001040500055000,12/13/2025 16:53,1,6,0
UNC,989.002028176695000,12/13/2025 16:52,1,2,0
UNC,989.002028176695000,12/13/2025 16:51,1,2,0
UNC,989.002028176695000,12/13/2025 16:50,1,2,0
UNC,989.002028176695000,12/13/2025 16:49,1,2,0
UNC,989.002028176695000,12/13/2025 16:48,1,2,0
UNC,989.002028176695000,12/13/2025 16:47,1,2,0
UNC,989.002028176695000,12/13/2025 16:46,1,2,0
UNC,989.002028176695000,12/13/2025 16:45,1,2,0
UNC,989.002028176695000,12/13/2025 16:43,1,2,0
UNC,989.002028176695000,12/13/2025 16:42,1,2,0
UNC,989.002028176695000,12/13/2025 16:41,1,2,0
UNC,989.002028176695000,12/13/2025 16:40,1,2,0
UNC,989.002028176695000,12/13/2025 16:39,1,3,0
UNC,989.002028176695000,12/13/2025 16:38,1,2,0
UNC,989.002028176695000,12/13/2025 16:37,1,2,0
UNC,989.002028176695000,12/13/2025 16:36,1,2,0
UNC,989.002028176695000,12/13/2025 16:35,1,2,0
UNC,989.002028176695000,12/13/2025 16:34,1,2,0
UNC,989.002028176695000,12/13/2025 16:33,1,2,0
UNC,989.002028176695000,12/13/2025 16:32,1,2,0
UNC,989.002028176695000,12/13/2025 16:31,1,2,0
UNC,989.002028176695000,12/13/2025 16:30,1,2,0
UNC,989.002028176695000,12/13/2025 16:29,1,2,0
UNC,989.002028176695000,12/13/2025 16:28,1,2,0
UNC,989.002028176695000,12/13/2025 16:25,1,2,0
UNC,989.002028176695000,12/13/2025 16:24,1,2,0
UNC,989.002028176695000,12/13/2025 16:23,1,2,0
UNC,989.002028176695000,12/13/2025 16:22,1,2,0
UNC,989.002028176695000,12/13/2025 16:21,1,2,0
UNC,989.002028176695000,12/13/2025 16:20,1,2,0
UNC,989.002028176695000,12/13/2025 16:19,1,2,0
UNC,989.002028176695000,12/13/2025 16:18,1,2,0
UNC,989.002028176695000,12/13/2025 16:16,1,2,0
UNC,989.002028176695000,12/13/2025 16:15,1,2,0
UNC,989.002028176695000,12/13/2025 16:14,1,2,0
UNC,989.002028176695000,12/13/2025 16:13,1,2,0
UNC,989.002028176695000,12/13/2025 16:12,1,2,0
UNC,989.002028176695000,12/13/2025 16:11,1,2,0
UNC,989.002028176695000,12/13/2025 16:10,1,2,0
UNC,989.002028176695000,12/13/2025 16:09,1,2,0
UNC,989.002028176695000,12/13/2025 16:08,1,2,0
UNC,989.002028176996000,12/13/2025 16:05,1,3,0
UNC,989.002028176996000,12/13/2025 16:04,1,3,0
UNC,989.002028176996000,12/13/2025 16:03,1,2,0
UNC,989.002028176996000,12/13/2025 16:03,1,3,0
UNC,989.002028176695000,12/13/2025 16:02,1,2,0
UNC,989.002028176695000,12/13/2025 16:01,1,2,0
UNC,989.002028176695000,12/13/2025 16:00,1,2,0
UNC,989.002028176996000,12/13/2025 16:00,1,3,0
UNC,989.002028176695000,12/13/2025 15:59,1,2,0
UNC,989.002028176695000,12/13/2025 15:58,1,2,0
UNC,989.002028176695000,12/13/2025 15:57,1,2,0
UNC,989.002028176695000,12/13/2025 15:56,1,2,0
UNC,989.002028176695000,12/13/2025 15:55,1,2,0
UNC,989.002028176695000,12/13/2025 15:54,1,2,0
UNC,989.002028176996000,12/13/2025 15:54,1,3,0
UNC,989.002028176695000,12/13/2025 15:53,1,2,0
UNC,989.002028176695000,12/13/2025 15:52,1,2,0
UNC,989.002028176695000,12/13/2025 15:51,1,2,0
UNC,989.002028176695000,12/13/2025 15:50,1,2,0
UNC,989.002028176996000,12/13/2025 15:50,1,3,0
UNC,989.002028176695000,12/13/2025 15:49,1,2,0
UNC,989.002028176695000,12/13/2025 15:48,1,2,0
UNC,989.002028176695000,12/13/2025 15:46,1,2,0
UNC,989.002028176695000,12/13/2025 15:45,1,2,0
UNC,989.002028176996000,12/13/2025 15:45,1,3,0
UNC,989.002028176695000,12/13/2025 15:44,1,2,0
UNC,989.002028176695000,12/13/2025 15:43,1,2,0
UNC,989.002028176695000,12/13/2025 15:42,1,2,0
UNC,989.002028176695000,12/13/2025 15:41,1,2,0
UNC,989.002028176695000,12/13/2025 15:40,1,2,0
UNC,989.002028176695000,12/13/2025 15:39,1,2,0
UNC,989.002028176695000,12/13/2025 15:38,1,2,0
UNC,989.002028176695000,12/13/2025 15:37,1,2,0
UNC,989.002028176996000,12/13/2025 15:36,1,3,0
UNC,989.002028176695000,12/13/2025 15:35,1,2,0
UNC,989.002028176695000,12/13/2025 15:34,1,2,0
UNC,989.002028176996000,12/13/2025 15:34,1,3,0
UNC,989.002028176695000,12/13/2025 15:33,1,2,0
UNC,989.002028176695000,12/13/2025 15:32,1,2,0
UNC,989.002028176996000,12/13/2025 15:32,1,3,0
UNC,989.002028176695000,12/13/2025 15:31,1,2,0
UNC,989.002028176695000,12/13/2025 15:30,1,2,0
UNC,989.002028176996000,12/13/2025 15:29,1,3,0
UNC,989.002028176695000,12/13/2025 15:29,1,2,0
UNC,989.002028176996000,12/13/2025 15:28,1,3,0
UNC,989.002028176695000,12/13/2025 15:28,1,2,0
UNC,989.002028176695000,12/13/2025 15:27,1,2,0
UNC,989.002028176695000,12/13/2025 15:26,1,2,0
UNC,989.002028176996000,12/13/2025 15:25,1,2,0
UNC,989.002028176695000,12/13/2025 15:25,1,2,0
UNC,989.002028176695000,12/13/2025 15:24,1,2,0
UNC,989.002028176996000,12/13/2025 15:23,1,2,0
UNC,989.002028176695000,12/13/2025 15:23,1,2,0
UNC,989.002028176695000,12/13/2025 15:21,1,2,0
UNC,989.002028176996000,12/13/2025 15:20,1,2,0
UNC,989.002028176996000,12/13/2025 15:18,1,2,0
UNC,989.002028176996000,12/13/2025 15:18,1,3,0
UNC,989.002028176996000,12/13/2025 15:17,1,3,0
UNC,989.002028176840000,12/13/2025 9:15,1,7,0
UNC,989.002028176840000,12/13/2025 9:09,1,2,0
UNC,989.001040500035000,12/13/2025 7:00,1,6,0
UNC,989.001040500035000,12/13/2025 6:59,1,6,0
UNC,989.001040500035000,12/13/2025 6:58,1,6,0
UNC,989.001040500035000,12/13/2025 6:57,1,7,0
UNC,989.001040500035000,12/13/2025 6:57,1,6,0
UNC,989.001040500035000,12/13/2025 6:56,1,7,0
UNC,989.001040500035000,12/13/2025 6:55,1,7,0
UNC,989.001040500035000,12/13/2025 6:53,1,7,0
UNC,989.001040500035000,12/13/2025 6:52,1,7,0
UNC,989.001040500035000,12/13/2025 6:51,1,7,0
UNC,989.001040500035000,12/13/2025 6:50,1,7,0
UNC,989.001040500035000,12/13/2025 6:49,1,7,0
UNC,989.001040500035000,12/13/2025 6:48,1,7,0
UNC,989.001030621497000,12/13/2025 6:42,1,1,0
UNC,989.001040500035000,12/13/2025 6:39,1,6,0
UNC,989.001040500035000,12/13/2025 6:38,1,6,0
UNC,989.001040500035000,12/13/2025 6:37,1,6,0
UNC,989.001040500035000,12/13/2025 6:34,1,6,0
UNC,989.001040500035000,12/13/2025 6:33,1,6,0
UNC,989.001040500035000,12/13/2025 5:59,1,7,0
UNC,989.001040500035000,12/13/2025 5:58,1,7,0
UNC,989.001040500035000,12/13/2025 5:57,1,7,0
UNC,989.001040500035000,12/13/2025 5:56,1,7,0
UNC,989.001040500035000,12/13/2025 5:55,1,7,0
UNC,989.001040500035000,12/13/2025 5:54,1,7,0
UNC,989.001040500035000,12/13/2025 5:53,1,7,0
UNC,989.001040500035000,12/13/2025 5:27,1,7,0
UNC,989.001040500035000,12/13/2025 5:26,1,7,0
UNC,989.001040500035000,12/13/2025 5:23,1,7,0
UNC,989.001040500035000,12/13/2025 5:20,1,7,0
UNC,989.001040500035000,12/13/2025 5:04,1,6,0
UNC,989.001040500035000,12/13/2025 5:03,1,6,0
UNC,989.001040500035000,12/13/2025 5:02,1,6,0
UNC,989.001040500035000,12/13/2025 5:01,1,6,0
UNC,989.001040500035000,12/13/2025 5:00,1,6,0
UNC,989.001040500035000,12/13/2025 4:58,1,6,0
UNC,989.002028176996000,12/13/2025 3:33,1,2,0
UNC,989.001040500035000,12/13/2025 3:18,1,7,0
UNC,989.001040500035000,12/13/2025 3:16,1,7,0
UNC,989.001040500035000,12/13/2025 3:15,1,7,0
UNC,989.001040500035000,12/13/2025 3:14,1,7,0
UNC,989.001040500035000,12/13/2025 3:13,1,7,0
UNC,989.001040500035000,12/13/2025 3:12,1,7,0
UNC,989.001040500035000,12/13/2025 3:11,1,7,0
UNC,989.001040500035000,12/13/2025 3:10,1,7,0
UNC,989.001040500035000,12/13/2025 3:09,1,7,0
UNC,989.001030620668000,12/13/2025 3:07,1,6,0
UNC,989.001040500035000,12/13/2025 3:07,1,7,0
UNC,989.001040500035000,12/13/2025 3:06,1,7,0
UNC,989.001030620668000,12/13/2025 3:05,1,1,0
UNC,989.001030620668000,12/13/2025 3:04,1,1,0
UNC,989.001030620668000,12/13/2025 2:59,1,1,0
UNC,989.002028176996000,12/13/2025 2:58,1,1,0
UNC,989.001030620668000,12/13/2025 2:57,1,1,0
UNC,989.002028176996000,12/13/2025 2:55,1,2,0
UNC,989.002028176996000,12/13/2025 2:54,1,2,0
UNC,989.001030620668000,12/13/2025 2:54,1,6,0
UNC,989.002028176996000,12/13/2025 2:53,1,2,0
UNC,989.002028176996000,12/13/2025 2:52,1,2,0
UNC,989.002028176996000,12/13/2025 2:50,1,2,0
UNC,989.001040500035000,12/13/2025 2:50,1,6,0
UNC,989.002028176996000,12/13/2025 2:49,1,2,0
UNC,989.001040500035000,12/13/2025 2:49,1,6,0
UNC,989.002028176996000,12/13/2025 2:48,1,2,0
UNC,989.001040500035000,12/13/2025 2:48,1,6,0
UNC,989.001040500035000,12/13/2025 2:47,1,6,0
UNC,989.002028176996000,12/13/2025 2:47,1,2,0
UNC,989.002028176996000,12/13/2025 2:45,1,2,0
UNC,989.001040500035000,12/13/2025 2:45,1,6,0
UNC,989.002028176996000,12/13/2025 2:44,1,2,0
UNC,989.002028176996000,12/13/2025 2:43,1,2,0
UNC,989.002028176996000,12/13/2025 2:42,1,2,0
UNC,989.002028176996000,12/13/2025 2:41,1,2,0
UNC,989.002028176996000,12/13/2025 2:40,1,2,0
UNC,989.002028176996000,12/13/2025 2:33,1,3,0
UNC,989.001030621374000,12/13/2025 2:31,1,1,0
UNC,989.001030621374000,12/13/2025 2:27,1,1,0
UNC,989.002028176996000,12/13/2025 2:25,1,2,0
UNC,989.002028176996000,12/13/2025 2:22,1,2,0
UNC,989.002028176996000,12/13/2025 2:21,1,2,0
UNC,989.001040500035000,12/13/2025 2:20,1,6,0
UNC,989.002028176996000,12/13/2025 2:20,1,2,0
UNC,989.002028176996000,12/13/2025 2:19,1,2,0
UNC,989.002028176996000,12/13/2025 2:18,1,2,0
UNC,989.002028176996000,12/13/2025 2:17,1,2,0
UNC,989.002028176996000,12/13/2025 2:15,1,2,0
UNC,989.002028176996000,12/13/2025 2:14,1,2,0
UNC,989.002028176996000,12/13/2025 2:13,1,2,0
UNC,989.002028176996000,12/13/2025 2:12,1,2,0
UNC,989.002028176996000,12/13/2025 2:11,1,2,0
UNC,989.002028176996000,12/13/2025 2:10,1,2,0
UNC,989.002028176996000,12/13/2025 2:09,1,2,0
UNC,989.002028176996000,12/13/2025 2:08,1,2,0
UNC,989.002028176996000,12/13/2025 2:07,1,2,0
UNC,989.002028176996000,12/13/2025 2:06,1,2,0
UNC,989.002028176996000,12/13/2025 2:04,1,2,0
UNC,989.002028176996000,12/13/2025 2:03,1,2,0
UNC,989.002028176996000,12/13/2025 2:02,1,2,0
UNC,989.002028176996000,12/13/2025 2:01,1,2,0
UNC,989.002028176996000,12/13/2025 2:00,1,2,0
UNC,989.002028176996000,12/13/2025 1:59,1,2,0
UNC,989.002028176996000,12/13/2025 1:58,1,2,0
UNC,989.002028176996000,12/13/2025 1:57,1,2,0
UNC,989.002028176996000,12/13/2025 1:56,1,2,0
UNC,989.002028176996000,12/13/2025 1:55,1,2,0
UNC,989.002028176996000,12/13/2025 1:50,1,3,0
UNC,989.002028176996000,12/13/2025 1:43,1,2,0
UNC,989.002028176996000,12/13/2025 1:42,1,2,0
UNC,989.002028176996000,12/13/2025 1:41,1,2,0
UNC,989.002028176996000,12/13/2025 1:40,1,2,0
UNC,989.002028176996000,12/13/2025 1:39,1,2,0
UNC,989.002028176996000,12/13/2025 1:38,1,2,0
UNC,989.001040500035000,12/13/2025 1:38,1,7,0
UNC,989.001040500035000,12/13/2025 1:37,1,7,0
UNC,989.002028176996000,12/13/2025 1:37,1,2,0
UNC,989.001040500035000,12/13/2025 1:36,1,7,0
UNC,989.002028176996000,12/13/2025 1:36,1,2,0
UNC,989.001040500035000,12/13/2025 1:35,1,7,0
UNC,989.002028176996000,12/13/2025 1:35,1,2,0
UNC,989.001040500035000,12/13/2025 1:33,1,7,0
UNC,989.002028176996000,12/13/2025 1:33,1,2,0
UNC,989.001040500035000,12/13/2025 1:32,1,7,0
UNC,989.002028176996000,12/13/2025 1:32,1,2,0
UNC,989.002028176996000,12/13/2025 1:31,1,2,0
UNC,989.002028176996000,12/13/2025 1:30,1,2,0
UNC,989.002028176996000,12/13/2025 1:28,1,2,0
UNC,989.001030621374000,12/13/2025 1:28,1,1,0
UNC,989.002028176996000,12/13/2025 1:27,1,2,0
UNC,989.002028176996000,12/13/2025 1:26,1,2,0
UNC,989.002028176996000,12/13/2025 1:25,1,2,0
UNC,989.002028176996000,12/13/2025 1:24,1,2,0
UNC,989.002028176996000,12/13/2025 1:23,1,2,0
UNC,989.002028176996000,12/13/2025 1:22,1,2,0
UNC,989.001030621374000,12/13/2025 1:21,1,8,0
UNC,989.002028176996000,12/13/2025 1:20,1,2,0
UNC,989.002028176996000,12/13/2025 1:19,1,2,0
UNC,989.002028176996000,12/13/2025 1:18,1,2,0
UNC,989.002028176996000,12/13/2025 1:17,1,2,0
UNC,989.002028176996000,12/13/2025 1:16,1,2,0
UNC,989.002028176996000,12/13/2025 1:15,1,2,0
UNC,989.001030621374000,12/13/2025 1:14,1,9,0
UNC,989.001030621374000,12/13/2025 1:12,1,9,0
UNC,989.001040500035000,12/13/2025 1:08,1,6,0
UNC,989.001040500035000,12/13/2025 1:07,1,7,0
UNC,989.001040500035000,12/13/2025 1:06,1,7,0
UNC,989.001040500035000,12/13/2025 1:05,1,7,0
UNC,989.001040500035000,12/13/2025 1:04,1,7,0
UNC,989.001040500035000,12/13/2025 0:55,1,6,0
UNC,989.001040500035000,12/13/2025 0:53,1,6,0
UNC,989.002028176996000,12/13/2025 0:12,1,3,0
UNC,989.002028176996000,12/12/2025 23:45,1,7,0
UNC,989.002028176996000,12/12/2025 23:44,1,7,0
UNC,989.002028176996000,12/12/2025 23:42,1,7,0
UNC,989.001040500035000,12/12/2025 23:40,1,7,0
UNC,989.001040500035000,12/12/2025 23:39,1,7,0
UNC,989.001040500035000,12/12/2025 23:37,1,7,0
UNC,989.001040500035000,12/12/2025 23:30,1,7,0
UNC,989.001040500035000,12/12/2025 23:29,1,7,0
UNC,989.001040500035000,12/12/2025 23:28,1,7,0
UNC,989.002028176996000,12/12/2025 23:27,1,2,0
UNC,989.001040500035000,12/12/2025 23:27,1,7,0
UNC,989.001040500035000,12/12/2025 23:26,1,7,0
UNC,989.001040500035000,12/12/2025 23:25,1,7,0
UNC,989.002028176996000,12/12/2025 23:24,1,2,0
UNC,989.001040500035000,12/12/2025 23:24,1,7,0
UNC,989.002028176996000,12/12/2025 23:23,1,2,0
UNC,989.001040500035000,12/12/2025 23:23,1,7,0
UNC,989.002028176996000,12/12/2025 23:22,1,2,0
UNC,989.001040500035000,12/12/2025 23:22,1,7,0
UNC,989.001040500035000,12/12/2025 23:21,1,7,0
UNC,989.001040500035000,12/12/2025 23:20,1,7,0
UNC,989.002028177009000,12/12/2025 23:12,1,1,0
UNC,989.002028177009000,12/12/2025 23:10,1,6,0
UNC,989.001030621497000,12/12/2025 23:00,1,1,0
UNC,989.001030621374000,12/12/2025 23:00,1,6,0
UNC,989.001030620186000,12/12/2025 22:57,1,8,0
UNC,989.001030621374000,12/12/2025 22:53,1,7,0
UNC,989.001030620186000,12/12/2025 22:47,1,8,0
UNC,989.001040500035000,12/12/2025 22:46,1,7,0
UNC,989.001040500035000,12/12/2025 22:45,1,7,0
UNC,989.001040500035000,12/12/2025 22:44,1,7,0
UNC,989.001040500035000,12/12/2025 22:43,1,7,0
UNC,989.001040500035000,12/12/2025 22:42,1,7,0
UNC,989.001040500035000,12/12/2025 22:41,1,7,0
UNC,989.001040500035000,12/12/2025 22:40,1,7,0
UNC,989.001040500035000,12/12/2025 22:39,1,7,0
UNC,989.001040500035000,12/12/2025 22:38,1,7,0
UNC,989.001040500035000,12/12/2025 22:37,1,7,0
UNC,989.001040500035000,12/12/2025 22:36,1,7,0
UNC,989.001040500035000,12/12/2025 22:35,1,7,0
UNC,989.001040500035000,12/12/2025 22:33,1,7,0
UNC,989.001040500035000,12/12/2025 22:32,1,7,0
UNC,989.001040500035000,12/12/2025 22:31,1,7,0
UNC,989.001040500035000,12/12/2025 22:30,1,7,0
UNC,989.001040500035000,12/12/2025 22:29,1,7,0
UNC,989.001040500035000,12/12/2025 22:28,1,7,0
UNC,989.001040500035000,12/12/2025 22:27,1,7,0
UNC,989.001040500035000,12/12/2025 22:26,1,7,0
UNC,989.001040500035000,12/12/2025 22:25,1,7,0
UNC,989.001040500035000,12/12/2025 22:24,1,7,0
UNC,989.001040500035000,12/12/2025 22:23,1,7,0
UNC,989.001040500035000,12/12/2025 22:22,1,7,0
UNC,989.001040500035000,12/12/2025 22:21,1,7,0
UNC,989.001040500035000,12/12/2025 22:20,1,7,0
UNC,989.001040500035000,12/12/2025 22:19,1,7,0
UNC,989.001040500035000,12/12/2025 22:18,1,7,0
UNC,989.001030621374000,12/12/2025 22:17,1,7,0
UNC,989.001030620186000,12/12/2025 22:17,1,8,0
UNC,989.001040500035000,12/12/2025 22:17,1,7,0
UNC,989.001040500035000,12/12/2025 22:16,1,7,0
UNC,989.001040500035000,12/12/2025 22:15,1,7,0
UNC,989.001040500035000,12/12/2025 22:14,1,7,0
UNC,989.001040500035000,12/12/2025 22:13,1,7,0
UNC,989.001040500035000,12/12/2025 22:12,1,7,0
UNC,989.001040500035000,12/12/2025 22:11,1,7,0
UNC,989.001040500035000,12/12/2025 22:10,1,7,0
UNC,989.002028176996000,12/12/2025 22:09,1,2,0
UNC,989.001040500035000,12/12/2025 22:09,1,7,0
UNC,989.002028176996000,12/12/2025 22:08,1,2,0
UNC,989.001040500035000,12/12/2025 22:07,1,7,0
UNC,989.002028176996000,12/12/2025 22:07,1,2,0
UNC,989.001040500035000,12/12/2025 22:06,1,7,0
UNC,989.001040500035000,12/12/2025 22:05,1,7,0
UNC,989.001040500035000,12/12/2025 22:04,1,7,0
UNC,989.002028176996000,12/12/2025 22:04,1,2,0
UNC,989.001040500035000,12/12/2025 22:03,1,7,0
UNC,989.001030621374000,12/12/2025 22:02,1,3,0
UNC,989.001040500035000,12/12/2025 22:02,1,7,0
UNC,989.001030621374000,12/12/2025 22:02,1,2,0
UNC,989.001040500035000,12/12/2025 22:01,1,7,0
UNC,989.001030621374000,12/12/2025 22:01,1,1,0
UNC,989.001040500035000,12/12/2025 22:00,1,7,0
UNC,989.001040500035000,12/12/2025 21:59,1,7,0
UNC,989.001030621374000,12/12/2025 21:58,1,1,0
UNC,989.001040500035000,12/12/2025 21:58,1,7,0
UNC,989.001040500035000,12/12/2025 21:57,1,7,0
UNC,989.002028176996000,12/12/2025 21:57,1,2,0
UNC,989.002028176996000,12/12/2025 21:56,1,3,0
UNC,989.001040500035000,12/12/2025 21:56,1,7,0
UNC,989.001040500035000,12/12/2025 21:55,1,7,0
UNC,989.001040500035000,12/12/2025 21:54,1,7,0
UNC,989.001040500035000,12/12/2025 21:53,1,7,0
UNC,989.001040500035000,12/12/2025 21:52,1,7,0
UNC,989.002028176996000,12/12/2025 21:51,1,3,0
UNC,989.001030620186000,12/12/2025 21:51,1,8,0
UNC,989.001040500035000,12/12/2025 21:50,1,7,0
UNC,989.001040500035000,12/12/2025 21:49,1,7,0
UNC,989.002028176996000,12/12/2025 21:49,1,3,0
UNC,989.001040500035000,12/12/2025 21:48,1,7,0
UNC,989.001030620186000,12/12/2025 21:48,1,7,0
UNC,989.001030620186000,12/12/2025 21:48,1,8,0
UNC,989.001040500035000,12/12/2025 21:47,1,7,0
UNC,989.001040500035000,12/12/2025 21:46,1,7,0
UNC,989.001040500035000,12/12/2025 21:45,1,7,0
UNC,989.001030620186000,12/12/2025 21:45,1,8,0
UNC,989.001040500035000,12/12/2025 21:44,1,7,0
UNC,989.001040500035000,12/12/2025 21:43,1,7,0
UNC,989.001040500035000,12/12/2025 21:42,1,7,0
UNC,989.001040500035000,12/12/2025 21:41,1,7,0
UNC,989.001030620186000,12/12/2025 21:40,1,8,0
UNC,989.001040500035000,12/12/2025 21:40,1,7,0
UNC,989.001040500035000,12/12/2025 21:39,1,7,0
UNC,989.001030620186000,12/12/2025 21:39,1,8,0
UNC,989.001040500035000,12/12/2025 21:38,1,7,0
UNC,989.001040500035000,12/12/2025 21:37,1,7,0
UNC,989.001040500035000,12/12/2025 21:36,1,7,0
UNC,989.001040500035000,12/12/2025 21:35,1,7,0
UNC,989.001030620186000,12/12/2025 21:35,1,6,0
UNC,989.001030620186000,12/12/2025 21:34,1,6,0
UNC,989.001040500035000,12/12/2025 21:34,1,7,0
UNC,989.001040500035000,12/12/2025 21:33,1,7,0
UNC,989.001040500035000,12/12/2025 21:32,1,7,0
UNC,989.001030620186000,12/12/2025 21:31,1,7,0
UNC,989.001040500035000,12/12/2025 21:30,1,7,0
UNC,989.001030620186000,12/12/2025 21:30,1,7,0
UNC,989.001040500035000,12/12/2025 21:29,1,7,0
UNC,989.001040500035000,12/12/2025 21:28,1,7,0
UNC,989.001040500035000,12/12/2025 21:27,1,7,0
UNC,989.001040500035000,12/12/2025 21:26,1,7,0
UNC,989.001030620186000,12/12/2025 21:25,1,7,0
UNC,989.001030620186000,12/12/2025 21:23,1,7,0
UNC,989.001040500035000,12/12/2025 21:23,1,7,0
UNC,989.001040500035000,12/12/2025 21:22,1,7,0
UNC,989.001040500035000,12/12/2025 21:21,1,7,0
UNC,989.001040500035000,12/12/2025 21:20,1,7,0
UNC,989.001040500035000,12/12/2025 21:19,1,7,0
UNC,989.001040500035000,12/12/2025 21:18,1,7,0
UNC,989.001040500035000,12/12/2025 21:17,1,7,0
UNC,989.001040500035000,12/12/2025 21:16,1,7,0
UNC,989.001040500035000,12/12/2025 21:15,1,7,0
UNC,989.001040500035000,12/12/2025 21:14,1,7,0
UNC,989.001040500035000,12/12/2025 21:13,1,7,0
UNC,989.001040500035000,12/12/2025 21:12,1,7,0
UNC,989.001040500035000,12/12/2025 21:11,1,7,0
UNC,989.001040500035000,12/12/2025 21:10,1,7,0
UNC,989.001040500035000,12/12/2025 21:09,1,7,0
UNC,989.001040500035000,12/12/2025 21:07,1,7,0
UNC,989.001040500035000,12/12/2025 21:06,1,7,0
UNC,989.001040500035000,12/12/2025 21:05,1,7,0
UNC,989.001040500035000,12/12/2025 21:04,1,7,0
UNC,989.001040500035000,12/12/2025 21:03,1,7,0
UNC,989.001040500035000,12/12/2025 21:02,1,7,0
UNC,989.001040500035000,12/12/2025 21:01,1,7,0
UNC,989.001040500035000,12/12/2025 21:00,1,7,0
UNC,989.001040500035000,12/12/2025 20:59,1,7,0
UNC,989.001040500035000,12/12/2025 20:58,1,7,0
UNC,989.001040500035000,12/12/2025 20:57,1,7,0
UNC,989.001040500035000,12/12/2025 20:55,1,7,0
UNC,989.001040500035000,12/12/2025 20:54,1,7,0
UNC,989.001040500035000,12/12/2025 20:53,1,7,0
UNC,989.001040500035000,12/12/2025 20:52,1,7,0
UNC,989.001040500035000,12/12/2025 20:51,1,7,0
UNC,989.001040500035000,12/12/2025 20:50,1,7,0
UNC,989.001040500035000,12/12/2025 20:49,1,7,0
UNC,989.001040500035000,12/12/2025 20:48,1,7,0
UNC,989.001030621374000,12/12/2025 20:48,1,7,0
UNC,989.001030621374000,12/12/2025 20:47,1,8,0
UNC,989.001040500035000,12/12/2025 20:47,1,7,0
UNC,989.001030621374000,12/12/2025 20:47,1,9,0
UNC,989.001040500035000,12/12/2025 20:46,1,7,0
UNC,989.001040500035000,12/12/2025 20:45,1,7,0
UNC,989.002028176996000,12/12/2025 20:44,1,7,0
UNC,989.001040500035000,12/12/2025 20:44,1,7,0
UNC,989.001040500035000,12/12/2025 20:43,1,7,0
UNC,989.001030621374000,12/12/2025 20:42,1,9,0
UNC,989.001040500035000,12/12/2025 20:42,1,7,0
UNC,989.001030621374000,12/12/2025 20:41,1,9,0
UNC,989.001040500035000,12/12/2025 20:41,1,7,0
UNC,989.001040500035000,12/12/2025 20:40,1,7,0
UNC,989.001040500035000,12/12/2025 20:39,1,7,0
UNC,989.001040500035000,12/12/2025 20:38,1,7,0
UNC,989.001040500035000,12/12/2025 20:37,1,7,0
UNC,989.001040500035000,12/12/2025 20:36,1,7,0
UNC,989.001040500035000,12/12/2025 20:35,1,7,0
UNC,989.001040500035000,12/12/2025 20:34,1,7,0
UNC,989.001040500035000,12/12/2025 20:33,1,7,0
UNC,989.001040500035000,12/12/2025 20:32,1,7,0
UNC,989.001040500035000,12/12/2025 20:31,1,7,0
UNC,989.001040500035000,12/12/2025 20:30,1,7,0
UNC,989.001040500035000,12/12/2025 20:28,1,7,0
UNC,989.001040500035000,12/12/2025 20:27,1,7,0
UNC,989.001040500035000,12/12/2025 20:26,1,7,0
UNC,989.001040500035000,12/12/2025 20:25,1,7,0
UNC,989.001040500035000,12/12/2025 20:24,1,7,0
UNC,989.001040500035000,12/12/2025 20:23,1,7,0
UNC,989.001040500035000,12/12/2025 20:22,1,7,0
UNC,989.001040500035000,12/12/2025 20:21,1,7,0
UNC,989.001040500035000,12/12/2025 20:20,1,7,0
UNC,989.001040500035000,12/12/2025 20:19,1,7,0
UNC,989.001040500035000,12/12/2025 20:18,1,7,0
UNC,989.001040500035000,12/12/2025 20:17,1,7,0
UNC,989.001030621374000,12/12/2025 20:16,1,6,0
UNC,989.001040500035000,12/12/2025 20:16,1,7,0
UNC,989.001040500035000,12/12/2025 20:15,1,7,0
UNC,989.001040500035000,12/12/2025 20:13,1,7,0
UNC,989.001040500035000,12/12/2025 20:12,1,7,0
UNC,989.001040500035000,12/12/2025 20:11,1,7,0
UNC,989.001040500035000,12/12/2025 20:10,1,7,0
UNC,989.001040500035000,12/12/2025 20:09,1,7,0
UNC,989.002028176996000,12/12/2025 20:09,1,3,0
UNC,989.001040500035000,12/12/2025 20:08,1,7,0
UNC,989.001040500035000,12/12/2025 20:07,1,7,0
UNC,989.001040500035000,12/12/2025 20:06,1,7,0
UNC,989.001040500035000,12/12/2025 20:05,1,7,0
UNC,989.001040500035000,12/12/2025 20:04,1,7,0
UNC,989.001040500035000,12/12/2025 20:03,1,7,0
UNC,989.002028176996000,12/12/2025 20:02,1,4,0
UNC,989.001040500035000,12/12/2025 20:02,1,7,0
UNC,989.002028176996000,12/12/2025 20:01,1,3,0
UNC,989.001040500035000,12/12/2025 20:01,1,7,0
UNC,989.001040500035000,12/12/2025 20:00,1,7,0
UNC,989.001040500035000,12/12/2025 19:59,1,7,0
UNC,989.001040500035000,12/12/2025 19:58,1,7,0
UNC,989.001040500035000,12/12/2025 19:57,1,7,0
UNC,989.001040500035000,12/12/2025 19:56,1,7,0
UNC,989.001040500035000,12/12/2025 19:55,1,7,0
UNC,989.001040500035000,12/12/2025 19:54,1,7,0
UNC,989.001040500035000,12/12/2025 19:53,1,7,0
UNC,989.001040500035000,12/12/2025 19:52,1,7,0
UNC,989.001040500035000,12/12/2025 19:51,1,7,0
UNC,989.001040500035000,12/12/2025 19:50,1,7,0
UNC,989.001040500035000,12/12/2025 19:49,1,7,0
UNC,989.001040500035000,12/12/2025 19:48,1,7,0
UNC,989.001030621374000,12/12/2025 19:47,1,1,0
UNC,989.001040500035000,12/12/2025 19:47,1,7,0
UNC,989.002028176996000,12/12/2025 19:46,1,3,0
UNC,989.001040500035000,12/12/2025 19:46,1,7,0
UNC,989.001040500035000,12/12/2025 19:45,1,7,0
UNC,989.001040500035000,12/12/2025 19:43,1,7,0
UNC,989.001040500035000,12/12/2025 19:42,1,7,0
UNC,989.002028176996000,12/12/2025 19:42,1,3,0
UNC,989.001040500035000,12/12/2025 19:41,1,7,0
UNC,989.001030621374000,12/12/2025 19:41,1,9,0
UNC,989.001040500035000,12/12/2025 19:40,1,7,0
UNC,989.001030621374000,12/12/2025 19:40,1,9,0
UNC,989.001040500035000,12/12/2025 19:39,1,7,0
UNC,989.001030621374000,12/12/2025 19:39,1,9,0
UNC,989.001040500035000,12/12/2025 19:38,1,7,0
UNC,989.001040500035000,12/12/2025 19:37,1,7,0
UNC,989.001040500035000,12/12/2025 19:36,1,7,0
UNC,989.001040500035000,12/12/2025 19:35,1,7,0
UNC,989.001030621374000,12/12/2025 19:35,1,7,0
UNC,989.001040500035000,12/12/2025 19:34,1,7,0
UNC,989.001030621374000,12/12/2025 19:33,1,7,0
UNC,989.001040500035000,12/12/2025 19:33,1,7,0
UNC,989.001040500035000,12/12/2025 19:32,1,7,0
UNC,989.001040500035000,12/12/2025 19:31,1,7,0
UNC,989.001030621374000,12/12/2025 19:30,1,6,0
UNC,989.001040500035000,12/12/2025 19:30,1,7,0
UNC,989.001030621374000,12/12/2025 19:29,1,3,0
UNC,989.001040500035000,12/12/2025 19:29,1,7,0
UNC,989.001040500035000,12/12/2025 19:28,1,7,0
UNC,989.001040500035000,12/12/2025 19:27,1,7,0
UNC,989.001040500035000,12/12/2025 19:26,1,7,0
UNC,989.001040500035000,12/12/2025 19:24,1,7,0
UNC,989.001040500035000,12/12/2025 19:23,1,7,0
UNC,989.001040500035000,12/12/2025 19:22,1,7,0
UNC,989.001040500035000,12/12/2025 19:21,1,7,0
UNC,989.001040500035000,12/12/2025 19:20,1,7,0
UNC,989.001040500035000,12/12/2025 19:19,1,7,0
UNC,989.001040500035000,12/12/2025 19:18,1,7,0
UNC,989.001040500035000,12/12/2025 19:17,1,7,0
UNC,989.001040500035000,12/12/2025 19:16,1,7,0
UNC,989.001030620186000,12/12/2025 19:16,1,8,0
UNC,989.001040500035000,12/12/2025 19:15,1,7,0
UNC,989.001040500035000,12/12/2025 19:14,1,7,0
UNC,989.001040500035000,12/12/2025 19:13,1,7,0
UNC,989.001030620186000,12/12/2025 19:12,1,9,0
UNC,989.001040500035000,12/12/2025 19:12,1,7,0
UNC,989.001030620186000,12/12/2025 19:11,1,9,0
UNC,989.001040500035000,12/12/2025 19:10,1,7,0
UNC,989.001040500035000,12/12/2025 19:09,1,7,0
UNC,989.001040500035000,12/12/2025 19:08,1,7,0
UNC,989.001040500035000,12/12/2025 19:07,1,7,0
UNC,989.001040500035000,12/12/2025 19:06,1,7,0
UNC,989.001040500035000,12/12/2025 19:05,1,7,0
UNC,989.001040500035000,12/12/2025 19:04,1,7,0
UNC,989.001040500035000,12/12/2025 19:03,1,7,0
UNC,989.001030620667000,12/12/2025 18:55,1,1,0
UNC,989.001040500035000,12/12/2025 18:54,1,7,0
UNC,989.001040500035000,12/12/2025 18:53,1,7,0
UNC,989.001030621374000,12/12/2025 18:53,1,3,0
UNC,989.001030620667000,12/12/2025 18:52,1,2,0
UNC,989.001030620186000,12/12/2025 18:47,1,7,0
UNC,989.001030620186000,12/12/2025 18:45,1,7,0
UNC,989.001030620186000,12/12/2025 18:44,1,7,0
UNC,989.001030620186000,12/12/2025 18:41,1,7,0
UNC,989.001030621374000,12/12/2025 18:37,1,9,0
UNC,989.001030621374000,12/12/2025 18:34,1,8,0
UNC,989.001030621374000,12/12/2025 18:15,1,9,0
UNC,989.001030621374000,12/12/2025 18:10,1,9,0
UNC,989.001030621374000,12/12/2025 18:08,1,9,0
UNC,989.001030621374000,12/12/2025 18:06,1,9,0
UNC,989.001030621374000,12/12/2025 18:04,1,9,0
UNC,989.001030621374000,12/12/2025 18:03,1,9,0
UNC,989.001030621374000,12/12/2025 18:02,1,9,0
UNC,989.001030621374000,12/12/2025 18:01,1,9,0
UNC,989.001030621374000,12/12/2025 17:54,1,7,0
UNC,989.001040500035000,12/12/2025 17:46,1,7,0
UNC,989.001040500035000,12/12/2025 17:45,1,7,0
UNC,989.001040500035000,12/12/2025 17:44,1,7,0
UNC,989.001040500035000,12/12/2025 17:42,1,6,0
UNC,989.001040500035000,12/12/2025 17:41,1,6,0
UNC,989.001040500035000,12/12/2025 17:40,1,6,0
UNC,989.001030621374000,12/12/2025 17:39,1,8,0
UNC,989.001040500035000,12/12/2025 17:38,1,6,0
UNC,989.001040500035000,12/12/2025 17:38,1,7,0
UNC,989.001030621374000,12/12/2025 17:37,1,7,0
UNC,989.001040500035000,12/12/2025 17:37,1,7,0
UNC,989.001040500035000,12/12/2025 17:36,1,7,0
UNC,989.001030621374000,12/12/2025 17:35,1,1,0
UNC,989.001040500035000,12/12/2025 17:26,1,7,0
UNC,989.001040500035000,12/12/2025 17:25,1,7,0
UNC,989.001040500035000,12/12/2025 17:24,1,7,0
UNC,989.001040500035000,12/12/2025 17:23,1,7,0
UNC,989.001040500035000,12/12/2025 17:21,1,7,0
UNC,989.001040500035000,12/12/2025 17:20,1,7,0
UNC,989.001040500035000,12/12/2025 17:19,1,7,0
UNC,989.001040500035000,12/12/2025 17:18,1,7,0
UNC,989.001040500035000,12/12/2025 17:16,1,7,0
UNC,989.001040500035000,12/12/2025 17:16,1,6,0
UNC,989.001040500035000,12/12/2025 17:15,1,6,0
UNC,989.001040500035000,12/12/2025 17:14,1,6,0
UNC,989.001040500035000,12/12/2025 17:13,1,6,0
UNC,989.001040500035000,12/12/2025 17:13,1,7,0
UNC,989.001040500035000,12/12/2025 17:09,1,7,0
UNC,989.001040500035000,12/12/2025 17:09,1,6,0
UNC,989.001040500035000,12/12/2025 17:08,1,6,0
UNC,989.001040500035000,12/12/2025 17:07,1,6,0
UNC,989.001040500035000,12/12/2025 17:06,1,6,0
UNC,989.001030620667000,12/12/2025 7:09,1,2,0
UNC,989.001030621374000,12/12/2025 6:42,1,2,0
UNC,989.001040500035000,12/12/2025 6:32,1,8,0
UNC,989.001040500035000,12/12/2025 6:31,1,8,0
UNC,989.001040500035000,12/12/2025 6:29,1,7,0
UNC,989.001040500035000,12/12/2025 6:28,1,7,0
UNC,989.001040500035000,12/12/2025 6:27,1,7,0
UNC,989.001040500035000,12/12/2025 6:26,1,7,0
UNC,989.001040500035000,12/12/2025 6:25,1,7,0
UNC,989.001040500035000,12/12/2025 6:21,1,7,0
UNC,989.001040500035000,12/12/2025 6:20,1,7,0
UNC,989.001040500035000,12/12/2025 6:19,1,7,0
UNC,989.001040500035000,12/12/2025 6:18,1,7,0
UNC,989.001040500035000,12/12/2025 6:17,1,7,0
UNC,989.001040500035000,12/12/2025 6:00,1,6,0
UNC,989.001040500035000,12/12/2025 5:59,1,6,0
UNC,989.001040500035000,12/12/2025 5:58,1,6,0
UNC,989.001040500035000,12/12/2025 5:56,1,6,0
UNC,989.001040500035000,12/12/2025 5:55,1,6,0
UNC,989.001030621374000,12/12/2025 5:54,1,8,0
UNC,989.001030621374000,12/12/2025 5:52,1,8,0
UNC,989.001030621374000,12/12/2025 5:51,1,8,0
UNC,989.001030621374000,12/12/2025 5:50,1,8,0
UNC,989.001030621374000,12/12/2025 5:43,1,8,0
UNC,989.001030621374000,12/12/2025 5:42,1,8,0
UNC,989.001030621374000,12/12/2025 5:39,1,8,0
UNC,989.001030621374000,12/12/2025 5:37,1,8,0
UNC,989.001030621374000,12/12/2025 5:36,1,7,0
UNC,989.001030621374000,12/12/2025 5:29,1,7,0
UNC,989.001030621374000,12/12/2025 5:19,1,7,0
UNC,989.001030621374000,12/12/2025 4:42,1,7,0
UNC,989.001030621374000,12/12/2025 4:41,1,1,0
UNC,989.001040500035000,12/12/2025 4:23,1,6,0
UNC,989.001040500035000,12/12/2025 4:19,1,6,0
UNC,989.001040500035000,12/12/2025 4:15,1,6,0
UNC,989.001040500035000,12/12/2025 4:12,1,6,0
UNC,989.001040500035000,12/12/2025 4:11,1,6,0
UNC,989.001040500035000,12/12/2025 4:10,1,6,0
UNC,989.001040500035000,12/12/2025 4:06,1,6,0
UNC,989.001040500035000,12/12/2025 4:04,1,6,0
UNC,989.001040500035000,12/12/2025 4:03,1,6,0
UNC,989.001040500035000,12/12/2025 4:00,1,6,0
UNC,989.001040500035000,12/12/2025 3:58,1,6,0
UNC,989.001040500035000,12/12/2025 3:57,1,6,0
UNC,989.001040500035000,12/12/2025 3:56,1,6,0
UNC,989.001040500035000,12/12/2025 3:47,1,6,0
UNC,989.001040500035000,12/12/2025 3:43,1,6,0
UNC,989.001040500035000,12/12/2025 3:42,1,6,0
UNC,989.001040500035000,12/12/2025 3:41,1,6,0
UNC,989.001040500035000,12/12/2025 3:37,1,6,0
UNC,989.001040500035000,12/12/2025 3:36,1,6,0
UNC,989.001040500035000,12/12/2025 3:35,1,6,0
UNC,989.001040500035000,12/12/2025 3:34,1,6,0
UNC,989.001040500035000,12/12/2025 3:26,1,6,0
UNC,989.001040500035000,12/12/2025 3:17,1,6,0
UNC,989.001040500035000,12/12/2025 3:12,1,6,0
UNC,989.001040500035000,12/12/2025 3:06,1,6,0
UNC,989.001040500035000,12/12/2025 3:05,1,6,0
UNC,989.001040500035000,12/12/2025 3:02,1,6,0
UNC,989.001040500035000,12/12/2025 2:58,1,6,0
UNC,989.001030620906000,12/12/2025 2:57,1,2,0
UNC,989.001030620906000,12/12/2025 2:55,1,7,0
UNC,989.001030620906000,12/12/2025 2:54,1,6,0
UNC,989.001030620906000,12/12/2025 2:54,1,7,0
UNC,989.001040500035000,12/12/2025 2:53,1,6,0
UNC,989.001030620906000,12/12/2025 2:53,1,7,0
UNC,989.001040500035000,12/12/2025 2:52,1,6,0
UNC,989.001040500035000,12/12/2025 2:51,1,6,0
UNC,989.001040500035000,12/12/2025 2:50,1,6,0
UNC,989.001040500035000,12/12/2025 2:49,1,6,0
UNC,989.001040500035000,12/12/2025 2:47,1,6,0
UNC,989.001040500035000,12/12/2025 2:46,1,7,0
UNC,989.001040500035000,12/12/2025 2:44,1,7,0
UNC,989.001040500035000,12/12/2025 2:43,1,7,0
UNC,989.001030621374000,12/12/2025 2:42,1,1,0
UNC,989.001040500035000,12/12/2025 2:42,1,7,0
UNC,989.001040500035000,12/12/2025 2:41,1,7,0
UNC,989.001040500035000,12/12/2025 2:40,1,7,0
UNC,989.001040500035000,12/12/2025 2:38,1,7,0
UNC,989.001040500035000,12/12/2025 2:37,1,7,0
UNC,989.001040500035000,12/12/2025 2:36,1,7,0
UNC,989.001040500035000,12/12/2025 2:35,1,7,0
UNC,989.001040500035000,12/12/2025 2:31,1,7,0
UNC,989.001040500035000,12/12/2025 2:29,1,7,0
UNC,989.001040500035000,12/12/2025 2:28,1,7,0
UNC,989.001040500035000,12/12/2025 2:27,1,7,0
UNC,989.001040500035000,12/12/2025 2:25,1,7,0
UNC,989.001040500035000,12/12/2025 2:23,1,7,0
UNC,989.001030621374000,12/12/2025 2:23,1,1,0
UNC,989.001040500035000,12/12/2025 2:22,1,7,0
UNC,989.001040500035000,12/12/2025 2:21,1,7,0
UNC,989.001030621374000,12/12/2025 2:20,1,1,0
UNC,989.001040500035000,12/12/2025 2:16,1,7,0
UNC,989.001030621374000,12/12/2025 2:16,1,6,0
UNC,989.001040500035000,12/12/2025 2:15,1,7,0
UNC,989.001040500035000,12/12/2025 2:14,1,7,0
UNC,989.001040500035000,12/12/2025 2:13,1,7,0
UNC,989.001040500035000,12/12/2025 2:12,1,7,0
UNC,989.001040500035000,12/12/2025 2:11,1,7,0
UNC,989.001040500035000,12/12/2025 2:10,1,7,0
UNC,989.001040500035000,12/12/2025 2:08,1,7,0
UNC,989.001040500035000,12/12/2025 2:07,1,7,0
UNC,989.001040500035000,12/12/2025 2:06,1,7,0
UNC,989.001040500035000,12/12/2025 2:05,1,7,0
UNC,989.001040500035000,12/12/2025 2:03,1,7,0
UNC,989.001040500035000,12/12/2025 2:03,1,8,0
UNC,989.001030621374000,12/12/2025 1:49,1,7,0
UNC,989.001040500035000,12/12/2025 1:43,1,8,0
UNC,989.001030621374000,12/12/2025 1:42,1,1,0
UNC,989.001040500035000,12/12/2025 1:42,1,8,0
UNC,989.001040500035000,12/12/2025 1:41,1,8,0
UNC,989.001040500035000,12/12/2025 1:40,1,8,0
UNC,989.001040500035000,12/12/2025 1:38,1,8,0
UNC,989.001030621374000,12/12/2025 1:38,1,1,0
UNC,989.001040500035000,12/12/2025 1:37,1,8,0
UNC,989.001040500035000,12/12/2025 1:36,1,8,0
UNC,989.002028176996000,12/12/2025 1:36,1,3,0
UNC,989.001040500035000,12/12/2025 1:34,1,8,0
UNC,989.001040500035000,12/12/2025 1:33,1,8,0
UNC,989.001040500035000,12/12/2025 1:32,1,8,0
UNC,989.001040500035000,12/12/2025 1:30,1,8,0
UNC,989.002028176996000,12/12/2025 1:29,1,3,0
UNC,989.001030620667000,12/12/2025 1:29,1,6,0
UNC,989.001040500035000,12/12/2025 1:28,1,8,0
UNC,989.001030620667000,12/12/2025 1:28,1,6,0
UNC,989.001040500035000,12/12/2025 1:26,1,8,0
UNC,989.001030620667000,12/12/2025 1:26,1,6,0
UNC,989.001030621374000,12/12/2025 1:25,1,2,0
UNC,989.001040500035000,12/12/2025 1:25,1,8,0
UNC,989.001040500035000,12/12/2025 1:24,1,8,0
UNC,989.001040500035000,12/12/2025 1:22,1,8,0
UNC,989.001040500035000,12/12/2025 1:21,1,8,0
UNC,989.001040500035000,12/12/2025 1:20,1,8,0
UNC,989.001040500035000,12/12/2025 1:19,1,8,0
UNC,989.002028176996000,12/12/2025 1:18,1,3,0
UNC,989.001040500035000,12/12/2025 1:18,1,8,0
UNC,989.001040500035000,12/12/2025 1:17,1,8,0
UNC,989.001040500035000,12/12/2025 1:17,1,7,0
UNC,989.001040500035000,12/12/2025 1:16,1,7,0
UNC,989.001040500035000,12/12/2025 1:14,1,7,0
UNC,989.001030620906000,12/12/2025 1:14,1,7,0
UNC,989.001040500035000,12/12/2025 1:13,1,7,0
UNC,989.001040500035000,12/12/2025 1:12,1,7,0
UNC,989.001040500035000,12/12/2025 1:10,1,7,0
UNC,989.001040500035000,12/12/2025 1:09,1,7,0
UNC,989.001040500035000,12/12/2025 1:07,1,7,0
UNC,989.001040500035000,12/12/2025 1:06,1,7,0
UNC,989.001040500035000,12/12/2025 1:05,1,7,0
UNC,989.002028176996000,12/12/2025 1:04,1,2,0
UNC,989.001040500035000,12/12/2025 1:04,1,7,0
UNC,989.002028176996000,12/12/2025 1:03,1,2,0
UNC,989.001040500035000,12/12/2025 1:02,1,7,0
UNC,989.002028176996000,12/12/2025 1:02,1,2,0
UNC,989.001040500035000,12/12/2025 1:01,1,7,0
UNC,989.002028176996000,12/12/2025 1:01,1,2,0
UNC,989.002028176996000,12/12/2025 1:01,1,1,0
UNC,989.001030621374000,12/12/2025 1:01,1,1,0
UNC,989.001040500035000,12/12/2025 1:00,1,7,0
UNC,989.002028176996000,12/12/2025 1:00,1,2,0
UNC,989.002028176996000,12/12/2025 0:59,1,2,0
UNC,989.001040500035000,12/12/2025 0:59,1,7,0
UNC,989.002028176996000,12/12/2025 0:57,1,2,0
UNC,989.002028176996000,12/12/2025 0:56,1,2,0
UNC,989.002028176996000,12/12/2025 0:55,1,2,0
UNC,989.001040500035000,12/12/2025 0:52,1,6,0
UNC,989.001030621374000,12/12/2025 0:52,1,1,0
UNC,989.001030621374000,12/12/2025 0:51,1,1,0
UNC,989.001040500035000,12/12/2025 0:51,1,6,0
UNC,989.001040500035000,12/12/2025 0:50,1,6,0
UNC,989.001040500035000,12/12/2025 0:49,1,6,0
UNC,989.001030620186000,12/12/2025 0:49,1,8,0
UNC,989.001030621374000,12/12/2025 0:48,1,6,0
UNC,989.001040500035000,12/12/2025 0:48,1,6,0
UNC,989.001030621374000,12/12/2025 0:47,1,7,0
UNC,989.001030621374000,12/12/2025 0:46,1,8,0
UNC,989.001030621374000,12/12/2025 0:43,1,7,0
UNC,989.001030620186000,12/12/2025 0:40,1,6,0
UNC,989.001030620186000,12/12/2025 0:37,1,7,0
UNC,989.001030620186000,12/12/2025 0:36,1,6,0
UNC,989.002028176996000,12/12/2025 0:36,1,3,0
UNC,989.001030621374000,12/12/2025 0:35,1,6,0
UNC,989.001030621374000,12/12/2025 0:34,1,2,0
UNC,989.001030621374000,12/12/2025 0:34,1,1,0
UNC,989.001030620186000,12/12/2025 0:31,1,6,0
UNC,989.001030620186000,12/12/2025 0:28,1,7,0
UNC,989.001030620186000,12/12/2025 0:27,1,7,0
UNC,989.002028176996000,12/12/2025 0:19,1,2,0
UNC,989.002028176996000,12/12/2025 0:18,1,2,0
UNC,989.001030621374000,12/12/2025 0:16,1,1,0
UNC,989.002028176996000,12/12/2025 0:16,1,2,0
UNC,989.002028176996000,12/12/2025 0:14,1,2,0
UNC,989.002028176996000,12/12/2025 0:13,1,2,0
UNC,989.001030621374000,12/12/2025 0:01,1,7,0
UNC,989.001030621374000,12/12/2025 0:00,1,7,0
UNC,989.001030620186000,12/11/2025 23:59,1,8,0
UNC,989.002028176996000,12/11/2025 23:51,1,3,0
UNC,989.001030620186000,12/11/2025 23:51,1,9,0
UNC,989.001030621374000,12/11/2025 23:47,1,6,0
UNC,989.002028176996000,12/11/2025 23:47,1,3,0
UNC,989.002028176996000,12/11/2025 23:45,1,2,0
UNC,989.002028176996000,12/11/2025 23:44,1,2,0
UNC,989.001030621374000,12/11/2025 23:44,1,8,0
UNC,989.002028176996000,12/11/2025 23:43,1,2,0
UNC,989.001030621374000,12/11/2025 23:43,1,8,0
UNC,989.002028176996000,12/11/2025 23:42,1,2,0
UNC,989.002028176996000,12/11/2025 23:41,1,2,0
UNC,989.001030621374000,12/11/2025 23:40,1,9,0
UNC,989.001030620667000,12/11/2025 23:36,1,6,0
UNC,989.001030621374000,12/11/2025 23:35,1,9,0
UNC,989.001030621374000,12/11/2025 23:34,1,9,0
UNC,989.001030620667000,12/11/2025 23:34,1,1,0
UNC,989.002028177009000,12/11/2025 23:25,1,2,0
UNC,989.002028177009000,12/11/2025 23:24,1,7,0
UNC,989.001030621374000,12/11/2025 23:19,1,9,0
UNC,989.001030620186000,12/11/2025 23:15,1,9,0
UNC,989.001030621374000,12/11/2025 23:13,1,9,0
UNC,989.002028176732000,12/11/2025 23:13,1,2,0
UNC,989.001030620186000,12/11/2025 23:11,1,9,0
UNC,989.002028176732000,12/11/2025 23:11,1,6,0
UNC,989.001030620186000,12/11/2025 23:10,1,9,0
UNC,989.001030620186000,12/11/2025 23:08,1,9,0
UNC,989.002028177009000,12/11/2025 23:07,1,6,0
UNC,989.002028177009000,12/11/2025 23:06,1,1,0
UNC,989.002028176732000,12/11/2025 23:03,1,7,0
UNC,989.002028176996000,12/11/2025 23:01,1,3,0
UNC,989.002028176996000,12/11/2025 22:57,1,3,0
UNC,989.002028176996000,12/11/2025 22:55,1,2,0
UNC,989.002028176996000,12/11/2025 22:53,1,2,0
UNC,989.002028177130000,12/11/2025 22:53,1,8,0
UNC,989.002028176996000,12/11/2025 22:52,1,2,0
UNC,989.002028176996000,12/11/2025 22:51,1,2,0
UNC,989.001030620186000,12/11/2025 22:50,1,8,0
UNC,989.002028176996000,12/11/2025 22:50,1,2,0
UNC,989.002028177130000,12/11/2025 22:49,1,6,0
UNC,989.001030621374000,12/11/2025 22:49,1,8,0
UNC,989.002028176996000,12/11/2025 22:49,1,2,0
UNC,989.001030620186000,12/11/2025 22:48,1,7,0
UNC,989.001030620186000,12/11/2025 22:48,1,8,0
UNC,989.001030620186000,12/11/2025 22:45,1,8,0
UNC,989.001030620186000,12/11/2025 22:42,1,8,0
UNC,989.002028176996000,12/11/2025 22:29,1,3,0
UNC,989.002028176996000,12/11/2025 22:26,1,2,0
UNC,989.001030620186000,12/11/2025 22:24,1,8,0
UNC,989.002028176996000,12/11/2025 22:23,1,2,0
UNC,989.001030620186000,12/11/2025 22:22,1,8,0
UNC,989.002028176996000,12/11/2025 22:22,1,2,0
UNC,989.001030621374000,12/11/2025 22:21,1,9,0
UNC,989.002028176996000,12/11/2025 22:21,1,2,0
UNC,989.001030621374000,12/11/2025 22:20,1,9,0
UNC,989.002028176996000,12/11/2025 22:19,1,2,0
UNC,989.001030621374000,12/11/2025 22:19,1,9,0
UNC,989.002028176996000,12/11/2025 22:18,1,2,0
UNC,989.001030621374000,12/11/2025 22:17,1,9,0
UNC,989.001030621374000,12/11/2025 22:09,1,8,0
UNC,989.001030621374000,12/11/2025 22:08,1,8,0
UNC,989.001030621374000,12/11/2025 22:08,1,7,0
UNC,989.002028176996000,12/11/2025 22:04,1,2,0
UNC,989.002028176996000,12/11/2025 22:03,1,2,0
UNC,989.001030621374000,12/11/2025 22:02,1,7,0
UNC,989.002028176996000,12/11/2025 22:01,1,2,0
UNC,989.002028176996000,12/11/2025 22:00,1,2,0
UNC,989.002028176996000,12/11/2025 21:59,1,2,0
UNC,989.002028176996000,12/11/2025 21:58,1,2,0
UNC,989.002028176996000,12/11/2025 21:57,1,2,0
UNC,989.002028176996000,12/11/2025 21:56,1,2,0
UNC,989.001030621374000,12/11/2025 21:53,1,7,0
UNC,989.002028176996000,12/11/2025 21:53,1,3,0
UNC,989.002028176996000,12/11/2025 21:52,1,3,0
UNC,989.002028176996000,12/11/2025 21:51,1,3,0
UNC,989.001030621374000,12/11/2025 21:50,1,6,0
UNC,989.002028176996000,12/11/2025 21:50,1,3,0
UNC,989.001030621374000,12/11/2025 21:49,1,1,0
UNC,989.002028176996000,12/11/2025 21:49,1,3,0
UNC,989.001030621374000,12/11/2025 21:48,1,1,0
UNC,989.001030621374000,12/11/2025 21:47,1,1,0
UNC,989.002028176996000,12/11/2025 21:42,1,3,0
UNC,989.001030620186000,12/11/2025 21:42,1,8,0
UNC,989.002028176996000,12/11/2025 21:41,1,3,0
UNC,989.002028176996000,12/11/2025 21:40,1,3,0
UNC,989.001030621374000,12/11/2025 21:40,1,7,0
UNC,989.002028176996000,12/11/2025 21:39,1,3,0
UNC,989.001040500035000,12/11/2025 21:32,1,8,0
UNC,989.001030621374000,12/11/2025 21:32,1,6,0
UNC,989.001040500035000,12/11/2025 21:31,1,8,0
UNC,989.001030621374000,12/11/2025 21:30,1,1,0
UNC,989.001040500035000,12/11/2025 21:30,1,8,0
UNC,989.001030621374000,12/11/2025 21:30,1,2,0
UNC,989.001040500035000,12/11/2025 21:29,1,8,0
UNC,989.001040500035000,12/11/2025 21:28,1,7,0
UNC,989.001030621374000,12/11/2025 21:27,1,7,0
UNC,989.001040500035000,12/11/2025 21:27,1,7,0
UNC,989.001040500035000,12/11/2025 21:26,1,7,0
UNC,989.001040500035000,12/11/2025 21:25,1,7,0
UNC,989.002028176996000,12/11/2025 21:24,1,2,0
UNC,989.002028176996000,12/11/2025 21:23,1,2,0
UNC,989.001030621374000,12/11/2025 21:22,1,7,0
UNC,989.002028176996000,12/11/2025 21:22,1,2,0
UNC,989.001030621374000,12/11/2025 21:21,1,7,0
UNC,989.002028176996000,12/11/2025 21:20,1,2,0
UNC,989.002028176996000,12/11/2025 21:19,1,2,0
UNC,989.001030621374000,12/11/2025 21:19,1,7,0
UNC,989.002028176996000,12/11/2025 21:18,1,2,0
UNC,989.001030621374000,12/11/2025 21:17,1,7,0
UNC,989.002028176996000,12/11/2025 21:17,1,2,0
UNC,989.002028176996000,12/11/2025 21:15,1,3,0
UNC,989.001040500035000,12/11/2025 21:12,1,7,0
UNC,989.001030621374000,12/11/2025 21:12,1,7,0
UNC,989.001040500035000,12/11/2025 21:11,1,6,0
UNC,989.001030621374000,12/11/2025 21:09,1,7,0
UNC,989.002028176996000,12/11/2025 21:08,1,3,0
UNC,989.001030621374000,12/11/2025 21:08,1,8,0
UNC,989.001030621374000,12/11/2025 21:07,1,8,0
UNC,989.001030621374000,12/11/2025 21:05,1,9,0
UNC,989.002028176996000,12/11/2025 21:05,1,3,0
UNC,989.002028177130000,12/11/2025 21:04,1,6,0
UNC,989.001030621374000,12/11/2025 21:03,1,9,0
UNC,989.002028177130000,12/11/2025 21:03,1,2,0
UNC,989.001030620186000,12/11/2025 21:01,1,8,0
UNC,989.001030621374000,12/11/2025 20:57,1,8,0
UNC,989.001030621374000,12/11/2025 20:57,1,7,0
UNC,989.002028176996000,12/11/2025 20:56,1,3,0
UNC,989.001030621374000,12/11/2025 20:54,1,6,0
UNC,989.002028176996000,12/11/2025 20:53,1,2,0
UNC,989.001030621374000,12/11/2025 20:53,1,7,0
UNC,989.001030621374000,12/11/2025 20:51,1,2,0
UNC,989.002028176996000,12/11/2025 20:49,1,3,0
UNC,989.002028176996000,12/11/2025 20:48,1,3,0
UNC,989.002028176996000,12/11/2025 20:13,1,3,0
UNC,989.002028176996000,12/11/2025 20:09,1,3,0
UNC,989.002028176996000,12/11/2025 20:07,1,3,0
UNC,989.002028176996000,12/11/2025 20:06,1,3,0
UNC,989.002028176996000,12/11/2025 20:05,1,3,0
UNC,989.002028176996000,12/11/2025 20:04,1,3,0
UNC,989.002028176996000,12/11/2025 20:03,1,3,0
UNC,989.002028176996000,12/11/2025 20:01,1,3,0
UNC,989.002028176996000,12/11/2025 20:00,1,3,0
UNC,989.002028176996000,12/11/2025 19:54,1,3,0
UNC,989.001030620186000,12/11/2025 19:48,1,9,0
UNC,989.001030620186000,12/11/2025 19:45,1,9,0
UNC,989.002028176996000,12/11/2025 19:31,1,3,0
UNC,989.002028176996000,12/11/2025 19:28,1,3,0
UNC,989.002028176996000,12/11/2025 19:27,1,3,0
UNC,989.002028176996000,12/11/2025 19:26,1,3,0
UNC,989.002028176996000,12/11/2025 19:25,1,3,0
UNC,989.002028176996000,12/11/2025 19:24,1,3,0
UNC,989.002028176996000,12/11/2025 19:23,1,3,0
UNC,989.002028176996000,12/11/2025 19:21,1,3,0
UNC,989.002028176996000,12/11/2025 19:20,1,3,0
UNC,989.001030621167000,12/11/2025 19:11,1,2,0
UNC,989.001030621167000,12/11/2025 19:04,1,2,0
UNC,989.001030621167000,12/11/2025 19:02,1,7,0
UNC,989.001030621374000,12/11/2025 18:56,1,8,0
UNC,989.001030621374000,12/11/2025 18:55,1,8,0
UNC,989.001030621374000,12/11/2025 18:49,1,7,0
UNC,989.001030621374000,12/11/2025 18:46,1,7,0
UNC,989.001030621374000,12/11/2025 18:43,1,7,0
UNC,989.002028176996000,12/11/2025 18:43,1,3,0
UNC,989.002028176996000,12/11/2025 18:42,1,3,0
UNC,989.002028176996000,12/11/2025 18:41,1,3,0
UNC,989.002028176996000,12/11/2025 18:40,1,3,0
UNC,989.002028176996000,12/11/2025 18:39,1,3,0
UNC,989.002028176996000,12/11/2025 18:38,1,3,0
UNC,989.002028176996000,12/11/2025 18:37,1,3,0
UNC,989.002028176996000,12/11/2025 18:36,1,3,0
UNC,989.002028176996000,12/11/2025 18:35,1,3,0
UNC,989.001030621374000,12/11/2025 18:35,1,7,0
UNC,989.002028176996000,12/11/2025 18:34,1,3,0
UNC,989.001030621374000,12/11/2025 18:33,1,6,0
UNC,989.002028176996000,12/11/2025 18:33,1,3,0
UNC,989.001030621374000,12/11/2025 18:32,1,7,0
UNC,989.002028176996000,12/11/2025 18:32,1,3,0
UNC,989.002028176996000,12/11/2025 18:31,1,3,0
UNC,989.001030621374000,12/11/2025 18:29,1,2,0
UNC,989.001030621374000,12/11/2025 18:29,1,1,0
UNC,989.001030621374000,12/11/2025 18:23,1,1,0
UNC,989.001040500035000,12/11/2025 17:44,1,7,0
UNC,989.001040500035000,12/11/2025 17:43,1,6,0
UNC,989.001040500035000,12/11/2025 17:43,1,7,0
UNC,989.001040500035000,12/11/2025 17:42,1,7,0
UNC,989.001040500035000,12/11/2025 17:41,1,6,0
UNC,989.001040500035000,12/11/2025 17:40,1,6,0
UNC,989.001040500035000,12/11/2025 17:39,1,6,0
UNC,989.001040500035000,12/11/2025 17:38,1,7,0
UNC,989.001040500035000,12/11/2025 17:37,1,7,0
UNC,989.001040500035000,12/11/2025 17:35,1,7,0
UNC,989.001040500035000,12/11/2025 17:27,1,7,0
UNC,989.001040500035000,12/11/2025 17:26,1,7,0
UNC,989.001040500035000,12/11/2025 17:25,1,7,0
UNC,989.001040500035000,12/11/2025 17:24,1,7,0
UNC,989.001040500035000,12/11/2025 17:23,1,7,0
UNC,989.001040500035000,12/11/2025 17:22,1,7,0
UNC,989.001040500035000,12/11/2025 17:20,1,7,0
UNC,989.001040500035000,12/11/2025 17:19,1,7,0
UNC,989.001040500035000,12/11/2025 17:18,1,7,0
UNC,989.001040500035000,12/11/2025 17:17,1,6,0
UNC,989.001040500035000,12/11/2025 17:16,1,6,0
UNC,989.001040500035000,12/11/2025 17:15,1,6,0
UNC,989.001040500035000,12/11/2025 17:14,1,6,0
UNC,989.001040500035000,12/11/2025 17:13,1,6,0
UNC,989.001030620668000,12/11/2025 7:02,1,7,0
UNC,989.001030620668000,12/11/2025 6:55,1,6,0
UNC,989.001030621497000,12/11/2025 6:47,1,1,0
UNC,989.001030621497000,12/11/2025 6:43,1,6,0
UNC,989.001030621497000,12/11/2025 6:43,1,7,0
UNC,989.001030621497000,12/11/2025 6:38,1,6,0
UNC,989.001040500035000,12/11/2025 5:38,1,7,0
UNC,989.001040500035000,12/11/2025 5:36,1,7,0
UNC,989.001030621497000,12/11/2025 5:35,1,6,0
UNC,989.001030621497000,12/11/2025 5:34,1,6,0
UNC,989.001040500035000,12/11/2025 5:15,1,7,0
UNC,989.001040500035000,12/11/2025 5:12,1,6,0
UNC,989.001040500035000,12/11/2025 5:11,1,6,0
UNC,989.001040500035000,12/11/2025 5:08,1,6,0
UNC,989.001040500035000,12/11/2025 5:01,1,6,0
UNC,989.001040500035000,12/11/2025 4:58,1,6,0
UNC,989.001040500035000,12/11/2025 4:56,1,6,0
UNC,989.001040500035000,12/11/2025 4:50,1,6,0
UNC,989.001040500035000,12/11/2025 4:47,1,6,0
UNC,989.001040500035000,12/11/2025 4:34,1,6,0
UNC,989.001030621497000,12/11/2025 4:32,1,6,0
UNC,989.001040500035000,12/11/2025 4:27,1,6,0
UNC,989.001040500035000,12/11/2025 4:21,1,6,0
UNC,989.001040500035000,12/11/2025 4:20,1,6,0
UNC,989.001030621497000,12/11/2025 4:16,1,6,0
UNC,989.001030621497000,12/11/2025 4:15,1,6,0
UNC,989.001030621497000,12/11/2025 4:13,1,6,0
UNC,989.001040500035000,12/11/2025 4:12,1,7,0
UNC,989.001030621497000,12/11/2025 4:12,1,6,0
UNC,989.001040500035000,12/11/2025 4:11,1,6,0
UNC,989.001040500035000,12/11/2025 4:09,1,6,0
UNC,989.001040500035000,12/11/2025 4:07,1,6,0
UNC,989.001040500035000,12/11/2025 4:04,1,6,0
UNC,989.001040500035000,12/11/2025 3:52,1,6,0
UNC,989.001040500035000,12/11/2025 3:47,1,6,0
UNC,989.001040500035000,12/11/2025 3:45,1,6,0
UNC,989.001030621497000,12/11/2025 2:58,1,6,0
UNC,989.001030621497000,12/11/2025 2:29,1,6,0
UNC,989.001030621497000,12/11/2025 2:07,1,6,0
UNC,989.001040500035000,12/11/2025 1:42,1,6,0
UNC,989.001040500035000,12/11/2025 1:41,1,6,0
UNC,989.001040500035000,12/11/2025 1:40,1,7,0
UNC,989.001040500035000,12/11/2025 1:31,1,7,0
UNC,989.001040500035000,12/11/2025 1:29,1,7,0
UNC,989.001030621497000,12/11/2025 1:29,1,6,0
UNC,989.001040500035000,12/11/2025 1:28,1,6,0
UNC,989.001040500035000,12/11/2025 1:27,1,6,0
UNC,989.001040500035000,12/11/2025 1:26,1,6,0
UNC,989.001040500035000,12/11/2025 1:25,1,6,0
UNC,989.001040500035000,12/11/2025 1:24,1,6,0
UNC,989.001040500035000,12/11/2025 1:23,1,6,0
UNC,989.001030621497000,12/11/2025 1:15,1,6,0
UNC,989.001030621497000,12/11/2025 1:12,1,6,0
UNC,989.001030621497000,12/11/2025 1:10,1,6,0
UNC,989.002028176996000,12/11/2025 1:05,1,2,0
UNC,989.001030620186000,12/11/2025 1:02,1,8,0
UNC,989.002028176996000,12/11/2025 1:01,1,7,0
UNC,989.001030620186000,12/11/2025 0:59,1,8,0
UNC,989.002028176996000,12/11/2025 0:45,1,8,0
UNC,989.002028176996000,12/11/2025 0:43,1,8,0
UNC,989.002028176996000,12/11/2025 0:42,1,8,0
UNC,989.002028176996000,12/11/2025 0:41,1,8,0
UNC,989.002028176996000,12/10/2025 23:58,1,2,0
UNC,989.002028176996000,12/10/2025 23:53,1,2,0
UNC,989.002028176996000,12/10/2025 23:53,1,3,0
UNC,989.002028176996000,12/10/2025 23:52,1,3,0
UNC,989.002028176996000,12/10/2025 23:43,1,3,0
UNC,989.002028176996000,12/10/2025 23:42,1,3,0
UNC,989.002028176996000,12/10/2025 23:41,1,3,0
UNC,989.002028176996000,12/10/2025 23:40,1,3,0
UNC,989.002028176996000,12/10/2025 23:37,1,2,0
UNC,989.002028176996000,12/10/2025 23:36,1,2,0
UNC,989.002028176996000,12/10/2025 23:14,1,3,0
UNC,989.002028176996000,12/10/2025 23:09,1,2,0
UNC,989.002028176996000,12/10/2025 23:07,1,2,0
UNC,989.002028176996000,12/10/2025 23:02,1,3,0
UNC,989.002028176996000,12/10/2025 22:52,1,2,0
UNC,989.002028176996000,12/10/2025 22:51,1,2,0
UNC,989.002028176996000,12/10/2025 22:50,1,2,0
UNC,989.002028176996000,12/10/2025 22:48,1,2,0
UNC,989.002028176996000,12/10/2025 22:46,1,2,0
UNC,989.002028176996000,12/10/2025 22:45,1,2,0
UNC,989.002028176831000,12/10/2025 22:14,1,2,0
UNC,989.002028176996000,12/10/2025 22:13,1,2,0
UNC,989.002028176996000,12/10/2025 22:05,1,2,0
UNC,989.002028176996000,12/10/2025 21:59,1,2,0
UNC,989.002028176996000,12/10/2025 21:56,1,2,0
UNC,989.002028176996000,12/10/2025 21:55,1,2,0
UNC,989.002028176996000,12/10/2025 21:53,1,2,0
UNC,989.001030620186000,12/10/2025 21:06,1,8,0
UNC,989.002028176996000,12/10/2025 21:00,1,3,0
UNC,989.001030620186000,12/10/2025 20:53,1,9,0
UNC,989.002028176996000,12/10/2025 20:47,1,2,0
UNC,989.001040500035000,12/10/2025 20:46,1,7,0
UNC,989.001040500035000,12/10/2025 20:45,1,7,0
UNC,989.001040500035000,12/10/2025 20:44,1,7,0
UNC,989.002028176996000,12/10/2025 20:44,1,2,0
UNC,989.001040500035000,12/10/2025 20:43,1,7,0
UNC,989.002028176996000,12/10/2025 20:43,1,2,0
UNC,989.001040500035000,12/10/2025 20:42,1,7,0
UNC,989.001030620186000,12/10/2025 20:24,1,9,0
UNC,989.001040500035000,12/10/2025 20:15,1,6,0
UNC,989.002028176996000,12/10/2025 20:14,1,3,0
UNC,989.001040500035000,12/10/2025 20:14,1,6,0
UNC,989.002028176996000,12/10/2025 20:13,1,3,0
UNC,989.001040500035000,12/10/2025 20:13,1,6,0
UNC,989.002028176996000,12/10/2025 20:12,1,3,0
UNC,989.002028176996000,12/10/2025 20:11,1,3,0
UNC,989.001040500035000,12/10/2025 20:11,1,6,0
UNC,989.001040500035000,12/10/2025 20:10,1,6,0
UNC,989.001040500035000,12/10/2025 20:08,1,6,0
UNC,989.001040500035000,12/10/2025 20:07,1,6,0
UNC,989.001040500035000,12/10/2025 20:05,1,6,0
UNC,989.001040500035000,12/10/2025 20:03,1,6,0
UNC,989.001040500035000,12/10/2025 20:02,1,6,0
UNC,989.001040500058000,12/10/2025 20:00,1,0B,0
UNC,989.002028176996000,12/10/2025 19:54,1,3,0
UNC,989.001040500035000,12/10/2025 19:50,1,6,0
UNC,989.001040500035000,12/10/2025 19:49,1,6,0
UNC,989.001040500035000,12/10/2025 19:48,1,6,0
UNC,989.001040500035000,12/10/2025 19:47,1,6,0
UNC,989.001040500035000,12/10/2025 19:45,1,6,0
UNC,989.001040500035000,12/10/2025 19:45,1,7,0
UNC,989.001040500035000,12/10/2025 19:44,1,6,0
UNC,989.001040500035000,12/10/2025 19:44,1,7,0
UNC,989.001040500035000,12/10/2025 19:43,1,7,0
UNC,989.001040500035000,12/10/2025 19:41,1,7,0
UNC,989.001040500035000,12/10/2025 19:40,1,7,0
UNC,989.001040500035000,12/10/2025 19:39,1,7,0
UNC,989.002028176996000,12/10/2025 19:37,1,3,0
UNC,989.001030621497000,12/10/2025 19:35,1,7,0
UNC,989.001030620186000,12/10/2025 19:33,1,8,0
UNC,989.001030620186000,12/10/2025 19:31,1,8,0
UNC,989.001030620186000,12/10/2025 19:28,1,8,0
UNC,989.001040500035000,12/10/2025 19:23,1,7,0
UNC,989.001040500035000,12/10/2025 18:53,1,6,0
UNC,989.001030621497000,12/10/2025 18:52,1,1,0
UNC,989.001040500035000,12/10/2025 18:52,1,6,0
UNC,989.001030621497000,12/10/2025 18:51,1,1,0
UNC,989.001040500035000,12/10/2025 18:51,1,6,0
UNC,989.001040500035000,12/10/2025 18:50,1,6,0
UNC,989.001040500035000,12/10/2025 18:50,1,7,0
UNC,989.001040500035000,12/10/2025 18:48,1,7,0
UNC,989.001040500035000,12/10/2025 18:47,1,7,0
UNC,989.001040500035000,12/10/2025 18:46,1,8,0
UNC,989.001040500035000,12/10/2025 18:44,1,8,0
UNC,989.002028176996000,12/10/2025 18:44,1,3,0
UNC,989.001040500035000,12/10/2025 18:43,1,8,0
UNC,989.001040500035000,12/10/2025 18:42,1,8,0
UNC,989.001030620186000,12/10/2025 18:26,1,8,0
UNC,989.001030620186000,12/10/2025 18:24,1,8,0
UNC,989.001030620186000,12/10/2025 18:23,1,8,0
UNC,989.001040500035000,12/10/2025 18:17,1,6,0
UNC,989.001040500035000,12/10/2025 18:16,1,6,0
UNC,989.001040500035000,12/10/2025 18:15,1,7,0
UNC,989.001030620186000,12/10/2025 18:15,1,8,0
UNC,989.001040500035000,12/10/2025 18:14,1,7,0
UNC,989.001030620186000,12/10/2025 18:14,1,9,0
UNC,989.001040500035000,12/10/2025 18:13,1,7,0
UNC,989.001040500035000,12/10/2025 17:32,1,6,0
UNC,989.001040500035000,12/10/2025 17:31,1,6,0
UNC,989.001040500035000,12/10/2025 17:30,1,7,0
UNC,989.001040500035000,12/10/2025 17:29,1,7,0
UNC,989.001040500035000,12/10/2025 17:21,1,7,0
UNC,989.001040500035000,12/10/2025 17:20,1,7,0
UNC,989.001040500035000,12/10/2025 17:19,1,7,0
UNC,989.001040500035000,12/10/2025 17:18,1,7,0
UNC,989.001040500035000,12/10/2025 17:16,1,6,0
UNC,989.001040500035000,12/10/2025 17:15,1,7,0
UNC,989.001040500035000,12/10/2025 17:15,1,6,0
UNC,989.001040500035000,12/10/2025 17:14,1,6,0
UNC,989.001040500035000,12/10/2025 17:12,1,6,0
UNC,989.001040500035000,12/10/2025 17:10,1,1,0
UNC,989.001040500035000,12/10/2025 17:09,1,2,0
UNC,989.001040500035000,12/10/2025 17:09,1,1,0
UNC,989.001040500035000,12/10/2025 17:08,1,1,0
UNC,989.001040500035000,12/10/2025 17:08,1,2,0
UNC,989.001040500035000,12/10/2025 17:03,1,6,0
UNC,989.001040500035000,12/10/2025 17:01,1,6,0
UNC,989.001040500035000,12/10/2025 17:00,1,7,0
UNC,989.001040500035000,12/10/2025 16:59,1,7,0
UNC,989.001040500035000,12/10/2025 16:58,1,7,0
UNC,989.001040500035000,12/10/2025 16:57,1,7,0
UNC,989.001040500035000,12/10/2025 16:55,1,7,0
UNC,989.001040500035000,12/10/2025 16:54,1,7,0
UNC,989.001040500035000,12/10/2025 16:53,1,7,0
UNC,989.001040500035000,12/10/2025 16:51,1,7,0
UNC,989.001040500035000,12/10/2025 16:50,1,6,0
UNC,989.002028176996000,12/10/2025 16:26,1,3,0
UNC,989.002028177130000,12/10/2025 16:03,1,2,0
UNC,989.002028177130000,12/10/2025 16:02,1,7,0
UNC,989.002028176996000,12/10/2025 15:30,1,2,0
UNC,989.002028176996000,12/10/2025 7:42,1,2,0
UNC,989.002028176996000,12/10/2025 7:40,1,2,0
UNC,989.002028176996000,12/10/2025 7:35,1,2,0
UNC,989.002028176996000,12/10/2025 7:07,1,3,0
UNC,989.002028176996000,12/10/2025 7:06,1,3,0
UNC,989.002028176996000,12/10/2025 7:05,1,3,0
UNC,989.002028176996000,12/10/2025 7:04,1,3,0
UNC,989.002028176996000,12/10/2025 7:03,1,3,0
UNC,989.001040500035000,12/10/2025 6:59,1,7,0
UNC,989.001040500035000,12/10/2025 6:58,1,6,0
UNC,989.001040500035000,12/10/2025 6:57,1,6,0
UNC,989.001040500035000,12/10/2025 6:57,1,7,0
UNC,989.001040500035000,12/10/2025 6:56,1,6,0
UNC,989.001040500035000,12/10/2025 6:55,1,6,0
UNC,989.001040500035000,12/10/2025 6:54,1,6,0
UNC,989.001040500035000,12/10/2025 6:53,1,6,0
UNC,989.001040500035000,12/10/2025 6:52,1,6,0
UNC,989.001040500035000,12/10/2025 6:51,1,6,0
UNC,989.001040500035000,12/10/2025 6:50,1,6,0
UNC,989.001040500035000,12/10/2025 6:48,1,6,0
UNC,989.001040500035000,12/10/2025 6:47,1,6,0
UNC,989.001040500035000,12/10/2025 6:46,1,7,0
UNC,989.001040500035000,12/10/2025 6:45,1,7,0
UNC,989.001040500035000,12/10/2025 6:44,1,7,0
UNC,989.001040500035000,12/10/2025 6:43,1,7,0
UNC,989.001040500035000,12/10/2025 6:29,1,6,0
UNC,989.001040500035000,12/10/2025 6:28,1,6,0
UNC,989.001030621497000,12/10/2025 5:43,1,1,0
UNC,989.001030621497000,12/10/2025 5:42,1,6,0
UNC,989.001040500035000,12/10/2025 5:33,1,6,0
UNC,989.001040500035000,12/10/2025 5:32,1,6,0
UNC,989.001040500035000,12/10/2025 5:31,1,6,0
UNC,989.001040500035000,12/10/2025 5:30,1,6,0
UNC,989.001040500035000,12/10/2025 5:29,1,6,0
UNC,989.001040500035000,12/10/2025 5:28,1,6,0
UNC,989.001040500035000,12/10/2025 5:27,1,6,0
UNC,989.001040500035000,12/10/2025 5:26,1,6,0
UNC,989.001040500035000,12/10/2025 5:25,1,6,0
UNC,989.001040500035000,12/10/2025 5:24,1,6,0
UNC,989.001040500035000,12/10/2025 5:23,1,7,0
UNC,989.001040500035000,12/10/2025 5:22,1,7,0
UNC,989.001040500035000,12/10/2025 5:21,1,7,0
UNC,989.001040500035000,12/10/2025 5:20,1,7,0
UNC,989.001040500035000,12/10/2025 5:19,1,7,0
UNC,989.001040500035000,12/10/2025 5:18,1,7,0
UNC,989.001040500035000,12/10/2025 4:43,1,7,0
UNC,989.001040500035000,12/10/2025 4:41,1,7,0
UNC,989.001040500035000,12/10/2025 3:55,1,7,0
UNC,989.001040500035000,12/10/2025 3:54,1,7,0
UNC,989.001040500035000,12/10/2025 3:40,1,6,0
UNC,989.001040500035000,12/10/2025 3:39,1,6,0
UNC,989.001040500035000,12/10/2025 3:38,1,6,0
UNC,989.001040500035000,12/10/2025 3:37,1,6,0
UNC,989.001040500035000,12/10/2025 3:37,1,7,0
UNC,989.001040500035000,12/10/2025 3:36,1,7,0
UNC,989.001040500035000,12/10/2025 3:23,1,6,0
UNC,989.001040500035000,12/10/2025 3:22,1,6,0
UNC,989.001040500035000,12/10/2025 3:21,1,6,0
UNC,989.001040500035000,12/10/2025 3:20,1,6,0
UNC,989.001040500035000,12/10/2025 3:18,1,6,0
UNC,989.001040500035000,12/10/2025 3:17,1,6,0
UNC,989.001040500035000,12/10/2025 3:15,1,6,0
UNC,989.001040500035000,12/10/2025 3:14,1,6,0
UNC,989.001040500035000,12/10/2025 3:13,1,6,0
UNC,989.001040500035000,12/10/2025 3:12,1,6,0
UNC,989.001040500035000,12/10/2025 3:11,1,6,0
UNC,989.001040500035000,12/10/2025 3:09,1,6,0
UNC,989.001040500035000,12/10/2025 3:08,1,6,0
UNC,989.001040500035000,12/10/2025 3:05,1,6,0
UNC,989.001040500035000,12/10/2025 3:04,1,6,0
UNC,989.001040500035000,12/10/2025 3:03,1,6,0
UNC,989.001040500035000,12/10/2025 3:02,1,6,0
UNC,989.001040500035000,12/10/2025 3:01,1,6,0
UNC,989.001040500035000,12/10/2025 3:00,1,7,0
UNC,989.001040500035000,12/10/2025 2:50,1,6,0
UNC,989.001040500035000,12/10/2025 2:49,1,6,0
UNC,989.001040500035000,12/10/2025 2:48,1,6,0
UNC,989.001040500035000,12/10/2025 2:47,1,6,0
UNC,989.001040500035000,12/10/2025 2:46,1,6,0
UNC,989.001040500035000,12/10/2025 2:45,1,6,0
UNC,989.001040500035000,12/10/2025 2:44,1,6,0
UNC,989.001040500035000,12/10/2025 2:43,1,6,0
UNC,989.001040500035000,12/10/2025 2:41,1,7,0
UNC,989.001040500035000,12/10/2025 2:34,1,7,0
UNC,989.001040500035000,12/10/2025 2:33,1,7,0
UNC,989.001040500035000,12/10/2025 2:32,1,7,0
UNC,989.001040500035000,12/10/2025 2:31,1,7,0
UNC,989.001040500035000,12/10/2025 2:30,1,7,0
UNC,989.001040500035000,12/10/2025 2:28,1,7,0
UNC,989.001040500035000,12/10/2025 1:29,1,7,0
UNC,989.001040500035000,12/10/2025 1:27,1,7,0
UNC,989.001040500035000,12/10/2025 1:15,1,7,0
UNC,989.001030620186000,12/10/2025 1:15,1,7,0
UNC,989.001040500035000,12/10/2025 1:14,1,7,0
UNC,989.001040500035000,12/10/2025 1:13,1,7,0
UNC,989.001040500035000,12/10/2025 1:09,1,7,0
UNC,989.001040500035000,12/10/2025 1:08,1,7,0
UNC,989.001040500035000,12/10/2025 1:07,1,7,0
UNC,989.001040500035000,12/10/2025 1:06,1,7,0
UNC,989.001040500035000,12/10/2025 1:05,1,7,0
UNC,989.001040500035000,12/10/2025 1:03,1,7,0
UNC,989.001040500035000,12/10/2025 1:02,1,7,0
UNC,989.001040500035000,12/10/2025 1:01,1,7,0
UNC,989.001040500035000,12/10/2025 0:58,1,7,0
UNC,989.001040500035000,12/10/2025 0:57,1,6,0
UNC,989.001040500035000,12/10/2025 0:54,1,6,0
UNC,989.001040500035000,12/10/2025 0:52,1,6,0
UNC,989.001040500035000,12/10/2025 0:49,1,6,0
UNC,989.001040500035000,12/10/2025 0:48,1,6,0
UNC,989.001040500035000,12/10/2025 0:46,1,6,0
UNC,989.001040500035000,12/10/2025 0:44,1,6,0
UNC,989.001040500035000,12/10/2025 0:42,1,6,0
UNC,989.001040500035000,12/10/2025 0:41,1,6,0
UNC,989.001040500035000,12/10/2025 0:39,1,7,0
UNC,989.001040500035000,12/10/2025 0:38,1,7,0
UNC,989.001040500035000,12/10/2025 0:36,1,7,0
UNC,989.002028176996000,12/10/2025 0:12,1,2,0
UNC,989.002028176996000,12/10/2025 0:11,1,2,0
UNC,989.002028176996000,12/10/2025 0:10,1,2,0
UNC,989.001040500035000,12/10/2025 0:09,1,7,0
UNC,989.002028176996000,12/10/2025 0:09,1,2,0
UNC,989.001040500035000,12/10/2025 0:07,1,7,0
UNC,989.002028176996000,12/10/2025 0:07,1,2,0
UNC,989.002028176996000,12/10/2025 0:06,1,2,0
UNC,989.001040500035000,12/10/2025 0:06,1,7,0
UNC,989.002028176996000,12/10/2025 0:05,1,2,0
UNC,989.001040500035000,12/10/2025 0:05,1,7,0
UNC,989.002028176996000,12/10/2025 0:04,1,2,0
UNC,989.001040500035000,12/10/2025 0:04,1,7,0
UNC,989.002028176996000,12/10/2025 0:03,1,2,0
UNC,989.001040500035000,12/10/2025 0:03,1,7,0
UNC,989.002028176996000,12/10/2025 0:02,1,2,0
UNC,989.001040500035000,12/10/2025 0:02,1,7,0
UNC,989.001040500035000,12/10/2025 0:01,1,7,0
UNC,989.002028176996000,12/10/2025 0:00,1,2,0
UNC,989.001040500035000,12/10/2025 0:00,1,8,0
UNC,989.002028176996000,12/9/2025 23:59,1,2,0
UNC,989.001040500035000,12/9/2025 23:59,1,8,0
UNC,989.002028176996000,12/9/2025 23:58,1,2,0
UNC,989.001040500035000,12/9/2025 23:58,1,8,0
UNC,989.002028176996000,12/9/2025 23:57,1,2,0
UNC,989.001040500035000,12/9/2025 23:57,1,8,0
UNC,989.002028176996000,12/9/2025 23:56,1,2,0
UNC,989.001040500035000,12/9/2025 23:56,1,8,0
UNC,989.001040500035000,12/9/2025 23:55,1,8,0
UNC,989.002028176996000,12/9/2025 23:55,1,2,0
UNC,989.001040500035000,12/9/2025 23:54,1,8,0
UNC,989.002028176996000,12/9/2025 23:53,1,2,0
UNC,989.002028176996000,12/9/2025 23:52,1,2,0
UNC,989.001040500035000,12/9/2025 23:52,1,7,0
UNC,989.002028176996000,12/9/2025 23:51,1,2,0
UNC,989.001040500035000,12/9/2025 23:51,1,7,0
UNC,989.002028176996000,12/9/2025 23:50,1,2,0
UNC,989.001040500035000,12/9/2025 23:50,1,7,0
UNC,989.002028176996000,12/9/2025 23:49,1,2,0
UNC,989.001040500035000,12/9/2025 23:49,1,7,0
UNC,989.002028176996000,12/9/2025 23:48,1,2,0
UNC,989.002028176996000,12/9/2025 23:46,1,2,0
UNC,989.001040500035000,12/9/2025 23:45,1,7,0
UNC,989.002028176996000,12/9/2025 23:44,1,2,0
UNC,989.002028176996000,12/9/2025 23:43,1,2,0
UNC,989.002028176996000,12/9/2025 23:42,1,2,0
UNC,989.001030620186000,12/9/2025 23:41,1,7,0
UNC,989.002028176996000,12/9/2025 23:41,1,2,0
UNC,989.001030620186000,12/9/2025 23:40,1,7,0
UNC,989.002028176996000,12/9/2025 23:39,1,2,0
UNC,989.001030620186000,12/9/2025 23:39,1,7,0
UNC,989.002028176996000,12/9/2025 23:38,1,2,0
UNC,989.001030620186000,12/9/2025 23:36,1,7,0
UNC,989.001030620186000,12/9/2025 23:35,1,7,0
UNC,989.002028176996000,12/9/2025 23:34,1,3,0
UNC,989.002028176996000,12/9/2025 23:02,1,3,0
UNC,989.001030620668000,12/9/2025 22:56,1,6,0
UNC,989.001030620668000,12/9/2025 22:48,1,6,0
UNC,989.001030620668000,12/9/2025 22:47,1,6,0
UNC,989.001030620668000,12/9/2025 22:40,1,1,0
UNC,989.001030620668000,12/9/2025 22:37,1,1,0
UNC,989.001040500035000,12/9/2025 22:30,1,7,0
UNC,989.001030620668000,12/9/2025 22:28,1,6,0
UNC,989.001030620668000,12/9/2025 22:27,1,6,0
UNC,989.001030620668000,12/9/2025 22:26,1,6,0
UNC,989.001030620668000,12/9/2025 22:25,1,6,0
UNC,989.002028176996000,12/9/2025 22:25,1,3,0
UNC,989.001030620668000,12/9/2025 22:24,1,6,0
UNC,989.001030620186000,12/9/2025 22:22,1,9,0
UNC,989.001030620668000,12/9/2025 22:22,1,6,0
UNC,989.002028176996000,12/9/2025 22:22,1,3,0
UNC,989.002028176996000,12/9/2025 22:22,1,2,0
UNC,989.001030620668000,12/9/2025 22:21,1,6,0
UNC,989.002028176996000,12/9/2025 22:21,1,2,0
UNC,989.001030620668000,12/9/2025 22:20,1,6,0
UNC,989.001030620668000,12/9/2025 22:19,1,6,0
UNC,989.002028176996000,12/9/2025 22:04,1,3,0
UNC,989.001040500035000,12/9/2025 22:04,1,7,0
UNC,989.001040500035000,12/9/2025 22:03,1,7,0
UNC,989.001040500035000,12/9/2025 22:01,1,7,0
UNC,989.001030620186000,12/9/2025 21:48,1,9,0
UNC,989.002028176996000,12/9/2025 21:47,1,3,0
UNC,989.001030621167000,12/9/2025 21:34,1,1,0
UNC,989.002028176996000,12/9/2025 21:33,1,2,0
UNC,989.001030621167000,12/9/2025 21:32,1,6,0
UNC,989.002028176996000,12/9/2025 21:32,1,2,0
UNC,989.002028176996000,12/9/2025 21:31,1,2,0
UNC,989.002028176996000,12/9/2025 21:30,1,2,0
UNC,989.001030620186000,12/9/2025 21:30,1,8,0
UNC,989.002028176996000,12/9/2025 21:29,1,2,0
UNC,989.002028176996000,12/9/2025 21:28,1,2,0
UNC,989.002028176996000,12/9/2025 21:27,1,2,0
UNC,989.002028176996000,12/9/2025 21:25,1,2,0
UNC,989.002028176996000,12/9/2025 21:24,1,2,0
UNC,989.002028176996000,12/9/2025 21:23,1,2,0
UNC,989.002028176996000,12/9/2025 21:22,1,2,0
UNC,989.002028176996000,12/9/2025 21:21,1,2,0
UNC,989.002028176996000,12/9/2025 21:20,1,2,0
UNC,989.002028176996000,12/9/2025 21:18,1,2,0
UNC,989.001030620186000,12/9/2025 21:18,1,8,0
UNC,989.002028176996000,12/9/2025 21:16,1,2,0
UNC,989.001030620186000,12/9/2025 21:16,1,7,0
UNC,989.002028176996000,12/9/2025 21:15,1,2,0
UNC,989.002028176996000,12/9/2025 21:14,1,2,0
UNC,989.002028176996000,12/9/2025 21:13,1,2,0
UNC,989.002028176996000,12/9/2025 21:12,1,2,0
UNC,989.002028176996000,12/9/2025 21:11,1,2,0
UNC,989.001030620668000,12/9/2025 21:10,1,8,0
UNC,989.002028176996000,12/9/2025 21:09,1,2,0
UNC,989.002028176996000,12/9/2025 21:08,1,2,0
UNC,989.001030620186000,12/9/2025 21:07,1,8,0
UNC,989.002028176996000,12/9/2025 21:07,1,2,0
UNC,989.002028176996000,12/9/2025 21:06,1,2,0
UNC,989.002028176996000,12/9/2025 21:05,1,2,0
UNC,989.002028176996000,12/9/2025 21:04,1,2,0
UNC,989.002028176996000,12/9/2025 21:03,1,2,0
UNC,989.001030620186000,12/9/2025 21:02,1,8,0
UNC,989.002028176996000,12/9/2025 21:02,1,2,0
UNC,989.001030620668000,12/9/2025 20:50,1,9,0
UNC,989.001030620186000,12/9/2025 20:43,1,8,0
UNC,989.001030620186000,12/9/2025 20:43,1,9,0
UNC,989.001030620186000,12/9/2025 20:35,1,8,0
UNC,989.001030620186000,12/9/2025 20:34,1,8,0
UNC,989.001030620186000,12/9/2025 20:33,1,8,0
UNC,989.002028176996000,12/9/2025 20:26,1,7,0
UNC,989.001030620186000,12/9/2025 20:25,1,8,0
UNC,989.001030620186000,12/9/2025 20:23,1,8,0
UNC,989.001030620186000,12/9/2025 20:21,1,8,0
UNC,989.001030620186000,12/9/2025 20:18,1,8,0
UNC,989.001040500035000,12/9/2025 20:15,1,6,0
UNC,989.002028176996000,12/9/2025 20:08,1,8,0
UNC,989.002028176996000,12/9/2025 20:08,1,7,0
UNC,989.001030620186000,12/9/2025 19:27,1,8,0
UNC,989.001030620186000,12/9/2025 19:24,1,9,0
UNC,989.001030620186000,12/9/2025 19:22,1,9,0
UNC,989.001030620186000,12/9/2025 19:21,1,9,0
UNC,989.002028176996000,12/9/2025 19:16,1,3,0
UNC,989.002028176996000,12/9/2025 19:14,1,3,0
UNC,989.002028176996000,12/9/2025 19:13,1,3,0
UNC,989.002028176996000,12/9/2025 19:12,1,3,0
UNC,989.001030621167000,12/9/2025 19:10,1,7,0
UNC,989.001030621167000,12/9/2025 19:09,1,7,0
UNC,989.001030621167000,12/9/2025 19:07,1,7,0
UNC,989.001030621167000,12/9/2025 19:06,1,7,0
UNC,989.001030621167000,12/9/2025 19:05,1,7,0
UNC,989.001040500035000,12/9/2025 18:59,1,7,0
UNC,989.001040500035000,12/9/2025 18:58,1,7,0
UNC,989.001040500035000,12/9/2025 18:56,1,7,0
UNC,989.001040500035000,12/9/2025 18:55,1,7,0
UNC,989.001040500035000,12/9/2025 18:54,1,7,0
UNC,989.001040500035000,12/9/2025 18:54,1,6,0
UNC,989.002028176996000,12/9/2025 18:54,1,3,0
UNC,989.001040500035000,12/9/2025 18:53,1,6,0
UNC,989.001040500035000,12/9/2025 18:52,1,6,0
UNC,989.001040500035000,12/9/2025 18:51,1,6,0
UNC,989.002028176996000,12/9/2025 18:50,1,3,0
UNC,989.001040500035000,12/9/2025 18:50,1,6,0
UNC,989.001040500035000,12/9/2025 18:49,1,6,0
UNC,989.002028176996000,12/9/2025 18:28,1,3,0
UNC,989.002028176996000,12/9/2025 18:26,1,3,0
UNC,989.002028176996000,12/9/2025 18:25,1,3,0
UNC,989.001040500035000,12/9/2025 18:24,1,8,0
UNC,989.002028176996000,12/9/2025 18:24,1,3,0
UNC,989.002028176996000,12/9/2025 18:22,1,3,0
UNC,989.002028176996000,12/9/2025 18:21,1,3,0
UNC,989.002028176996000,12/9/2025 18:20,1,3,0
UNC,989.002028176996000,12/9/2025 18:11,1,3,0
UNC,989.001030620186000,12/9/2025 18:10,1,9,0
UNC,989.001030620186000,12/9/2025 18:09,1,9,0
UNC,989.001030620186000,12/9/2025 18:08,1,9,0
UNC,989.001040500035000,12/9/2025 17:46,1,6,0
UNC,989.001040500035000,12/9/2025 17:45,1,6,0
UNC,989.001040500035000,12/9/2025 17:44,1,6,0
UNC,989.001040500035000,12/9/2025 17:43,1,6,0
UNC,989.001040500035000,12/9/2025 17:42,1,6,0
UNC,989.001040500035000,12/9/2025 17:41,1,6,0
UNC,989.001040500035000,12/9/2025 17:40,1,6,0
UNC,989.001040500035000,12/9/2025 17:25,1,7,0
UNC,989.001040500035000,12/9/2025 17:24,1,7,0
UNC,989.001040500035000,12/9/2025 17:23,1,7,0
UNC,989.001040500035000,12/9/2025 17:22,1,7,0
UNC,989.001040500035000,12/9/2025 17:21,1,7,0
UNC,989.001040500035000,12/9/2025 17:20,1,7,0
UNC,989.001040500035000,12/9/2025 17:18,1,7,0
UNC,989.001040500035000,12/9/2025 17:17,1,6,0
UNC,989.001040500035000,12/9/2025 17:16,1,6,0
UNC,989.001040500035000,12/9/2025 17:15,1,6,0
UNC,989.001040500035000,12/9/2025 17:14,1,6,0
UNC,989.001040500035000,12/9/2025 17:14,1,7,0
UNC,989.001040500035000,12/9/2025 17:13,1,7,0
UNC,989.001040500035000,12/9/2025 17:12,1,7,0
UNC,989.001040500035000,12/9/2025 17:09,1,1,0
UNC,989.001040500035000,12/9/2025 17:08,1,1,0
UNC,989.001040500035000,12/9/2025 17:03,1,7,0
UNC,989.001040500035000,12/9/2025 17:02,1,7,0
UNC,989.002028177130000,12/9/2025 15:27,1,6,0
UNC,989.002028177130000,12/9/2025 15:26,1,2,0
UNC,989.002028177130000,12/9/2025 15:10,1,2,0
UNC,989.002028176695000,12/9/2025 7:30,1,2,0
UNC,989.002028176695000,12/9/2025 7:29,1,6,0
UNC,989.002028176695000,12/9/2025 7:29,1,7,0
UNC,989.002028176695000,12/9/2025 7:28,1,6,0
UNC,989.002028176695000,12/9/2025 7:27,1,6,0
UNC,989.002028176695000,12/9/2025 7:26,1,6,0
UNC,989.002028176695000,12/9/2025 7:25,1,6,0
UNC,989.002028176695000,12/9/2025 7:25,1,7,0
UNC,989.002028176695000,12/9/2025 7:23,1,7,0
UNC,989.002028176996000,12/9/2025 7:22,1,3,0
UNC,989.002028176695000,12/9/2025 7:22,1,7,0
UNC,989.002028176996000,12/9/2025 7:21,1,3,0
UNC,989.002028176695000,12/9/2025 7:20,1,7,0
UNC,989.002028176695000,12/9/2025 7:19,1,6,0
UNC,989.002028176695000,12/9/2025 7:17,1,7,0
UNC,989.002028176695000,12/9/2025 7:17,1,6,0
UNC,989.002028176695000,12/9/2025 7:16,1,6,0
UNC,989.002028176695000,12/9/2025 7:15,1,6,0
UNC,989.002028176695000,12/9/2025 7:15,1,7,0
UNC,989.002028176695000,12/9/2025 7:14,1,7,0
UNC,989.002028176695000,12/9/2025 7:13,1,7,0
UNC,989.002028176695000,12/9/2025 7:12,1,7,0
UNC,989.002028176695000,12/9/2025 7:12,1,6,0
UNC,989.002028176695000,12/9/2025 7:11,1,6,0
UNC,989.002028176695000,12/9/2025 7:09,1,6,0
UNC,989.002028176695000,12/9/2025 7:08,1,6,0
UNC,989.002028176695000,12/9/2025 7:07,1,6,0
UNC,989.002028176695000,12/9/2025 7:06,1,6,0
UNC,989.002028176695000,12/9/2025 7:05,1,6,0
UNC,989.002028176695000,12/9/2025 7:04,1,6,0
UNC,989.002028176695000,12/9/2025 7:03,1,6,0
UNC,989.002028176695000,12/9/2025 7:02,1,7,0
UNC,989.002028176695000,12/9/2025 7:00,1,7,0
UNC,989.002028176996000,12/9/2025 7:00,1,3,0
UNC,989.002028177009000,12/9/2025 7:00,1,2,0
UNC,989.002028177009000,12/9/2025 6:59,1,7,0
UNC,989.002028176996000,12/9/2025 6:56,1,3,0
UNC,989.002028176996000,12/9/2025 6:54,1,3,0
UNC,989.002028177009000,12/9/2025 6:53,1,7,0
UNC,989.002028177009000,12/9/2025 6:53,1,1,0
UNC,989.001040500035000,12/9/2025 6:50,1,6,0
UNC,989.001040500035000,12/9/2025 6:49,1,6,0
UNC,989.001040500035000,12/9/2025 6:47,1,6,0
UNC,989.001040500035000,12/9/2025 6:44,1,7,0
UNC,989.001040500035000,12/9/2025 6:43,1,7,0
UNC,989.001040500035000,12/9/2025 6:42,1,7,0
UNC,989.001040500035000,12/9/2025 6:41,1,7,0
UNC,989.001040500035000,12/9/2025 6:36,1,6,0
UNC,989.001040500035000,12/9/2025 6:34,1,6,0
UNC,989.001040500035000,12/9/2025 5:01,1,6,0
UNC,989.001040500035000,12/9/2025 5:00,1,6,0
UNC,989.001040500035000,12/9/2025 4:59,1,6,0
UNC,989.001040500035000,12/9/2025 4:58,1,7,0
UNC,989.001040500035000,12/9/2025 4:57,1,7,0
UNC,989.001040500035000,12/9/2025 4:57,1,6,0
UNC,989.001040500035000,12/9/2025 4:56,1,6,0
UNC,989.001040500035000,12/9/2025 4:55,1,6,0
UNC,989.001040500035000,12/9/2025 4:54,1,6,0
UNC,989.001040500035000,12/9/2025 4:53,1,6,0
UNC,989.001040500035000,12/9/2025 4:52,1,6,0
UNC,989.001040500035000,12/9/2025 4:51,1,6,0
UNC,989.001040500035000,12/9/2025 4:50,1,6,0
UNC,989.001040500035000,12/9/2025 4:49,1,6,0
UNC,989.001040500035000,12/9/2025 4:48,1,7,0
UNC,989.001040500035000,12/9/2025 4:47,1,7,0
UNC,989.001040500035000,12/9/2025 4:46,1,7,0
UNC,989.001040500035000,12/9/2025 4:45,1,7,0
UNC,989.001040500035000,12/9/2025 4:44,1,8,0
UNC,989.001040500035000,12/9/2025 4:43,1,8,0
UNC,989.001040500035000,12/9/2025 4:42,1,8,0
UNC,989.001040500035000,12/9/2025 4:40,1,8,0
UNC,989.001040500035000,12/9/2025 4:39,1,8,0
UNC,989.001040500035000,12/9/2025 4:38,1,8,0
UNC,989.001040500035000,12/9/2025 4:37,1,8,0
UNC,989.001040500035000,12/9/2025 4:36,1,8,0
UNC,989.001040500035000,12/9/2025 4:35,1,8,0
UNC,989.001040500035000,12/9/2025 4:34,1,7,0
UNC,989.001040500035000,12/9/2025 4:33,1,7,0
UNC,989.001040500035000,12/9/2025 4:31,1,7,0
UNC,989.001040500035000,12/9/2025 4:30,1,7,0
UNC,989.001040500035000,12/9/2025 4:29,1,7,0
UNC,989.001040500035000,12/9/2025 3:30,1,7,0
UNC,989.001040500035000,12/9/2025 3:29,1,7,0
UNC,989.001040500035000,12/9/2025 3:27,1,7,0
UNC,989.001040500035000,12/9/2025 3:26,1,7,0
UNC,989.001040500035000,12/9/2025 3:25,1,7,0
UNC,989.001040500035000,12/9/2025 3:24,1,7,0
UNC,989.001040500035000,12/9/2025 3:22,1,7,0
UNC,989.001040500035000,12/9/2025 3:21,1,7,0
UNC,989.001040500035000,12/9/2025 3:18,1,6,0
UNC,989.001040500035000,12/9/2025 3:17,1,6,0
UNC,989.001040500035000,12/9/2025 3:16,1,6,0
UNC,989.001040500035000,12/9/2025 3:15,1,6,0
UNC,989.001040500035000,12/9/2025 3:14,1,7,0
UNC,989.001040500035000,12/9/2025 3:13,1,7,0
UNC,989.001040500035000,12/9/2025 3:12,1,7,0
UNC,989.001040500035000,12/9/2025 3:10,1,7,0
UNC,989.001040500035000,12/9/2025 3:01,1,7,0
UNC,989.001040500035000,12/9/2025 3:00,1,7,0
UNC,989.001040500035000,12/9/2025 2:59,1,7,0
UNC,989.001040500035000,12/9/2025 2:57,1,7,0
UNC,989.001040500035000,12/9/2025 2:56,1,7,0
UNC,989.001040500035000,12/9/2025 2:55,1,7,0
UNC,989.001040500035000,12/9/2025 2:54,1,7,0
UNC,989.001040500035000,12/9/2025 2:52,1,7,0
UNC,989.001040500035000,12/9/2025 2:50,1,7,0
UNC,989.001040500035000,12/9/2025 2:49,1,6,0
UNC,989.001040500035000,12/9/2025 2:48,1,6,0
UNC,989.001040500035000,12/9/2025 2:47,1,6,0
UNC,989.001040500035000,12/9/2025 2:46,1,6,0
UNC,989.001040500035000,12/9/2025 2:44,1,6,0
UNC,989.001040500035000,12/9/2025 2:42,1,6,0
UNC,989.001040500035000,12/9/2025 2:40,1,6,0
UNC,989.001040500035000,12/9/2025 2:39,1,6,0
UNC,989.001040500035000,12/9/2025 2:37,1,6,0
UNC,989.001040500035000,12/9/2025 2:36,1,6,0
UNC,989.001040500035000,12/9/2025 2:35,1,6,0
UNC,989.001040500035000,12/9/2025 2:34,1,6,0
UNC,989.001040500035000,12/9/2025 2:33,1,6,0
UNC,989.001040500035000,12/9/2025 2:31,1,6,0
UNC,989.001040500035000,12/9/2025 2:30,1,6,0
UNC,989.001040500035000,12/9/2025 2:27,1,6,0
UNC,989.001040500035000,12/9/2025 2:24,1,6,0
UNC,989.001040500035000,12/9/2025 2:22,1,6,0
UNC,989.001040500035000,12/9/2025 2:20,1,6,0
UNC,989.001040500035000,12/9/2025 1:36,1,6,0
UNC,989.001040500035000,12/9/2025 1:36,1,7,0
UNC,989.001040500035000,12/9/2025 1:35,1,6,0
UNC,989.001040500035000,12/9/2025 1:34,1,6,0
UNC,989.001040500035000,12/9/2025 1:32,1,6,0
UNC,989.001040500035000,12/9/2025 1:31,1,6,0
UNC,989.001040500035000,12/9/2025 1:23,1,6,0
UNC,989.001040500035000,12/9/2025 1:22,1,6,0
UNC,989.001040500035000,12/9/2025 1:21,1,6,0
UNC,989.001040500035000,12/9/2025 1:20,1,6,0
UNC,989.001040500035000,12/9/2025 1:20,1,7,0
UNC,989.001040500035000,12/9/2025 1:19,1,7,0
UNC,989.001040500035000,12/9/2025 1:18,1,7,0
UNC,989.001040500035000,12/9/2025 1:17,1,7,0
UNC,989.001040500035000,12/9/2025 1:16,1,7,0
UNC,989.001040500035000,12/9/2025 1:14,1,7,0
UNC,989.001040500035000,12/9/2025 1:13,1,7,0
UNC,989.001040500035000,12/9/2025 1:12,1,7,0
UNC,989.001040500035000,12/9/2025 1:09,1,7,0
UNC,989.001040500035000,12/9/2025 1:08,1,7,0
UNC,989.001040500035000,12/9/2025 1:07,1,7,0
UNC,989.001040500035000,12/9/2025 1:05,1,7,0
UNC,989.001040500035000,12/9/2025 1:04,1,7,0
UNC,989.001040500035000,12/9/2025 1:03,1,7,0
UNC,989.001040500035000,12/9/2025 1:02,1,7,0
UNC,989.001040500035000,12/9/2025 0:50,1,6,0
UNC,989.001040500035000,12/9/2025 0:49,1,6,0
UNC,989.001040500035000,12/9/2025 0:48,1,6,0
UNC,989.001040500035000,12/9/2025 0:47,1,6,0
UNC,989.001040500035000,12/9/2025 0:45,1,6,0
UNC,989.001040500035000,12/9/2025 0:44,1,6,0
UNC,989.001040500035000,12/9/2025 0:44,1,7,0
UNC,989.001040500035000,12/9/2025 0:43,1,7,0
UNC,989.001040500035000,12/9/2025 0:39,1,7,0
UNC,989.001040500035000,12/9/2025 0:38,1,7,0
UNC,989.001040500035000,12/9/2025 0:37,1,7,0
UNC,989.001040500035000,12/9/2025 0:36,1,7,0
UNC,989.001040500035000,12/9/2025 0:35,1,6,0
UNC,989.001040500035000,12/9/2025 0:33,1,6,0
UNC,989.001040500035000,12/9/2025 0:32,1,6,0
UNC,989.001040500035000,12/9/2025 0:31,1,6,0
UNC,989.001040500035000,12/9/2025 0:30,1,6,0
UNC,989.001040500035000,12/9/2025 0:29,1,6,0
UNC,989.001040500035000,12/9/2025 0:26,1,6,0
UNC,989.001040500035000,12/9/2025 0:25,1,6,0
UNC,989.001040500035000,12/9/2025 0:24,1,7,0
UNC,989.001040500035000,12/9/2025 0:23,1,7,0
UNC,989.001040500035000,12/9/2025 0:11,1,7,0
UNC,989.001040500035000,12/9/2025 0:10,1,7,0
UNC,989.001040500035000,12/9/2025 0:09,1,7,0
UNC,989.001040500035000,12/9/2025 0:08,1,7,0
UNC,989.001040500035000,12/9/2025 0:05,1,7,0
UNC,989.001040500035000,12/8/2025 23:56,1,7,0
UNC,989.001040500035000,12/8/2025 23:55,1,7,0
UNC,989.001040500035000,12/8/2025 23:54,1,7,0
UNC,989.001040500035000,12/8/2025 23:53,1,7,0
UNC,989.001040500035000,12/8/2025 23:51,1,7,0
UNC,989.001040500035000,12/8/2025 23:49,1,7,0
UNC,989.001040500035000,12/8/2025 23:48,1,7,0
UNC,989.001040500035000,12/8/2025 23:47,1,7,0
UNC,989.001040500035000,12/8/2025 23:46,1,7,0
UNC,989.001040500035000,12/8/2025 23:45,1,7,0
UNC,989.001040500035000,12/8/2025 23:44,1,7,0
UNC,989.001040500035000,12/8/2025 23:31,1,6,0
UNC,989.001040500035000,12/8/2025 23:30,1,6,0
UNC,989.001040500035000,12/8/2025 23:29,1,6,0
UNC,989.001040500035000,12/8/2025 23:28,1,6,0
UNC,989.001040500035000,12/8/2025 23:27,1,7,0
UNC,989.001040500035000,12/8/2025 23:26,1,7,0
UNC,989.001040500035000,12/8/2025 23:25,1,7,0
UNC,989.001040500035000,12/8/2025 23:22,1,7,0
UNC,989.001040500035000,12/8/2025 23:21,1,7,0
UNC,989.001040500035000,12/8/2025 23:19,1,7,0
UNC,989.002028176996000,12/8/2025 22:55,1,3,0
UNC,989.001040500035000,12/8/2025 22:39,1,6,0
UNC,989.001040500035000,12/8/2025 22:38,1,6,0
UNC,989.001040500035000,12/8/2025 22:37,1,6,0
UNC,989.001040500035000,12/8/2025 22:36,1,6,0
UNC,989.001040500035000,12/8/2025 22:35,1,6,0
UNC,989.001040500035000,12/8/2025 22:34,1,6,0
UNC,989.001040500035000,12/8/2025 22:33,1,6,0
UNC,989.001040500035000,12/8/2025 22:31,1,6,0
UNC,989.001040500035000,12/8/2025 22:30,1,6,0
UNC,989.001040500035000,12/8/2025 22:29,1,6,0
UNC,989.001040500035000,12/8/2025 22:28,1,6,0
UNC,989.001040500035000,12/8/2025 22:27,1,6,0
UNC,989.002028176996000,12/8/2025 22:26,1,2,0
UNC,989.001040500035000,12/8/2025 22:26,1,6,0
UNC,989.002028176996000,12/8/2025 22:25,1,2,0
UNC,989.002028176996000,12/8/2025 22:25,1,3,0
UNC,989.001040500035000,12/8/2025 22:24,1,6,0
UNC,989.001040500035000,12/8/2025 22:23,1,6,0
UNC,989.001040500035000,12/8/2025 22:22,1,6,0
UNC,989.001040500035000,12/8/2025 22:21,1,6,0
UNC,989.001040500035000,12/8/2025 22:20,1,6,0
UNC,989.001040500035000,12/8/2025 22:19,1,6,0
UNC,989.001040500035000,12/8/2025 22:18,1,6,0
UNC,989.002028176996000,12/8/2025 22:17,1,3,0
UNC,989.001040500035000,12/8/2025 22:17,1,6,0
UNC,989.001040500035000,12/8/2025 22:16,1,7,0
UNC,989.002028176996000,12/8/2025 22:16,1,3,0
UNC,989.001040500035000,12/8/2025 22:15,1,7,0
UNC,989.001040500035000,12/8/2025 22:14,1,7,0
UNC,989.001040500035000,12/8/2025 22:13,1,7,0
UNC,989.001040500035000,12/8/2025 22:12,1,7,0
UNC,989.002028176996000,12/8/2025 22:11,1,3,0
UNC,989.001040500035000,12/8/2025 22:11,1,7,0
UNC,989.001030620186000,12/8/2025 22:11,1,8,0
UNC,989.002028176996000,12/8/2025 22:10,1,3,0
UNC,989.001040500035000,12/8/2025 22:10,1,7,0
UNC,989.002028176996000,12/8/2025 22:09,1,3,0
UNC,989.001040500035000,12/8/2025 22:09,1,7,0
UNC,989.002028176996000,12/8/2025 22:08,1,3,0
UNC,989.001040500035000,12/8/2025 22:07,1,7,0
UNC,989.002028176996000,12/8/2025 22:06,1,3,0
UNC,989.001040500035000,12/8/2025 22:06,1,7,0
UNC,989.001040500035000,12/8/2025 22:05,1,7,0
UNC,989.002028176996000,12/8/2025 22:03,1,3,0
UNC,989.001030620186000,12/8/2025 22:01,1,7,0
UNC,989.002028176996000,12/8/2025 22:01,1,3,0
UNC,989.001030620186000,12/8/2025 22:01,1,8,0
UNC,989.002028176996000,12/8/2025 22:00,1,3,0
UNC,989.001030620186000,12/8/2025 21:59,1,7,0
UNC,989.001030620186000,12/8/2025 21:58,1,7,0
UNC,989.002028176996000,12/8/2025 21:54,1,3,0
UNC,989.002028176996000,12/8/2025 21:47,1,2,0
UNC,989.002028176996000,12/8/2025 21:46,1,2,0
UNC,989.002028176996000,12/8/2025 21:45,1,2,0
UNC,989.002028176996000,12/8/2025 21:44,1,2,0
UNC,989.002028176996000,12/8/2025 21:43,1,2,0
UNC,989.001030620186000,12/8/2025 21:42,1,8,0
UNC,989.002028176996000,12/8/2025 21:42,1,2,0
UNC,989.002028176996000,12/8/2025 21:41,1,2,0
UNC,989.002028176996000,12/8/2025 21:39,1,2,0
UNC,989.002028176996000,12/8/2025 21:38,1,2,0
UNC,989.002028176996000,12/8/2025 21:37,1,2,0
UNC,989.002028176996000,12/8/2025 21:36,1,2,0
UNC,989.002028176996000,12/8/2025 21:35,1,2,0
UNC,989.002028176996000,12/8/2025 21:34,1,2,0
UNC,989.001040500035000,12/8/2025 21:33,1,8,0
UNC,989.002028176996000,12/8/2025 21:33,1,2,0
UNC,989.001040500035000,12/8/2025 21:31,1,8,0
UNC,989.002028176996000,12/8/2025 21:31,1,2,0
UNC,989.001040500035000,12/8/2025 21:30,1,8,0
UNC,989.002028176996000,12/8/2025 21:30,1,2,0
UNC,989.001040500035000,12/8/2025 21:29,1,8,0
UNC,989.002028176996000,12/8/2025 21:29,1,2,0
UNC,989.001040500035000,12/8/2025 21:28,1,8,0
UNC,989.002028176996000,12/8/2025 21:28,1,2,0
UNC,989.002028176996000,12/8/2025 21:27,1,2,0
UNC,989.001040500035000,12/8/2025 21:27,1,8,0
UNC,989.001040500035000,12/8/2025 21:26,1,8,0
UNC,989.002028176996000,12/8/2025 21:26,1,2,0
UNC,989.001040500035000,12/8/2025 21:25,1,8,0
UNC,989.002028176996000,12/8/2025 21:24,1,2,0
UNC,989.001040500035000,12/8/2025 21:24,1,8,0
UNC,989.002028176996000,12/8/2025 21:23,1,2,0
UNC,989.002028176996000,12/8/2025 21:22,1,2,0
UNC,989.001040500035000,12/8/2025 21:22,1,8,0
UNC,989.001040500035000,12/8/2025 21:22,1,7,0
UNC,989.002028176996000,12/8/2025 21:21,1,2,0
UNC,989.001040500035000,12/8/2025 21:20,1,7,0
UNC,989.002028176996000,12/8/2025 21:20,1,2,0
UNC,989.001040500035000,12/8/2025 21:19,1,7,0
UNC,989.002028176996000,12/8/2025 21:19,1,2,0
UNC,989.001040500035000,12/8/2025 21:18,1,7,0
UNC,989.002028176996000,12/8/2025 21:18,1,2,0
UNC,989.002028176996000,12/8/2025 21:16,1,2,0
UNC,989.001040500035000,12/8/2025 21:16,1,7,0
UNC,989.002028176996000,12/8/2025 21:15,1,2,0
UNC,989.002028176996000,12/8/2025 21:14,1,2,0
UNC,989.001040500035000,12/8/2025 21:14,1,6,0
UNC,989.002028176996000,12/8/2025 21:13,1,2,0
UNC,989.001040500035000,12/8/2025 21:13,1,6,0
UNC,989.002028176996000,12/8/2025 21:12,1,2,0
UNC,989.001040500035000,12/8/2025 21:12,1,6,0
UNC,989.001030620186000,12/8/2025 21:12,1,8,0
UNC,989.001040500035000,12/8/2025 21:11,1,6,0
UNC,989.002028176996000,12/8/2025 21:11,1,2,0
UNC,989.002028176996000,12/8/2025 21:10,1,2,0
UNC,989.001030620668000,12/8/2025 21:09,1,9,0
UNC,989.002028176996000,12/8/2025 21:08,1,2,0
UNC,989.001030620668000,12/8/2025 21:08,1,8,0
UNC,989.002028176996000,12/8/2025 21:07,1,2,0
UNC,989.001030620668000,12/8/2025 21:07,1,9,0
UNC,989.001030620186000,12/8/2025 21:06,1,9,0
UNC,989.002028176996000,12/8/2025 21:06,1,2,0
UNC,989.002028176996000,12/8/2025 21:05,1,2,0
UNC,989.002028176996000,12/8/2025 21:03,1,2,0
UNC,989.001040500035000,12/8/2025 21:02,1,6,0
UNC,989.002028176996000,12/8/2025 21:02,1,2,0
UNC,989.002028176996000,12/8/2025 21:02,1,3,0
UNC,989.001040500035000,12/8/2025 21:01,1,6,0
UNC,989.001040500035000,12/8/2025 21:00,1,7,0
UNC,989.001040500035000,12/8/2025 20:59,1,7,0
UNC,989.001040500035000,12/8/2025 20:58,1,7,0
UNC,989.001040500035000,12/8/2025 20:57,1,7,0
UNC,989.001040500035000,12/8/2025 20:56,1,7,0
UNC,989.001040500035000,12/8/2025 20:55,1,6,0
UNC,989.001040500035000,12/8/2025 20:54,1,6,0
UNC,989.001030620186000,12/8/2025 20:54,1,9,0
UNC,989.001040500035000,12/8/2025 20:53,1,6,0
UNC,989.001030620186000,12/8/2025 20:53,1,9,0
UNC,989.001040500035000,12/8/2025 20:52,1,6,0
UNC,989.001040500035000,12/8/2025 20:51,1,6,0
UNC,989.001040500035000,12/8/2025 20:50,1,6,0
UNC,989.001040500035000,12/8/2025 20:49,1,6,0
UNC,989.001040500035000,12/8/2025 20:49,1,7,0
UNC,989.001040500035000,12/8/2025 20:48,1,7,0
UNC,989.001040500035000,12/8/2025 20:45,1,7,0
UNC,989.001040500035000,12/8/2025 20:44,1,7,0
UNC,989.001040500035000,12/8/2025 20:43,1,7,0
UNC,989.001040500035000,12/8/2025 20:42,1,7,0
UNC,989.001040500035000,12/8/2025 20:41,1,7,0
UNC,989.001030620186000,12/8/2025 20:40,1,8,0
UNC,989.001040500035000,12/8/2025 20:39,1,8,0
UNC,989.001030620186000,12/8/2025 20:39,1,8,0
UNC,989.002028176996000,12/8/2025 20:38,1,3,0
UNC,989.002028176996000,12/8/2025 20:37,1,3,0
UNC,989.001040500035000,12/8/2025 20:30,1,8,0
UNC,989.001040500035000,12/8/2025 20:28,1,8,0
UNC,989.001040500035000,12/8/2025 20:27,1,8,0
UNC,989.001040500035000,12/8/2025 20:25,1,8,0
UNC,989.002028176996000,12/8/2025 20:23,1,3,0
UNC,989.001040500035000,12/8/2025 20:16,1,8,0
UNC,989.001040500035000,12/8/2025 20:15,1,8,0
UNC,989.001040500035000,12/8/2025 20:13,1,8,0
UNC,989.001040500035000,12/8/2025 20:12,1,8,0
UNC,989.001040500035000,12/8/2025 20:09,1,8,0
UNC,989.001040500035000,12/8/2025 20:08,1,8,0
UNC,989.001040500035000,12/8/2025 20:07,1,8,0
UNC,989.001040500035000,12/8/2025 20:06,1,8,0
UNC,989.002028176996000,12/8/2025 20:06,1,3,0
UNC,989.001040500035000,12/8/2025 20:05,1,8,0
UNC,989.001040500035000,12/8/2025 20:04,1,8,0
UNC,989.001040500035000,12/8/2025 20:03,1,8,0
UNC,989.001040500035000,12/8/2025 20:02,1,8,0
UNC,989.001040500035000,12/8/2025 20:01,1,8,0
UNC,989.001040500035000,12/8/2025 20:00,1,8,0
UNC,989.001040500035000,12/8/2025 19:58,1,8,0
UNC,989.001040500035000,12/8/2025 19:57,1,8,0
UNC,989.001040500035000,12/8/2025 19:56,1,8,0
UNC,989.001040500035000,12/8/2025 19:55,1,8,0
UNC,989.001040500035000,12/8/2025 19:54,1,8,0
UNC,989.001040500035000,12/8/2025 19:52,1,8,0
UNC,989.001040500035000,12/8/2025 19:51,1,8,0
UNC,989.002028176996000,12/8/2025 19:50,1,3,0
UNC,989.001040500035000,12/8/2025 19:49,1,8,0
UNC,989.001040500035000,12/8/2025 19:48,1,8,0
UNC,989.001040500035000,12/8/2025 19:46,1,8,0
UNC,989.001040500035000,12/8/2025 19:45,1,8,0
UNC,989.001040500035000,12/8/2025 19:44,1,8,0
UNC,989.001040500035000,12/8/2025 19:43,1,8,0
UNC,989.001040500035000,12/8/2025 19:42,1,8,0
UNC,989.001040500035000,12/8/2025 19:41,1,8,0
UNC,989.002028176996000,12/8/2025 19:39,1,3,0
UNC,989.001040500035000,12/8/2025 19:39,1,8,0
UNC,989.001040500035000,12/8/2025 19:38,1,8,0
UNC,989.002028176996000,12/8/2025 19:37,1,3,0
UNC,989.001040500035000,12/8/2025 19:37,1,8,0
UNC,989.002028176996000,12/8/2025 19:35,1,3,0
UNC,989.002028176996000,12/8/2025 19:32,1,3,0
UNC,989.001030620186000,12/8/2025 19:30,1,9,0
UNC,989.002028176996000,12/8/2025 19:16,1,3,0
UNC,989.002028176996000,12/8/2025 18:55,1,3,0
UNC,989.001040500035000,12/8/2025 18:36,1,8,0
UNC,989.001040500035000,12/8/2025 18:35,1,8,0
UNC,989.001040500035000,12/8/2025 18:33,1,8,0
UNC,989.001040500035000,12/8/2025 18:32,1,8,0
UNC,989.001040500035000,12/8/2025 18:31,1,8,0
UNC,989.001040500035000,12/8/2025 18:30,1,8,0
UNC,989.001040500035000,12/8/2025 18:28,1,8,0
UNC,989.001040500035000,12/8/2025 18:27,1,8,0
UNC,989.001040500035000,12/8/2025 18:26,1,8,0
UNC,989.001040500035000,12/8/2025 18:25,1,8,0
UNC,989.001040500035000,12/8/2025 18:24,1,8,0
UNC,989.001040500035000,12/8/2025 18:23,1,8,0
UNC,989.001040500035000,12/8/2025 18:22,1,8,0
UNC,989.001040500035000,12/8/2025 18:21,1,8,0
UNC,989.001040500035000,12/8/2025 18:21,1,7,0
UNC,989.001040500035000,12/8/2025 18:07,1,6,0
UNC,989.001040500035000,12/8/2025 18:05,1,6,0
UNC,989.001040500035000,12/8/2025 18:04,1,6,0
UNC,989.001040500035000,12/8/2025 18:03,1,6,0
UNC,989.001040500035000,12/8/2025 18:02,1,6,0
UNC,989.001040500035000,12/8/2025 17:35,1,6,0
UNC,989.001040500035000,12/8/2025 17:34,1,7,0
UNC,989.001040500035000,12/8/2025 17:30,1,7,0
UNC,989.001040500035000,12/8/2025 17:28,1,7,0
UNC,989.001040500035000,12/8/2025 17:26,1,6,0
UNC,989.001040500035000,12/8/2025 17:25,1,6,0
UNC,989.001040500035000,12/8/2025 17:24,1,6,0
UNC,989.001040500035000,12/8/2025 17:23,1,6,0
UNC,989.001040500035000,12/8/2025 17:22,1,6,0
UNC,989.001040500035000,12/8/2025 17:21,1,6,0
UNC,989.001040500035000,12/8/2025 17:21,1,7,0
UNC,989.001040500035000,12/8/2025 17:20,1,7,0
UNC,989.001040500035000,12/8/2025 17:19,1,7,0
UNC,989.001040500035000,12/8/2025 17:18,1,7,0
UNC,989.001040500035000,12/8/2025 17:16,1,7,0
UNC,989.001040500035000,12/8/2025 17:13,1,2,0
UNC,989.001040500035000,12/8/2025 17:12,1,2,0
UNC,989.001040500035000,12/8/2025 17:11,1,2,0
UNC,989.001040500035000,12/8/2025 17:03,1,2,0
UNC,989.001040500035000,12/8/2025 17:02,1,2,0
UNC,989.001040500035000,12/8/2025 17:01,1,2,0
UNC,989.001040500035000,12/8/2025 17:00,1,2,0
UNC,989.001040500035000,12/8/2025 16:54,1,6,0
UNC,989.001040500035000,12/8/2025 16:52,1,6,0
UNC,989.002028176996000,12/8/2025 16:12,1,3,0
UNC,989.002028176996000,12/8/2025 16:12,1,2,0
UNC,989.002028176996000,12/8/2025 16:11,1,2,0
UNC,989.002028176996000,12/8/2025 16:10,1,2,0
UNC,989.002028176996000,12/8/2025 16:09,1,2,0
UNC,989.002028176996000,12/8/2025 16:07,1,2,0
UNC,989.002028176996000,12/8/2025 16:05,1,3,0
UNC,989.002028176996000,12/8/2025 15:48,1,3,0
UNC,989.002028176996000,12/8/2025 15:47,1,2,0
UNC,989.002028176996000,12/8/2025 15:46,1,2,0
UNC,989.002028176996000,12/8/2025 15:45,1,2,0
UNC,989.002028176996000,12/8/2025 15:44,1,3,0
UNC,989.002028176996000,12/8/2025 15:41,1,3,0
UNC,989.002028176996000,12/8/2025 15:28,1,2,0
UNC,989.002028176996000,12/8/2025 15:28,1,3,0
UNC,989.002028176996000,12/8/2025 15:24,1,3,0
UNC,989.002028176996000,12/8/2025 15:16,1,3,0
UNC,989.002028176996000,12/8/2025 15:14,1,3,0
UNC,989.002028176996000,12/8/2025 15:13,1,2,0
UNC,989.002028176996000,12/8/2025 15:12,1,3,0
UNC,989.002028176996000,12/8/2025 15:12,1,2,0
UNC,989.002028176695000,12/8/2025 7:23,1,6,0
UNC,989.002028176695000,12/8/2025 7:22,1,6,0
UNC,989.002028176695000,12/8/2025 7:21,1,6,0
UNC,989.002028176996000,12/8/2025 7:21,1,3,0
UNC,989.002028176695000,12/8/2025 7:20,1,6,0
UNC,989.002028176695000,12/8/2025 7:19,1,6,0
UNC,989.002028176695000,12/8/2025 7:19,1,7,0
UNC,989.002028176695000,12/8/2025 7:18,1,7,0
UNC,989.002028176695000,12/8/2025 7:17,1,7,0
UNC,989.002028176996000,12/8/2025 7:15,1,3,0
UNC,989.002028176695000,12/8/2025 7:14,1,6,0
UNC,989.002028176695000,12/8/2025 7:13,1,6,0
UNC,989.002028176695000,12/8/2025 7:12,1,6,0
UNC,989.002028176695000,12/8/2025 7:11,1,6,0
UNC,989.002028176695000,12/8/2025 7:10,1,6,0
UNC,989.002028176695000,12/8/2025 7:09,1,7,0
UNC,989.002028176996000,12/8/2025 7:09,1,3,0
UNC,989.002028176695000,12/8/2025 7:08,1,7,0
UNC,989.001030620667000,12/8/2025 7:08,1,1,0
UNC,989.002028176695000,12/8/2025 7:07,1,7,0
UNC,989.002028176695000,12/8/2025 7:06,1,6,0
UNC,989.002028176695000,12/8/2025 7:05,1,6,0
UNC,989.002028176695000,12/8/2025 7:04,1,6,0
UNC,989.002028176695000,12/8/2025 7:03,1,6,0
UNC,989.002028176695000,12/8/2025 7:02,1,7,0
UNC,989.002028176695000,12/8/2025 7:00,1,6,0
UNC,989.002028176695000,12/8/2025 7:00,1,7,0
UNC,989.002028176695000,12/8/2025 6:59,1,6,0
UNC,989.001040500035000,12/8/2025 6:55,1,7,0
UNC,989.001040500035000,12/8/2025 6:54,1,7,0
UNC,989.001040500035000,12/8/2025 6:52,1,7,0
UNC,989.001040500035000,12/8/2025 6:51,1,7,0
UNC,989.001040500035000,12/8/2025 6:50,1,7,0
UNC,989.001040500035000,12/8/2025 6:49,1,7,0
UNC,989.001040500035000,12/8/2025 6:48,1,7,0
UNC,989.001040500035000,12/8/2025 6:47,1,7,0
UNC,989.001040500035000,12/8/2025 6:45,1,7,0
UNC,989.001040500035000,12/8/2025 6:34,1,6,0
UNC,989.001040500035000,12/8/2025 6:33,1,6,0
UNC,989.001040500035000,12/8/2025 6:32,1,6,0
UNC,989.001040500035000,12/8/2025 6:31,1,6,0
UNC,989.001040500035000,12/8/2025 6:30,1,7,0
UNC,989.001040500035000,12/8/2025 6:29,1,7,0
UNC,989.001040500035000,12/8/2025 6:23,1,7,0
UNC,989.001040500035000,12/8/2025 6:22,1,7,0
UNC,989.001040500035000,12/8/2025 6:21,1,7,0
UNC,989.001040500035000,12/8/2025 6:20,1,7,0
UNC,989.001040500035000,12/8/2025 6:19,1,7,0
UNC,989.001040500035000,12/8/2025 6:09,1,6,0
UNC,989.001040500035000,12/8/2025 6:08,1,6,0
UNC,989.001040500035000,12/8/2025 6:04,1,7,0
UNC,989.001040500035000,12/8/2025 6:03,1,7,0
UNC,989.001040500035000,12/8/2025 6:02,1,7,0
UNC,989.001040500035000,12/8/2025 6:01,1,7,0
UNC,989.001040500035000,12/8/2025 5:58,1,7,0
UNC,989.001040500035000,12/8/2025 5:57,1,7,0
UNC,989.001040500035000,12/8/2025 5:56,1,7,0
UNC,989.001040500035000,12/8/2025 5:55,1,7,0
UNC,989.001040500035000,12/8/2025 5:54,1,6,0
UNC,989.001040500035000,12/8/2025 5:53,1,6,0
UNC,989.001040500035000,12/8/2025 5:52,1,6,0
UNC,989.001040500035000,12/8/2025 5:51,1,6,0
UNC,989.001040500035000,12/8/2025 5:50,1,6,0
UNC,989.001040500035000,12/8/2025 5:49,1,6,0
UNC,989.001040500035000,12/8/2025 5:48,1,6,0
UNC,989.001040500035000,12/8/2025 5:47,1,6,0
UNC,989.001040500035000,12/8/2025 5:45,1,7,0
UNC,989.001040500035000,12/8/2025 5:33,1,7,0
UNC,989.001040500035000,12/8/2025 5:32,1,7,0
UNC,989.001040500035000,12/8/2025 5:31,1,7,0
UNC,989.001040500035000,12/8/2025 5:30,1,7,0
UNC,989.001040500035000,12/8/2025 5:15,1,7,0
UNC,989.001040500035000,12/8/2025 5:14,1,7,0
UNC,989.001040500035000,12/8/2025 5:13,1,6,0
UNC,989.001040500035000,12/8/2025 5:13,1,7,0
UNC,989.001040500035000,12/8/2025 5:12,1,6,0
UNC,989.001040500035000,12/8/2025 5:11,1,6,0
UNC,989.001040500035000,12/8/2025 5:10,1,6,0
UNC,989.001040500035000,12/8/2025 5:08,1,6,0
UNC,989.001040500035000,12/8/2025 5:07,1,6,0
UNC,989.001040500035000,12/8/2025 5:06,1,6,0
UNC,989.001040500035000,12/8/2025 5:04,1,7,0
UNC,989.001040500035000,12/8/2025 5:04,1,6,0
UNC,989.001040500035000,12/8/2025 5:02,1,6,0
UNC,989.001040500035000,12/8/2025 5:01,1,6,0
UNC,989.001040500035000,12/8/2025 5:00,1,6,0
UNC,989.001040500035000,12/8/2025 4:59,1,6,0
UNC,989.001040500035000,12/8/2025 4:58,1,6,0
UNC,989.001040500035000,12/8/2025 4:57,1,6,0
UNC,989.001040500035000,12/8/2025 4:56,1,6,0
UNC,989.001040500035000,12/8/2025 4:55,1,6,0
UNC,989.001040500035000,12/8/2025 4:54,1,6,0
UNC,989.001040500035000,12/8/2025 4:53,1,7,0
UNC,989.001040500035000,12/8/2025 4:52,1,7,0
UNC,989.001040500035000,12/8/2025 4:51,1,7,0
UNC,989.001040500035000,12/8/2025 4:50,1,7,0
UNC,989.001040500035000,12/8/2025 4:49,1,7,0
UNC,989.001040500035000,12/8/2025 4:47,1,7,0
UNC,989.001040500035000,12/8/2025 4:46,1,7,0
UNC,989.001040500035000,12/8/2025 4:38,1,6,0
UNC,989.001040500035000,12/8/2025 4:37,1,6,0
UNC,989.001040500035000,12/8/2025 4:30,1,6,0
UNC,989.001040500035000,12/8/2025 4:29,1,6,0
UNC,989.001040500035000,12/8/2025 4:28,1,6,0
UNC,989.001040500035000,12/8/2025 4:27,1,7,0
UNC,989.002028176996000,12/8/2025 4:25,1,2,0
UNC,989.002028176996000,12/8/2025 4:24,1,2,0
UNC,989.001040500035000,12/8/2025 4:21,1,7,0
UNC,989.001040500035000,12/8/2025 4:19,1,7,0
UNC,989.001040500035000,12/8/2025 4:16,1,7,0
UNC,989.002028176996000,12/8/2025 4:16,1,2,0
UNC,989.001040500035000,12/8/2025 4:15,1,7,0
UNC,989.002028176996000,12/8/2025 4:14,1,2,0
UNC,989.001040500035000,12/8/2025 4:14,1,7,0
UNC,989.002028176996000,12/8/2025 4:10,1,2,0
UNC,989.002028176996000,12/8/2025 4:08,1,2,0
UNC,989.002028176996000,12/8/2025 4:07,1,2,0
UNC,989.002028176996000,12/8/2025 4:03,1,2,0
UNC,989.002028176996000,12/8/2025 4:02,1,2,0
UNC,989.002028176996000,12/8/2025 4:01,1,2,0
UNC,989.001040500035000,12/8/2025 3:58,1,7,0
UNC,989.002028176996000,12/8/2025 3:58,1,2,0
UNC,989.002028176996000,12/8/2025 3:57,1,2,0
UNC,989.001040500035000,12/8/2025 3:56,1,7,0
UNC,989.002028176996000,12/8/2025 3:55,1,2,0
UNC,989.001040500035000,12/8/2025 3:54,1,7,0
UNC,989.002028176996000,12/8/2025 3:54,1,2,0
UNC,989.001040500035000,12/8/2025 3:53,1,7,0
UNC,989.002028176996000,12/8/2025 3:53,1,2,0
UNC,989.001040500035000,12/8/2025 3:52,1,7,0
UNC,989.001040500035000,12/8/2025 3:51,1,7,0
UNC,989.001040500035000,12/8/2025 3:50,1,7,0
UNC,989.002028176996000,12/8/2025 3:49,1,2,0
UNC,989.001040500035000,12/8/2025 3:49,1,7,0
UNC,989.001040500035000,12/8/2025 3:48,1,7,0
UNC,989.001040500035000,12/8/2025 3:46,1,7,0
UNC,989.001040500035000,12/8/2025 3:45,1,7,0
UNC,989.001040500035000,12/8/2025 3:44,1,7,0
UNC,989.002028176996000,12/8/2025 3:43,1,2,0
UNC,989.001040500035000,12/8/2025 3:43,1,7,0
UNC,989.002028176996000,12/8/2025 3:42,1,2,0
UNC,989.001040500035000,12/8/2025 3:37,1,6,0
UNC,989.001040500035000,12/8/2025 3:36,1,6,0
UNC,989.001040500035000,12/8/2025 3:35,1,6,0
UNC,989.001040500035000,12/8/2025 3:34,1,6,0
UNC,989.001040500035000,12/8/2025 3:33,1,6,0
UNC,989.002028176996000,12/8/2025 3:33,1,2,0
UNC,989.001040500035000,12/8/2025 3:32,1,6,0
UNC,989.001040500035000,12/8/2025 3:31,1,6,0
UNC,989.001040500035000,12/8/2025 3:30,1,6,0
UNC,989.002028176996000,12/8/2025 3:30,1,2,0
UNC,989.001040500035000,12/8/2025 3:29,1,6,0
UNC,989.001040500035000,12/8/2025 3:28,1,6,0
UNC,989.001040500035000,12/8/2025 3:18,1,6,0
UNC,989.001040500035000,12/8/2025 3:17,1,6,0
UNC,989.001040500035000,12/8/2025 3:16,1,6,0
UNC,989.001040500035000,12/8/2025 3:15,1,6,0
UNC,989.001040500035000,12/8/2025 3:08,1,6,0
UNC,989.001040500035000,12/8/2025 3:07,1,6,0
UNC,989.002028176996000,12/8/2025 3:06,1,3,0
UNC,989.001040500035000,12/8/2025 3:06,1,6,0
UNC,989.001040500035000,12/8/2025 3:05,1,6,0
UNC,989.001040500035000,12/8/2025 3:04,1,6,0
UNC,989.001040500035000,12/8/2025 3:03,1,6,0
UNC,989.001040500035000,12/8/2025 3:02,1,6,0
UNC,989.001040500035000,12/8/2025 3:02,1,7,0
UNC,989.001040500035000,12/8/2025 3:01,1,7,0
UNC,989.001040500035000,12/8/2025 2:59,1,7,0
UNC,989.001040500035000,12/8/2025 2:58,1,7,0
UNC,989.001040500035000,12/8/2025 2:29,1,7,0
UNC,989.001040500035000,12/8/2025 2:28,1,7,0
UNC,989.001040500035000,12/8/2025 2:27,1,7,0
UNC,989.001040500035000,12/8/2025 2:24,1,7,0
UNC,989.001040500035000,12/8/2025 2:14,1,6,0
UNC,989.001040500035000,12/8/2025 2:13,1,6,0
UNC,989.001040500035000,12/8/2025 2:12,1,6,0
UNC,989.001040500035000,12/8/2025 2:11,1,7,0
UNC,989.001040500035000,12/8/2025 2:10,1,7,0
UNC,989.001040500035000,12/8/2025 2:01,1,7,0
UNC,989.001040500035000,12/8/2025 2:00,1,7,0
UNC,989.001040500035000,12/8/2025 1:59,1,7,0
UNC,989.001040500035000,12/8/2025 1:58,1,7,0
UNC,989.001040500035000,12/8/2025 1:56,1,7,0
UNC,989.001040500035000,12/8/2025 1:56,1,8,0
UNC,989.001040500035000,12/8/2025 1:55,1,8,0
UNC,989.001040500035000,12/8/2025 1:54,1,7,0
UNC,989.001040500035000,12/8/2025 1:53,1,7,0
UNC,989.001040500035000,12/8/2025 1:51,1,7,0
UNC,989.001040500035000,12/8/2025 1:50,1,7,0
UNC,989.001040500035000,12/8/2025 1:49,1,7,0
UNC,989.001040500035000,12/8/2025 1:48,1,7,0
UNC,989.001040500035000,12/8/2025 1:46,1,7,0
UNC,989.001040500035000,12/8/2025 1:45,1,7,0
UNC,989.001040500035000,12/8/2025 1:44,1,7,0
UNC,989.001040500035000,12/8/2025 1:43,1,7,0
UNC,989.001040500035000,12/8/2025 1:42,1,7,0
UNC,989.001040500035000,12/8/2025 1:41,1,7,0
UNC,989.001040500035000,12/8/2025 1:40,1,7,0
UNC,989.001040500035000,12/8/2025 1:39,1,7,0
UNC,989.001040500035000,12/8/2025 1:38,1,7,0
UNC,989.001040500035000,12/8/2025 1:20,1,6,0
UNC,989.001040500035000,12/8/2025 1:19,1,6,0
UNC,989.001040500035000,12/8/2025 1:18,1,6,0
UNC,989.001040500035000,12/8/2025 1:17,1,6,0
UNC,989.001040500035000,12/8/2025 1:16,1,6,0
UNC,989.001040500035000,12/8/2025 1:15,1,6,0
UNC,989.001040500035000,12/8/2025 1:14,1,7,0
UNC,989.001040500035000,12/8/2025 1:13,1,7,0
UNC,989.001040500035000,12/8/2025 1:12,1,7,0
UNC,989.001040500035000,12/8/2025 1:11,1,7,0
UNC,989.001040500035000,12/8/2025 1:10,1,7,0
UNC,989.001040500035000,12/8/2025 1:09,1,7,0
UNC,989.001040500035000,12/8/2025 1:08,1,7,0
UNC,989.001040500035000,12/8/2025 0:48,1,6,0
UNC,989.001040500035000,12/8/2025 0:47,1,6,0
UNC,989.001040500035000,12/8/2025 0:46,1,6,0
UNC,989.001040500035000,12/8/2025 0:45,1,6,0
UNC,989.001040500035000,12/8/2025 0:44,1,6,0
UNC,989.001040500035000,12/8/2025 0:43,1,7,0
UNC,989.001040500035000,12/8/2025 0:02,1,7,0
UNC,989.001040500035000,12/8/2025 0:01,1,7,0
UNC,989.001040500035000,12/7/2025 23:59,1,6,0
UNC,989.001040500035000,12/7/2025 23:58,1,6,0
UNC,989.001040500035000,12/7/2025 23:57,1,6,0
UNC,989.001040500035000,12/7/2025 23:56,1,6,0
UNC,989.001040500035000,12/7/2025 23:55,1,6,0
UNC,989.001040500035000,12/7/2025 23:53,1,6,0
UNC,989.001040500035000,12/7/2025 23:52,1,6,0
UNC,989.001040500035000,12/7/2025 23:51,1,6,0
UNC,989.001040500035000,12/7/2025 23:50,1,6,0
UNC,989.001040500035000,12/7/2025 23:49,1,6,0
UNC,989.001040500035000,12/7/2025 23:48,1,6,0
UNC,989.001040500035000,12/7/2025 23:46,1,6,0
UNC,989.001040500035000,12/7/2025 23:27,1,7,0
UNC,989.001040500035000,12/7/2025 23:26,1,7,0
UNC,989.001040500035000,12/7/2025 23:25,1,7,0
UNC,989.001040500035000,12/7/2025 23:24,1,7,0
UNC,989.001040500035000,12/7/2025 23:17,1,7,0
UNC,989.001040500035000,12/7/2025 23:16,1,7,0
UNC,989.001040500035000,12/7/2025 23:15,1,7,0
UNC,989.001040500035000,12/7/2025 22:59,1,6,0
UNC,989.001040500035000,12/7/2025 22:58,1,6,0
UNC,989.001040500035000,12/7/2025 22:57,1,6,0
UNC,989.001040500035000,12/7/2025 22:55,1,6,0
UNC,989.001040500035000,12/7/2025 22:41,1,7,0
UNC,989.001040500035000,12/7/2025 22:40,1,7,0
UNC,989.001040500035000,12/7/2025 22:38,1,7,0
UNC,989.001040500035000,12/7/2025 22:32,1,7,0
UNC,989.002028176996000,12/7/2025 21:59,1,2,0
UNC,989.002028176996000,12/7/2025 21:58,1,2,0
UNC,989.002028176996000,12/7/2025 21:56,1,2,0
UNC,989.002028176996000,12/7/2025 21:55,1,2,0
UNC,989.002028176996000,12/7/2025 21:54,1,2,0
UNC,989.002028176996000,12/7/2025 21:53,1,2,0
UNC,989.001040500035000,12/7/2025 21:52,1,6,0
UNC,989.002028176996000,12/7/2025 21:52,1,2,0
UNC,989.001040500035000,12/7/2025 21:51,1,6,0
UNC,989.002028176996000,12/7/2025 21:51,1,2,0
UNC,989.001040500035000,12/7/2025 21:50,1,6,0
UNC,989.002028176996000,12/7/2025 21:50,1,2,0
UNC,989.001040500035000,12/7/2025 21:49,1,6,0
UNC,989.001040500035000,12/7/2025 21:48,1,6,0
UNC,989.002028176996000,12/7/2025 21:46,1,2,0
UNC,989.001040500035000,12/7/2025 21:46,1,6,0
UNC,989.001040500035000,12/7/2025 21:45,1,6,0
UNC,989.002028176996000,12/7/2025 21:45,1,2,0
UNC,989.002028176996000,12/7/2025 21:44,1,2,0
UNC,989.001040500035000,12/7/2025 21:44,1,6,0
UNC,989.002028176996000,12/7/2025 21:43,1,2,0
UNC,989.002028176996000,12/7/2025 21:42,1,2,0
UNC,989.002028176996000,12/7/2025 21:41,1,2,0
UNC,989.001040500035000,12/7/2025 21:40,1,7,0
UNC,989.001040500035000,12/7/2025 21:39,1,7,0
UNC,989.001040500035000,12/7/2025 21:38,1,7,0
UNC,989.001040500035000,12/7/2025 21:37,1,7,0
UNC,989.001040500035000,12/7/2025 21:19,1,6,0
UNC,989.001040500035000,12/7/2025 21:18,1,6,0
UNC,989.001040500035000,12/7/2025 21:17,1,6,0
UNC,989.001040500035000,12/7/2025 21:16,1,6,0
UNC,989.001040500035000,12/7/2025 21:15,1,6,0
UNC,989.001040500035000,12/7/2025 21:14,1,6,0
UNC,989.001040500035000,12/7/2025 21:12,1,6,0
UNC,989.001040500035000,12/7/2025 21:11,1,6,0
UNC,989.001040500035000,12/7/2025 21:09,1,6,0
UNC,989.001040500035000,12/7/2025 21:08,1,6,0
UNC,989.001040500035000,12/7/2025 21:07,1,6,0
UNC,989.001040500035000,12/7/2025 21:06,1,6,0
UNC,989.001040500035000,12/7/2025 21:04,1,6,0
UNC,989.001040500035000,12/7/2025 21:03,1,6,0
UNC,989.001040500035000,12/7/2025 21:03,1,7,0
UNC,989.001040500035000,12/7/2025 21:02,1,6,0
UNC,989.001040500035000,12/7/2025 21:02,1,7,0
UNC,989.001040500035000,12/7/2025 21:01,1,7,0
UNC,989.001040500035000,12/7/2025 21:00,1,7,0
UNC,989.001040500035000,12/7/2025 20:56,1,7,0
UNC,989.002028176996000,12/7/2025 20:56,1,3,0
UNC,989.001040500035000,12/7/2025 20:54,1,7,0
UNC,989.001040500035000,12/7/2025 20:53,1,7,0
UNC,989.002028176996000,12/7/2025 20:52,1,3,0
UNC,989.001040500035000,12/7/2025 20:51,1,7,0
UNC,989.002028176996000,12/7/2025 20:51,1,3,0
UNC,989.001040500035000,12/7/2025 20:51,1,8,0
UNC,989.001040500035000,12/7/2025 20:49,1,8,0
UNC,989.001040500035000,12/7/2025 20:48,1,8,0
UNC,989.002028176996000,12/7/2025 20:47,1,3,0
UNC,989.001040500035000,12/7/2025 20:47,1,8,0
UNC,989.001040500035000,12/7/2025 20:46,1,8,0
UNC,989.001040500035000,12/7/2025 20:44,1,8,0
UNC,989.001040500035000,12/7/2025 20:43,1,8,0
UNC,989.001040500035000,12/7/2025 20:42,1,8,0
UNC,989.001040500035000,12/7/2025 20:41,1,8,0
UNC,989.001040500035000,12/7/2025 20:40,1,8,0
UNC,989.001040500035000,12/7/2025 20:39,1,8,0
UNC,989.001040500035000,12/7/2025 20:36,1,8,0
UNC,989.001040500035000,12/7/2025 20:33,1,8,0
UNC,989.001040500035000,12/7/2025 20:32,1,8,0
UNC,989.001040500035000,12/7/2025 20:30,1,8,0
UNC,989.001040500035000,12/7/2025 20:28,1,8,0
UNC,989.001040500035000,12/7/2025 20:27,1,8,0
UNC,989.001040500035000,12/7/2025 20:25,1,8,0
UNC,989.001040500035000,12/7/2025 20:24,1,8,0
UNC,989.002028176996000,12/7/2025 20:23,1,3,0
UNC,989.001040500035000,12/7/2025 20:20,1,8,0
UNC,989.001040500035000,12/7/2025 20:19,1,8,0
UNC,989.002028176996000,12/7/2025 20:19,1,3,0
UNC,989.002028176996000,12/7/2025 20:18,1,3,0
UNC,989.001040500035000,12/7/2025 20:18,1,8,0
UNC,989.002028176996000,12/7/2025 20:17,1,3,0
UNC,989.002028176996000,12/7/2025 20:15,1,3,0
UNC,989.002028176996000,12/7/2025 20:14,1,3,0
UNC,989.001040500035000,12/7/2025 20:14,1,8,0
UNC,989.002028176996000,12/7/2025 20:13,1,3,0
UNC,989.001040500035000,12/7/2025 20:13,1,8,0
UNC,989.002028176996000,12/7/2025 20:12,1,3,0
UNC,989.002028176996000,12/7/2025 20:11,1,3,0
UNC,989.001040500055000,12/7/2025 19:53,1,1,0
UNC,989.001040500055000,12/7/2025 19:48,1,6,0
UNC,989.001040500055000,12/7/2025 19:48,1,7,0
UNC,989.001040500055000,12/7/2025 19:47,1,6,0
UNC,989.002028176996000,12/7/2025 19:41,1,3,0
UNC,989.002028176996000,12/7/2025 19:32,1,3,0
UNC,989.002028176996000,12/7/2025 19:27,1,3,0
UNC,989.001040500035000,12/7/2025 19:16,1,8,0
UNC,989.001040500035000,12/7/2025 19:15,1,8,0
UNC,989.001040500035000,12/7/2025 19:14,1,8,0
UNC,989.001040500035000,12/7/2025 19:13,1,8,0
UNC,989.001040500035000,12/7/2025 19:12,1,8,0
UNC,989.001040500035000,12/7/2025 19:11,1,8,0
UNC,989.001040500035000,12/7/2025 19:10,1,8,0
UNC,989.001040500035000,12/7/2025 19:08,1,8,0
UNC,989.001040500035000,12/7/2025 19:07,1,8,0
UNC,989.001040500035000,12/7/2025 19:06,1,8,0
UNC,989.001040500055000,12/7/2025 19:05,1,6,0
UNC,989.001040500035000,12/7/2025 19:05,1,8,0
UNC,989.001040500035000,12/7/2025 19:04,1,8,0
UNC,989.001040500035000,12/7/2025 19:02,1,8,0
UNC,989.001040500035000,12/7/2025 19:01,1,8,0
UNC,989.001040500035000,12/7/2025 19:00,1,8,0
UNC,989.001040500035000,12/7/2025 18:58,1,8,0
UNC,989.001040500035000,12/7/2025 18:57,1,8,0
UNC,989.001040500055000,12/7/2025 18:57,1,8,0
UNC,989.001040500035000,12/7/2025 18:55,1,8,0
UNC,989.001040500035000,12/7/2025 18:53,1,8,0
UNC,989.001040500035000,12/7/2025 18:51,1,8,0
UNC,989.001040500035000,12/7/2025 18:50,1,8,0
UNC,989.001040500055000,12/7/2025 18:50,1,2,0
UNC,989.001040500035000,12/7/2025 18:49,1,8,0
UNC,989.001040500035000,12/7/2025 18:48,1,8,0
UNC,989.001040500035000,12/7/2025 18:47,1,8,0
UNC,989.001040500035000,12/7/2025 18:45,1,8,0
UNC,989.001040500035000,12/7/2025 18:44,1,8,0
UNC,989.001040500035000,12/7/2025 18:43,1,8,0
UNC,989.001040500035000,12/7/2025 18:42,1,8,0
UNC,989.001040500035000,12/7/2025 18:41,1,8,0
UNC,989.001040500035000,12/7/2025 18:40,1,8,0
UNC,989.001040500035000,12/7/2025 18:39,1,8,0
UNC,989.001040500035000,12/7/2025 18:38,1,8,0
UNC,989.001040500035000,12/7/2025 18:36,1,8,0
UNC,989.001040500035000,12/7/2025 18:35,1,8,0
UNC,989.001040500035000,12/7/2025 18:34,1,8,0
UNC,989.001040500035000,12/7/2025 18:33,1,8,0
UNC,989.001040500035000,12/7/2025 18:32,1,8,0
UNC,989.001040500035000,12/7/2025 18:30,1,8,0
UNC,989.001040500035000,12/7/2025 18:29,1,8,0
UNC,989.001040500035000,12/7/2025 18:28,1,8,0
UNC,989.001040500035000,12/7/2025 18:27,1,8,0
UNC,989.001040500035000,12/7/2025 18:26,1,8,0
UNC,989.001040500035000,12/7/2025 18:25,1,8,0
UNC,989.001040500035000,12/7/2025 18:24,1,8,0
UNC,989.001040500035000,12/7/2025 18:23,1,8,0
UNC,989.001040500035000,12/7/2025 18:20,1,7,0
UNC,989.001040500035000,12/7/2025 18:19,1,7,0
UNC,989.002028176996000,12/7/2025 18:13,1,3,0
UNC,989.001030620186000,12/7/2025 18:11,1,9,0
UNC,989.001030620186000,12/7/2025 18:03,1,9,0
UNC,989.001030620667000,12/7/2025 17:59,1,6,0
UNC,989.001040500035000,12/7/2025 17:55,1,7,0
UNC,989.001040500035000,12/7/2025 17:54,1,7,0
UNC,989.001040500035000,12/7/2025 17:52,1,7,0
UNC,989.001030620667000,12/7/2025 17:43,1,8,0
UNC,989.001030620667000,12/7/2025 17:40,1,8,0
UNC,989.001030620667000,12/7/2025 17:38,1,1,0
UNC,989.001040500035000,12/7/2025 17:30,1,7,0
UNC,989.001040500035000,12/7/2025 17:20,1,7,0
UNC,989.001040500035000,12/7/2025 17:19,1,7,0
UNC,989.001040500035000,12/7/2025 17:17,1,7,0
UNC,989.001040500035000,12/7/2025 17:16,1,7,0
UNC,989.001040500035000,12/7/2025 17:15,1,7,0
UNC,989.001040500035000,12/7/2025 17:13,1,7,0
UNC,989.001040500035000,12/7/2025 17:12,1,7,0
UNC,989.001040500035000,12/7/2025 17:11,1,6,0
UNC,989.001040500035000,12/7/2025 17:10,1,6,0
UNC,989.001040500035000,12/7/2025 17:09,1,6,0
UNC,989.001040500035000,12/7/2025 17:08,1,6,0
UNC,989.001040500035000,12/7/2025 17:07,1,6,0
UNC,989.001040500035000,12/7/2025 17:06,1,6,0
UNC,989.001040500035000,12/7/2025 17:05,1,6,0
UNC,989.001040500035000,12/7/2025 17:04,1,6,0
UNC,989.001040500035000,12/7/2025 17:03,1,7,0
UNC,989.001040500035000,12/7/2025 17:02,1,7,0
UNC,989.001040500035000,12/7/2025 17:01,1,7,0
UNC,989.001040500035000,12/7/2025 17:00,1,7,0
UNC,989.001040500035000,12/7/2025 16:59,1,7,0
UNC,989.001040500035000,12/7/2025 16:57,1,7,0
UNC,989.001040500035000,12/7/2025 16:56,1,7,0
UNC,989.001040500035000,12/7/2025 16:55,1,7,0
UNC,989.001040500035000,12/7/2025 16:54,1,7,0
UNC,989.001040500035000,12/7/2025 16:53,1,7,0
UNC,989.001040500035000,12/7/2025 16:52,1,6,0
UNC,989.001040500035000,12/7/2025 16:51,1,6,0
UNC,989.002028177122000,12/7/2025 16:32,1,7,0
UNC,989.002028176695000,12/7/2025 15:21,1,2,0
UNC,989.002028176695000,12/7/2025 15:20,1,2,0
UNC,989.002028176996000,12/7/2025 15:13,1,3,0
UNC,989.002028176996000,12/7/2025 15:12,1,3,0
UNC,989.001030620668000,12/7/2025 7:10,1,6,0
UNC,989.001030620667000,12/7/2025 7:06,1,1,0
UNC,989.001030620782000,12/7/2025 7:04,1,2,0
UNC,989.001030620782000,12/7/2025 7:01,1,7,0
UNC,989.001030620782000,12/7/2025 6:51,1,6,0
UNC,989.001040500035000,12/7/2025 6:45,1,6,0
UNC,989.001040500035000,12/7/2025 6:44,1,6,0
UNC,989.001030620668000,12/7/2025 6:44,1,7,0
UNC,989.001030620668000,12/7/2025 6:44,1,6,0
UNC,989.001040500035000,12/7/2025 6:43,1,6,0
UNC,989.001040500035000,12/7/2025 6:42,1,6,0
UNC,989.001040500035000,12/7/2025 6:41,1,6,0
UNC,989.001040500035000,12/7/2025 6:40,1,6,0
UNC,989.001040500035000,12/7/2025 6:38,1,6,0
UNC,989.001040500035000,12/7/2025 6:37,1,6,0
UNC,989.001040500035000,12/7/2025 6:25,1,6,0
UNC,989.001040500035000,12/7/2025 6:24,1,6,0
UNC,989.001040500035000,12/7/2025 6:23,1,6,0
UNC,989.001040500035000,12/7/2025 6:22,1,6,0
UNC,989.001040500035000,12/7/2025 6:21,1,6,0
UNC,989.001040500035000,12/7/2025 6:11,1,6,0
UNC,989.001040500035000,12/7/2025 6:10,1,6,0
UNC,989.001040500035000,12/7/2025 6:09,1,7,0
UNC,989.001040500035000,12/7/2025 6:08,1,7,0
UNC,989.001040500035000,12/7/2025 6:07,1,7,0
UNC,989.001040500035000,12/7/2025 6:06,1,7,0
UNC,989.001040500035000,12/7/2025 6:05,1,7,0
UNC,989.001040500035000,12/7/2025 6:03,1,7,0
UNC,989.001040500035000,12/7/2025 6:02,1,7,0
UNC,989.001040500035000,12/7/2025 6:01,1,7,0
UNC,989.001040500035000,12/7/2025 6:00,1,7,0
UNC,989.001040500035000,12/7/2025 5:59,1,7,0
UNC,989.001040500035000,12/7/2025 5:58,1,7,0
UNC,989.001040500035000,12/7/2025 5:57,1,7,0
UNC,989.001040500035000,12/7/2025 5:57,1,6,0
UNC,989.001040500035000,12/7/2025 5:56,1,6,0
UNC,989.001040500035000,12/7/2025 5:55,1,6,0
UNC,989.001040500035000,12/7/2025 5:54,1,6,0
UNC,989.001040500035000,12/7/2025 5:43,1,6,0
UNC,989.001040500035000,12/7/2025 5:42,1,6,0
UNC,989.001040500035000,12/7/2025 5:23,1,7,0
UNC,989.001040500035000,12/7/2025 5:21,1,7,0
UNC,989.001040500035000,12/7/2025 5:21,1,6,0
UNC,989.001040500035000,12/7/2025 5:20,1,6,0
UNC,989.001040500035000,12/7/2025 5:19,1,6,0
UNC,989.001040500035000,12/7/2025 5:18,1,6,0
UNC,989.001040500035000,12/7/2025 5:17,1,6,0
UNC,989.001040500035000,12/7/2025 5:16,1,6,0
UNC,989.001040500035000,12/7/2025 5:15,1,6,0
UNC,989.001040500035000,12/7/2025 5:14,1,6,0
UNC,989.001040500035000,12/7/2025 5:13,1,6,0
UNC,989.001040500035000,12/7/2025 5:09,1,6,0
UNC,989.001040500035000,12/7/2025 5:08,1,6,0
UNC,989.001040500035000,12/7/2025 5:07,1,6,0
UNC,989.001040500035000,12/7/2025 5:06,1,7,0
UNC,989.001040500035000,12/7/2025 5:05,1,7,0
UNC,989.001040500035000,12/7/2025 5:04,1,7,0
UNC,989.001040500035000,12/7/2025 5:03,1,7,0
UNC,989.001040500035000,12/7/2025 5:02,1,7,0
UNC,989.001040500035000,12/7/2025 4:58,1,7,0
UNC,989.001040500035000,12/7/2025 4:57,1,7,0
UNC,989.001040500035000,12/7/2025 4:56,1,7,0
UNC,989.001040500035000,12/7/2025 4:55,1,7,0
UNC,989.001040500035000,12/7/2025 4:54,1,7,0
UNC,989.001040500035000,12/7/2025 4:53,1,7,0
UNC,989.001040500035000,12/7/2025 4:51,1,7,0
UNC,989.001040500035000,12/7/2025 4:50,1,7,0
UNC,989.001040500035000,12/7/2025 4:49,1,7,0
UNC,989.001040500035000,12/7/2025 4:47,1,7,0
UNC,989.001040500035000,12/7/2025 4:38,1,7,0
UNC,989.001040500035000,12/7/2025 4:37,1,6,0
UNC,989.001040500035000,12/7/2025 4:36,1,6,0
UNC,989.001040500035000,12/7/2025 4:35,1,6,0
UNC,989.001040500035000,12/7/2025 4:34,1,6,0
UNC,989.001040500035000,12/7/2025 4:33,1,6,0
UNC,989.001040500035000,12/7/2025 4:32,1,6,0
UNC,989.001040500035000,12/7/2025 4:30,1,6,0
UNC,989.001040500035000,12/7/2025 4:29,1,6,0
UNC,989.001040500035000,12/7/2025 4:28,1,6,0
UNC,989.001040500035000,12/7/2025 4:27,1,6,0
UNC,989.001040500035000,12/7/2025 4:26,1,6,0
UNC,989.001040500035000,12/7/2025 4:25,1,6,0
UNC,989.001040500035000,12/7/2025 4:24,1,6,0
UNC,989.001040500035000,12/7/2025 4:23,1,6,0
UNC,989.001040500035000,12/7/2025 4:22,1,6,0
UNC,989.001040500035000,12/7/2025 4:21,1,6,0
UNC,989.001040500035000,12/7/2025 4:20,1,6,0
UNC,989.001040500035000,12/7/2025 4:13,1,7,0
UNC,989.001040500035000,12/7/2025 4:11,1,7,0
UNC,989.001040500035000,12/7/2025 4:10,1,7,0
UNC,989.001040500035000,12/7/2025 4:09,1,7,0
UNC,989.001040500035000,12/7/2025 4:04,1,7,0
UNC,989.001040500035000,12/7/2025 4:03,1,7,0
UNC,989.001040500035000,12/7/2025 3:49,1,7,0
UNC,989.001040500035000,12/7/2025 3:48,1,7,0
UNC,989.001040500035000,12/7/2025 3:47,1,7,0
UNC,989.001040500035000,12/7/2025 3:46,1,7,0
UNC,989.001040500035000,12/7/2025 3:45,1,7,0
UNC,989.001040500035000,12/7/2025 3:43,1,7,0
UNC,989.001040500035000,12/7/2025 3:42,1,7,0
UNC,989.001040500035000,12/7/2025 3:41,1,7,0
UNC,989.001040500035000,12/7/2025 3:40,1,7,0
UNC,989.001040500035000,12/7/2025 3:38,1,7,0
UNC,989.001040500035000,12/7/2025 3:37,1,7,0
UNC,989.001040500035000,12/7/2025 3:35,1,7,0
UNC,989.001040500035000,12/7/2025 3:33,1,7,0
UNC,989.001040500035000,12/7/2025 3:32,1,7,0
UNC,989.001040500035000,12/7/2025 3:31,1,7,0
UNC,989.001040500035000,12/7/2025 3:29,1,7,0
UNC,989.001040500035000,12/7/2025 3:28,1,7,0
UNC,989.001040500035000,12/7/2025 3:27,1,7,0
UNC,989.001040500035000,12/7/2025 3:26,1,7,0
UNC,989.001040500035000,12/7/2025 3:25,1,7,0
UNC,989.001040500035000,12/7/2025 3:24,1,7,0
UNC,989.001040500035000,12/7/2025 3:22,1,7,0
UNC,989.001040500035000,12/7/2025 3:20,1,7,0
UNC,989.001040500035000,12/7/2025 3:19,1,7,0
UNC,989.001030620667000,12/7/2025 3:15,1,7,0
UNC,989.001040500035000,12/7/2025 3:15,1,7,0
UNC,989.001040500035000,12/7/2025 3:13,1,7,0
UNC,989.001040500035000,12/7/2025 3:12,1,7,0
UNC,989.001040500035000,12/7/2025 3:10,1,7,0
UNC,989.001040500035000,12/7/2025 3:08,1,7,0
UNC,989.001040500035000,12/7/2025 3:08,1,6,0
UNC,989.001040500035000,12/7/2025 3:07,1,6,0
UNC,989.001040500035000,12/7/2025 3:06,1,6,0
UNC,989.001040500035000,12/7/2025 2:50,1,6,0
UNC,989.001040500035000,12/7/2025 2:49,1,6,0
UNC,989.001040500035000,12/7/2025 2:48,1,6,0
UNC,989.001040500035000,12/7/2025 2:47,1,6,0
UNC,989.001040500035000,12/7/2025 2:46,1,6,0
UNC,989.001040500035000,12/7/2025 2:45,1,6,0
UNC,989.001040500035000,12/7/2025 2:44,1,6,0
UNC,989.001040500035000,12/7/2025 2:43,1,6,0
UNC,989.001040500035000,12/7/2025 2:42,1,6,0
UNC,989.001040500035000,12/7/2025 2:41,1,6,0
UNC,989.001040500035000,12/7/2025 2:40,1,7,0
UNC,989.001040500035000,12/7/2025 2:39,1,7,0
UNC,989.001040500035000,12/7/2025 2:38,1,7,0
UNC,989.001040500035000,12/7/2025 2:36,1,7,0
UNC,989.001040500035000,12/7/2025 2:13,1,6,0
UNC,989.001040500035000,12/7/2025 2:12,1,6,0
UNC,989.001040500035000,12/7/2025 2:11,1,6,0
UNC,989.001040500035000,12/7/2025 2:10,1,6,0
UNC,989.001040500035000,12/7/2025 2:09,1,6,0
UNC,989.001040500035000,12/7/2025 2:07,1,6,0
UNC,989.001040500035000,12/7/2025 2:06,1,6,0
UNC,989.001040500035000,12/7/2025 2:05,1,6,0
UNC,989.001040500035000,12/7/2025 2:04,1,6,0
UNC,989.001040500035000,12/7/2025 2:03,1,6,0
UNC,989.001040500035000,12/7/2025 2:02,1,6,0
UNC,989.001040500035000,12/7/2025 2:01,1,6,0
UNC,989.001040500035000,12/7/2025 2:00,1,6,0
UNC,989.001040500035000,12/7/2025 1:59,1,7,0
UNC,989.001040500035000,12/7/2025 1:43,1,7,0
UNC,989.001040500035000,12/7/2025 1:41,1,7,0
UNC,989.001040500035000,12/7/2025 1:40,1,6,0
UNC,989.001040500035000,12/7/2025 1:39,1,6,0
UNC,989.001040500035000,12/7/2025 1:38,1,6,0
UNC,989.001040500035000,12/7/2025 1:37,1,6,0
UNC,989.001040500035000,12/7/2025 1:36,1,6,0
UNC,989.001040500035000,12/7/2025 1:35,1,6,0
UNC,989.001040500035000,12/7/2025 1:34,1,6,0
UNC,989.001040500035000,12/7/2025 1:33,1,6,0
UNC,989.001040500035000,12/7/2025 1:32,1,6,0
UNC,989.001040500035000,12/7/2025 1:32,1,7,0
UNC,989.001040500035000,12/7/2025 1:31,1,6,0
UNC,989.001040500035000,12/7/2025 1:30,1,6,0
UNC,989.001040500035000,12/7/2025 1:29,1,6,0
UNC,989.001040500035000,12/7/2025 1:28,1,6,0
UNC,989.001040500035000,12/7/2025 1:27,1,6,0
UNC,989.001040500035000,12/7/2025 1:26,1,6,0
UNC,989.001040500035000,12/7/2025 1:24,1,7,0
UNC,989.001040500035000,12/7/2025 1:23,1,7,0
UNC,989.001040500035000,12/7/2025 1:21,1,7,0
UNC,989.001040500035000,12/7/2025 1:20,1,7,0
UNC,989.001040500035000,12/7/2025 1:19,1,7,0
UNC,989.001040500035000,12/7/2025 1:18,1,7,0
UNC,989.001040500035000,12/7/2025 1:16,1,7,0
UNC,989.001040500035000,12/7/2025 1:08,1,7,0
UNC,989.001040500035000,12/7/2025 1:07,1,7,0
UNC,989.001040500035000,12/7/2025 1:06,1,7,0
UNC,989.001040500035000,12/7/2025 1:04,1,7,0
UNC,989.001040500035000,12/7/2025 1:03,1,7,0
UNC,989.001040500035000,12/7/2025 1:01,1,7,0
UNC,989.001040500035000,12/7/2025 1:00,1,7,0
UNC,989.001040500035000,12/7/2025 0:55,1,7,0
UNC,989.001040500035000,12/7/2025 0:54,1,7,0
UNC,989.001040500035000,12/7/2025 0:52,1,7,0
UNC,989.001030620667000,12/7/2025 0:51,1,6,0
UNC,989.001040500035000,12/7/2025 0:51,1,7,0
UNC,989.001030620667000,12/7/2025 0:50,1,6,0
UNC,989.001040500035000,12/7/2025 0:50,1,7,0
UNC,989.001030620667000,12/7/2025 0:49,1,6,0
UNC,989.001040500035000,12/7/2025 0:49,1,7,0
UNC,989.001030620667000,12/7/2025 0:48,1,6,0
UNC,989.001040500035000,12/7/2025 0:48,1,7,0
UNC,989.001030620667000,12/7/2025 0:47,1,6,0
UNC,989.001040500035000,12/7/2025 0:47,1,7,0
UNC,989.001030620667000,12/7/2025 0:46,1,6,0
UNC,989.001040500035000,12/7/2025 0:46,1,7,0
UNC,989.001030620667000,12/7/2025 0:45,1,6,0
UNC,989.001040500035000,12/7/2025 0:45,1,7,0
UNC,989.001030620667000,12/7/2025 0:44,1,6,0
UNC,989.001040500035000,12/7/2025 0:44,1,7,0
UNC,989.001030620667000,12/7/2025 0:43,1,6,0
UNC,989.001040500035000,12/7/2025 0:42,1,7,0
UNC,989.001030620667000,12/7/2025 0:42,1,6,0
UNC,989.001030620667000,12/7/2025 0:41,1,6,0
UNC,989.001030620667000,12/7/2025 0:40,1,6,0
UNC,989.001040500035000,12/7/2025 0:39,1,7,0
UNC,989.001030620667000,12/7/2025 0:39,1,6,0
UNC,989.001040500035000,12/7/2025 0:38,1,7,0
UNC,989.001030620667000,12/7/2025 0:38,1,6,0
UNC,989.001040500035000,12/7/2025 0:37,1,7,0
UNC,989.001030620667000,12/7/2025 0:37,1,6,0
UNC,989.001030620667000,12/7/2025 0:36,1,6,0
UNC,989.001040500035000,12/7/2025 0:36,1,7,0
UNC,989.001030620667000,12/7/2025 0:35,1,6,0
UNC,989.001040500035000,12/7/2025 0:35,1,7,0
UNC,989.001040500035000,12/7/2025 0:34,1,6,0
UNC,989.001030620667000,12/7/2025 0:34,1,6,0
UNC,989.001040500035000,12/7/2025 0:33,1,6,0
UNC,989.001030620667000,12/7/2025 0:33,1,6,0
UNC,989.001040500035000,12/7/2025 0:32,1,6,0
UNC,989.001030620667000,12/7/2025 0:32,1,6,0
UNC,989.001040500035000,12/7/2025 0:31,1,6,0
UNC,989.001030620667000,12/7/2025 0:31,1,6,0
UNC,989.001040500035000,12/7/2025 0:30,1,6,0
UNC,989.001030620667000,12/7/2025 0:30,1,6,0
UNC,989.001030620667000,12/7/2025 0:29,1,6,0
UNC,989.001040500035000,12/7/2025 0:29,1,6,0
UNC,989.001030620667000,12/7/2025 0:28,1,6,0
UNC,989.001030620667000,12/7/2025 0:27,1,6,0
UNC,989.001040500035000,12/7/2025 0:26,1,7,0
UNC,989.001030620667000,12/7/2025 0:26,1,6,0
UNC,989.001040500035000,12/7/2025 0:25,1,7,0
UNC,989.001030620667000,12/7/2025 0:25,1,6,0
UNC,989.001040500035000,12/7/2025 0:24,1,7,0
UNC,989.001030620667000,12/7/2025 0:24,1,6,0
UNC,989.001040500035000,12/7/2025 0:23,1,7,0
UNC,989.001030620667000,12/7/2025 0:23,1,6,0
UNC,989.001030620667000,12/7/2025 0:22,1,6,0
UNC,989.001030620667000,12/7/2025 0:21,1,6,0
UNC,989.001030620667000,12/7/2025 0:20,1,6,0
UNC,989.001030620667000,12/7/2025 0:19,1,6,0
UNC,989.001030620667000,12/7/2025 0:18,1,6,0
UNC,989.001040500035000,12/7/2025 0:17,1,7,0
UNC,989.001030620667000,12/7/2025 0:15,1,6,0
UNC,989.001040500035000,12/7/2025 0:15,1,7,0
UNC,989.001030620667000,12/7/2025 0:13,1,6,0
UNC,989.001030620667000,12/7/2025 0:12,1,6,0
UNC,989.001030620667000,12/7/2025 0:10,1,6,0
UNC,989.001030620667000,12/7/2025 0:09,1,6,0
UNC,989.001030620667000,12/7/2025 0:07,1,6,0
UNC,989.001030620667000,12/7/2025 0:06,1,6,0
UNC,989.001030620667000,12/7/2025 0:05,1,6,0
UNC,989.001030620667000,12/7/2025 0:04,1,6,0
UNC,989.001030620667000,12/7/2025 0:03,1,6,0
UNC,989.001040500035000,12/6/2025 23:54,1,6,0
UNC,989.001040500035000,12/6/2025 23:53,1,6,0
UNC,989.001040500035000,12/6/2025 23:52,1,6,0
UNC,989.001040500035000,12/6/2025 23:51,1,6,0
UNC,989.001040500035000,12/6/2025 23:50,1,7,0
UNC,989.001040500035000,12/6/2025 23:49,1,7,0
UNC,989.001040500035000,12/6/2025 23:48,1,7,0
UNC,989.001040500035000,12/6/2025 23:47,1,7,0
UNC,989.001040500035000,12/6/2025 23:46,1,7,0
UNC,989.001040500035000,12/6/2025 23:35,1,6,0
UNC,989.001040500035000,12/6/2025 23:34,1,6,0
UNC,989.001040500035000,12/6/2025 23:33,1,6,0
UNC,989.001040500035000,12/6/2025 23:31,1,7,0
UNC,989.001040500035000,12/6/2025 23:30,1,6,0
UNC,989.001040500035000,12/6/2025 23:29,1,6,0
UNC,989.001040500035000,12/6/2025 23:28,1,6,0
UNC,989.001040500035000,12/6/2025 23:27,1,6,0
UNC,989.001040500035000,12/6/2025 23:26,1,6,0
UNC,989.001040500035000,12/6/2025 22:23,1,7,0
UNC,989.001040500035000,12/6/2025 22:21,1,7,0
UNC,989.001040500035000,12/6/2025 22:17,1,7,0
UNC,989.001040500035000,12/6/2025 20:39,1,7,0
UNC,989.001040500035000,12/6/2025 20:38,1,7,0
UNC,989.001040500035000,12/6/2025 20:37,1,7,0
UNC,989.001040500035000,12/6/2025 20:36,1,7,0
UNC,989.001040500035000,12/6/2025 20:35,1,7,0
UNC,989.001040500035000,12/6/2025 20:34,1,7,0
UNC,989.001040500035000,12/6/2025 20:33,1,7,0
UNC,989.001040500035000,12/6/2025 20:32,1,7,0
UNC,989.001040500035000,12/6/2025 20:31,1,7,0
UNC,989.001040500035000,12/6/2025 20:30,1,7,0
UNC,989.001040500035000,12/6/2025 20:29,1,7,0
UNC,989.001040500035000,12/6/2025 20:28,1,7,0
UNC,989.001040500035000,12/6/2025 20:27,1,7,0
UNC,989.001040500035000,12/6/2025 20:26,1,7,0
UNC,989.001040500035000,12/6/2025 20:25,1,7,0
UNC,989.001040500035000,12/6/2025 20:23,1,7,0
UNC,989.001040500035000,12/6/2025 20:20,1,7,0
UNC,989.001040500035000,12/6/2025 20:18,1,7,0
UNC,989.001040500035000,12/6/2025 20:17,1,7,0
UNC,989.001040500035000,12/6/2025 20:16,1,7,0
UNC,989.001040500035000,12/6/2025 20:15,1,7,0
UNC,989.001040500035000,12/6/2025 20:13,1,7,0
UNC,989.001040500035000,12/6/2025 20:09,1,7,0
UNC,989.001040500035000,12/6/2025 20:07,1,7,0
UNC,989.001040500035000,12/6/2025 20:06,1,7,0
UNC,989.001040500035000,12/6/2025 20:05,1,7,0
UNC,989.001040500035000,12/6/2025 20:04,1,7,0
UNC,989.001040500035000,12/6/2025 20:03,1,7,0
UNC,989.001040500035000,12/6/2025 20:02,1,7,0
UNC,989.001030621383000,12/6/2025 20:01,1,1,0
UNC,989.001040500035000,12/6/2025 20:01,1,7,0
UNC,989.001040500035000,12/6/2025 20:00,1,7,0
UNC,989.001040500035000,12/6/2025 19:59,1,7,0
UNC,989.001040500035000,12/6/2025 19:21,1,7,0
UNC,989.001040500035000,12/6/2025 19:19,1,7,0
UNC,989.001040500035000,12/6/2025 18:56,1,7,0
UNC,989.001040500035000,12/6/2025 18:54,1,7,0
UNC,989.001040500035000,12/6/2025 18:54,1,8,0
UNC,989.001040500035000,12/6/2025 18:41,1,8,0
UNC,989.001030620186000,12/6/2025 18:15,1,9,0
UNC,989.001030620667000,12/6/2025 18:06,1,7,0
UNC,989.001030620186000,12/6/2025 17:55,1,9,0
UNC,989.001030620186000,12/6/2025 17:54,1,9,0
UNC,989.001040500035000,12/6/2025 17:49,1,7,0
UNC,989.001040500035000,12/6/2025 17:33,1,7,0
UNC,989.001040500035000,12/6/2025 17:31,1,7,0
UNC,989.001040500035000,12/6/2025 17:29,1,7,0
UNC,989.001040500035000,12/6/2025 17:28,1,7,0
UNC,989.001040500035000,12/6/2025 17:27,1,7,0
UNC,989.001040500035000,12/6/2025 17:27,1,6,0
UNC,989.001040500035000,12/6/2025 17:26,1,6,0
UNC,989.001040500035000,12/6/2025 17:25,1,6,0
UNC,989.001040500035000,12/6/2025 17:24,1,6,0
UNC,989.001040500035000,12/6/2025 17:23,1,6,0
UNC,989.001040500035000,12/6/2025 17:22,1,6,0
UNC,989.001040500035000,12/6/2025 17:22,1,7,0
UNC,989.001040500035000,12/6/2025 17:21,1,7,0
UNC,989.001040500035000,12/6/2025 17:20,1,6,0
UNC,989.001040500035000,12/6/2025 17:19,1,6,0
UNC,989.001040500035000,12/6/2025 17:18,1,6,0
UNC,989.001030620667000,12/6/2025 17:15,1,1,0
UNC,989.002028176996000,12/6/2025 17:08,1,3,0
UNC,989.002028176996000,12/6/2025 16:55,1,2,0
UNC,989.002028176996000,12/6/2025 16:42,1,2,0
UNC,989.002028176996000,12/6/2025 16:35,1,2,0
UNC,989.002028176996000,12/6/2025 16:35,1,3,0
UNC,989.002028176996000,12/6/2025 16:33,1,3,0
UNC,989.002028176996000,12/6/2025 16:32,1,2,0
UNC,989.002028176996000,12/6/2025 16:31,1,2,0
UNC,989.002028176996000,12/6/2025 16:30,1,2,0
UNC,989.002028176996000,12/6/2025 16:29,1,2,0
UNC,989.002028176996000,12/6/2025 16:27,1,2,0
UNC,989.002028176996000,12/6/2025 16:26,1,2,0
UNC,989.002028176996000,12/6/2025 16:25,1,2,0
UNC,989.002028176996000,12/6/2025 16:24,1,2,0
UNC,989.002028176996000,12/6/2025 16:23,1,2,0
UNC,989.002028176996000,12/6/2025 16:22,1,2,0
UNC,989.002028176996000,12/6/2025 16:21,1,2,0
UNC,989.002028176996000,12/6/2025 16:20,1,2,0
UNC,989.002028176996000,12/6/2025 16:19,1,2,0
UNC,989.002028176996000,12/6/2025 16:17,1,2,0
UNC,989.002028176996000,12/6/2025 15:59,1,3,0
UNC,989.002028176996000,12/6/2025 15:58,1,3,0
UNC,989.002028176996000,12/6/2025 15:56,1,3,0
UNC,989.002028176996000,12/6/2025 15:55,1,3,0
UNC,989.002028176996000,12/6/2025 15:54,1,3,0
UNC,989.002028176996000,12/6/2025 15:54,1,2,0
UNC,989.002028176996000,12/6/2025 15:53,1,2,0
UNC,989.002028176996000,12/6/2025 15:52,1,2,0
UNC,989.002028176996000,12/6/2025 15:49,1,2,0
UNC,989.002028176996000,12/6/2025 15:48,1,2,0
UNC,989.002028176996000,12/6/2025 15:47,1,2,0
UNC,989.002028176996000,12/6/2025 15:46,1,2,0
UNC,989.002028176996000,12/6/2025 15:44,1,2,0
UNC,989.002028176996000,12/6/2025 15:43,1,2,0
UNC,989.002028176996000,12/6/2025 15:42,1,2,0
UNC,989.002028176695000,12/6/2025 7:43,1,2,0
UNC,989.002028176695000,12/6/2025 7:42,1,6,0
UNC,989.002028176695000,12/6/2025 7:41,1,6,0
UNC,989.002028176695000,12/6/2025 7:40,1,7,0
UNC,989.002028176695000,12/6/2025 7:37,1,7,0
UNC,989.002028176695000,12/6/2025 7:36,1,7,0
UNC,989.002028176695000,12/6/2025 7:36,1,6,0
UNC,989.002028176695000,12/6/2025 7:35,1,6,0
UNC,989.002028176695000,12/6/2025 7:34,1,6,0
UNC,989.002028176695000,12/6/2025 7:33,1,6,0
UNC,989.002028176695000,12/6/2025 7:32,1,7,0
UNC,989.002028176695000,12/6/2025 7:31,1,7,0
UNC,989.002028176695000,12/6/2025 7:30,1,7,0
UNC,989.002028176695000,12/6/2025 7:29,1,7,0
UNC,989.002028176695000,12/6/2025 7:28,1,7,0
UNC,989.002028176695000,12/6/2025 7:27,1,7,0
UNC,989.002028176695000,12/6/2025 7:26,1,7,0
UNC,989.002028176695000,12/6/2025 7:25,1,7,0
UNC,989.002028176695000,12/6/2025 7:24,1,6,0
UNC,989.002028176695000,12/6/2025 7:19,1,6,0
UNC,989.002028176695000,12/6/2025 7:18,1,6,0
UNC,989.002028176695000,12/6/2025 7:17,1,6,0
UNC,989.002028176695000,12/6/2025 7:16,1,6,0
UNC,989.002028176695000,12/6/2025 7:15,1,6,0
UNC,989.002028176695000,12/6/2025 7:14,1,6,0
UNC,989.002028176695000,12/6/2025 7:13,1,6,0
UNC,989.002028176695000,12/6/2025 7:12,1,6,0
UNC,989.002028176695000,12/6/2025 7:11,1,6,0
UNC,989.002028176695000,12/6/2025 7:10,1,6,0
UNC,989.002028176695000,12/6/2025 7:10,1,7,0
UNC,989.002028176695000,12/6/2025 7:09,1,7,0
UNC,989.002028176695000,12/6/2025 7:08,1,7,0
UNC,989.002028176695000,12/6/2025 7:06,1,6,0
UNC,989.002028176695000,12/6/2025 7:05,1,6,0
UNC,989.001030620667000,12/6/2025 7:05,1,2,0
UNC,989.002028176695000,12/6/2025 7:04,1,6,0
UNC,989.002028176695000,12/6/2025 7:04,1,7,0
UNC,989.002028176695000,12/6/2025 7:03,1,7,0
UNC,989.002028176695000,12/6/2025 7:00,1,6,0
UNC,989.002028176695000,12/6/2025 6:59,1,6,0
UNC,989.002028176695000,12/6/2025 6:58,1,6,0
UNC,989.002028176695000,12/6/2025 6:57,1,7,0
UNC,989.002028176695000,12/6/2025 6:56,1,7,0
UNC,989.002028176695000,12/6/2025 6:55,1,6,0
UNC,989.002028177122000,12/6/2025 6:55,1,2,0
UNC,989.002028176695000,12/6/2025 6:54,1,6,0
UNC,989.002028176695000,12/6/2025 6:53,1,7,0
UNC,989.002028176695000,12/6/2025 6:52,1,7,0
UNC,989.001030620667000,12/6/2025 6:52,1,9,0
UNC,989.001030620667000,12/6/2025 6:51,1,9,0
UNC,989.001030620667000,12/6/2025 6:50,1,9,0
UNC,989.001030620667000,12/6/2025 6:49,1,8,0
UNC,989.001040500035000,12/6/2025 6:37,1,6,0
UNC,989.001040500035000,12/6/2025 6:36,1,6,0
UNC,989.001040500035000,12/6/2025 6:35,1,6,0
UNC,989.001040500035000,12/6/2025 6:34,1,6,0
UNC,989.001040500035000,12/6/2025 6:33,1,6,0
UNC,989.002028177122000,12/6/2025 6:00,1,6,0
UNC,989.002028177122000,12/6/2025 5:59,1,1,0
UNC,989.002028176996000,12/6/2025 5:18,1,3,0
UNC,989.001040500035000,12/6/2025 5:06,1,6,0
UNC,989.001040500035000,12/6/2025 5:05,1,6,0
UNC,989.002028176996000,12/6/2025 5:04,1,2,0
UNC,989.001040500035000,12/6/2025 5:04,1,6,0
UNC,989.001040500035000,12/6/2025 5:03,1,6,0
UNC,989.002028176996000,12/6/2025 5:03,1,2,0
UNC,989.001040500035000,12/6/2025 5:02,1,6,0
UNC,989.001040500035000,12/6/2025 5:01,1,6,0
UNC,989.001040500035000,12/6/2025 5:00,1,6,0
UNC,989.001040500035000,12/6/2025 4:59,1,6,0
UNC,989.001040500035000,12/6/2025 4:57,1,6,0
UNC,989.001040500035000,12/6/2025 4:56,1,6,0
UNC,989.001040500035000,12/6/2025 4:55,1,6,0
UNC,989.001040500035000,12/6/2025 4:54,1,6,0
UNC,989.001040500035000,12/6/2025 4:53,1,6,0
UNC,989.001040500035000,12/6/2025 4:52,1,6,0
UNC,989.001030620667000,12/6/2025 4:52,1,7,0
UNC,989.001040500035000,12/6/2025 4:51,1,6,0
UNC,989.001040500035000,12/6/2025 4:50,1,6,0
UNC,989.001040500035000,12/6/2025 4:49,1,7,0
UNC,989.001030620667000,12/6/2025 4:48,1,6,0
UNC,989.001040500035000,12/6/2025 4:48,1,7,0
UNC,989.001040500035000,12/6/2025 4:47,1,7,0
UNC,989.001040500035000,12/6/2025 4:45,1,7,0
UNC,989.001040500035000,12/6/2025 4:44,1,7,0
UNC,989.001040500035000,12/6/2025 4:41,1,7,0
UNC,989.001040500035000,12/6/2025 4:40,1,7,0
UNC,989.001040500035000,12/6/2025 4:39,1,7,0
UNC,989.001040500035000,12/6/2025 4:38,1,7,0
UNC,989.001040500035000,12/6/2025 4:10,1,6,0
UNC,989.001040500035000,12/6/2025 4:09,1,6,0
UNC,989.001040500035000,12/6/2025 4:08,1,6,0
UNC,989.001040500035000,12/6/2025 4:07,1,6,0
UNC,989.001040500035000,12/6/2025 4:06,1,6,0
UNC,989.001040500035000,12/6/2025 4:05,1,6,0
UNC,989.001040500035000,12/6/2025 4:01,1,6,0
UNC,989.001040500035000,12/6/2025 4:00,1,6,0
UNC,989.001040500035000,12/6/2025 3:59,1,6,0
UNC,989.001040500035000,12/6/2025 3:57,1,6,0
UNC,989.001040500035000,12/6/2025 3:56,1,6,0
UNC,989.001040500035000,12/6/2025 3:55,1,6,0
UNC,989.001040500035000,12/6/2025 3:54,1,6,0
UNC,989.001040500035000,12/6/2025 3:53,1,6,0
UNC,989.001040500035000,12/6/2025 3:52,1,6,0
UNC,989.001040500035000,12/6/2025 3:51,1,6,0
UNC,989.001040500035000,12/6/2025 3:50,1,6,0
UNC,989.001040500035000,12/6/2025 3:49,1,6,0
UNC,989.001040500035000,12/6/2025 3:48,1,6,0
UNC,989.001040500035000,12/6/2025 3:47,1,6,0
UNC,989.001040500035000,12/6/2025 3:46,1,6,0
UNC,989.001040500035000,12/6/2025 3:45,1,6,0
UNC,989.001040500035000,12/6/2025 3:44,1,6,0
UNC,989.001040500035000,12/6/2025 3:43,1,6,0
UNC,989.001040500035000,12/6/2025 3:42,1,6,0
UNC,989.001030620186000,12/6/2025 3:41,1,7,0
UNC,989.001040500035000,12/6/2025 3:41,1,6,0
UNC,989.001040500035000,12/6/2025 3:39,1,6,0
UNC,989.001040500035000,12/6/2025 3:37,1,6,0
UNC,989.001040500035000,12/6/2025 3:36,1,6,0
UNC,989.001040500035000,12/6/2025 3:35,1,6,0
UNC,989.001040500035000,12/6/2025 3:19,1,6,0
UNC,989.001040500035000,12/6/2025 3:18,1,6,0
UNC,989.001040500035000,12/6/2025 3:17,1,6,0
UNC,989.001040500035000,12/6/2025 3:15,1,6,0
UNC,989.001040500035000,12/6/2025 3:14,1,6,0
UNC,989.001040500035000,12/6/2025 3:13,1,6,0
UNC,989.001040500035000,12/6/2025 3:12,1,7,0
UNC,989.001040500035000,12/6/2025 3:11,1,7,0
UNC,989.001040500035000,12/6/2025 3:10,1,7,0
UNC,989.001040500035000,12/6/2025 3:09,1,7,0
UNC,989.001040500035000,12/6/2025 3:08,1,7,0
UNC,989.001030620186000,12/6/2025 3:00,1,7,0
UNC,989.001030620186000,12/6/2025 3:00,1,8,0
UNC,989.001030620186000,12/6/2025 2:59,1,9,0
UNC,989.001030620186000,12/6/2025 2:57,1,9,0
UNC,989.001030620186000,12/6/2025 2:56,1,9,0
UNC,989.001030620186000,12/6/2025 2:52,1,9,0
UNC,989.001040500035000,12/6/2025 2:52,1,6,0
UNC,989.001040500035000,12/6/2025 2:51,1,6,0
UNC,989.001040500035000,12/6/2025 2:49,1,6,0
UNC,989.001040500035000,12/6/2025 2:48,1,6,0
UNC,989.001040500035000,12/6/2025 2:47,1,6,0
UNC,989.001040500035000,12/6/2025 2:46,1,6,0
UNC,989.001040500035000,12/6/2025 2:44,1,6,0
UNC,989.001040500035000,12/6/2025 2:43,1,6,0
UNC,989.001040500035000,12/6/2025 2:42,1,6,0
UNC,989.001040500035000,12/6/2025 2:41,1,6,0
UNC,989.001040500035000,12/6/2025 2:40,1,6,0
UNC,989.001030620668000,12/6/2025 2:07,1,7,0
UNC,989.001030620186000,12/6/2025 2:04,1,8,0
UNC,989.001030620186000,12/6/2025 1:55,1,8,0
UNC,989.001040500035000,12/6/2025 1:52,1,6,0
UNC,989.002028176859000,12/6/2025 1:51,1,7,0
UNC,989.001040500035000,12/6/2025 1:51,1,6,0
UNC,989.002028176859000,12/6/2025 1:51,1,2,0
UNC,989.001040500035000,12/6/2025 1:50,1,6,0
UNC,989.001040500035000,12/6/2025 1:49,1,6,0
UNC,989.001040500035000,12/6/2025 1:48,1,7,0
UNC,989.001040500035000,12/6/2025 1:44,1,7,0
UNC,989.001040500035000,12/6/2025 1:43,1,7,0
UNC,989.001040500035000,12/6/2025 1:42,1,7,0
UNC,989.001040500035000,12/6/2025 1:23,1,6,0
UNC,989.001040500035000,12/6/2025 1:22,1,7,0
UNC,989.001040500035000,12/6/2025 1:16,1,6,0
UNC,989.001040500035000,12/6/2025 1:15,1,6,0
UNC,989.001040500035000,12/6/2025 1:14,1,6,0
UNC,989.001040500035000,12/6/2025 1:13,1,6,0
UNC,989.001040500035000,12/6/2025 1:12,1,6,0
UNC,989.001040500035000,12/6/2025 1:11,1,6,0
UNC,989.001040500035000,12/6/2025 1:10,1,7,0
UNC,989.001040500035000,12/6/2025 1:09,1,7,0
UNC,989.001040500035000,12/6/2025 1:08,1,7,0
UNC,989.001040500035000,12/6/2025 1:07,1,7,0
UNC,989.001040500035000,12/6/2025 1:06,1,7,0
UNC,989.001040500035000,12/6/2025 1:05,1,7,0
UNC,989.001040500035000,12/6/2025 1:04,1,7,0
UNC,989.001040500035000,12/6/2025 1:02,1,7,0
UNC,989.001040500035000,12/6/2025 1:01,1,7,0
UNC,989.001040500035000,12/6/2025 1:01,1,6,0
UNC,989.001030620667000,12/6/2025 1:01,1,3,0
UNC,989.001040500035000,12/6/2025 1:00,1,6,0
UNC,989.001030620667000,12/6/2025 1:00,1,3,0
UNC,989.001040500035000,12/6/2025 0:59,1,6,0
UNC,989.001030620667000,12/6/2025 0:59,1,3,0
UNC,989.001040500035000,12/6/2025 0:58,1,6,0
UNC,989.001030620667000,12/6/2025 0:58,1,3,0
UNC,989.001040500035000,12/6/2025 0:57,1,6,0
UNC,989.001030620667000,12/6/2025 0:57,1,3,0
UNC,989.001040500035000,12/6/2025 0:55,1,6,0
UNC,989.001030620667000,12/6/2025 0:55,1,3,0
UNC,989.001040500035000,12/6/2025 0:54,1,6,0
UNC,989.001030620667000,12/6/2025 0:54,1,3,0
UNC,989.001040500035000,12/6/2025 0:53,1,6,0
UNC,989.001030620667000,12/6/2025 0:53,1,3,0
UNC,989.001040500035000,12/6/2025 0:52,1,6,0
UNC,989.001040500035000,12/6/2025 0:51,1,6,0
UNC,989.001030620667000,12/6/2025 0:51,1,3,0
UNC,989.001030620667000,12/6/2025 0:50,1,3,0
UNC,989.001030620667000,12/6/2025 0:48,1,3,0
UNC,989.001030620667000,12/6/2025 0:47,1,3,0
UNC,989.001030620667000,12/6/2025 0:46,1,3,0
UNC,989.001030620667000,12/6/2025 0:45,1,3,0
UNC,989.001030620667000,12/6/2025 0:44,1,3,0
UNC,989.001030620667000,12/6/2025 0:43,1,3,0
UNC,989.001030620667000,12/6/2025 0:41,1,3,0
UNC,989.001030620667000,12/6/2025 0:40,1,3,0
UNC,989.001030620667000,12/6/2025 0:39,1,3,0
UNC,989.001030620667000,12/6/2025 0:36,1,3,0
UNC,989.001030620667000,12/6/2025 0:35,1,3,0
UNC,989.001030620667000,12/6/2025 0:34,1,3,0
UNC,989.001030620667000,12/6/2025 0:33,1,3,0
UNC,989.001030620667000,12/6/2025 0:31,1,3,0
UNC,989.001030620667000,12/6/2025 0:30,1,3,0
UNC,989.001030620667000,12/6/2025 0:29,1,3,0
UNC,989.001030620667000,12/6/2025 0:27,1,3,0
UNC,989.001030620667000,12/6/2025 0:26,1,3,0
UNC,989.001030620667000,12/6/2025 0:25,1,3,0
UNC,989.001030620667000,12/6/2025 0:24,1,3,0
UNC,989.001040500035000,12/6/2025 0:24,1,7,0
UNC,989.001030620667000,12/6/2025 0:23,1,3,0
UNC,989.001030620667000,12/6/2025 0:13,1,1,0
UNC,989.001030620667000,12/5/2025 23:45,1,6,0
UNC,989.001030620667000,12/5/2025 23:44,1,6,0
UNC,989.001030620667000,12/5/2025 23:40,1,6,0
UNC,989.001030620667000,12/5/2025 23:39,1,6,0
UNC,989.001040499619000,12/5/2025 23:12,1,2,0
UNC,989.001040499619000,12/5/2025 23:10,1,6,0
UNC,989.001040499619000,12/5/2025 23:10,1,7,0
UNC,989.001040500035000,12/5/2025 22:57,1,7,0
UNC,989.001040500035000,12/5/2025 22:56,1,7,0
UNC,989.001040500035000,12/5/2025 22:54,1,7,0
UNC,989.001040500035000,12/5/2025 22:53,1,7,0
UNC,989.001040500035000,12/5/2025 22:52,1,7,0
UNC,989.001040500035000,12/5/2025 22:51,1,7,0
UNC,989.001040500035000,12/5/2025 22:51,1,6,0
UNC,989.001040500035000,12/5/2025 22:49,1,6,0
UNC,989.001040500035000,12/5/2025 22:48,1,6,0
UNC,989.001040500035000,12/5/2025 22:47,1,6,0
UNC,989.001040500035000,12/5/2025 22:46,1,6,0
UNC,989.001040500035000,12/5/2025 22:44,1,6,0
UNC,989.001040500035000,12/5/2025 22:43,1,6,0
UNC,989.001040500035000,12/5/2025 22:42,1,6,0
UNC,989.001040500035000,12/5/2025 22:41,1,6,0
UNC,989.001040500035000,12/5/2025 22:40,1,6,0
UNC,989.001040500035000,12/5/2025 22:38,1,6,0
UNC,989.001040500035000,12/5/2025 22:15,1,7,0
UNC,989.001040500035000,12/5/2025 22:12,1,7,0
UNC,989.001040500035000,12/5/2025 22:11,1,7,0
UNC,989.001030620667000,12/5/2025 21:42,1,6,0
UNC,989.001030620667000,12/5/2025 21:41,1,6,0
UNC,989.001030620667000,12/5/2025 21:40,1,6,0
UNC,989.001030620667000,12/5/2025 21:39,1,6,0
UNC,989.001030620667000,12/5/2025 21:09,1,6,0
UNC,989.001030620667000,12/5/2025 21:08,1,6,0
UNC,989.001030620667000,12/5/2025 21:07,1,6,0
UNC,989.001030620667000,12/5/2025 21:06,1,6,0
UNC,989.001040500035000,12/5/2025 21:05,1,6,0
UNC,989.001040500035000,12/5/2025 21:04,1,6,0
UNC,989.001040500035000,12/5/2025 21:02,1,6,0
UNC,989.001040500035000,12/5/2025 21:01,1,6,0
UNC,989.001040500035000,12/5/2025 21:00,1,6,0
UNC,989.001040500035000,12/5/2025 20:58,1,6,0
UNC,989.001040500035000,12/5/2025 20:57,1,6,0
UNC,989.001040500035000,12/5/2025 20:56,1,6,0
UNC,989.001040500035000,12/5/2025 20:55,1,6,0
UNC,989.001040500035000,12/5/2025 20:54,1,6,0
UNC,989.001040500035000,12/5/2025 20:52,1,7,0
UNC,989.001040500035000,12/5/2025 20:47,1,7,0
UNC,989.001040500035000,12/5/2025 20:46,1,7,0
UNC,989.001040500035000,12/5/2025 20:45,1,7,0
UNC,989.001040500035000,12/5/2025 20:44,1,6,0
UNC,989.001040500035000,12/5/2025 20:43,1,6,0
UNC,989.001040500035000,12/5/2025 20:42,1,6,0
UNC,989.001040500035000,12/5/2025 20:41,1,6,0
UNC,989.001040500035000,12/5/2025 20:39,1,6,0
UNC,989.001040500035000,12/5/2025 20:38,1,6,0
UNC,989.001040500035000,12/5/2025 20:37,1,6,0
UNC,989.001040500035000,12/5/2025 20:36,1,6,0
UNC,989.001040500035000,12/5/2025 20:34,1,7,0
UNC,989.001040500035000,12/5/2025 20:32,1,7,0
UNC,989.001030620667000,12/5/2025 20:28,1,6,0
UNC,989.001030620667000,12/5/2025 20:26,1,6,0
UNC,989.001030620667000,12/5/2025 20:20,1,6,0
UNC,989.001030620667000,12/5/2025 20:19,1,6,0
UNC,989.001030620667000,12/5/2025 20:18,1,6,0
UNC,989.001030620667000,12/5/2025 20:17,1,6,0
UNC,989.001030620667000,12/5/2025 20:16,1,6,0
UNC,989.001040500035000,12/5/2025 20:15,1,7,0
UNC,989.001030620667000,12/5/2025 20:15,1,6,0
UNC,989.001040500035000,12/5/2025 20:14,1,7,0
UNC,989.001030620667000,12/5/2025 20:14,1,6,0
UNC,989.001030620667000,12/5/2025 20:13,1,6,0
UNC,989.001030620667000,12/5/2025 20:12,1,6,0
UNC,989.001030620667000,12/5/2025 20:11,1,6,0
UNC,989.001040500035000,12/5/2025 20:10,1,7,0
UNC,989.001040500035000,12/5/2025 20:09,1,7,0
UNC,989.001040500035000,12/5/2025 20:08,1,7,0
UNC,989.001040500035000,12/5/2025 19:59,1,7,0
UNC,989.001030620186000,12/5/2025 19:18,1,8,0
UNC,989.001040500035000,12/5/2025 18:52,1,7,0
UNC,989.001040500035000,12/5/2025 18:51,1,7,0
UNC,989.001030620186000,12/5/2025 18:21,1,8,0
UNC,989.001030620667000,12/5/2025 18:12,1,6,0
UNC,989.001030620667000,12/5/2025 18:11,1,7,0
UNC,989.001030620186000,12/5/2025 18:03,1,9,0
UNC,989.001040500035000,12/5/2025 18:02,1,7,0
UNC,989.001040500035000,12/5/2025 18:00,1,7,0
UNC,989.001030620186000,12/5/2025 18:00,1,9,0
UNC,989.001030620667000,12/5/2025 17:50,1,9,0
UNC,989.001030620667000,12/5/2025 17:50,1,8,0
UNC,989.001040500035000,12/5/2025 17:29,1,6,0
UNC,989.001040500035000,12/5/2025 17:28,1,6,0
UNC,989.001040500035000,12/5/2025 17:26,1,6,0
UNC,989.001040500035000,12/5/2025 17:25,1,6,0
UNC,989.001040500035000,12/5/2025 17:24,1,6,0
UNC,989.001040500035000,12/5/2025 17:24,1,7,0
UNC,989.001040500035000,12/5/2025 17:23,1,7,0
UNC,989.001040500035000,12/5/2025 17:22,1,7,0
UNC,989.001040500035000,12/5/2025 17:21,1,7,0
UNC,989.001040500035000,12/5/2025 17:20,1,7,0
UNC,989.001040500035000,12/5/2025 17:19,1,7,0
UNC,989.001040500035000,12/5/2025 17:18,1,6,0
UNC,989.001040500035000,12/5/2025 17:17,1,6,0
UNC,989.001040500035000,12/5/2025 17:16,1,6,0
UNC,989.002028176895000,12/5/2025 17:15,1,2,0
UNC,989.001040500035000,12/5/2025 17:15,1,6,0
UNC,989.002028176895000,12/5/2025 17:14,1,7,0
UNC,989.002028176895000,12/5/2025 17:14,1,6,0
UNC,989.001030620667000,12/5/2025 17:12,1,8,0
UNC,989.001040500035000,12/5/2025 17:10,1,7,0
UNC,989.001040500035000,12/5/2025 17:09,1,7,0
UNC,989.001040500035000,12/5/2025 17:08,1,7,0
UNC,989.001040500035000,12/5/2025 17:07,1,6,0
UNC,989.001040500035000,12/5/2025 17:06,1,6,0
UNC,989.001040500035000,12/5/2025 17:05,1,6,0
UNC,989.001040500035000,12/5/2025 17:04,1,6,0
UNC,989.001040500035000,12/5/2025 17:03,1,6,0
UNC,989.001040500035000,12/5/2025 17:02,1,6,0
UNC,989.001040500035000,12/5/2025 17:01,1,6,0
UNC,989.001040500035000,12/5/2025 17:00,1,6,0
UNC,989.001040500035000,12/5/2025 16:59,1,7,0
UNC,989.001040500035000,12/5/2025 16:57,1,7,0
UNC,989.001040500035000,12/5/2025 16:55,1,6,0
UNC,989.001040500035000,12/5/2025 16:54,1,6,0
UNC,989.001040500035000,12/5/2025 16:53,1,6,0
UNC,989.002028176996000,12/5/2025 14:43,1,2,0
UNC,989.002028176996000,12/5/2025 14:37,1,2,0
UNC,989.001030620667000,12/5/2025 10:18,1,1,0
UNC,989.001030620667000,12/5/2025 10:17,1,7,0
UNC,989.001030620668000,12/5/2025 7:35,1,7,0
UNC,989.002028176695000,12/5/2025 7:34,1,2,0
UNC,989.001030620668000,12/5/2025 7:34,1,7,0
UNC,989.001030620667000,12/5/2025 7:33,1,7,0
UNC,989.002028176695000,12/5/2025 7:31,1,7,0
UNC,989.002028176695000,12/5/2025 7:30,1,7,0
UNC,989.002028176695000,12/5/2025 7:29,1,7,0
UNC,989.002028176695000,12/5/2025 7:28,1,7,0
UNC,989.002028176695000,12/5/2025 7:27,1,7,0
UNC,989.001030620667000,12/5/2025 7:25,1,8,0
UNC,989.001030620667000,12/5/2025 7:24,1,9,0
UNC,989.001030620667000,12/5/2025 7:23,1,8,0
UNC,989.001030620667000,12/5/2025 7:23,1,9,0
UNC,989.001030620668000,12/5/2025 7:22,1,7,0
UNC,989.001030620667000,12/5/2025 7:22,1,8,0
UNC,989.002028176695000,12/5/2025 7:22,1,7,0
UNC,989.002028176695000,12/5/2025 7:21,1,7,0
UNC,989.001030620667000,12/5/2025 7:20,1,8,0
UNC,989.002028176695000,12/5/2025 7:19,1,6,0
UNC,989.002028176695000,12/5/2025 7:18,1,6,0
UNC,989.002028176695000,12/5/2025 7:16,1,7,0
UNC,989.002028176695000,12/5/2025 7:15,1,7,0
UNC,989.002028176695000,12/5/2025 7:13,1,7,0
UNC,989.002028176695000,12/5/2025 7:12,1,7,0
UNC,989.002028176695000,12/5/2025 7:11,1,7,0
UNC,989.002028176695000,12/5/2025 7:10,1,6,0
UNC,989.002028176695000,12/5/2025 7:10,1,7,0
UNC,989.002028176695000,12/5/2025 7:09,1,7,0
UNC,989.002028176695000,12/5/2025 7:07,1,6,0
UNC,989.002028176695000,12/5/2025 7:06,1,6,0
UNC,989.002028176695000,12/5/2025 7:05,1,6,0
UNC,989.002028176695000,12/5/2025 7:04,1,6,0
UNC,989.002028176695000,12/5/2025 7:03,1,6,0
UNC,989.002028176695000,12/5/2025 7:02,1,6,0
UNC,989.002028176695000,12/5/2025 7:01,1,6,0
UNC,989.002028176895000,12/5/2025 7:00,1,7,0
UNC,989.002028176996000,12/5/2025 6:59,1,2,0
UNC,989.001030620667000,12/5/2025 6:58,1,8,0
UNC,989.002028176996000,12/5/2025 6:57,1,2,0
UNC,989.002028176695000,12/5/2025 6:57,1,2,0
UNC,989.001030620667000,12/5/2025 6:54,1,8,0
UNC,989.001030620667000,12/5/2025 6:53,1,1,0
UNC,989.002028176996000,12/5/2025 6:53,1,2,0
UNC,989.002028176996000,12/5/2025 6:49,1,2,0
UNC,989.001040500035000,12/5/2025 6:44,1,7,0
UNC,989.002028176996000,12/5/2025 6:23,1,2,0
UNC,989.002028176996000,12/5/2025 6:21,1,2,0
UNC,989.002028176996000,12/5/2025 6:20,1,2,0
UNC,989.002028176996000,12/5/2025 6:19,1,3,0
UNC,989.001040500035000,12/5/2025 6:18,1,7,0
UNC,989.001040500035000,12/5/2025 6:16,1,7,0
UNC,989.001040500035000,12/5/2025 6:15,1,7,0
UNC,989.001040500035000,12/5/2025 6:14,1,6,0
UNC,989.001040500035000,12/5/2025 6:13,1,6,0
UNC,989.001040500035000,12/5/2025 6:05,1,7,0
UNC,989.001040500035000,12/5/2025 6:04,1,7,0
UNC,989.001040500035000,12/5/2025 6:04,1,6,0
UNC,989.001040500035000,12/5/2025 6:03,1,6,0
UNC,989.001040500035000,12/5/2025 6:02,1,6,0
UNC,989.001040500035000,12/5/2025 6:00,1,6,0
UNC,989.001040500035000,12/5/2025 6:00,1,7,0
UNC,989.001040500035000,12/5/2025 5:59,1,7,0
UNC,989.001040500035000,12/5/2025 5:57,1,7,0
UNC,989.001040500035000,12/5/2025 5:56,1,7,0
UNC,989.001040500035000,12/5/2025 5:55,1,7,0
UNC,989.001040500035000,12/5/2025 5:54,1,8,0
UNC,989.001040500035000,12/5/2025 5:52,1,8,0
UNC,989.001040500035000,12/5/2025 5:51,1,8,0
UNC,989.001040500035000,12/5/2025 5:50,1,8,0
UNC,989.001040500035000,12/5/2025 5:49,1,8,0
UNC,989.001040500035000,12/5/2025 5:48,1,8,0
UNC,989.001040500035000,12/5/2025 5:47,1,8,0
UNC,989.001040500035000,12/5/2025 5:46,1,8,0
UNC,989.001040500035000,12/5/2025 5:44,1,8,0
UNC,989.001040500035000,12/5/2025 5:43,1,8,0
UNC,989.001040500035000,12/5/2025 5:42,1,8,0
UNC,989.001040500035000,12/5/2025 5:41,1,8,0
UNC,989.001040500035000,12/5/2025 5:40,1,8,0
UNC,989.001040500035000,12/5/2025 5:38,1,8,0
UNC,989.001040500035000,12/5/2025 5:37,1,8,0
UNC,989.001040500035000,12/5/2025 5:36,1,8,0
UNC,989.001040500035000,12/5/2025 5:35,1,8,0
UNC,989.002028176996000,12/5/2025 5:30,1,2,0
UNC,989.001040500035000,12/5/2025 5:29,1,7,0
UNC,989.002028176996000,12/5/2025 5:29,1,2,0
UNC,989.001040500035000,12/5/2025 5:28,1,7,0
UNC,989.002028176996000,12/5/2025 5:28,1,2,0
UNC,989.001040500035000,12/5/2025 5:27,1,7,0
UNC,989.002028176996000,12/5/2025 5:27,1,2,0
UNC,989.001040500035000,12/5/2025 5:26,1,7,0
UNC,989.002028176996000,12/5/2025 5:25,1,2,0
UNC,989.001040500035000,12/5/2025 5:25,1,7,0
UNC,989.002028176996000,12/5/2025 5:24,1,2,0
UNC,989.001040500035000,12/5/2025 5:24,1,7,0
UNC,989.001040500035000,12/5/2025 5:24,1,6,0
UNC,989.002028176996000,12/5/2025 5:23,1,2,0
UNC,989.001040500035000,12/5/2025 5:23,1,6,0
UNC,989.001030621167000,12/5/2025 5:22,1,2,0
UNC,989.001040500035000,12/5/2025 5:22,1,6,0
UNC,989.002028176996000,12/5/2025 5:21,1,2,0
UNC,989.001040500035000,12/5/2025 5:21,1,6,0
UNC,989.001040500035000,12/5/2025 5:20,1,6,0
UNC,989.001040500035000,12/5/2025 5:19,1,6,0
UNC,989.001040500035000,12/5/2025 5:16,1,6,0
UNC,989.001040500035000,12/5/2025 5:15,1,6,0
UNC,989.002028176996000,12/5/2025 5:15,1,2,0
UNC,989.001040500035000,12/5/2025 5:14,1,6,0
UNC,989.001040500035000,12/5/2025 5:13,1,6,0
UNC,989.001040500035000,12/5/2025 5:09,1,7,0
UNC,989.001040500035000,12/5/2025 5:08,1,7,0
UNC,989.001040500035000,12/5/2025 5:07,1,7,0
UNC,989.001040500035000,12/5/2025 5:04,1,7,0
UNC,989.001040500035000,12/5/2025 5:03,1,7,0
UNC,989.001040500035000,12/5/2025 4:08,1,7,0
UNC,989.001040500035000,12/5/2025 4:04,1,7,0
UNC,989.001040500035000,12/5/2025 4:03,1,7,0
UNC,989.001040500035000,12/5/2025 4:02,1,7,0
UNC,989.001040500035000,12/5/2025 4:01,1,7,0
UNC,989.001040500035000,12/5/2025 4:00,1,7,0
UNC,989.001040500035000,12/5/2025 3:59,1,7,0
UNC,989.001040500035000,12/5/2025 3:58,1,7,0
UNC,989.001040500035000,12/5/2025 3:57,1,7,0
UNC,989.001040500035000,12/5/2025 3:56,1,7,0
UNC,989.001040500035000,12/5/2025 3:55,1,7,0
UNC,989.001040500035000,12/5/2025 3:54,1,7,0
UNC,989.001040500035000,12/5/2025 3:52,1,7,0
UNC,989.001040500035000,12/5/2025 3:51,1,7,0
UNC,989.001040500035000,12/5/2025 3:50,1,7,0
UNC,989.001040500035000,12/5/2025 3:49,1,7,0
UNC,989.001040500035000,12/5/2025 3:48,1,7,0
UNC,989.001040500035000,12/5/2025 3:46,1,7,0
UNC,989.001040500035000,12/5/2025 3:45,1,7,0
UNC,989.001040500035000,12/5/2025 3:44,1,7,0
UNC,989.001040500035000,12/5/2025 3:43,1,7,0
UNC,989.001040500035000,12/5/2025 3:42,1,7,0
UNC,989.001040500035000,12/5/2025 3:41,1,7,0
UNC,989.001040500035000,12/5/2025 3:40,1,6,0
UNC,989.001040500035000,12/5/2025 3:39,1,6,0
UNC,989.001040500035000,12/5/2025 3:38,1,7,0
UNC,989.001040500035000,12/5/2025 3:38,1,6,0
UNC,989.001040500035000,12/5/2025 3:37,1,6,0
UNC,989.001040500035000,12/5/2025 3:33,1,6,0
UNC,989.001040500035000,12/5/2025 3:33,1,7,0
UNC,989.001040500035000,12/5/2025 3:32,1,6,0
UNC,989.001040500035000,12/5/2025 3:31,1,6,0
UNC,989.001040500035000,12/5/2025 3:30,1,6,0
UNC,989.001040500035000,12/5/2025 3:29,1,6,0
UNC,989.001040500035000,12/5/2025 3:23,1,7,0
UNC,989.001040500035000,12/5/2025 3:22,1,7,0
UNC,989.001040500035000,12/5/2025 3:21,1,7,0
UNC,989.001040500035000,12/5/2025 3:20,1,7,0
UNC,989.001040500035000,12/5/2025 3:17,1,7,0
UNC,989.001040500035000,12/5/2025 3:17,1,6,0
UNC,989.001040500035000,12/5/2025 3:16,1,6,0
UNC,989.001040500035000,12/5/2025 3:16,1,7,0
UNC,989.001040500035000,12/5/2025 3:15,1,6,0
UNC,989.001040500035000,12/5/2025 3:14,1,6,0
UNC,989.001040500035000,12/5/2025 3:13,1,6,0
UNC,989.001040500035000,12/5/2025 3:12,1,6,0
UNC,989.001040500035000,12/5/2025 3:11,1,6,0
UNC,989.001040500035000,12/5/2025 3:10,1,6,0
UNC,989.001040500035000,12/5/2025 3:09,1,6,0
UNC,989.001040500035000,12/5/2025 3:08,1,6,0
UNC,989.001040500035000,12/5/2025 3:07,1,6,0
UNC,989.001040500035000,12/5/2025 3:06,1,7,0
UNC,989.001040500035000,12/5/2025 3:03,1,7,0
UNC,989.001040500035000,12/5/2025 3:02,1,7,0
UNC,989.001040500035000,12/5/2025 3:01,1,7,0
UNC,989.001040500035000,12/5/2025 3:00,1,7,0
UNC,989.001040500035000,12/5/2025 2:51,1,7,0
UNC,989.001040500035000,12/5/2025 2:50,1,7,0
UNC,989.001040500035000,12/5/2025 2:49,1,8,0
UNC,989.001040500035000,12/5/2025 2:49,1,7,0
UNC,989.001040500035000,12/5/2025 2:47,1,7,0
UNC,989.001040500035000,12/5/2025 2:46,1,7,0
UNC,989.001040500035000,12/5/2025 2:45,1,7,0
UNC,989.001040500035000,12/5/2025 2:44,1,7,0
UNC,989.001040500035000,12/5/2025 2:43,1,7,0
UNC,989.001040500035000,12/5/2025 2:42,1,7,0
UNC,989.001040500035000,12/5/2025 2:41,1,7,0
UNC,989.001040500035000,12/5/2025 2:40,1,7,0
UNC,989.001040500035000,12/5/2025 2:39,1,7,0
UNC,989.001040500035000,12/5/2025 2:38,1,7,0
UNC,989.001040500035000,12/5/2025 2:37,1,7,0
UNC,989.001040500035000,12/5/2025 2:36,1,7,0
UNC,989.001040500035000,12/5/2025 2:35,1,7,0
UNC,989.001040500035000,12/5/2025 2:34,1,7,0
UNC,989.001040500035000,12/5/2025 2:33,1,7,0
UNC,989.001040500035000,12/5/2025 2:32,1,7,0
UNC,989.001040500035000,12/5/2025 2:29,1,7,0
UNC,989.001040500035000,12/5/2025 2:28,1,6,0
UNC,989.001040500035000,12/5/2025 2:27,1,6,0
UNC,989.001040500035000,12/5/2025 2:26,1,6,0
UNC,989.001040500035000,12/5/2025 2:25,1,6,0
UNC,989.001040500035000,12/5/2025 2:24,1,6,0
UNC,989.001040500035000,12/5/2025 2:23,1,6,0
UNC,989.001040500035000,12/5/2025 2:19,1,7,0
UNC,989.001040500035000,12/5/2025 2:18,1,7,0
UNC,989.001040500035000,12/4/2025 23:28,1,7,0
UNC,989.001040500035000,12/4/2025 23:27,1,7,0
UNC,989.001040500035000,12/4/2025 23:25,1,7,0
UNC,989.001040500035000,12/4/2025 23:24,1,7,0
UNC,989.001040500035000,12/4/2025 23:23,1,7,0
UNC,989.001040500035000,12/4/2025 23:21,1,7,0
UNC,989.001040500035000,12/4/2025 23:20,1,7,0
UNC,989.001040500035000,12/4/2025 23:19,1,7,0
UNC,989.001040500035000,12/4/2025 23:18,1,7,0
UNC,989.001040500035000,12/4/2025 23:17,1,7,0
UNC,989.001040500035000,12/4/2025 23:16,1,7,0
UNC,989.001040500035000,12/4/2025 23:15,1,7,0
UNC,989.001040500081000,12/4/2025 22:33,1,6,0
UNC,989.001040500081000,12/4/2025 22:33,1,2,0
UNC,989.001040500035000,12/4/2025 21:27,1,7,0
UNC,989.001040500035000,12/4/2025 20:51,1,7,0
UNC,989.001040500035000,12/4/2025 20:48,1,7,0
UNC,989.001040500046000,12/4/2025 20:31,1,6,0
UNC,989.001040500035000,12/4/2025 17:56,1,7,0
UNC,989.001040500035000,12/4/2025 17:54,1,7,0
UNC,989.001040500035000,12/4/2025 17:53,1,7,0
UNC,989.001040500035000,12/4/2025 17:50,1,7,0
UNC,989.002028176895000,12/4/2025 17:35,1,2,0
UNC,989.002028176895000,12/4/2025 17:35,1,1,0
UNC,989.002028176895000,12/4/2025 17:33,1,6,0
UNC,989.001040500035000,12/4/2025 17:12,1,7,0
UNC,989.001040500035000,12/4/2025 17:11,1,6,0
UNC,989.001040500035000,12/4/2025 17:10,1,6,0
UNC,989.002028176695000,12/4/2025 16:42,1,2,0
UNC,989.002028176695000,12/4/2025 16:41,1,2,0
UNC,989.002028176996000,12/4/2025 16:41,1,3,0
UNC,989.002028176695000,12/4/2025 16:40,1,2,0
UNC,989.002028176695000,12/4/2025 16:39,1,2,0
UNC,989.002028176695000,12/4/2025 16:38,1,2,0
UNC,989.002028176996000,12/4/2025 16:37,1,3,0
UNC,989.002028176695000,12/4/2025 16:36,1,3,0
UNC,989.002028176695000,12/4/2025 16:35,1,3,0
UNC,989.002028176695000,12/4/2025 16:34,1,2,0
UNC,989.002028176695000,12/4/2025 16:33,1,2,0
UNC,989.002028176695000,12/4/2025 16:32,1,2,0
UNC,989.002028176695000,12/4/2025 16:31,1,2,0
UNC,989.002028176695000,12/4/2025 16:30,1,2,0
UNC,989.002028176695000,12/4/2025 16:29,1,2,0
UNC,989.002028176695000,12/4/2025 16:28,1,1,0
UNC,989.002028176695000,12/4/2025 16:27,1,1,0
UNC,989.002028176695000,12/4/2025 16:26,1,1,0
UNC,989.002028176695000,12/4/2025 16:25,1,1,0
UNC,989.002028176695000,12/4/2025 16:24,1,1,0
UNC,989.002028176996000,12/4/2025 16:21,1,2,0
UNC,989.002028176996000,12/4/2025 16:19,1,2,0
UNC,989.002028176695000,12/4/2025 16:16,1,7,0
UNC,989.002028176695000,12/4/2025 16:15,1,6,0
UNC,989.002028176695000,12/4/2025 16:14,1,6,0
UNC,989.002028176695000,12/4/2025 16:13,1,6,0
UNC,989.002028176695000,12/4/2025 16:12,1,7,0
UNC,989.001030620668000,12/4/2025 16:11,1,7,0
UNC,989.002028176695000,12/4/2025 16:11,1,7,0
UNC,989.002028176695000,12/4/2025 16:10,1,7,0
UNC,989.002028176695000,12/4/2025 16:09,1,6,0
UNC,989.002028176695000,12/4/2025 16:08,1,7,0
UNC,989.002028176695000,12/4/2025 16:07,1,7,0
UNC,989.002028176695000,12/4/2025 16:06,1,7,0
UNC,989.002028176695000,12/4/2025 16:05,1,7,0
UNC,989.002028176695000,12/4/2025 16:04,1,6,0
UNC,989.002028176695000,12/4/2025 16:03,1,6,0
UNC,989.002028176695000,12/4/2025 16:00,1,7,0
UNC,989.002028176695000,12/4/2025 16:00,1,6,0
UNC,989.002028176695000,12/4/2025 15:59,1,6,0
UNC,989.002028176695000,12/4/2025 15:58,1,7,0
UNC,989.002028176695000,12/4/2025 15:57,1,7,0
UNC,989.002028176695000,12/4/2025 15:56,1,7,0
UNC,989.002028176695000,12/4/2025 15:55,1,7,0
UNC,989.002028176695000,12/4/2025 15:54,1,7,0
UNC,989.001030620668000,12/4/2025 15:54,1,7,0
UNC,989.002028176695000,12/4/2025 15:53,1,7,0
UNC,989.002028176695000,12/4/2025 15:52,1,7,0
UNC,989.001030620668000,12/4/2025 15:51,1,7,0
UNC,989.002028176695000,12/4/2025 15:51,1,7,0
UNC,989.002028176695000,12/4/2025 15:49,1,7,0
UNC,989.002028176695000,12/4/2025 15:48,1,6,0
UNC,989.002028176695000,12/4/2025 15:47,1,6,0
UNC,989.002028176996000,12/4/2025 15:47,1,3,0
UNC,989.002028176695000,12/4/2025 15:46,1,6,0
UNC,989.002028176996000,12/4/2025 15:46,1,3,0
UNC,989.002028176695000,12/4/2025 15:46,1,7,0
UNC,989.002028176695000,12/4/2025 15:45,1,6,0
UNC,989.002028176996000,12/4/2025 15:45,1,2,0
UNC,989.002028176695000,12/4/2025 15:45,1,7,0
UNC,989.002028176996000,12/4/2025 15:44,1,2,0
UNC,989.002028176695000,12/4/2025 15:43,1,7,0
UNC,989.002028176996000,12/4/2025 15:43,1,3,0
UNC,989.002028176695000,12/4/2025 15:42,1,7,0
UNC,989.001030620668000,12/4/2025 15:41,1,8,0
UNC,989.002028176695000,12/4/2025 15:41,1,6,0
UNC,989.002028176695000,12/4/2025 15:40,1,7,0
UNC,989.002028176996000,12/4/2025 15:40,1,3,0
UNC,989.002028176695000,12/4/2025 15:36,1,2,0
UNC,989.002028176695000,12/4/2025 15:35,1,2,0
UNC,989.002028176695000,12/4/2025 15:34,1,2,0
UNC,989.002028176996000,12/4/2025 15:34,1,2,0
UNC,989.002028176695000,12/4/2025 15:33,1,2,0
UNC,989.002028176996000,12/4/2025 15:18,1,2,0
UNC,989.002028176996000,12/4/2025 15:15,1,3,0
UNC,989.002028176996000,12/4/2025 15:05,1,2,0
UNC,989.002028176996000,12/4/2025 15:03,1,3,0
UNC,989.002028176996000,12/4/2025 15:02,1,2,0
UNC,989.002028176996000,12/4/2025 15:01,1,2,0
UNC,989.002028176996000,12/4/2025 14:57,1,3,0
UNC,989.001030620668000,12/4/2025 9:31,1,7,0
UNC,989.002028176695000,12/4/2025 7:46,1,2,0
UNC,989.002028176695000,12/4/2025 7:44,1,7,0
UNC,989.002028176695000,12/4/2025 7:44,1,6,0
UNC,989.002028176695000,12/4/2025 7:43,1,6,0
UNC,989.002028176695000,12/4/2025 7:42,1,6,0
UNC,989.002028176695000,12/4/2025 7:41,1,6,0
UNC,989.002028176695000,12/4/2025 7:40,1,6,0
UNC,989.002028176695000,12/4/2025 7:39,1,6,0
UNC,989.002028176695000,12/4/2025 7:39,1,7,0
UNC,989.002028176695000,12/4/2025 7:38,1,7,0
UNC,989.002028176695000,12/4/2025 7:36,1,3,0
UNC,989.002028176695000,12/4/2025 7:34,1,2,0
UNC,989.002028176695000,12/4/2025 7:33,1,2,0
UNC,989.002028176695000,12/4/2025 7:32,1,1,0
UNC,989.002028176695000,12/4/2025 7:31,1,1,0
UNC,989.002028176695000,12/4/2025 7:22,1,7,0
UNC,989.002028176695000,12/4/2025 7:21,1,7,0
UNC,989.002028176695000,12/4/2025 7:20,1,7,0
UNC,989.002028176695000,12/4/2025 7:19,1,6,0
UNC,989.002028176895000,12/4/2025 7:19,1,7,0
UNC,989.002028176695000,12/4/2025 7:19,1,7,0
UNC,989.002028176895000,12/4/2025 7:18,1,2,0
UNC,989.002028176695000,12/4/2025 7:18,1,6,0
UNC,989.002028176695000,12/4/2025 7:18,1,7,0
UNC,989.002028176695000,12/4/2025 7:17,1,7,0
UNC,989.002028176695000,12/4/2025 7:15,1,7,0
UNC,989.002028176695000,12/4/2025 7:15,1,6,0
UNC,989.002028176695000,12/4/2025 7:14,1,6,0
UNC,989.002028176695000,12/4/2025 7:14,1,7,0
UNC,989.002028176695000,12/4/2025 7:13,1,6,0
UNC,989.002028176695000,12/4/2025 7:13,1,7,0
UNC,989.002028176695000,12/4/2025 7:12,1,6,0
UNC,989.002028176695000,12/4/2025 7:10,1,6,0
UNC,989.002028176695000,12/4/2025 7:09,1,6,0
UNC,989.002028176695000,12/4/2025 7:08,1,7,0
UNC,989.002028176695000,12/4/2025 7:07,1,7,0
UNC,989.002028176695000,12/4/2025 7:06,1,7,0
UNC,989.002028176695000,12/4/2025 7:05,1,7,0
UNC,989.002028176695000,12/4/2025 7:04,1,6,0
UNC,989.002028176695000,12/4/2025 7:03,1,6,0
UNC,989.002028176695000,12/4/2025 7:03,1,7,0
UNC,989.001030620668000,12/4/2025 7:03,1,1,0
UNC,989.002028176695000,12/4/2025 7:02,1,7,0
UNC,989.002028176695000,12/4/2025 7:01,1,7,0
UNC,989.002028176695000,12/4/2025 6:59,1,2,0
UNC,989.002028176695000,12/4/2025 6:58,1,2,0
UNC,989.002028176695000,12/4/2025 6:57,1,2,0
UNC,989.002028176695000,12/4/2025 6:56,1,2,0
UNC,989.002028176695000,12/4/2025 6:54,1,2,0
UNC,989.002028176695000,12/4/2025 6:53,1,2,0
UNC,989.002028176695000,12/4/2025 6:52,1,2,0
UNC,989.001030620668000,12/4/2025 6:52,1,6,0
UNC,989.001040500035000,12/4/2025 6:48,1,7,0
UNC,989.001040500035000,12/4/2025 6:47,1,6,0
UNC,989.001040500035000,12/4/2025 6:46,1,6,0
UNC,989.001040500035000,12/4/2025 6:45,1,6,0
UNC,989.001040500035000,12/4/2025 6:44,1,6,0
UNC,989.001040500035000,12/4/2025 6:43,1,6,0
UNC,989.001040500035000,12/4/2025 6:42,1,6,0
UNC,989.001040500035000,12/4/2025 6:41,1,6,0
UNC,989.001040500035000,12/4/2025 6:40,1,7,0
UNC,989.001040500035000,12/4/2025 6:39,1,7,0
UNC,989.001040500035000,12/4/2025 6:38,1,7,0
UNC,989.002028176996000,12/4/2025 6:33,1,3,0
UNC,989.001040500035000,12/4/2025 6:25,1,6,0
UNC,989.001040500035000,12/4/2025 6:24,1,6,0
UNC,989.002028176996000,12/4/2025 6:21,1,3,0
UNC,989.001040500035000,12/4/2025 6:21,1,6,0
UNC,989.001040500035000,12/4/2025 6:20,1,6,0
UNC,989.002028176996000,12/4/2025 6:18,1,3,0
UNC,989.002028176996000,12/4/2025 6:03,1,3,0
UNC,989.002028176996000,12/4/2025 5:17,1,3,0
UNC,989.001040500035000,12/4/2025 5:16,1,7,0
UNC,989.001040500035000,12/4/2025 5:15,1,7,0
UNC,989.001040500035000,12/4/2025 5:14,1,7,0
UNC,989.002028176996000,12/4/2025 5:13,1,3,0
UNC,989.001040500035000,12/4/2025 5:13,1,7,0
UNC,989.001040500035000,12/4/2025 5:12,1,7,0
UNC,989.002028176996000,12/4/2025 5:12,1,3,0
UNC,989.001040500035000,12/4/2025 5:11,1,7,0
UNC,989.001040500035000,12/4/2025 5:10,1,7,0
UNC,989.001040500035000,12/4/2025 5:08,1,7,0
UNC,989.001040500035000,12/4/2025 5:07,1,6,0
UNC,989.001040500035000,12/4/2025 5:07,1,7,0
UNC,989.001040500035000,12/4/2025 5:05,1,6,0
UNC,989.001040500035000,12/4/2025 5:04,1,6,0
UNC,989.001040500035000,12/4/2025 5:03,1,6,0
UNC,989.001040500035000,12/4/2025 5:02,1,6,0
UNC,989.001040500035000,12/4/2025 5:01,1,6,0
UNC,989.001040500035000,12/4/2025 4:44,1,6,0
UNC,989.001040500035000,12/4/2025 4:43,1,6,0
UNC,989.001040500035000,12/4/2025 4:41,1,6,0
UNC,989.001040500035000,12/4/2025 4:41,1,7,0
UNC,989.001040500035000,12/4/2025 4:39,1,7,0
UNC,989.001040500035000,12/4/2025 4:38,1,7,0
UNC,989.002028176895000,12/4/2025 4:28,1,2,0
UNC,989.002028176895000,12/4/2025 4:26,1,6,0
UNC,989.001040500035000,12/4/2025 4:15,1,7,0
UNC,989.001040500035000,12/4/2025 4:14,1,7,0
UNC,989.001040500035000,12/4/2025 4:13,1,7,0
UNC,989.001040500035000,12/4/2025 4:11,1,7,0
UNC,989.001040500035000,12/4/2025 4:10,1,7,0
UNC,989.001040500035000,12/4/2025 4:09,1,7,0
UNC,989.001040500035000,12/4/2025 4:08,1,7,0
UNC,989.001040500035000,12/4/2025 4:07,1,7,0
UNC,989.001040500035000,12/4/2025 4:06,1,7,0
UNC,989.001040500035000,12/4/2025 4:05,1,7,0
UNC,989.001040500035000,12/4/2025 4:04,1,7,0
UNC,989.001040500035000,12/4/2025 4:03,1,7,0
UNC,989.001040500035000,12/4/2025 4:02,1,7,0
UNC,989.001040500035000,12/4/2025 4:01,1,7,0
UNC,989.001040500035000,12/4/2025 4:00,1,7,0
UNC,989.001040500035000,12/4/2025 3:58,1,7,0
UNC,989.001040500035000,12/4/2025 3:57,1,7,0
UNC,989.001040500035000,12/4/2025 3:55,1,7,0
UNC,989.001040500035000,12/4/2025 3:54,1,7,0
UNC,989.001040500035000,12/4/2025 3:53,1,7,0
UNC,989.001040500035000,12/4/2025 3:53,1,6,0
UNC,989.001040500035000,12/4/2025 3:52,1,6,0
UNC,989.001040500035000,12/4/2025 3:50,1,6,0
UNC,989.001040500035000,12/4/2025 3:49,1,6,0
UNC,989.001040500035000,12/4/2025 3:48,1,6,0
UNC,989.001040500035000,12/4/2025 3:46,1,6,0
UNC,989.001040500035000,12/4/2025 3:45,1,6,0
UNC,989.002028176895000,12/4/2025 3:36,1,6,0
UNC,989.002028176895000,12/4/2025 3:35,1,1,0
UNC,989.001030620668000,12/4/2025 3:25,1,7,0
UNC,989.001040500035000,12/4/2025 3:11,1,8,0
UNC,989.001040500035000,12/4/2025 3:06,1,8,0
UNC,989.001040500035000,12/4/2025 3:04,1,8,0
UNC,989.001040500035000,12/4/2025 3:03,1,8,0
UNC,989.001040500035000,12/4/2025 3:02,1,8,0
UNC,989.001040500035000,12/4/2025 3:01,1,8,0
UNC,989.001040500035000,12/4/2025 2:59,1,8,0
UNC,989.001040500035000,12/4/2025 2:58,1,8,0
UNC,989.001040500035000,12/4/2025 2:57,1,8,0
UNC,989.001040500035000,12/4/2025 2:56,1,8,0
UNC,989.001030620667000,12/4/2025 2:55,1,2,0
UNC,989.001040500035000,12/4/2025 2:55,1,8,0
UNC,989.001030620667000,12/4/2025 2:53,1,2,0
UNC,989.001040500035000,12/4/2025 2:53,1,8,0
UNC,989.001030620667000,12/4/2025 2:52,1,2,0
UNC,989.001040500035000,12/4/2025 2:52,1,8,0
UNC,989.001040500035000,12/4/2025 2:51,1,8,0
UNC,989.001040500035000,12/4/2025 2:49,1,8,0
UNC,989.001040500035000,12/4/2025 2:48,1,8,0
UNC,989.001040500035000,12/4/2025 2:47,1,8,0
UNC,989.001040500035000,12/4/2025 2:46,1,7,0
UNC,989.001040500035000,12/4/2025 2:46,1,8,0
UNC,989.001040500035000,12/4/2025 2:45,1,7,0
UNC,989.001040500035000,12/4/2025 2:44,1,7,0
UNC,989.001040500035000,12/4/2025 2:43,1,7,0
UNC,989.001030620667000,12/4/2025 2:42,1,6,0
UNC,989.001040500035000,12/4/2025 2:42,1,7,0
UNC,989.001040500035000,12/4/2025 2:41,1,7,0
UNC,989.001030620667000,12/4/2025 2:40,1,2,0
UNC,989.001040500035000,12/4/2025 2:39,1,7,0
UNC,989.001040500035000,12/4/2025 2:37,1,6,0
UNC,989.001040500035000,12/4/2025 2:36,1,6,0
UNC,989.001040500035000,12/4/2025 2:35,1,6,0
UNC,989.001040500035000,12/4/2025 2:03,1,6,0
UNC,989.001040500035000,12/4/2025 2:02,1,6,0
UNC,989.001040500035000,12/4/2025 2:01,1,6,0
UNC,989.001040500035000,12/4/2025 2:00,1,6,0
UNC,989.001040500035000,12/4/2025 1:59,1,6,0
UNC,989.001040500035000,12/4/2025 1:58,1,6,0
UNC,989.001040500035000,12/4/2025 1:57,1,6,0
UNC,989.001040500035000,12/4/2025 1:49,1,7,0
UNC,989.001040500035000,12/4/2025 1:48,1,7,0
UNC,989.002028176895000,12/4/2025 1:46,1,2,0
UNC,989.001040500035000,12/4/2025 1:46,1,7,0
UNC,989.002028176895000,12/4/2025 1:45,1,1,0
UNC,989.001040500035000,12/4/2025 1:40,1,6,0
UNC,989.001040500035000,12/4/2025 1:39,1,6,0
UNC,989.001040500035000,12/4/2025 1:38,1,6,0
UNC,989.001040500035000,12/4/2025 1:37,1,7,0
UNC,989.001040500035000,12/4/2025 1:34,1,7,0
UNC,989.001030620667000,12/4/2025 1:30,1,1,0
UNC,989.001030620667000,12/4/2025 1:28,1,6,0
UNC,989.001030620667000,12/4/2025 1:27,1,6,0
UNC,989.001030620667000,12/4/2025 1:26,1,6,0
UNC,989.001030620667000,12/4/2025 1:25,1,6,0
UNC,989.001030620667000,12/4/2025 1:24,1,6,0
UNC,989.001030620667000,12/4/2025 1:23,1,6,0
UNC,989.001030620667000,12/4/2025 1:22,1,6,0
UNC,989.001030620667000,12/4/2025 1:21,1,6,0
UNC,989.001030620667000,12/4/2025 1:20,1,6,0
UNC,989.001030620667000,12/4/2025 1:19,1,6,0
UNC,989.001030620667000,12/4/2025 1:18,1,6,0
UNC,989.001030620667000,12/4/2025 1:17,1,6,0
UNC,989.001030620667000,12/4/2025 1:16,1,6,0
UNC,989.001030620667000,12/4/2025 1:15,1,6,0
UNC,989.001030620667000,12/4/2025 1:14,1,6,0
UNC,989.001030620667000,12/4/2025 1:13,1,6,0
UNC,989.001030620667000,12/4/2025 1:12,1,6,0
UNC,989.001030620667000,12/4/2025 1:11,1,6,0
UNC,989.001030620667000,12/4/2025 1:10,1,6,0
UNC,989.001030620667000,12/4/2025 1:09,1,6,0
UNC,989.001030620667000,12/4/2025 1:08,1,6,0
UNC,989.001030620667000,12/4/2025 1:07,1,6,0
UNC,989.001030620667000,12/4/2025 1:06,1,6,0
UNC,989.001030620667000,12/4/2025 1:05,1,6,0
UNC,989.001030620667000,12/4/2025 1:04,1,6,0
UNC,989.001030620667000,12/4/2025 1:03,1,6,0
UNC,989.001030620667000,12/4/2025 1:02,1,6,0
UNC,989.001030620667000,12/4/2025 1:01,1,6,0
UNC,989.001030620667000,12/4/2025 1:00,1,6,0
UNC,989.001030620667000,12/4/2025 0:59,1,6,0
UNC,989.001030620667000,12/4/2025 0:58,1,6,0
UNC,989.001030620667000,12/4/2025 0:57,1,6,0
UNC,989.001030620667000,12/4/2025 0:56,1,6,0
UNC,989.001030620667000,12/4/2025 0:55,1,6,0
UNC,989.001030620667000,12/4/2025 0:54,1,6,0
UNC,989.001030620667000,12/4/2025 0:53,1,6,0
UNC,989.001040500035000,12/4/2025 0:53,1,8,0
UNC,989.001030620667000,12/4/2025 0:52,1,6,0
UNC,989.001030620667000,12/4/2025 0:51,1,6,0
UNC,989.001030620667000,12/4/2025 0:50,1,6,0
UNC,989.001030620667000,12/4/2025 0:49,1,6,0
UNC,989.001030620667000,12/4/2025 0:48,1,6,0
UNC,989.001030620667000,12/4/2025 0:47,1,6,0
UNC,989.001030620667000,12/4/2025 0:46,1,6,0
UNC,989.001030620667000,12/4/2025 0:45,1,6,0
UNC,989.001030620667000,12/4/2025 0:44,1,6,0
UNC,989.001040500035000,12/4/2025 0:44,1,8,0
UNC,989.001030620667000,12/4/2025 0:43,1,6,0
UNC,989.001030620667000,12/4/2025 0:42,1,6,0
UNC,989.001030620667000,12/4/2025 0:41,1,6,0
UNC,989.001030620667000,12/4/2025 0:40,1,6,0
UNC,989.001040500035000,12/4/2025 0:39,1,8,0
UNC,989.001030620667000,12/4/2025 0:39,1,6,0
UNC,989.001040500035000,12/4/2025 0:38,1,8,0
UNC,989.001030620667000,12/4/2025 0:38,1,6,0
UNC,989.001030620667000,12/4/2025 0:37,1,6,0
UNC,989.001040500035000,12/4/2025 0:36,1,8,0
UNC,989.001030620667000,12/4/2025 0:36,1,6,0
UNC,989.001040500035000,12/4/2025 0:35,1,8,0
UNC,989.001030620667000,12/4/2025 0:35,1,6,0
UNC,989.001040500035000,12/4/2025 0:34,1,8,0
UNC,989.001040500035000,12/4/2025 0:33,1,8,0
UNC,989.001040500035000,12/4/2025 0:32,1,8,0
UNC,989.001040500035000,12/4/2025 0:30,1,8,0
UNC,989.001040500035000,12/4/2025 0:29,1,7,0
UNC,989.001040500035000,12/4/2025 0:28,1,7,0
UNC,989.001040500035000,12/4/2025 0:27,1,7,0
UNC,989.001040500035000,12/4/2025 0:26,1,7,0
UNC,989.001040500035000,12/4/2025 0:25,1,7,0
UNC,989.001030620667000,12/4/2025 0:24,1,6,0
UNC,989.001040500035000,12/4/2025 0:24,1,7,0
UNC,989.001030620667000,12/4/2025 0:23,1,6,0
UNC,989.001040500035000,12/4/2025 0:03,1,6,0
UNC,989.001040500035000,12/4/2025 0:02,1,6,0
UNC,989.001040500035000,12/4/2025 0:01,1,6,0
UNC,989.001040500035000,12/4/2025 0:00,1,6,0
UNC,989.001040500035000,12/3/2025 23:59,1,6,0
UNC,989.002028177202000,12/3/2025 23:55,1,7,0
UNC,989.002028177202000,12/3/2025 23:54,1,1,0
UNC,989.001030620667000,12/3/2025 23:46,1,8,0
UNC,989.001030620667000,12/3/2025 23:36,1,8,0
UNC,989.001030620667000,12/3/2025 23:35,1,8,0
UNC,989.001040500035000,12/3/2025 23:34,1,6,0
UNC,989.001030620667000,12/3/2025 23:33,1,8,0
UNC,989.001040500035000,12/3/2025 23:33,1,6,0
UNC,989.001030620667000,12/3/2025 23:32,1,8,0
UNC,989.001040500035000,12/3/2025 23:32,1,6,0
UNC,989.001040500035000,12/3/2025 23:31,1,6,0
UNC,989.001030620667000,12/3/2025 23:31,1,8,0
UNC,989.001030620667000,12/3/2025 23:30,1,8,0
UNC,989.001030620667000,12/3/2025 23:29,1,8,0
UNC,989.001030620667000,12/3/2025 23:28,1,8,0
UNC,989.001030620667000,12/3/2025 23:26,1,8,0
UNC,989.001030620667000,12/3/2025 23:25,1,8,0
UNC,989.001030620667000,12/3/2025 23:24,1,8,0
UNC,989.001030620667000,12/3/2025 23:23,1,8,0
UNC,989.001030620667000,12/3/2025 23:21,1,8,0
UNC,989.001030620667000,12/3/2025 23:20,1,8,0
UNC,989.001030620667000,12/3/2025 23:19,1,8,0
UNC,989.001030620667000,12/3/2025 23:18,1,8,0
UNC,989.001030620667000,12/3/2025 23:17,1,8,0
UNC,989.001030620667000,12/3/2025 23:16,1,8,0
UNC,989.001030620667000,12/3/2025 23:15,1,8,0
UNC,989.001030620667000,12/3/2025 23:13,1,8,0
UNC,989.001030620667000,12/3/2025 23:12,1,8,0
UNC,989.001030620667000,12/3/2025 23:11,1,8,0
UNC,989.001030620667000,12/3/2025 23:10,1,8,0
UNC,989.001030620667000,12/3/2025 23:09,1,8,0
UNC,989.001030620667000,12/3/2025 23:08,1,8,0
UNC,989.001030620667000,12/3/2025 23:07,1,8,0
UNC,989.001040500035000,12/3/2025 23:06,1,6,0
UNC,989.001030620667000,12/3/2025 23:06,1,8,0
UNC,989.001030620667000,12/3/2025 23:04,1,8,0
UNC,989.001030620667000,12/3/2025 23:03,1,8,0
UNC,989.001040500035000,12/3/2025 23:02,1,6,0
UNC,989.001040500035000,12/3/2025 23:01,1,6,0
UNC,989.001030620667000,12/3/2025 23:01,1,8,0
UNC,989.001040500035000,12/3/2025 23:00,1,6,0
UNC,989.001040500035000,12/3/2025 22:59,1,6,0
UNC,989.001040500035000,12/3/2025 22:58,1,6,0
UNC,989.001040500035000,12/3/2025 22:57,1,6,0
UNC,989.001030620667000,12/3/2025 22:56,1,2,0
UNC,989.001030620667000,12/3/2025 22:56,1,1,0
UNC,989.001040500035000,12/3/2025 22:56,1,6,0
UNC,989.001040500035000,12/3/2025 22:55,1,6,0
UNC,989.001040500035000,12/3/2025 22:54,1,6,0
UNC,989.001040500035000,12/3/2025 22:54,1,7,0
UNC,989.001040500035000,12/3/2025 22:52,1,7,0
UNC,989.001040500035000,12/3/2025 22:51,1,8,0
UNC,989.001040500035000,12/3/2025 22:50,1,7,0
UNC,989.001040500035000,12/3/2025 22:49,1,7,0
UNC,989.001040500035000,12/3/2025 22:48,1,7,0
UNC,989.001040500035000,12/3/2025 22:47,1,7,0
UNC,989.001040500035000,12/3/2025 22:43,1,7,0
UNC,989.001040500035000,12/3/2025 21:15,1,6,0
UNC,989.001040500035000,12/3/2025 21:14,1,6,0
UNC,989.001040500035000,12/3/2025 21:13,1,6,0
UNC,989.001040500035000,12/3/2025 21:11,1,6,0
UNC,989.001040500035000,12/3/2025 21:10,1,6,0
UNC,989.001040500035000,12/3/2025 21:09,1,6,0
UNC,989.001040500035000,12/3/2025 21:08,1,6,0
UNC,989.001040500035000,12/3/2025 21:07,1,6,0
UNC,989.001040500035000,12/3/2025 21:06,1,6,0
UNC,989.001040500035000,12/3/2025 21:05,1,6,0
UNC,989.001040500035000,12/3/2025 21:04,1,6,0
UNC,989.001040500035000,12/3/2025 21:03,1,6,0
UNC,989.001040500035000,12/3/2025 21:02,1,6,0
UNC,989.001040500035000,12/3/2025 21:01,1,6,0
UNC,989.001040500035000,12/3/2025 21:01,1,7,0
UNC,989.001040500035000,12/3/2025 21:00,1,7,0
UNC,989.001040500035000,12/3/2025 20:58,1,6,0
UNC,989.001040500035000,12/3/2025 20:57,1,6,0
UNC,989.002028176833000,12/3/2025 20:56,1,7,0
UNC,989.001040500035000,12/3/2025 20:56,1,6,0
UNC,989.001040500035000,12/3/2025 20:55,1,6,0
UNC,989.001040500035000,12/3/2025 20:54,1,6,0
UNC,989.002028176833000,12/3/2025 20:53,1,6,0
UNC,989.001040500035000,12/3/2025 20:53,1,7,0
UNC,989.001040500035000,12/3/2025 20:52,1,7,0
UNC,989.002028176833000,12/3/2025 20:51,1,7,0
UNC,989.001040500035000,12/3/2025 20:51,1,7,0
UNC,989.002028176833000,12/3/2025 20:50,1,7,0
UNC,989.001040500035000,12/3/2025 20:35,1,7,0
UNC,989.001040500035000,12/3/2025 20:32,1,7,0
UNC,989.001040500035000,12/3/2025 20:29,1,7,0
UNC,989.001040500035000,12/3/2025 20:28,1,7,0
UNC,989.001040500035000,12/3/2025 20:23,1,7,0
UNC,989.001040500035000,12/3/2025 20:22,1,7,0
UNC,989.001040500035000,12/3/2025 20:19,1,7,0
UNC,989.001040500035000,12/3/2025 20:14,1,7,0
UNC,989.001040500035000,12/3/2025 19:55,1,7,0
UNC,989.001040500035000,12/3/2025 19:54,1,7,0
UNC,989.001040500035000,12/3/2025 18:50,1,7,0
UNC,989.002028176833000,12/3/2025 18:10,1,7,0
UNC,989.001040500035000,12/3/2025 18:10,1,7,0
UNC,989.001040500035000,12/3/2025 18:08,1,7,0
UNC,989.001040500035000,12/3/2025 18:07,1,7,0
UNC,989.002028176833000,12/3/2025 18:07,1,7,0
UNC,989.001040500035000,12/3/2025 18:06,1,7,0
UNC,989.002028176833000,12/3/2025 18:06,1,7,0
UNC,989.001040500035000,12/3/2025 18:05,1,7,0
UNC,989.001040500035000,12/3/2025 18:03,1,6,0
UNC,989.001040500035000,12/3/2025 17:52,1,7,0
UNC,989.001040500035000,12/3/2025 17:51,1,6,0
UNC,989.001040500035000,12/3/2025 17:50,1,6,0
UNC,989.001040500035000,12/3/2025 17:49,1,6,0
UNC,989.001040500035000,12/3/2025 17:48,1,6,0
UNC,989.001040500035000,12/3/2025 17:47,1,6,0
UNC,989.001040500035000,12/3/2025 17:46,1,6,0
UNC,989.001040500035000,12/3/2025 17:45,1,6,0
UNC,989.001040500035000,12/3/2025 17:44,1,6,0
UNC,989.001040500035000,12/3/2025 17:43,1,6,0
UNC,989.001040500035000,12/3/2025 17:42,1,6,0
UNC,989.001040500035000,12/3/2025 17:41,1,6,0
UNC,989.001040500035000,12/3/2025 17:40,1,6,0
UNC,989.001040500035000,12/3/2025 17:39,1,6,0
UNC,989.001040500035000,12/3/2025 17:30,1,6,0
UNC,989.001040500035000,12/3/2025 17:29,1,6,0
UNC,989.001040500035000,12/3/2025 17:28,1,6,0
UNC,989.001040500035000,12/3/2025 17:27,1,7,0
UNC,989.001040500035000,12/3/2025 17:25,1,7,0
UNC,989.001040500035000,12/3/2025 17:24,1,7,0
UNC,989.001040500035000,12/3/2025 17:23,1,7,0
UNC,989.001040500035000,12/3/2025 17:21,1,7,0
UNC,989.001040500035000,12/3/2025 17:21,1,6,0
UNC,989.001040500035000,12/3/2025 17:20,1,6,0
UNC,989.002028176833000,12/3/2025 17:19,1,7,0
UNC,989.001040500035000,12/3/2025 17:19,1,6,0
UNC,989.001040500035000,12/3/2025 17:18,1,7,0
UNC,989.001040500035000,12/3/2025 17:17,1,7,0
UNC,989.001040500035000,12/3/2025 17:16,1,7,0
UNC,989.001040500035000,12/3/2025 17:15,1,7,0
UNC,989.001040500035000,12/3/2025 17:13,1,6,0
UNC,989.001040500035000,12/3/2025 17:12,1,7,0
UNC,989.001040500035000,12/3/2025 17:11,1,7,0
UNC,989.001040500035000,12/3/2025 17:11,1,6,0
UNC,989.001040500035000,12/3/2025 17:10,1,6,0
UNC,989.002028176831000,12/3/2025 14:14,1,2,0
UNC,989.002028176831000,12/3/2025 14:14,1,7,0
UNC,989.002028176695000,12/3/2025 7:29,1,2,0
UNC,989.002028176695000,12/3/2025 7:28,1,2,0
UNC,989.002028176695000,12/3/2025 7:27,1,2,0
UNC,989.002028176695000,12/3/2025 7:26,1,2,0
UNC,989.002028176695000,12/3/2025 7:18,1,7,0
UNC,989.002028176695000,12/3/2025 7:17,1,7,0
UNC,989.002028176695000,12/3/2025 7:16,1,7,0
UNC,989.001040500055000,12/3/2025 7:16,1,2,0
UNC,989.001040500055000,12/3/2025 7:15,1,6,0
UNC,989.002028176695000,12/3/2025 7:15,1,6,0
UNC,989.002028176695000,12/3/2025 7:14,1,6,0
UNC,989.002028176695000,12/3/2025 7:13,1,7,0
UNC,989.002028176695000,12/3/2025 7:12,1,7,0
UNC,989.001040500055000,12/3/2025 7:12,1,6,0
UNC,989.001040500055000,12/3/2025 7:12,1,1,0
UNC,989.002028176695000,12/3/2025 7:11,1,7,0
UNC,989.002028176695000,12/3/2025 7:10,1,7,0
UNC,989.002028176695000,12/3/2025 7:09,1,7,0
UNC,989.002028176695000,12/3/2025 7:08,1,6,0
UNC,989.002028176695000,12/3/2025 7:07,1,7,0
UNC,989.002028176695000,12/3/2025 7:06,1,7,0
UNC,989.001030620667000,12/3/2025 7:05,1,3,0
UNC,989.002028176695000,12/3/2025 7:05,1,7,0
UNC,989.002028176695000,12/3/2025 7:03,1,7,0
UNC,989.002028176695000,12/3/2025 7:01,1,1,0
UNC,989.002028176695000,12/3/2025 7:00,1,1,0
UNC,989.002028176695000,12/3/2025 6:59,1,2,0
UNC,989.002028176695000,12/3/2025 6:58,1,2,0
UNC,989.001030620667000,12/3/2025 6:57,1,1,0
UNC,989.002028176695000,12/3/2025 6:57,1,2,0
UNC,989.002028176695000,12/3/2025 6:56,1,2,0
UNC,989.002028176695000,12/3/2025 6:55,1,2,0
UNC,989.001040500035000,12/3/2025 6:55,1,6,0
UNC,989.002028176996000,12/3/2025 6:54,1,1,0
UNC,989.001040500035000,12/3/2025 6:54,1,6,0
UNC,989.002028176695000,12/3/2025 6:53,1,2,0
UNC,989.002028176996000,12/3/2025 6:53,1,1,0
UNC,989.001040500035000,12/3/2025 6:52,1,6,0
UNC,989.002028176695000,12/3/2025 6:52,1,2,0
UNC,989.001040500035000,12/3/2025 6:51,1,6,0
UNC,989.002028176695000,12/3/2025 6:51,1,2,0
UNC,989.001040500035000,12/3/2025 6:50,1,6,0
UNC,989.002028176695000,12/3/2025 6:50,1,2,0
UNC,989.002028176996000,12/3/2025 6:50,1,1,0
UNC,989.002028176695000,12/3/2025 6:49,1,2,0
UNC,989.002028176996000,12/3/2025 6:48,1,1,0
UNC,989.002028176996000,12/3/2025 6:47,1,1,0
UNC,989.001040500035000,12/3/2025 6:45,1,6,0
UNC,989.001040500035000,12/3/2025 6:44,1,6,0
UNC,989.001040500035000,12/3/2025 6:43,1,6,0
UNC,989.001040500035000,12/3/2025 6:42,1,6,0
UNC,989.002028176996000,12/3/2025 6:42,1,1,0
UNC,989.001040500035000,12/3/2025 6:39,1,7,0
UNC,989.002028176996000,12/3/2025 6:38,1,1,0
UNC,989.001040500035000,12/3/2025 6:37,1,7,0
UNC,989.001040500035000,12/3/2025 6:36,1,7,0
UNC,989.001040500035000,12/3/2025 6:35,1,7,0
UNC,989.001040500035000,12/3/2025 6:34,1,7,0
UNC,989.001040500035000,12/3/2025 6:34,1,6,0
UNC,989.001040500035000,12/3/2025 6:33,1,6,0
UNC,989.001040500035000,12/3/2025 6:32,1,6,0
UNC,989.002028177051000,12/3/2025 6:31,1,3,0
UNC,989.001040500035000,12/3/2025 6:31,1,6,0
UNC,989.001040500035000,12/3/2025 6:30,1,6,0
UNC,989.002028177051000,12/3/2025 6:30,1,3,0
UNC,989.001040500035000,12/3/2025 6:28,1,6,0
UNC,989.002028177051000,12/3/2025 6:28,1,3,0
UNC,989.001040500035000,12/3/2025 6:27,1,6,0
UNC,989.002028177051000,12/3/2025 6:27,1,3,0
UNC,989.001040500035000,12/3/2025 6:26,1,6,0
UNC,989.002028177051000,12/3/2025 6:26,1,3,0
UNC,989.002028177051000,12/3/2025 6:25,1,3,0
UNC,989.002028177051000,12/3/2025 6:24,1,3,0
UNC,989.002028177051000,12/3/2025 6:23,1,3,0
UNC,989.002028176996000,12/3/2025 6:20,1,1,0
UNC,989.002028176996000,12/3/2025 6:19,1,1,0
UNC,989.002028176996000,12/3/2025 6:16,1,1,0
UNC,989.002028176996000,12/3/2025 6:16,1,2,0
UNC,989.002028176996000,12/3/2025 6:14,1,2,0
UNC,989.002028176996000,12/3/2025 6:11,1,2,0
UNC,989.002028176996000,12/3/2025 6:10,1,2,0
UNC,989.002028176996000,12/3/2025 6:07,1,2,0
UNC,989.002028176996000,12/3/2025 6:05,1,2,0
UNC,989.002028176996000,12/3/2025 6:04,1,2,0
UNC,989.002028177051000,12/3/2025 6:03,1,3,0
UNC,989.002028176996000,12/3/2025 6:03,1,2,0
UNC,989.002028177051000,12/3/2025 6:02,1,3,0
UNC,989.002028176996000,12/3/2025 6:02,1,2,0
UNC,989.002028176996000,12/3/2025 6:00,1,2,0
UNC,989.002028176996000,12/3/2025 5:58,1,2,0
UNC,989.002028177051000,12/3/2025 5:58,1,3,0
UNC,989.002028177051000,12/3/2025 5:57,1,3,0
UNC,989.002028177051000,12/3/2025 5:56,1,3,0
UNC,989.002028176996000,12/3/2025 5:55,1,2,0
UNC,989.002028176996000,12/3/2025 5:54,1,2,0
UNC,989.002028177051000,12/3/2025 5:53,1,3,0
UNC,989.002028177051000,12/3/2025 5:52,1,3,0
UNC,989.002028177051000,12/3/2025 5:51,1,3,0
UNC,989.002028177051000,12/3/2025 5:50,1,3,0
UNC,989.002028176996000,12/3/2025 5:50,1,2,0
UNC,989.002028177051000,12/3/2025 5:49,1,3,0
UNC,989.002028177051000,12/3/2025 5:47,1,3,0
UNC,989.002028176996000,12/3/2025 5:47,1,2,0
UNC,989.002028177051000,12/3/2025 5:46,1,3,0
UNC,989.002028177051000,12/3/2025 5:45,1,3,0
UNC,989.002028176996000,12/3/2025 5:44,1,2,0
UNC,989.002028177051000,12/3/2025 5:44,1,3,0
UNC,989.002028177051000,12/3/2025 5:43,1,3,0
UNC,989.002028177051000,12/3/2025 5:42,1,3,0
UNC,989.002028177051000,12/3/2025 5:40,1,3,0
UNC,989.002028177051000,12/3/2025 5:39,1,3,0
UNC,989.002028177051000,12/3/2025 5:38,1,3,0
UNC,989.002028177051000,12/3/2025 5:37,1,3,0
UNC,989.002028177051000,12/3/2025 5:36,1,3,0
UNC,989.002028177051000,12/3/2025 5:35,1,3,0
UNC,989.002028177051000,12/3/2025 5:33,1,3,0
UNC,989.002028177051000,12/3/2025 5:32,1,3,0
UNC,989.002028177051000,12/3/2025 5:31,1,3,0
UNC,989.002028177051000,12/3/2025 5:30,1,3,0
UNC,989.002028177051000,12/3/2025 5:28,1,3,0
UNC,989.002028177051000,12/3/2025 5:27,1,3,0
UNC,989.002028177051000,12/3/2025 5:26,1,3,0
UNC,989.001040500035000,12/3/2025 5:25,1,8,0
UNC,989.002028177051000,12/3/2025 5:24,1,3,0
UNC,989.001040500035000,12/3/2025 5:24,1,8,0
UNC,989.002028177051000,12/3/2025 5:23,1,3,0
UNC,989.001040500035000,12/3/2025 5:23,1,8,0
UNC,989.001040500035000,12/3/2025 5:22,1,8,0
UNC,989.002028177051000,12/3/2025 5:21,1,3,0
UNC,989.001040500035000,12/3/2025 5:21,1,7,0
UNC,989.001040500035000,12/3/2025 5:20,1,7,0
UNC,989.002028177051000,12/3/2025 5:20,1,3,0
UNC,989.001040500035000,12/3/2025 5:19,1,7,0
UNC,989.002028177051000,12/3/2025 5:18,1,3,0
UNC,989.001040500035000,12/3/2025 5:18,1,7,0
UNC,989.001040500035000,12/3/2025 5:18,1,6,0
UNC,989.002028177051000,12/3/2025 5:17,1,3,0
UNC,989.001040500035000,12/3/2025 5:16,1,6,0
UNC,989.002028177051000,12/3/2025 5:16,1,3,0
UNC,989.001040500035000,12/3/2025 5:15,1,6,0
UNC,989.002028177051000,12/3/2025 5:15,1,3,0
UNC,989.001040500035000,12/3/2025 5:14,1,6,0
UNC,989.002028177051000,12/3/2025 5:14,1,3,0
UNC,989.002028177051000,12/3/2025 5:13,1,3,0
UNC,989.002028177051000,12/3/2025 5:12,1,3,0
UNC,989.002028177051000,12/3/2025 5:11,1,3,0
UNC,989.002028177051000,12/3/2025 5:10,1,3,0
UNC,989.002028176938000,12/3/2025 5:09,1,2,0
UNC,989.002028177051000,12/3/2025 5:09,1,3,0
UNC,989.002028177051000,12/3/2025 5:07,1,3,0
UNC,989.002028176938000,12/3/2025 5:07,1,2,0
UNC,989.002028176938000,12/3/2025 5:07,1,1,0
UNC,989.002028177051000,12/3/2025 5:06,1,3,0
UNC,989.002028177051000,12/3/2025 5:05,1,3,0
UNC,989.002028176996000,12/3/2025 5:05,1,2,0
UNC,989.002028177051000,12/3/2025 5:04,1,3,0
UNC,989.002028176996000,12/3/2025 5:04,1,2,0
UNC,989.002028177051000,12/3/2025 5:03,1,3,0
UNC,989.002028176996000,12/3/2025 5:03,1,2,0
UNC,989.002028176996000,12/3/2025 5:02,1,2,0
UNC,989.002028177051000,12/3/2025 5:01,1,3,0
UNC,989.002028176996000,12/3/2025 5:01,1,2,0
UNC,989.002028177051000,12/3/2025 5:00,1,3,0
UNC,989.002028176996000,12/3/2025 5:00,1,2,0
UNC,989.002028177051000,12/3/2025 4:59,1,3,0
UNC,989.002028177051000,12/3/2025 4:58,1,3,0
UNC,989.002028177051000,12/3/2025 4:56,1,3,0
UNC,989.002028177051000,12/3/2025 4:55,1,3,0
UNC,989.002028177051000,12/3/2025 4:53,1,3,0
UNC,989.002028177051000,12/3/2025 4:52,1,3,0
UNC,989.002028177051000,12/3/2025 4:51,1,3,0
UNC,989.002028177051000,12/3/2025 4:50,1,3,0
UNC,989.002028177051000,12/3/2025 4:49,1,3,0
UNC,989.002028177051000,12/3/2025 4:47,1,3,0
UNC,989.002028177051000,12/3/2025 4:46,1,3,0
UNC,989.002028177051000,12/3/2025 4:45,1,3,0
UNC,989.002028177051000,12/3/2025 4:44,1,3,0
UNC,989.002028177051000,12/3/2025 4:43,1,3,0
UNC,989.002028177051000,12/3/2025 4:42,1,3,0
UNC,989.001040500035000,12/3/2025 4:41,1,7,0
UNC,989.002028177051000,12/3/2025 4:41,1,3,0
UNC,989.001040500035000,12/3/2025 4:40,1,6,0
UNC,989.002028177051000,12/3/2025 4:40,1,3,0
UNC,989.001040500035000,12/3/2025 4:39,1,6,0
UNC,989.002028177051000,12/3/2025 4:38,1,3,0
UNC,989.001040500035000,12/3/2025 4:38,1,6,0
UNC,989.001040500035000,12/3/2025 4:38,1,7,0
UNC,989.002028177051000,12/3/2025 4:37,1,3,0
UNC,989.001040500035000,12/3/2025 4:37,1,7,0
UNC,989.002028177051000,12/3/2025 4:36,1,3,0
UNC,989.001040500035000,12/3/2025 4:36,1,7,0
UNC,989.002028177051000,12/3/2025 4:35,1,3,0
UNC,989.002028176996000,12/3/2025 4:35,1,2,0
UNC,989.001040500035000,12/3/2025 4:34,1,7,0
UNC,989.002028176996000,12/3/2025 4:34,1,2,0
UNC,989.002028177051000,12/3/2025 4:34,1,3,0
UNC,989.001040500035000,12/3/2025 4:33,1,7,0
UNC,989.002028176996000,12/3/2025 4:33,1,2,0
UNC,989.002028177051000,12/3/2025 4:33,1,3,0
UNC,989.001040500035000,12/3/2025 4:32,1,7,0
UNC,989.002028176996000,12/3/2025 4:32,1,2,0
UNC,989.002028177051000,12/3/2025 4:32,1,3,0
UNC,989.001040500035000,12/3/2025 4:31,1,8,0
UNC,989.002028176996000,12/3/2025 4:31,1,2,0
UNC,989.002028177051000,12/3/2025 4:30,1,3,0
UNC,989.002028176996000,12/3/2025 4:30,1,2,0
UNC,989.002028177051000,12/3/2025 4:29,1,3,0
UNC,989.002028177051000,12/3/2025 4:28,1,3,0
UNC,989.002028177051000,12/3/2025 4:27,1,3,0
UNC,989.002028177051000,12/3/2025 4:26,1,3,0
UNC,989.002028177051000,12/3/2025 4:24,1,3,0
UNC,989.001040500035000,12/3/2025 4:24,1,8,0
UNC,989.002028177051000,12/3/2025 4:23,1,3,0
UNC,989.002028177051000,12/3/2025 4:22,1,3,0
UNC,989.002028177051000,12/3/2025 4:21,1,3,0
UNC,989.002028177051000,12/3/2025 4:20,1,3,0
UNC,989.002028177051000,12/3/2025 4:19,1,3,0
UNC,989.001040500035000,12/3/2025 4:18,1,8,0
UNC,989.002028177051000,12/3/2025 4:18,1,3,0
UNC,989.002028177051000,12/3/2025 4:17,1,3,0
UNC,989.002028177051000,12/3/2025 4:15,1,3,0
UNC,989.002028177051000,12/3/2025 4:14,1,3,0
UNC,989.002028177051000,12/3/2025 4:13,1,3,0
UNC,989.002028177051000,12/3/2025 4:12,1,3,0
UNC,989.002028177051000,12/3/2025 4:11,1,3,0
UNC,989.002028177051000,12/3/2025 4:10,1,3,0
UNC,989.002028177051000,12/3/2025 4:08,1,3,0
UNC,989.002028177051000,12/3/2025 4:07,1,3,0
UNC,989.002028177051000,12/3/2025 4:06,1,3,0
UNC,989.002028177051000,12/3/2025 4:05,1,3,0
UNC,989.002028177051000,12/3/2025 4:04,1,3,0
UNC,989.002028177051000,12/3/2025 4:03,1,3,0
UNC,989.002028177051000,12/3/2025 4:02,1,3,0
UNC,989.002028177051000,12/3/2025 4:01,1,3,0
UNC,989.002028177051000,12/3/2025 4:00,1,3,0
UNC,989.002028177051000,12/3/2025 3:58,1,3,0
UNC,989.002028177051000,12/3/2025 3:57,1,3,0
UNC,989.002028177051000,12/3/2025 3:56,1,3,0
UNC,989.001040500035000,12/3/2025 3:56,1,8,0
UNC,989.002028177051000,12/3/2025 3:55,1,3,0
UNC,989.001040500035000,12/3/2025 3:55,1,8,0
UNC,989.002028177051000,12/3/2025 3:54,1,3,0
UNC,989.001040500035000,12/3/2025 3:53,1,8,0
UNC,989.002028177051000,12/3/2025 3:53,1,3,0
UNC,989.001040500035000,12/3/2025 3:52,1,8,0
UNC,989.002028177051000,12/3/2025 3:52,1,3,0
UNC,989.001040500035000,12/3/2025 3:51,1,8,0
UNC,989.002028177051000,12/3/2025 3:51,1,3,0
UNC,989.001040500035000,12/3/2025 3:50,1,8,0
UNC,989.002028177051000,12/3/2025 3:49,1,3,0
UNC,989.001040500035000,12/3/2025 3:48,1,8,0
UNC,989.002028177051000,12/3/2025 3:48,1,3,0
UNC,989.002028177051000,12/3/2025 3:47,1,3,0
UNC,989.001040500035000,12/3/2025 3:47,1,8,0
UNC,989.002028177051000,12/3/2025 3:46,1,3,0
UNC,989.001040500035000,12/3/2025 3:46,1,7,0
UNC,989.002028177051000,12/3/2025 3:45,1,3,0
UNC,989.001040500035000,12/3/2025 3:44,1,7,0
UNC,989.002028177051000,12/3/2025 3:44,1,3,0
UNC,989.001040500035000,12/3/2025 3:43,1,7,0
UNC,989.002028177051000,12/3/2025 3:43,1,3,0
UNC,989.001040500035000,12/3/2025 3:42,1,7,0
UNC,989.002028177051000,12/3/2025 3:42,1,3,0
UNC,989.001040500035000,12/3/2025 3:41,1,7,0
UNC,989.002028177051000,12/3/2025 3:41,1,3,0
UNC,989.001040500035000,12/3/2025 3:40,1,7,0
UNC,989.002028177051000,12/3/2025 3:40,1,3,0
UNC,989.002028177051000,12/3/2025 3:38,1,3,0
UNC,989.001040500035000,12/3/2025 3:38,1,6,0
UNC,989.002028177051000,12/3/2025 3:37,1,3,0
UNC,989.001040500035000,12/3/2025 3:37,1,6,0
UNC,989.002028177051000,12/3/2025 3:36,1,3,0
UNC,989.001040500035000,12/3/2025 3:36,1,6,0
UNC,989.002028177051000,12/3/2025 3:35,1,3,0
UNC,989.001040500035000,12/3/2025 3:35,1,6,0
UNC,989.001040500035000,12/3/2025 3:34,1,6,0
UNC,989.002028177051000,12/3/2025 3:34,1,3,0
UNC,989.001040500035000,12/3/2025 3:33,1,6,0
UNC,989.002028177051000,12/3/2025 3:33,1,3,0
UNC,989.002028177051000,12/3/2025 3:32,1,3,0
UNC,989.001040500035000,12/3/2025 3:32,1,6,0
UNC,989.002028177051000,12/3/2025 3:31,1,3,0
UNC,989.001040500035000,12/3/2025 3:31,1,6,0
UNC,989.001040500035000,12/3/2025 3:30,1,6,0
UNC,989.002028177051000,12/3/2025 3:30,1,3,0
UNC,989.002028177051000,12/3/2025 3:29,1,3,0
UNC,989.002028177051000,12/3/2025 3:27,1,3,0
UNC,989.002028177051000,12/3/2025 3:26,1,3,0
UNC,989.002028177051000,12/3/2025 3:25,1,3,0
UNC,989.002028177051000,12/3/2025 3:24,1,3,0
UNC,989.002028177051000,12/3/2025 3:23,1,3,0
UNC,989.002028177051000,12/3/2025 3:22,1,3,0
UNC,989.002028177051000,12/3/2025 3:21,1,3,0
UNC,989.002028177051000,12/3/2025 3:19,1,3,0
UNC,989.001040500035000,12/3/2025 3:18,1,6,0
UNC,989.002028177051000,12/3/2025 3:18,1,3,0
UNC,989.001040500035000,12/3/2025 3:17,1,6,0
UNC,989.002028177051000,12/3/2025 3:17,1,3,0
UNC,989.001040500035000,12/3/2025 3:16,1,6,0
UNC,989.002028177051000,12/3/2025 3:16,1,3,0
UNC,989.002028177051000,12/3/2025 3:15,1,3,0
UNC,989.002028177051000,12/3/2025 3:14,1,3,0
UNC,989.002028177051000,12/3/2025 3:12,1,3,0
UNC,989.002028177051000,12/3/2025 3:11,1,3,0
UNC,989.001040500035000,12/3/2025 3:11,1,6,0
UNC,989.002028177051000,12/3/2025 3:10,1,3,0
UNC,989.001040500035000,12/3/2025 3:10,1,6,0
UNC,989.002028177051000,12/3/2025 3:09,1,3,0
UNC,989.001040500035000,12/3/2025 3:09,1,6,0
UNC,989.001040500035000,12/3/2025 3:08,1,7,0
UNC,989.001040500035000,12/3/2025 2:53,1,6,0
UNC,989.001040500035000,12/3/2025 2:52,1,7,0
UNC,989.001040500035000,12/3/2025 2:51,1,7,0
UNC,989.001040500035000,12/3/2025 2:50,1,7,0
UNC,989.001040500035000,12/3/2025 2:49,1,7,0
UNC,989.001040500035000,12/3/2025 2:48,1,7,0
UNC,989.001040500035000,12/3/2025 2:46,1,7,0
UNC,989.001040500035000,12/3/2025 2:45,1,7,0
UNC,989.001040500035000,12/3/2025 2:44,1,7,0
UNC,989.001040500035000,12/3/2025 2:43,1,7,0
UNC,989.001040500035000,12/3/2025 2:42,1,7,0
UNC,989.001040500035000,12/3/2025 2:41,1,7,0
UNC,989.001040500035000,12/3/2025 2:40,1,7,0
UNC,989.001040500035000,12/3/2025 2:39,1,7,0
UNC,989.001040500035000,12/3/2025 2:38,1,7,0
UNC,989.001040500035000,12/3/2025 2:37,1,7,0
UNC,989.002028176996000,12/3/2025 2:36,1,2,0
UNC,989.001040500035000,12/3/2025 2:35,1,7,0
UNC,989.001040500035000,12/3/2025 2:34,1,7,0
UNC,989.002028176996000,12/3/2025 2:34,1,3,0
UNC,989.001040500035000,12/3/2025 2:33,1,7,0
UNC,989.001040500035000,12/3/2025 2:32,1,7,0
UNC,989.001040500035000,12/3/2025 2:31,1,7,0
UNC,989.002028176996000,12/3/2025 2:30,1,3,0
UNC,989.001040500035000,12/3/2025 2:29,1,7,0
UNC,989.002028176996000,12/3/2025 2:28,1,3,0
UNC,989.001040500035000,12/3/2025 2:27,1,7,0
UNC,989.001040500035000,12/3/2025 2:25,1,6,0
UNC,989.001040500035000,12/3/2025 2:24,1,6,0
UNC,989.002028176996000,12/3/2025 2:23,1,2,0
UNC,989.001040500035000,12/3/2025 2:23,1,6,0
UNC,989.002028176996000,12/3/2025 2:22,1,2,0
UNC,989.001040500035000,12/3/2025 2:22,1,6,0
UNC,989.002028176996000,12/3/2025 2:21,1,3,0
UNC,989.001040500035000,12/3/2025 2:21,1,6,0
UNC,989.001040500035000,12/3/2025 2:20,1,6,0
UNC,989.001040500035000,12/3/2025 2:19,1,6,0
UNC,989.001040500035000,12/3/2025 2:18,1,6,0
UNC,989.001040500035000,12/3/2025 2:16,1,6,0
UNC,989.001040500035000,12/3/2025 2:15,1,6,0
UNC,989.001040500035000,12/3/2025 2:14,1,6,0
UNC,989.001040500035000,12/3/2025 2:13,1,6,0
UNC,989.001040500035000,12/3/2025 2:12,1,6,0
UNC,989.001040500035000,12/3/2025 2:11,1,6,0
UNC,989.001040500035000,12/3/2025 2:10,1,6,0
UNC,989.001040500035000,12/3/2025 2:09,1,6,0
UNC,989.001040500035000,12/3/2025 2:08,1,6,0
UNC,989.001040500035000,12/3/2025 2:07,1,6,0
UNC,989.001040500035000,12/3/2025 2:06,1,6,0
UNC,989.001040500035000,12/3/2025 2:05,1,6,0
UNC,989.002028176996000,12/3/2025 2:05,1,3,0
UNC,989.001040500035000,12/3/2025 2:04,1,6,0
UNC,989.002028176996000,12/3/2025 2:03,1,3,0
UNC,989.002028176996000,12/3/2025 2:01,1,3,0
UNC,989.002028176996000,12/3/2025 1:32,1,3,0
UNC,989.002028176996000,12/3/2025 1:30,1,3,0
UNC,989.002028176996000,12/3/2025 1:29,1,2,0
UNC,989.002028176996000,12/3/2025 1:28,1,3,0
UNC,989.002028176996000,12/3/2025 1:27,1,3,0
UNC,989.002028176996000,12/3/2025 1:26,1,3,0
UNC,989.002028176996000,12/3/2025 0:50,1,3,0
UNC,989.002028176996000,12/3/2025 0:48,1,3,0
UNC,989.001040500035000,12/3/2025 0:37,1,7,0
UNC,989.001040500035000,12/3/2025 0:36,1,7,0
UNC,989.001040500035000,12/3/2025 0:34,1,7,0
UNC,989.002028176996000,12/3/2025 0:33,1,3,0
UNC,989.001040500035000,12/3/2025 0:31,1,6,0
UNC,989.001040500035000,12/3/2025 0:30,1,6,0
UNC,989.001040500035000,12/3/2025 0:29,1,6,0
UNC,989.001040500035000,12/3/2025 0:28,1,6,0
UNC,989.001040500035000,12/3/2025 0:27,1,6,0
UNC,989.001040500035000,12/3/2025 0:26,1,6,0
UNC,989.001040500035000,12/3/2025 0:25,1,6,0
UNC,989.001040500035000,12/3/2025 0:24,1,6,0
UNC,989.001040500035000,12/3/2025 0:23,1,7,0
UNC,989.001040500035000,12/3/2025 0:21,1,7,0
UNC,989.001040500035000,12/3/2025 0:20,1,7,0
UNC,989.001040500035000,12/3/2025 0:19,1,7,0
UNC,989.001040500035000,12/3/2025 0:18,1,7,0
UNC,989.001040500035000,12/3/2025 0:17,1,7,0
UNC,989.001040500035000,12/3/2025 0:13,1,7,0
UNC,989.001040500035000,12/3/2025 0:13,1,6,0
UNC,989.001040500035000,12/3/2025 0:12,1,7,0
UNC,989.002028176996000,12/3/2025 0:12,1,3,0
UNC,989.001040500035000,12/3/2025 0:11,1,6,0
UNC,989.001040500035000,12/3/2025 0:10,1,6,0
UNC,989.001040500035000,12/3/2025 0:09,1,6,0
UNC,989.001040500035000,12/3/2025 0:08,1,6,0
UNC,989.001040500035000,12/2/2025 23:47,1,7,0
UNC,989.001040500035000,12/2/2025 23:47,1,6,0
UNC,989.001040500035000,12/2/2025 23:46,1,6,0
UNC,989.001040500035000,12/2/2025 23:45,1,6,0
UNC,989.001040500035000,12/2/2025 23:44,1,6,0
UNC,989.002028176996000,12/2/2025 23:43,1,3,0
UNC,989.001040500035000,12/2/2025 23:43,1,6,0
UNC,989.001040500035000,12/2/2025 23:42,1,6,0
UNC,989.002028176996000,12/2/2025 23:41,1,3,0
UNC,989.001040500035000,12/2/2025 23:41,1,6,0
UNC,989.001040500035000,12/2/2025 23:40,1,6,0
UNC,989.001040500035000,12/2/2025 23:39,1,7,0
UNC,989.001040500035000,12/2/2025 23:38,1,7,0
UNC,989.001040500035000,12/2/2025 23:37,1,7,0
UNC,989.002028176996000,12/2/2025 23:36,1,2,0
UNC,989.001040500035000,12/2/2025 23:36,1,7,0
UNC,989.002028176996000,12/2/2025 23:35,1,2,0
UNC,989.002028176996000,12/2/2025 23:34,1,2,0
UNC,989.001040500035000,12/2/2025 23:34,1,7,0
UNC,989.002028176996000,12/2/2025 23:33,1,2,0
UNC,989.002028176996000,12/2/2025 23:33,1,3,0
UNC,989.002028176996000,12/2/2025 23:30,1,3,0
UNC,989.002028176996000,12/2/2025 23:22,1,3,0
UNC,989.002028176996000,12/2/2025 23:15,1,3,0
UNC,989.002028176996000,12/2/2025 23:05,1,3,0
UNC,989.001040500035000,12/2/2025 22:57,1,7,0
UNC,989.001040500035000,12/2/2025 22:55,1,7,0
UNC,989.001040500035000,12/2/2025 22:54,1,7,0
UNC,989.001040500035000,12/2/2025 22:53,1,7,0
UNC,989.001040500035000,12/2/2025 22:52,1,7,0
UNC,989.001040500035000,12/2/2025 22:51,1,7,0
UNC,989.001040500035000,12/2/2025 22:49,1,7,0
UNC,989.002028176996000,12/2/2025 22:41,1,3,0
UNC,989.002028176996000,12/2/2025 22:34,1,3,0
UNC,989.001040500035000,12/2/2025 22:30,1,7,0
UNC,989.001040500035000,12/2/2025 22:29,1,7,0
UNC,989.001040500035000,12/2/2025 22:28,1,7,0
UNC,989.001040500035000,12/2/2025 22:27,1,7,0
UNC,989.001040500035000,12/2/2025 22:25,1,7,0
UNC,989.001040500035000,12/2/2025 22:24,1,7,0
UNC,989.001040500035000,12/2/2025 22:22,1,7,0
UNC,989.001040500035000,12/2/2025 22:21,1,7,0
UNC,989.001040500035000,12/2/2025 22:20,1,7,0
UNC,989.001040500035000,12/2/2025 22:15,1,7,0
UNC,989.001040500035000,12/2/2025 22:15,1,6,0
UNC,989.001040500035000,12/2/2025 22:14,1,6,0
UNC,989.001040500035000,12/2/2025 22:13,1,6,0
UNC,989.001040500035000,12/2/2025 22:12,1,6,0
UNC,989.001040500035000,12/2/2025 22:10,1,6,0
UNC,989.001040500035000,12/2/2025 22:09,1,7,0
UNC,989.001040500035000,12/2/2025 22:08,1,7,0
UNC,989.001040500035000,12/2/2025 22:07,1,7,0
UNC,989.001040500035000,12/2/2025 22:06,1,7,0
UNC,989.001040500035000,12/2/2025 22:05,1,7,0
UNC,989.001040500035000,12/2/2025 22:04,1,7,0
UNC,989.001040500035000,12/2/2025 22:03,1,7,0
UNC,989.001040500035000,12/2/2025 22:01,1,7,0
UNC,989.001040500035000,12/2/2025 22:00,1,7,0
UNC,989.001040500035000,12/2/2025 21:54,1,7,0
UNC,989.001040500035000,12/2/2025 21:53,1,6,0
UNC,989.001040500035000,12/2/2025 21:52,1,6,0
UNC,989.001040500035000,12/2/2025 21:51,1,6,0
UNC,989.001040500035000,12/2/2025 21:50,1,6,0
UNC,989.001040500035000,12/2/2025 21:49,1,6,0
UNC,989.002028176996000,12/2/2025 21:49,1,2,0
UNC,989.001040500035000,12/2/2025 21:48,1,6,0
UNC,989.002028176996000,12/2/2025 21:48,1,2,0
UNC,989.001040500035000,12/2/2025 21:47,1,6,0
UNC,989.001040500035000,12/2/2025 21:46,1,6,0
UNC,989.001040500035000,12/2/2025 21:45,1,6,0
UNC,989.002028176996000,12/2/2025 21:44,1,2,0
UNC,989.001040500035000,12/2/2025 21:44,1,6,0
UNC,989.001040500035000,12/2/2025 21:44,1,7,0
UNC,989.002028176996000,12/2/2025 21:43,1,2,0
UNC,989.001040500035000,12/2/2025 21:42,1,7,0
UNC,989.002028176996000,12/2/2025 21:42,1,2,0
UNC,989.001040500035000,12/2/2025 21:41,1,7,0
UNC,989.002028176996000,12/2/2025 21:41,1,2,0
UNC,989.001040500035000,12/2/2025 21:40,1,7,0
UNC,989.002028176996000,12/2/2025 21:40,1,2,0
UNC,989.001040500035000,12/2/2025 21:39,1,6,0
UNC,989.001040500035000,12/2/2025 21:38,1,6,0
UNC,989.002028176996000,12/2/2025 21:38,1,2,0
UNC,989.001040500035000,12/2/2025 21:37,1,6,0
UNC,989.001040500035000,12/2/2025 21:36,1,6,0
UNC,989.002028176996000,12/2/2025 21:36,1,2,0
UNC,989.001040500035000,12/2/2025 21:35,1,6,0
UNC,989.002028176996000,12/2/2025 21:34,1,2,0
UNC,989.001040500035000,12/2/2025 21:34,1,6,0
UNC,989.001040500035000,12/2/2025 21:33,1,6,0
UNC,989.001040500035000,12/2/2025 21:32,1,6,0
UNC,989.001040500035000,12/2/2025 21:31,1,6,0
UNC,989.001040500035000,12/2/2025 21:30,1,7,0
UNC,989.002028176996000,12/2/2025 21:30,1,2,0
UNC,989.002028176996000,12/2/2025 21:26,1,2,0
UNC,989.002028176996000,12/2/2025 21:25,1,2,0
UNC,989.001040500035000,12/2/2025 21:23,1,7,0
UNC,989.002028176996000,12/2/2025 21:22,1,2,0
UNC,989.002028176996000,12/2/2025 21:20,1,2,0
UNC,989.002028176996000,12/2/2025 21:19,1,2,0
UNC,989.001040500035000,12/2/2025 21:19,1,7,0
UNC,989.002028176996000,12/2/2025 21:18,1,2,0
UNC,989.001040500035000,12/2/2025 21:18,1,7,0
UNC,989.002028176996000,12/2/2025 21:17,1,2,0
UNC,989.001040500035000,12/2/2025 21:17,1,7,0
UNC,989.002028176996000,12/2/2025 21:15,1,2,0
UNC,989.002028176996000,12/2/2025 21:12,1,2,0
UNC,989.002028176996000,12/2/2025 21:10,1,2,0
UNC,989.002028176996000,12/2/2025 21:08,1,2,0
UNC,989.002028176996000,12/2/2025 21:07,1,2,0
UNC,989.002028176996000,12/2/2025 21:04,1,2,0
UNC,989.002028176996000,12/2/2025 21:02,1,2,0
UNC,989.001040500035000,12/2/2025 21:02,1,7,0
UNC,989.001040500035000,12/2/2025 21:01,1,7,0
UNC,989.001040500035000,12/2/2025 21:00,1,7,0
UNC,989.002028176996000,12/2/2025 20:58,1,2,0
UNC,989.001040500035000,12/2/2025 20:58,1,6,0
UNC,989.001040500035000,12/2/2025 20:57,1,6,0
UNC,989.002028176996000,12/2/2025 20:57,1,2,0
UNC,989.001040500035000,12/2/2025 20:56,1,6,0
UNC,989.001040500035000,12/2/2025 20:55,1,6,0
UNC,989.002028176996000,12/2/2025 20:54,1,2,0
UNC,989.001040500035000,12/2/2025 20:53,1,6,0
UNC,989.001040500035000,12/2/2025 20:52,1,6,0
UNC,989.002028176996000,12/2/2025 20:51,1,2,0
UNC,989.001040500035000,12/2/2025 20:51,1,7,0
UNC,989.001040500035000,12/2/2025 20:49,1,7,0
UNC,989.002028176996000,12/2/2025 20:49,1,2,0
UNC,989.001040500035000,12/2/2025 20:48,1,7,0
UNC,989.001040500035000,12/2/2025 20:48,1,6,0
UNC,989.001040500035000,12/2/2025 20:47,1,6,0
UNC,989.001040500035000,12/2/2025 20:46,1,6,0
UNC,989.001040500035000,12/2/2025 20:45,1,6,0
UNC,989.001040500035000,12/2/2025 20:44,1,6,0
UNC,989.001040500035000,12/2/2025 20:43,1,6,0
UNC,989.001040500035000,12/2/2025 20:42,1,6,0
UNC,989.001040500035000,12/2/2025 20:40,1,6,0
UNC,989.001040500035000,12/2/2025 20:39,1,6,0
UNC,989.001040500035000,12/2/2025 20:38,1,7,0
UNC,989.001040500035000,12/2/2025 20:37,1,7,0
UNC,989.001040500035000,12/2/2025 20:36,1,7,0
UNC,989.001040500035000,12/2/2025 20:35,1,7,0
UNC,989.001040500035000,12/2/2025 20:34,1,7,0
UNC,989.001040500035000,12/2/2025 20:31,1,7,0
UNC,989.001040500035000,12/2/2025 20:30,1,7,0
UNC,989.001040500035000,12/2/2025 20:12,1,7,0
UNC,989.001040500035000,12/2/2025 20:11,1,7,0
UNC,989.001040500035000,12/2/2025 20:08,1,7,0
UNC,989.001040500035000,12/2/2025 20:07,1,7,0
UNC,989.001040500035000,12/2/2025 20:07,1,8,0
UNC,989.001040500035000,12/2/2025 20:06,1,7,0
UNC,989.001040500035000,12/2/2025 20:05,1,8,0
UNC,989.002028176996000,12/2/2025 19:36,1,3,0
UNC,989.002028176996000,12/2/2025 19:26,1,3,0
UNC,989.002028176996000,12/2/2025 19:23,1,3,0
UNC,989.002028176996000,12/2/2025 19:22,1,3,0
UNC,989.002028176996000,12/2/2025 19:13,1,3,0
UNC,989.002028176996000,12/2/2025 19:10,1,3,0
UNC,989.002028176996000,12/2/2025 19:08,1,3,0
UNC,989.002028176996000,12/2/2025 19:05,1,3,0
UNC,989.002028176996000,12/2/2025 19:04,1,3,0
UNC,989.002028176996000,12/2/2025 19:03,1,3,0
UNC,989.002028176996000,12/2/2025 18:58,1,3,0
UNC,989.001040500035000,12/2/2025 18:46,1,7,0
UNC,989.001040500035000,12/2/2025 18:45,1,7,0
UNC,989.001040500035000,12/2/2025 18:44,1,7,0
UNC,989.001040500035000,12/2/2025 18:43,1,7,0
UNC,989.001040500035000,12/2/2025 18:42,1,7,0
UNC,989.001040500035000,12/2/2025 18:41,1,7,0
UNC,989.001040500035000,12/2/2025 18:40,1,7,0
UNC,989.001040500035000,12/2/2025 18:38,1,7,0
UNC,989.001040500035000,12/2/2025 18:37,1,6,0
UNC,989.001040500035000,12/2/2025 18:36,1,6,0
UNC,989.001040500035000,12/2/2025 18:35,1,6,0
UNC,989.001040500035000,12/2/2025 18:34,1,6,0
UNC,989.001040500035000,12/2/2025 18:33,1,6,0
UNC,989.001040500035000,12/2/2025 18:32,1,6,0
UNC,989.001040500035000,12/2/2025 18:30,1,6,0
UNC,989.001040500035000,12/2/2025 18:29,1,6,0
UNC,989.001040500035000,12/2/2025 18:28,1,6,0
UNC,989.001040500035000,12/2/2025 18:27,1,6,0
UNC,989.001040500035000,12/2/2025 18:27,1,7,0
UNC,989.001040500035000,12/2/2025 18:26,1,7,0
UNC,989.001040500035000,12/2/2025 18:25,1,7,0
UNC,989.001040500035000,12/2/2025 18:23,1,7,0
UNC,989.001040500035000,12/2/2025 18:22,1,7,0
UNC,989.001040500035000,12/2/2025 18:21,1,7,0
UNC,989.001040500035000,12/2/2025 18:20,1,7,0
UNC,989.001040500035000,12/2/2025 18:19,1,7,0
UNC,989.001040500035000,12/2/2025 18:18,1,7,0
UNC,989.001040500035000,12/2/2025 18:16,1,7,0
UNC,989.001040500035000,12/2/2025 18:15,1,7,0
UNC,989.001040500035000,12/2/2025 18:14,1,7,0
UNC,989.001040500035000,12/2/2025 18:13,1,7,0
UNC,989.002028176996000,12/2/2025 18:12,1,3,0
UNC,989.001040500035000,12/2/2025 18:12,1,7,0
UNC,989.001040500035000,12/2/2025 18:11,1,7,0
UNC,989.001040500035000,12/2/2025 18:10,1,7,0
UNC,989.001040500035000,12/2/2025 18:09,1,7,0
UNC,989.001040500035000,12/2/2025 18:07,1,7,0
UNC,989.001040500035000,12/2/2025 18:04,1,6,0
UNC,989.001040500035000,12/2/2025 18:03,1,6,0
UNC,989.001040500035000,12/2/2025 18:02,1,6,0
UNC,989.001040500035000,12/2/2025 18:01,1,6,0
UNC,989.001040500035000,12/2/2025 18:00,1,6,0
UNC,989.001040500035000,12/2/2025 17:59,1,6,0
UNC,989.001040500035000,12/2/2025 17:58,1,6,0
UNC,989.001040500035000,12/2/2025 17:57,1,6,0
UNC,989.001040500035000,12/2/2025 17:56,1,6,0
UNC,989.001040500035000,12/2/2025 17:55,1,6,0
UNC,989.001040500035000,12/2/2025 17:54,1,6,0
UNC,989.001040500035000,12/2/2025 17:53,1,6,0
UNC,989.001040500035000,12/2/2025 17:51,1,6,0
UNC,989.001040500035000,12/2/2025 17:50,1,6,0
UNC,989.001040500035000,12/2/2025 17:49,1,6,0
UNC,989.001040500035000,12/2/2025 17:48,1,6,0
UNC,989.001040500035000,12/2/2025 17:47,1,6,0
UNC,989.001040500035000,12/2/2025 17:46,1,6,0
UNC,989.001040500035000,12/2/2025 17:46,1,7,0
UNC,989.001040500035000,12/2/2025 17:45,1,6,0
UNC,989.001040500035000,12/2/2025 17:45,1,7,0
UNC,989.001040500035000,12/2/2025 17:44,1,7,0
UNC,989.001040500035000,12/2/2025 17:42,1,7,0
UNC,989.001040500035000,12/2/2025 17:41,1,7,0
UNC,989.001040500035000,12/2/2025 17:39,1,7,0
UNC,989.001040500035000,12/2/2025 17:35,1,7,0
UNC,989.001040500035000,12/2/2025 17:33,1,7,0
UNC,989.001040500035000,12/2/2025 17:32,1,7,0
UNC,989.001040500035000,12/2/2025 17:31,1,7,0
UNC,989.001040500035000,12/2/2025 17:30,1,7,0
UNC,989.001040500035000,12/2/2025 17:24,1,6,0
UNC,989.001040500035000,12/2/2025 17:23,1,6,0
UNC,989.001040500035000,12/2/2025 17:21,1,7,0
UNC,989.001040500035000,12/2/2025 17:17,1,7,0
UNC,989.002028176996000,12/2/2025 17:17,1,2,0
UNC,989.001040500035000,12/2/2025 17:16,1,7,0
UNC,989.001040500035000,12/2/2025 17:15,1,7,0
UNC,989.002028176996000,12/2/2025 17:15,1,3,0
UNC,989.001040500035000,12/2/2025 17:14,1,7,0
UNC,989.001040500035000,12/2/2025 17:13,1,7,0
UNC,989.002028176996000,12/2/2025 17:13,1,3,0
UNC,989.001040500035000,12/2/2025 17:12,1,7,0
UNC,989.001040500035000,12/2/2025 17:12,1,6,0
UNC,989.001040500035000,12/2/2025 17:11,1,6,0
UNC,989.002028176996000,12/2/2025 17:11,1,3,0
UNC,989.001040500035000,12/2/2025 17:10,1,6,0
UNC,989.001040500035000,12/2/2025 17:09,1,6,0
UNC,989.002028176996000,12/2/2025 17:04,1,2,0
UNC,989.001040500035000,12/2/2025 7:02,1,7,0
UNC,989.001040500035000,12/2/2025 7:00,1,7,0
UNC,989.001040500035000,12/2/2025 6:59,1,7,0
UNC,989.001040500035000,12/2/2025 6:58,1,6,0
UNC,989.001040500035000,12/2/2025 6:57,1,6,0
UNC,989.001040500035000,12/2/2025 6:48,1,6,0
UNC,989.001040500035000,12/2/2025 6:47,1,6,0
UNC,989.002028176996000,12/2/2025 6:46,1,2,0
UNC,989.001040500035000,12/2/2025 6:46,1,6,0
UNC,989.002028176996000,12/2/2025 6:45,1,2,0
UNC,989.001040500035000,12/2/2025 6:45,1,6,0
UNC,989.002028176996000,12/2/2025 6:44,1,2,0
UNC,989.001040500035000,12/2/2025 6:44,1,6,0
UNC,989.002028176996000,12/2/2025 6:43,1,2,0
UNC,989.001040500035000,12/2/2025 6:43,1,6,0
UNC,989.001040500035000,12/2/2025 6:42,1,6,0
UNC,989.002028176996000,12/2/2025 6:41,1,2,0
UNC,989.001040500035000,12/2/2025 6:41,1,6,0
UNC,989.002028176996000,12/2/2025 6:40,1,2,0
UNC,989.001040500035000,12/2/2025 6:40,1,6,0
UNC,989.001040500035000,12/2/2025 6:38,1,6,0
UNC,989.001040500035000,12/2/2025 6:37,1,6,0
UNC,989.001040500035000,12/2/2025 6:37,1,7,0
UNC,989.002028176996000,12/2/2025 6:36,1,2,0
UNC,989.001040500035000,12/2/2025 6:36,1,7,0
UNC,989.001040500035000,12/2/2025 6:35,1,7,0
UNC,989.001040500035000,12/2/2025 6:34,1,7,0
UNC,989.002028176996000,12/2/2025 6:34,1,2,0
UNC,989.001040500035000,12/2/2025 6:33,1,6,0
UNC,989.002028176996000,12/2/2025 6:32,1,2,0
UNC,989.001040500035000,12/2/2025 6:32,1,6,0
UNC,989.002028176996000,12/2/2025 6:31,1,2,0
UNC,989.001040500035000,12/2/2025 6:31,1,6,0
UNC,989.002028176996000,12/2/2025 6:30,1,2,0
UNC,989.001040500035000,12/2/2025 6:29,1,6,0
UNC,989.002028176996000,12/2/2025 6:28,1,2,0
UNC,989.001040500035000,12/2/2025 6:28,1,7,0
UNC,989.002028176996000,12/2/2025 6:27,1,2,0
UNC,989.001040500035000,12/2/2025 6:26,1,7,0
UNC,989.002028176996000,12/2/2025 6:26,1,2,0
UNC,989.002028176996000,12/2/2025 6:25,1,2,0
UNC,989.001040500035000,12/2/2025 6:25,1,7,0
UNC,989.002028176996000,12/2/2025 6:24,1,2,0
UNC,989.002028176996000,12/2/2025 6:23,1,2,0
UNC,989.001040500035000,12/2/2025 6:22,1,7,0
UNC,989.002028176996000,12/2/2025 6:22,1,2,0
UNC,989.001040500035000,12/2/2025 6:21,1,7,0
UNC,989.002028176996000,12/2/2025 6:21,1,2,0
UNC,989.001040500035000,12/2/2025 6:20,1,7,0
UNC,989.002028176996000,12/2/2025 6:20,1,2,0
UNC,989.002028176996000,12/2/2025 6:19,1,2,0
UNC,989.002028176996000,12/2/2025 6:18,1,2,0
UNC,989.002028176996000,12/2/2025 6:17,1,2,0
UNC,989.002028176996000,12/2/2025 6:16,1,2,0
UNC,989.002028176996000,12/2/2025 6:15,1,3,0
UNC,989.002028176996000,12/2/2025 6:13,1,3,0
UNC,989.001040500035000,12/2/2025 6:11,1,7,0
UNC,989.002028176996000,12/2/2025 6:10,1,2,0
UNC,989.001040500035000,12/2/2025 6:10,1,6,0
UNC,989.002028176996000,12/2/2025 6:09,1,2,0
UNC,989.001040500035000,12/2/2025 6:09,1,6,0
UNC,989.001040500035000,12/2/2025 6:08,1,6,0
UNC,989.002028176996000,12/2/2025 6:08,1,2,0
UNC,989.002028176996000,12/2/2025 6:08,1,3,0
UNC,989.001040500035000,12/2/2025 6:07,1,6,0
UNC,989.001040500035000,12/2/2025 6:06,1,6,0
UNC,989.001040500035000,12/2/2025 6:05,1,6,0
UNC,989.001040500035000,12/2/2025 6:04,1,6,0
UNC,989.001040500035000,12/2/2025 6:03,1,6,0
UNC,989.001040500035000,12/2/2025 6:02,1,6,0
UNC,989.001040500035000,12/2/2025 5:58,1,6,0
UNC,989.001040500035000,12/2/2025 5:57,1,6,0
UNC,989.001040500035000,12/2/2025 5:56,1,6,0
UNC,989.001040500035000,12/2/2025 5:55,1,6,0
UNC,989.001040500035000,12/2/2025 5:54,1,7,0
UNC,989.002028176996000,12/2/2025 5:54,1,3,0
UNC,989.001040500035000,12/2/2025 5:51,1,7,0
UNC,989.001040500035000,12/2/2025 5:50,1,7,0
UNC,989.001040500035000,12/2/2025 5:48,1,7,0
UNC,989.001040500035000,12/2/2025 5:44,1,7,0
UNC,989.002028176996000,12/2/2025 5:44,1,3,0
UNC,989.001040500035000,12/2/2025 5:43,1,7,0
UNC,989.002028176996000,12/2/2025 5:43,1,3,0
UNC,989.002028176996000,12/2/2025 5:42,1,3,0
UNC,989.002028176996000,12/2/2025 5:30,1,2,0
UNC,989.002028176996000,12/2/2025 5:28,1,2,0
UNC,989.002028176996000,12/2/2025 5:27,1,3,0
UNC,989.002028176996000,12/2/2025 5:24,1,3,0
UNC,989.002028176996000,12/2/2025 5:20,1,3,0
UNC,989.002028176996000,12/2/2025 5:18,1,3,0
UNC,989.002028176996000,12/2/2025 4:55,1,3,0
UNC,989.002028176996000,12/2/2025 4:54,1,3,0
UNC,989.002028176996000,12/2/2025 4:50,1,3,0
UNC,989.002028176831000,12/2/2025 4:50,1,6,0
UNC,989.002028176831000,12/2/2025 4:49,1,1,0
UNC,989.002028176996000,12/2/2025 4:43,1,3,0
UNC,989.001040500035000,12/2/2025 4:43,1,6,0
UNC,989.002028176996000,12/2/2025 4:42,1,3,0
UNC,989.001040500035000,12/2/2025 4:42,1,6,0
UNC,989.001040500035000,12/2/2025 4:41,1,6,0
UNC,989.002028176996000,12/2/2025 4:37,1,2,0
UNC,989.002028176996000,12/2/2025 4:35,1,2,0
UNC,989.002028176996000,12/2/2025 4:32,1,2,0
UNC,989.002028176996000,12/2/2025 4:31,1,2,0
UNC,989.002028176996000,12/2/2025 4:30,1,2,0
UNC,989.002028176996000,12/2/2025 4:29,1,2,0
UNC,989.002028176996000,12/2/2025 4:27,1,2,0
UNC,989.002028176996000,12/2/2025 4:24,1,2,0
UNC,989.002028176996000,12/2/2025 4:23,1,2,0
UNC,989.002028176996000,12/2/2025 4:22,1,2,0
UNC,989.002028176996000,12/2/2025 4:20,1,2,0
UNC,989.001040500035000,12/2/2025 4:16,1,8,0
UNC,989.001040500035000,12/2/2025 4:11,1,8,0
UNC,989.001040500035000,12/2/2025 4:10,1,8,0
UNC,989.001040500035000,12/2/2025 4:09,1,8,0
UNC,989.001040500035000,12/2/2025 4:08,1,8,0
UNC,989.001040500035000,12/2/2025 4:07,1,7,0
UNC,989.001040500035000,12/2/2025 4:06,1,7,0
UNC,989.001040500035000,12/2/2025 4:05,1,7,0
UNC,989.001040500035000,12/2/2025 4:04,1,7,0
UNC,989.001040500035000,12/2/2025 4:02,1,7,0
UNC,989.001040500035000,12/2/2025 4:01,1,8,0
UNC,989.001040500035000,12/2/2025 4:00,1,8,0
UNC,989.002028176996000,12/2/2025 3:27,1,3,0
UNC,989.001040500035000,12/2/2025 3:26,1,8,0
UNC,989.001040500035000,12/2/2025 3:17,1,8,0
UNC,989.001040500035000,12/2/2025 3:16,1,8,0
UNC,989.001040500035000,12/2/2025 3:15,1,8,0
UNC,989.001040500035000,12/2/2025 3:14,1,8,0
UNC,989.001040500035000,12/2/2025 3:13,1,7,0
UNC,989.001040500035000,12/2/2025 3:12,1,7,0
UNC,989.002028176996000,12/2/2025 3:11,1,3,0
UNC,989.001040500035000,12/2/2025 3:11,1,7,0
UNC,989.001040500035000,12/2/2025 3:10,1,7,0
UNC,989.001040500035000,12/2/2025 3:09,1,7,0
UNC,989.001040500035000,12/2/2025 3:08,1,7,0
UNC,989.002028176996000,12/2/2025 3:08,1,3,0
UNC,989.001040500035000,12/2/2025 3:07,1,7,0
UNC,989.001040500035000,12/2/2025 3:06,1,7,0
UNC,989.001040500120000,12/2/2025 3:05,1,7,0
UNC,989.001040500035000,12/2/2025 3:05,1,7,0
UNC,989.001040500035000,12/2/2025 3:04,1,7,0
UNC,989.001040500035000,12/2/2025 3:02,1,7,0
UNC,989.001040500035000,12/2/2025 3:01,1,7,0
UNC,989.001040500035000,12/2/2025 3:00,1,7,0
UNC,989.001040500035000,12/2/2025 2:59,1,7,0
UNC,989.001040500035000,12/2/2025 2:58,1,7,0
UNC,989.001040500035000,12/2/2025 2:55,1,7,0
UNC,989.001040500035000,12/2/2025 2:53,1,7,0
UNC,989.001040500035000,12/2/2025 2:52,1,7,0
UNC,989.001040500035000,12/2/2025 2:50,1,7,0
UNC,989.001040500035000,12/2/2025 2:50,1,8,0
UNC,989.001040500035000,12/2/2025 2:49,1,8,0
UNC,989.001040500035000,12/2/2025 2:48,1,8,0
UNC,989.001040500035000,12/2/2025 2:46,1,8,0
UNC,989.001040500035000,12/2/2025 2:45,1,8,0
UNC,989.001040500035000,12/2/2025 2:44,1,8,0
UNC,989.001040500035000,12/2/2025 2:42,1,8,0
UNC,989.001040500035000,12/2/2025 2:41,1,8,0
UNC,989.001040500035000,12/2/2025 2:40,1,8,0
UNC,989.001040500035000,12/2/2025 2:17,1,7,0
UNC,989.001040500035000,12/2/2025 2:12,1,7,0
UNC,989.001040500035000,12/2/2025 2:11,1,7,0
UNC,989.001040500035000,12/2/2025 2:09,1,7,0
UNC,989.001040500035000,12/2/2025 2:08,1,7,0
UNC,989.001040500035000,12/2/2025 2:07,1,7,0
UNC,989.002028177230000,12/2/2025 2:07,1,2,0
UNC,989.001040500035000,12/2/2025 2:06,1,7,0
UNC,989.001040500035000,12/2/2025 2:05,1,7,0
UNC,989.001040500035000,12/2/2025 2:04,1,7,0
UNC,989.001040500035000,12/2/2025 2:03,1,7,0
UNC,989.001040500035000,12/2/2025 2:03,1,6,0
UNC,989.001040500035000,12/2/2025 2:01,1,6,0
UNC,989.001040500035000,12/2/2025 2:00,1,6,0
UNC,989.001040500035000,12/2/2025 2:00,1,7,0
UNC,989.001040500035000,12/2/2025 1:57,1,7,0
UNC,989.001040500035000,12/2/2025 1:56,1,7,0
UNC,989.001040500035000,12/2/2025 1:55,1,7,0
UNC,989.001040500035000,12/2/2025 1:53,1,7,0
UNC,989.001040500035000,12/2/2025 1:48,1,7,0
UNC,989.001040500035000,12/2/2025 1:44,1,7,0
UNC,989.001040500035000,12/2/2025 1:30,1,7,0
UNC,989.001040500035000,12/2/2025 1:28,1,7,0
UNC,989.001040500035000,12/2/2025 1:27,1,7,0
UNC,989.001040500035000,12/2/2025 1:26,1,7,0
UNC,989.001040500035000,12/2/2025 1:25,1,7,0
UNC,989.001040500035000,12/2/2025 1:24,1,7,0
UNC,989.001040500035000,12/2/2025 1:23,1,6,0
UNC,989.001040500035000,12/2/2025 1:22,1,6,0
UNC,989.001040500035000,12/2/2025 1:21,1,6,0
UNC,989.001040500035000,12/2/2025 1:20,1,6,0
UNC,989.001040500035000,12/2/2025 1:19,1,6,0
UNC,989.001040500035000,12/2/2025 1:18,1,6,0
UNC,989.001040500035000,12/2/2025 1:17,1,6,0
UNC,989.001040500035000,12/2/2025 1:15,1,6,0
UNC,989.001040500035000,12/2/2025 1:14,1,6,0
UNC,989.001040500035000,12/2/2025 0:52,1,7,0
UNC,989.001040500035000,12/2/2025 0:51,1,7,0
UNC,989.001040500035000,12/2/2025 0:50,1,7,0
UNC,989.001040500035000,12/2/2025 0:49,1,7,0
UNC,989.001040500035000,12/2/2025 0:48,1,7,0
UNC,989.001040500035000,12/2/2025 0:47,1,7,0
UNC,989.001040500035000,12/2/2025 0:46,1,7,0
UNC,989.001040500035000,12/2/2025 0:45,1,7,0
UNC,989.001040500035000,12/2/2025 0:44,1,7,0
UNC,989.001040500035000,12/2/2025 0:43,1,7,0
UNC,989.001040500035000,12/2/2025 0:42,1,7,0
UNC,989.001040500035000,12/2/2025 0:40,1,7,0
UNC,989.001040500035000,12/2/2025 0:39,1,7,0
UNC,989.001040500035000,12/2/2025 0:38,1,7,0
UNC,989.001040500035000,12/2/2025 0:37,1,7,0
UNC,989.001040500035000,12/2/2025 0:36,1,7,0
UNC,989.001040500035000,12/2/2025 0:36,1,6,0
UNC,989.001040500035000,12/2/2025 0:35,1,6,0
UNC,989.001040500035000,12/2/2025 0:33,1,6,0
UNC,989.001040500035000,12/2/2025 0:32,1,6,0
UNC,989.002028177230000,12/2/2025 0:31,1,1,0
UNC,989.002028177230000,12/2/2025 0:31,1,2,0
UNC,989.001040500035000,12/2/2025 0:31,1,6,0
UNC,989.001040500035000,12/2/2025 0:30,1,6,0
UNC,989.001040500035000,12/2/2025 0:28,1,6,0
UNC,989.001040500035000,12/2/2025 0:27,1,6,0
UNC,989.001040500035000,12/2/2025 0:26,1,6,0
UNC,989.001040500035000,12/2/2025 0:25,1,6,0
UNC,989.001040500035000,12/2/2025 0:24,1,6,0
UNC,989.001040500035000,12/2/2025 0:23,1,6,0
UNC,989.001040500035000,12/2/2025 0:22,1,6,0
UNC,989.001040500035000,12/2/2025 0:21,1,7,0
UNC,989.001040500035000,12/2/2025 0:20,1,7,0
UNC,989.001040500035000,12/2/2025 0:18,1,7,0
UNC,989.001040500035000,12/2/2025 0:17,1,7,0
UNC,989.001040500035000,12/2/2025 0:12,1,7,0
UNC,989.001040500035000,12/2/2025 0:10,1,7,0
UNC,989.001040500035000,12/2/2025 0:08,1,7,0
UNC,989.001040500035000,12/2/2025 0:05,1,7,0
UNC,989.002028177230000,12/2/2025 0:05,1,7,0
UNC,989.001040500035000,12/2/2025 0:04,1,7,0
UNC,989.001040500035000,12/2/2025 0:03,1,7,0
UNC,989.001040500035000,12/1/2025 23:59,1,7,0
UNC,989.001040500035000,12/1/2025 23:54,1,7,0
UNC,989.001040500035000,12/1/2025 23:53,1,7,0
UNC,989.001040500035000,12/1/2025 23:51,1,7,0
UNC,989.001040500035000,12/1/2025 23:50,1,7,0
UNC,989.001040500035000,12/1/2025 23:49,1,7,0
UNC,989.001040500035000,12/1/2025 23:46,1,7,0
UNC,989.001040500035000,12/1/2025 23:41,1,7,0
UNC,989.001040500035000,12/1/2025 23:38,1,7,0
UNC,989.001040500035000,12/1/2025 23:36,1,7,0
UNC,989.001040500035000,12/1/2025 23:35,1,7,0
UNC,989.001040500035000,12/1/2025 23:32,1,7,0
UNC,989.001040500035000,12/1/2025 23:30,1,7,0
UNC,989.001040500035000,12/1/2025 23:03,1,7,0
UNC,989.001040500035000,12/1/2025 22:13,1,7,0
UNC,989.001040500035000,12/1/2025 22:11,1,7,0
UNC,989.001040500035000,12/1/2025 22:09,1,7,0
UNC,989.001040500035000,12/1/2025 22:04,1,7,0
UNC,989.001040500035000,12/1/2025 22:02,1,7,0
UNC,989.001040500035000,12/1/2025 22:02,1,6,0
UNC,989.001040500035000,12/1/2025 22:01,1,6,0
UNC,989.001040500035000,12/1/2025 22:00,1,6,0
UNC,989.001040500035000,12/1/2025 21:59,1,6,0
UNC,989.001040500035000,12/1/2025 21:58,1,6,0
UNC,989.001040500035000,12/1/2025 21:57,1,6,0
UNC,989.001040500035000,12/1/2025 21:56,1,6,0
UNC,989.001040500035000,12/1/2025 21:55,1,6,0
UNC,989.001040500035000,12/1/2025 20:28,1,7,0
UNC,989.001040500035000,12/1/2025 20:27,1,7,0
UNC,989.001040500035000,12/1/2025 20:24,1,7,0
UNC,989.001040500035000,12/1/2025 20:23,1,7,0
UNC,989.001040500035000,12/1/2025 20:22,1,7,0
UNC,989.001040500035000,12/1/2025 20:21,1,7,0
UNC,989.001040500035000,12/1/2025 19:28,1,7,0
UNC,989.001040500035000,12/1/2025 18:36,1,7,0
UNC,989.002028177230000,12/1/2025 18:22,1,6,0
UNC,989.002028177230000,12/1/2025 18:22,1,1,0
UNC,989.001040500035000,12/1/2025 18:00,1,7,0
UNC,989.001040500035000,12/1/2025 17:55,1,7,0
UNC,989.001040500035000,12/1/2025 17:53,1,7,0
UNC,989.001040500035000,12/1/2025 17:48,1,7,0
UNC,989.001040500035000,12/1/2025 17:46,1,7,0
UNC,989.001040500035000,12/1/2025 17:40,1,7,0
UNC,989.001040500035000,12/1/2025 17:39,1,7,0
UNC,989.001040500035000,12/1/2025 17:38,1,7,0
UNC,989.001040500035000,12/1/2025 17:37,1,7,0
UNC,989.002028176996000,12/1/2025 17:37,1,3,0
UNC,989.001040500035000,12/1/2025 17:36,1,7,0
UNC,989.002028176996000,12/1/2025 17:36,1,3,0
UNC,989.001040500035000,12/1/2025 17:35,1,7,0
UNC,989.002028176996000,12/1/2025 17:34,1,3,0
UNC,989.001040500035000,12/1/2025 17:33,1,7,0
UNC,989.001040500035000,12/1/2025 17:32,1,7,0
UNC,989.002028176996000,12/1/2025 17:31,1,3,0
UNC,989.001040500035000,12/1/2025 17:30,1,7,0
UNC,989.001040500035000,12/1/2025 17:28,1,7,0
UNC,989.001040500035000,12/1/2025 17:27,1,7,0
UNC,989.001040500035000,12/1/2025 17:27,1,6,0
UNC,989.001040500035000,12/1/2025 17:26,1,6,0
UNC,989.001040500035000,12/1/2025 17:25,1,6,0
UNC,989.001040500035000,12/1/2025 17:24,1,6,0
UNC,989.001040500035000,12/1/2025 17:22,1,6,0
UNC,989.001040500035000,12/1/2025 17:20,1,6,0
UNC,989.001040500035000,12/1/2025 17:19,1,6,0
UNC,989.001040500035000,12/1/2025 17:18,1,6,0
UNC,989.001040500035000,12/1/2025 17:17,1,6,0
UNC,989.001040500035000,12/1/2025 17:16,1,6,0
UNC,989.001040500035000,12/1/2025 17:16,1,7,0
UNC,989.001040500035000,12/1/2025 17:14,1,6,0
UNC,989.001040500035000,12/1/2025 17:14,1,7,0
UNC,989.001040500035000,12/1/2025 17:13,1,6,0
UNC,989.001040500035000,12/1/2025 17:12,1,6,0
UNC,989.001040500035000,12/1/2025 17:11,1,6,0
UNC,989.001040500035000,12/1/2025 17:10,1,6,0
UNC,989.001040500035000,12/1/2025 17:09,1,6,0
UNC,989.001040500035000,12/1/2025 17:08,1,6,0
UNC,989.001040500035000,12/1/2025 17:07,1,7,0
UNC,989.001040500035000,12/1/2025 17:06,1,7,0
UNC,989.001040500035000,12/1/2025 17:05,1,7,0
UNC,989.001040500035000,12/1/2025 17:04,1,7,0
UNC,989.001040500035000,12/1/2025 17:03,1,7,0
UNC,989.001040500035000,12/1/2025 17:02,1,7,0
UNC,989.001040500035000,12/1/2025 17:01,1,6,0
UNC,989.001040500035000,12/1/2025 17:00,1,6,0
UNC,989.001040500035000,12/1/2025 16:59,1,6,0
UNC,989.001040500035000,12/1/2025 16:57,1,6,0
UNC,989.001030620668000,12/1/2025 7:27,1,7,0
UNC,989.001030620668000,12/1/2025 7:24,1,7,0
UNC,989.001030620668000,12/1/2025 7:23,1,2,0
UNC,989.002028176695000,12/1/2025 7:20,1,2,0
UNC,989.002028176695000,12/1/2025 7:18,1,2,0
UNC,989.002028176695000,12/1/2025 7:10,1,1,0
UNC,989.002028176695000,12/1/2025 7:09,1,1,0
UNC,989.002028176695000,12/1/2025 7:02,1,7,0
UNC,989.002028176695000,12/1/2025 7:00,1,7,0
UNC,989.002028176695000,12/1/2025 6:59,1,7,0
UNC,989.001040500035000,12/1/2025 6:58,1,6,0
UNC,989.002028176695000,12/1/2025 6:58,1,6,0
UNC,989.001040500035000,12/1/2025 6:57,1,6,0
UNC,989.002028176695000,12/1/2025 6:57,1,6,0
UNC,989.002028176695000,12/1/2025 6:57,1,7,0
UNC,989.001040500035000,12/1/2025 6:56,1,6,0
UNC,989.002028176695000,12/1/2025 6:56,1,7,0
UNC,989.001040500035000,12/1/2025 6:55,1,6,0
UNC,989.002028176695000,12/1/2025 6:55,1,7,0
UNC,989.001040500035000,12/1/2025 6:54,1,6,0
UNC,989.002028176695000,12/1/2025 6:54,1,7,0
UNC,989.001040500035000,12/1/2025 6:53,1,6,0
UNC,989.001040500035000,12/1/2025 6:52,1,6,0
UNC,989.002028177050000,12/1/2025 6:52,1,1,0
UNC,989.001040500035000,12/1/2025 6:51,1,6,0
UNC,989.002028176695000,12/1/2025 6:50,1,7,0
UNC,989.001040500035000,12/1/2025 6:50,1,7,0
UNC,989.002028176695000,12/1/2025 6:50,1,6,0
UNC,989.001040500035000,12/1/2025 6:49,1,6,0
UNC,989.002028176695000,12/1/2025 6:49,1,6,0
UNC,989.002028177050000,12/1/2025 6:48,1,1,0
UNC,989.001040500035000,12/1/2025 6:48,1,6,0
UNC,989.002028176695000,12/1/2025 6:48,1,6,0
UNC,989.002028176695000,12/1/2025 6:46,1,7,0
UNC,989.002028176695000,12/1/2025 6:45,1,6,0
UNC,989.002028176695000,12/1/2025 6:45,1,7,0
UNC,989.002028177050000,12/1/2025 6:45,1,7,0
UNC,989.001030620668000,12/1/2025 6:45,1,1,0
UNC,989.002028176695000,12/1/2025 6:44,1,6,0
UNC,989.002028176695000,12/1/2025 6:43,1,6,0
UNC,989.001040500035000,12/1/2025 6:42,1,7,0
UNC,989.002028176695000,12/1/2025 6:42,1,7,0
UNC,989.001040500035000,12/1/2025 6:40,1,7,0
UNC,989.001040500035000,12/1/2025 6:39,1,7,0
UNC,989.001040500035000,12/1/2025 6:38,1,6,0
UNC,989.001030620668000,12/1/2025 6:38,1,7,0
UNC,989.002028176695000,12/1/2025 6:38,1,2,0
UNC,989.002028176695000,12/1/2025 6:38,1,1,0
UNC,989.001040500035000,12/1/2025 6:37,1,6,0
UNC,989.001030620668000,12/1/2025 6:37,1,6,0
UNC,989.001040500035000,12/1/2025 6:37,1,7,0
UNC,989.002028176695000,12/1/2025 6:36,1,1,0
UNC,989.001030620668000,12/1/2025 6:36,1,6,0
UNC,989.001040500035000,12/1/2025 6:36,1,7,0
UNC,989.001040500035000,12/1/2025 6:35,1,6,0
UNC,989.002028176695000,12/1/2025 6:35,1,1,0
UNC,989.001030620668000,12/1/2025 6:35,1,6,0
UNC,989.001040500035000,12/1/2025 6:34,1,6,0
UNC,989.002028176695000,12/1/2025 6:34,1,2,0
UNC,989.001030620668000,12/1/2025 6:34,1,6,0
UNC,989.001040500035000,12/1/2025 6:33,1,6,0
UNC,989.001030620668000,12/1/2025 6:33,1,6,0
UNC,989.001040500035000,12/1/2025 6:33,1,7,0
UNC,989.001030620668000,12/1/2025 6:32,1,6,0
UNC,989.001040500035000,12/1/2025 6:31,1,7,0
UNC,989.001030620668000,12/1/2025 6:31,1,6,0
UNC,989.001030620668000,12/1/2025 6:30,1,6,0
UNC,989.001040500035000,12/1/2025 6:29,1,7,0
UNC,989.001030620668000,12/1/2025 6:29,1,6,0
UNC,989.001030620668000,12/1/2025 6:28,1,6,0
UNC,989.001030620668000,12/1/2025 6:27,1,6,0
UNC,989.001030620668000,12/1/2025 6:26,1,6,0
UNC,989.001040500035000,12/1/2025 6:25,1,8,0
UNC,989.001030620668000,12/1/2025 6:25,1,6,0
UNC,989.001030620668000,12/1/2025 6:24,1,6,0
UNC,989.001040500035000,12/1/2025 6:24,1,8,0
UNC,989.001030620668000,12/1/2025 6:23,1,6,0
UNC,989.001040500035000,12/1/2025 6:22,1,8,0
UNC,989.001030620668000,12/1/2025 6:22,1,6,0
UNC,989.001040500035000,12/1/2025 6:21,1,8,0
UNC,989.001030620668000,12/1/2025 6:21,1,6,0
UNC,989.001040500035000,12/1/2025 6:20,1,8,0
UNC,989.001030620668000,12/1/2025 6:20,1,6,0
UNC,989.001040500035000,12/1/2025 6:19,1,8,0
UNC,989.001030620668000,12/1/2025 6:19,1,6,0
UNC,989.001040500035000,12/1/2025 6:18,1,8,0
UNC,989.001030620668000,12/1/2025 6:18,1,6,0
UNC,989.001040500035000,12/1/2025 6:17,1,8,0
UNC,989.001030620668000,12/1/2025 6:17,1,6,0
UNC,989.001040500035000,12/1/2025 6:16,1,8,0
UNC,989.001030620668000,12/1/2025 6:16,1,6,0
UNC,989.001040500035000,12/1/2025 6:15,1,8,0
UNC,989.001030620668000,12/1/2025 6:15,1,6,0
UNC,989.001030620668000,12/1/2025 6:14,1,6,0
UNC,989.001040500035000,12/1/2025 6:14,1,8,0
UNC,989.001030620668000,12/1/2025 6:13,1,6,0
UNC,989.001040500035000,12/1/2025 6:13,1,8,0
UNC,989.001030620668000,12/1/2025 6:12,1,6,0
UNC,989.001040500035000,12/1/2025 6:12,1,8,0
UNC,989.001030620186000,12/1/2025 6:12,1,9,0
UNC,989.001030620668000,12/1/2025 6:11,1,6,0
UNC,989.001030620668000,12/1/2025 6:10,1,6,0
UNC,989.001030620186000,12/1/2025 6:09,1,8,0
UNC,989.001030620668000,12/1/2025 6:09,1,6,0
UNC,989.001030620668000,12/1/2025 6:08,1,6,0
UNC,989.001030620668000,12/1/2025 6:07,1,6,0
UNC,989.001030620668000,12/1/2025 6:06,1,6,0
UNC,989.001040500035000,12/1/2025 6:06,1,8,0
UNC,989.001030620668000,12/1/2025 6:05,1,6,0
UNC,989.001040500035000,12/1/2025 6:05,1,8,0
UNC,989.001030620668000,12/1/2025 6:04,1,6,0
UNC,989.001030620668000,12/1/2025 6:03,1,6,0
UNC,989.001030620668000,12/1/2025 6:02,1,6,0
UNC,989.001030620668000,12/1/2025 6:01,1,6,0
UNC,989.001030620668000,12/1/2025 6:00,1,6,0
UNC,989.001040500035000,12/1/2025 5:59,1,8,0
UNC,989.001030620668000,12/1/2025 5:59,1,6,0
UNC,989.001030620668000,12/1/2025 5:58,1,6,0
UNC,989.001030620668000,12/1/2025 5:57,1,6,0
UNC,989.001030620668000,12/1/2025 5:56,1,6,0
UNC,989.001030620668000,12/1/2025 5:55,1,6,0
UNC,989.001040500035000,12/1/2025 5:54,1,8,0
UNC,989.001030620668000,12/1/2025 5:54,1,6,0
UNC,989.001030620668000,12/1/2025 5:53,1,6,0
UNC,989.001030620668000,12/1/2025 5:52,1,6,0
UNC,989.001030620668000,12/1/2025 5:51,1,6,0
UNC,989.001030620668000,12/1/2025 5:50,1,6,0
UNC,989.001040500035000,12/1/2025 5:49,1,8,0
UNC,989.001030620668000,12/1/2025 5:49,1,6,0
UNC,989.001030620668000,12/1/2025 5:48,1,6,0
UNC,989.001030620668000,12/1/2025 5:47,1,6,0
UNC,989.001030620186000,12/1/2025 5:46,1,7,0
UNC,989.001030620668000,12/1/2025 5:46,1,6,0
UNC,989.001030620186000,12/1/2025 5:45,1,7,0
UNC,989.001030620186000,12/1/2025 5:45,1,8,0
UNC,989.001030620186000,12/1/2025 5:41,1,8,0
UNC,989.001030620186000,12/1/2025 5:38,1,8,0
UNC,989.001030620186000,12/1/2025 5:36,1,8,0
UNC,989.002028176996000,12/1/2025 5:18,1,3,0
UNC,989.001040500035000,12/1/2025 5:16,1,7,0
UNC,989.001040500035000,12/1/2025 5:15,1,7,0
UNC,989.001040500035000,12/1/2025 5:15,1,6,0
UNC,989.001040500035000,12/1/2025 5:14,1,6,0
UNC,989.001040500035000,12/1/2025 5:13,1,6,0
UNC,989.001040500035000,12/1/2025 5:12,1,6,0
UNC,989.001040500035000,12/1/2025 4:55,1,6,0
UNC,989.001040500035000,12/1/2025 4:54,1,6,0
UNC,989.001040500035000,12/1/2025 4:53,1,6,0
UNC,989.001040500035000,12/1/2025 4:52,1,6,0
UNC,989.001040500035000,12/1/2025 4:51,1,6,0
UNC,989.001040500035000,12/1/2025 4:50,1,6,0
UNC,989.001040500035000,12/1/2025 4:50,1,7,0
UNC,989.001040500035000,12/1/2025 4:48,1,7,0
UNC,989.001040500035000,12/1/2025 4:47,1,7,0
UNC,989.002028176996000,12/1/2025 4:44,1,3,0
UNC,989.001040500035000,12/1/2025 4:44,1,7,0
UNC,989.001040500035000,12/1/2025 4:42,1,8,0
UNC,989.001040500035000,12/1/2025 4:40,1,8,0
UNC,989.001040500035000,12/1/2025 4:38,1,8,0
UNC,989.001040500035000,12/1/2025 4:33,1,8,0
UNC,989.001040500035000,12/1/2025 4:21,1,8,0
UNC,989.001040500035000,12/1/2025 4:20,1,8,0
UNC,989.001040500035000,12/1/2025 4:19,1,8,0
UNC,989.001040500035000,12/1/2025 4:18,1,7,0
UNC,989.001040500035000,12/1/2025 4:17,1,7,0
UNC,989.002028176996000,12/1/2025 4:15,1,3,0
UNC,989.001040500035000,12/1/2025 4:15,1,7,0
UNC,989.001040500035000,12/1/2025 4:13,1,7,0
UNC,989.001040500035000,12/1/2025 4:13,1,6,0
UNC,989.001040500035000,12/1/2025 4:12,1,6,0
UNC,989.001040500035000,12/1/2025 4:11,1,6,0
UNC,989.001040500035000,12/1/2025 4:10,1,6,0
UNC,989.001040500035000,12/1/2025 4:08,1,6,0
UNC,989.001040500035000,12/1/2025 4:07,1,6,0
UNC,989.001040500035000,12/1/2025 4:06,1,6,0
UNC,989.001040500035000,12/1/2025 4:06,1,7,0
UNC,989.001040500035000,12/1/2025 4:04,1,6,0
UNC,989.001040500035000,12/1/2025 4:03,1,6,0
UNC,989.001040500035000,12/1/2025 4:02,1,6,0
UNC,989.001040500035000,12/1/2025 4:01,1,6,0
UNC,989.001040500035000,12/1/2025 4:00,1,6,0
UNC,989.001040500035000,12/1/2025 3:59,1,6,0
UNC,989.001040500035000,12/1/2025 3:58,1,6,0
UNC,989.002028176996000,12/1/2025 3:57,1,3,0
UNC,989.001040500035000,12/1/2025 3:57,1,6,0
UNC,989.002028176996000,12/1/2025 3:56,1,3,0
UNC,989.001040500035000,12/1/2025 3:56,1,6,0
UNC,989.001040500035000,12/1/2025 3:55,1,6,0
UNC,989.001040500035000,12/1/2025 3:54,1,6,0
UNC,989.001040500035000,12/1/2025 3:52,1,6,0
UNC,989.001040500035000,12/1/2025 3:51,1,6,0
UNC,989.001040500035000,12/1/2025 3:50,1,6,0
UNC,989.001040500035000,12/1/2025 3:49,1,6,0
UNC,989.001040500035000,12/1/2025 3:48,1,6,0
UNC,989.001040500035000,12/1/2025 3:47,1,6,0
UNC,989.001040500035000,12/1/2025 3:46,1,6,0
UNC,989.001040500035000,12/1/2025 3:45,1,6,0
UNC,989.001040500035000,12/1/2025 3:44,1,6,0
UNC,989.001040500035000,12/1/2025 3:43,1,7,0
UNC,989.001040500035000,12/1/2025 3:42,1,7,0
UNC,989.001040500035000,12/1/2025 3:39,1,7,0
UNC,989.001040500035000,12/1/2025 3:38,1,7,0
UNC,989.001040500035000,12/1/2025 3:21,1,8,0
UNC,989.001040500035000,12/1/2025 3:19,1,8,0
UNC,989.001040500035000,12/1/2025 3:17,1,8,0
UNC,989.001040500035000,12/1/2025 3:14,1,8,0
UNC,989.001040500035000,12/1/2025 3:13,1,8,0
UNC,989.001040500035000,12/1/2025 3:09,1,8,0
UNC,989.001040500035000,12/1/2025 3:08,1,8,0
UNC,989.001040500035000,12/1/2025 3:07,1,8,0
UNC,989.001040500035000,12/1/2025 3:05,1,7,0
UNC,989.001040500035000,12/1/2025 3:04,1,7,0
UNC,989.001040500035000,12/1/2025 3:00,1,7,0
UNC,989.001040500035000,12/1/2025 2:58,1,7,0
UNC,989.001040500035000,12/1/2025 2:57,1,7,0
UNC,989.001040500035000,12/1/2025 2:56,1,7,0
UNC,989.001040500035000,12/1/2025 2:55,1,7,0
UNC,989.001040500035000,12/1/2025 2:54,1,7,0
UNC,989.002028176996000,12/1/2025 2:31,1,3,0
UNC,989.001040500035000,12/1/2025 2:22,1,7,0
UNC,989.002028176996000,12/1/2025 2:21,1,3,0
UNC,989.001040500035000,12/1/2025 2:21,1,7,0
UNC,989.001040500035000,12/1/2025 2:19,1,7,0
UNC,989.001040500035000,12/1/2025 2:16,1,7,0
UNC,989.001040500035000,12/1/2025 2:13,1,7,0
UNC,989.001040500035000,12/1/2025 2:08,1,7,0
UNC,989.001040500035000,12/1/2025 2:07,1,7,0
UNC,989.001040500035000,12/1/2025 2:06,1,7,0
UNC,989.001040500035000,12/1/2025 2:03,1,7,0
UNC,989.001040500035000,12/1/2025 2:02,1,7,0
UNC,989.001040500035000,12/1/2025 1:56,1,7,0
UNC,989.001040500035000,12/1/2025 1:55,1,7,0
UNC,989.001040500035000,12/1/2025 1:53,1,7,0
UNC,989.001040500035000,12/1/2025 1:47,1,7,0
UNC,989.002028176996000,12/1/2025 1:46,1,3,0
UNC,989.001040500035000,12/1/2025 1:46,1,7,0
UNC,989.001040500035000,12/1/2025 1:45,1,7,0
UNC,989.001040500035000,12/1/2025 1:44,1,7,0
UNC,989.001040500035000,12/1/2025 1:43,1,7,0
UNC,989.001030620186000,12/1/2025 1:42,1,7,0
UNC,989.001040500035000,12/1/2025 1:42,1,6,0
UNC,989.001030620186000,12/1/2025 1:41,1,8,0
UNC,989.001040500035000,12/1/2025 1:40,1,7,0
UNC,989.001040500035000,12/1/2025 1:40,1,6,0
UNC,989.001040500035000,12/1/2025 1:39,1,6,0
UNC,989.001040500035000,12/1/2025 1:38,1,6,0
UNC,989.001040500035000,12/1/2025 1:37,1,6,0
UNC,989.001040500035000,12/1/2025 1:36,1,6,0
UNC,989.001040500035000,12/1/2025 1:35,1,6,0
UNC,989.001040500035000,12/1/2025 1:33,1,6,0
UNC,989.001040500035000,12/1/2025 1:32,1,6,0
UNC,989.001040500035000,12/1/2025 1:31,1,6,0
UNC,989.001040500035000,12/1/2025 1:30,1,6,0
UNC,989.001040500035000,12/1/2025 1:29,1,6,0
UNC,989.001040500035000,12/1/2025 1:28,1,6,0
UNC,989.001040500035000,12/1/2025 1:26,1,6,0
UNC,989.001040500035000,12/1/2025 1:25,1,6,0
UNC,989.001040500035000,12/1/2025 1:24,1,6,0
UNC,989.001040500035000,12/1/2025 1:23,1,6,0
UNC,989.001040500035000,12/1/2025 1:22,1,6,0
UNC,989.001040500035000,12/1/2025 1:21,1,6,0
UNC,989.001040500035000,12/1/2025 1:20,1,6,0
UNC,989.001040500035000,12/1/2025 1:19,1,6,0
UNC,989.001040500035000,12/1/2025 1:18,1,6,0
UNC,989.001040500035000,12/1/2025 1:17,1,6,0
UNC,989.001040500035000,12/1/2025 1:16,1,6,0
UNC,989.001040500035000,12/1/2025 1:15,1,6,0
UNC,989.001040500035000,12/1/2025 1:14,1,6,0
UNC,989.001040500035000,12/1/2025 1:12,1,6,0
UNC,989.001040500035000,12/1/2025 1:11,1,6,0
UNC,989.001040500035000,12/1/2025 1:10,1,6,0
UNC,989.001040500035000,12/1/2025 1:09,1,6,0
UNC,989.001040500035000,12/1/2025 1:08,1,6,0
UNC,989.001040500035000,12/1/2025 1:07,1,6,0
UNC,989.001040500035000,12/1/2025 1:06,1,6,0
UNC,989.001040500035000,12/1/2025 1:05,1,6,0
UNC,989.001040500035000,12/1/2025 1:04,1,7,0
UNC,989.001040500035000,12/1/2025 1:03,1,7,0
UNC,989.001040500035000,12/1/2025 1:02,1,7,0
UNC,989.001040500035000,12/1/2025 1:01,1,7,0
UNC,989.001040500035000,12/1/2025 1:00,1,7,0
UNC,989.001040500035000,12/1/2025 0:59,1,7,0
UNC,989.001040500035000,12/1/2025 0:58,1,7,0
UNC,989.001040500035000,12/1/2025 0:57,1,7,0
UNC,989.001040500035000,12/1/2025 0:56,1,7,0
UNC,989.001040500035000,12/1/2025 0:55,1,7,0
UNC,989.001040500035000,12/1/2025 0:54,1,7,0
UNC,989.001040500035000,12/1/2025 0:53,1,7,0
UNC,989.001040500035000,12/1/2025 0:52,1,7,0
UNC,989.001040500035000,12/1/2025 0:51,1,7,0
UNC,989.001040500035000,12/1/2025 0:50,1,7,0
UNC,989.001040500035000,12/1/2025 0:49,1,7,0
UNC,989.001040500035000,12/1/2025 0:48,1,7,0
UNC,989.001040500035000,12/1/2025 0:47,1,7,0
UNC,989.001040500035000,12/1/2025 0:46,1,7,0
UNC,989.001040500035000,12/1/2025 0:45,1,6,0
UNC,989.001040500035000,12/1/2025 0:45,1,7,0
UNC,989.001040500035000,12/1/2025 0:44,1,7,0
UNC,989.001040500035000,12/1/2025 0:43,1,7,0
UNC,989.001040500035000,12/1/2025 0:42,1,7,0
UNC,989.001040500035000,12/1/2025 0:40,1,7,0
UNC,989.001040500035000,12/1/2025 0:39,1,7,0
UNC,989.001040500035000,12/1/2025 0:38,1,7,0
UNC,989.001040500035000,12/1/2025 0:37,1,7,0
UNC,989.001040500035000,12/1/2025 0:36,1,7,0
UNC,989.001040500035000,12/1/2025 0:35,1,7,0
UNC,989.001040500035000,12/1/2025 0:34,1,7,0
UNC,989.001040500035000,12/1/2025 0:33,1,7,0
UNC,989.001040500035000,12/1/2025 0:32,1,7,0
UNC,989.001040500035000,12/1/2025 0:30,1,7,0
UNC,989.001040500035000,12/1/2025 0:28,1,7,0
UNC,989.001040500035000,12/1/2025 0:24,1,7,0
UNC,989.001040500035000,12/1/2025 0:19,1,7,0
UNC,989.001040500035000,12/1/2025 0:16,1,7,0
UNC,989.001040500035000,12/1/2025 0:09,1,7,0
UNC,989.001040500035000,12/1/2025 0:07,1,7,0
UNC,989.001040500035000,12/1/2025 0:02,1,7,0
UNC,989.001040500035000,12/1/2025 0:01,1,7,0
UNC,989.001030621374000,12/1/2025 0:01,1,2,0
UNC,989.001040500035000,11/30/2025 23:56,1,7,0
UNC,989.001040500035000,11/30/2025 23:50,1,7,0
UNC,989.001040500035000,11/30/2025 23:45,1,6,0
UNC,989.001040500035000,11/30/2025 23:44,1,6,0
UNC,989.001040500035000,11/30/2025 23:43,1,6,0
UNC,989.001040500035000,11/30/2025 23:42,1,6,0
UNC,989.001040500035000,11/30/2025 23:41,1,6,0
UNC,989.001040500035000,11/30/2025 23:40,1,6,0
UNC,989.001040500035000,11/30/2025 23:39,1,6,0
UNC,989.001040500035000,11/30/2025 23:37,1,6,0
UNC,989.001040500035000,11/30/2025 23:36,1,6,0
UNC,989.002028176996000,11/30/2025 23:36,1,2,0
UNC,989.001040500035000,11/30/2025 23:35,1,6,0
UNC,989.001040500035000,11/30/2025 23:34,1,6,0
UNC,989.001040500035000,11/30/2025 23:33,1,6,0
UNC,989.001040500035000,11/30/2025 23:32,1,6,0
UNC,989.001040500035000,11/30/2025 23:30,1,6,0
UNC,989.001040500035000,11/30/2025 23:30,1,7,0
UNC,989.001040500035000,11/30/2025 23:28,1,7,0
UNC,989.001040500035000,11/30/2025 23:27,1,7,0
UNC,989.001040500035000,11/30/2025 23:26,1,7,0
UNC,989.001040500035000,11/30/2025 23:25,1,7,0
UNC,989.001040500035000,11/30/2025 23:24,1,7,0
UNC,989.002028176996000,11/30/2025 23:23,1,2,0
UNC,989.001040500035000,11/30/2025 23:23,1,7,0
UNC,989.001040500035000,11/30/2025 23:23,1,6,0
UNC,989.002028176996000,11/30/2025 23:22,1,2,0
UNC,989.001040500035000,11/30/2025 23:22,1,6,0
UNC,989.001040500035000,11/30/2025 23:21,1,6,0
UNC,989.001040500035000,11/30/2025 23:20,1,6,0
UNC,989.001040500035000,11/30/2025 23:19,1,6,0
UNC,989.001040500035000,11/30/2025 23:17,1,6,0
UNC,989.001040500035000,11/30/2025 23:16,1,6,0
UNC,989.002028176996000,11/30/2025 23:13,1,3,0
UNC,989.001040500035000,11/30/2025 22:58,1,7,0
UNC,989.001040500035000,11/30/2025 22:56,1,7,0
UNC,989.002028176996000,11/30/2025 22:56,1,3,0
UNC,989.001040500035000,11/30/2025 22:55,1,7,0
UNC,989.001040500035000,11/30/2025 22:53,1,7,0
UNC,989.001040500035000,11/30/2025 22:51,1,7,0
UNC,989.001040500035000,11/30/2025 22:49,1,7,0
UNC,989.002028176996000,11/30/2025 22:38,1,2,0
UNC,989.002028176996000,11/30/2025 22:36,1,2,0
UNC,989.002028176996000,11/30/2025 22:35,1,2,0
UNC,989.002028176996000,11/30/2025 22:34,1,2,0
UNC,989.002028176996000,11/30/2025 22:33,1,2,0
UNC,989.002028176996000,11/30/2025 22:32,1,2,0
UNC,989.002028176996000,11/30/2025 22:31,1,2,0
UNC,989.001040500035000,11/30/2025 22:22,1,7,0
UNC,989.002028176996000,11/30/2025 22:20,1,2,0
UNC,989.001040500035000,11/30/2025 22:20,1,7,0
UNC,989.002028176996000,11/30/2025 22:19,1,2,0
UNC,989.001040500035000,11/30/2025 22:18,1,7,0
UNC,989.002028176996000,11/30/2025 22:17,1,2,0
UNC,989.001040500035000,11/30/2025 22:16,1,7,0
UNC,989.001040500035000,11/30/2025 22:15,1,7,0
UNC,989.001040500035000,11/30/2025 22:14,1,7,0
UNC,989.001040500035000,11/30/2025 22:12,1,7,0
UNC,989.001040500035000,11/30/2025 22:11,1,7,0
UNC,989.001040500035000,11/30/2025 22:09,1,7,0
UNC,989.001040500035000,11/30/2025 22:08,1,7,0
UNC,989.001040500035000,11/30/2025 22:07,1,7,0
UNC,989.001040500035000,11/30/2025 22:06,1,7,0
UNC,989.001040500035000,11/30/2025 22:05,1,7,0
UNC,989.001040500035000,11/30/2025 22:04,1,7,0
UNC,989.001040500035000,11/30/2025 22:03,1,7,0
UNC,989.001040500035000,11/30/2025 22:02,1,7,0
UNC,989.001040500035000,11/30/2025 22:01,1,7,0
UNC,989.001040500035000,11/30/2025 22:00,1,7,0
UNC,989.001040500035000,11/30/2025 21:59,1,6,0
UNC,989.001040500035000,11/30/2025 21:58,1,6,0
UNC,989.001040500035000,11/30/2025 21:57,1,6,0
UNC,989.001040500035000,11/30/2025 21:56,1,6,0
UNC,989.001040500035000,11/30/2025 21:55,1,6,0
UNC,989.001040500035000,11/30/2025 21:54,1,6,0
UNC,989.001040500035000,11/30/2025 21:53,1,6,0
UNC,989.001040500035000,11/30/2025 21:52,1,6,0
UNC,989.001040500035000,11/30/2025 21:51,1,6,0
UNC,989.001040500035000,11/30/2025 21:50,1,6,0
UNC,989.001040500035000,11/30/2025 21:49,1,6,0
UNC,989.001040500035000,11/30/2025 21:48,1,6,0
UNC,989.001040500035000,11/30/2025 21:46,1,6,0
UNC,989.001040500035000,11/30/2025 21:45,1,6,0
UNC,989.001040500035000,11/30/2025 21:44,1,6,0
UNC,989.001040500035000,11/30/2025 21:43,1,6,0
UNC,989.001040500035000,11/30/2025 21:42,1,6,0
UNC,989.001040500035000,11/30/2025 21:41,1,6,0
UNC,989.001040500035000,11/30/2025 21:40,1,6,0
UNC,989.001040500035000,11/30/2025 21:39,1,6,0
UNC,989.001040500035000,11/30/2025 21:38,1,6,0
UNC,989.001040500035000,11/30/2025 21:37,1,6,0
UNC,989.001040500035000,11/30/2025 21:36,1,6,0
UNC,989.001040500035000,11/30/2025 21:35,1,6,0
UNC,989.001040500035000,11/30/2025 21:34,1,6,0
UNC,989.001040500035000,11/30/2025 21:32,1,6,0
UNC,989.001040500035000,11/30/2025 21:31,1,6,0
UNC,989.001040500035000,11/30/2025 21:30,1,6,0
UNC,989.002028176996000,11/30/2025 21:30,1,2,0
UNC,989.001040500035000,11/30/2025 21:29,1,6,0
UNC,989.001040500035000,11/30/2025 21:28,1,6,0
UNC,989.001040500035000,11/30/2025 21:27,1,6,0
UNC,989.001040500035000,11/30/2025 21:26,1,6,0
UNC,989.001040500035000,11/30/2025 21:25,1,6,0
UNC,989.001040500035000,11/30/2025 21:24,1,6,0
UNC,989.002028176996000,11/30/2025 21:23,1,2,0
UNC,989.002028176996000,11/30/2025 21:23,1,3,0
UNC,989.001040500035000,11/30/2025 21:23,1,6,0
UNC,989.001040500035000,11/30/2025 21:22,1,6,0
UNC,989.001040500035000,11/30/2025 21:21,1,6,0
UNC,989.001040500035000,11/30/2025 21:19,1,7,0
UNC,989.001040500035000,11/30/2025 21:18,1,7,0
UNC,989.001040500035000,11/30/2025 21:17,1,7,0
UNC,989.001040500035000,11/30/2025 21:16,1,7,0
UNC,989.001040500035000,11/30/2025 21:14,1,7,0
UNC,989.001040500035000,11/30/2025 21:12,1,7,0
UNC,989.001040500035000,11/30/2025 21:07,1,7,0
UNC,989.002028176996000,11/30/2025 21:06,1,3,0
UNC,989.001040500035000,11/30/2025 21:04,1,7,0
UNC,989.001040500035000,11/30/2025 21:03,1,7,0
UNC,989.001040500035000,11/30/2025 21:00,1,7,0
UNC,989.001040500035000,11/30/2025 20:52,1,7,0
UNC,989.002028176996000,11/30/2025 20:51,1,3,0
UNC,989.001040500035000,11/30/2025 20:51,1,7,0
UNC,989.001040500035000,11/30/2025 20:50,1,7,0
UNC,989.001040500035000,11/30/2025 20:49,1,7,0
UNC,989.001040500035000,11/30/2025 20:47,1,7,0
UNC,989.001040500035000,11/30/2025 20:46,1,7,0
UNC,989.002028176996000,11/30/2025 20:46,1,2,0
UNC,989.001040500035000,11/30/2025 20:44,1,7,0
UNC,989.001040500035000,11/30/2025 20:43,1,7,0
UNC,989.001040500035000,11/30/2025 20:41,1,7,0
UNC,989.002028176996000,11/30/2025 20:41,1,2,0
UNC,989.001040500035000,11/30/2025 20:40,1,7,0
UNC,989.001040500035000,11/30/2025 20:39,1,7,0
UNC,989.001040500035000,11/30/2025 20:38,1,7,0
UNC,989.001040500035000,11/30/2025 20:36,1,7,0
UNC,989.001040500035000,11/30/2025 20:35,1,7,0
UNC,989.001040500035000,11/30/2025 20:34,1,7,0
UNC,989.001040500035000,11/30/2025 20:33,1,7,0
UNC,989.001040500035000,11/30/2025 20:32,1,7,0
UNC,989.001040500035000,11/30/2025 20:31,1,7,0
UNC,989.001040500035000,11/30/2025 20:30,1,7,0
UNC,989.001040500035000,11/30/2025 20:29,1,7,0
UNC,989.001040500035000,11/30/2025 20:27,1,7,0
UNC,989.001040500035000,11/30/2025 20:25,1,7,0
UNC,989.001040500035000,11/30/2025 20:24,1,7,0
UNC,989.001040500035000,11/30/2025 20:23,1,7,0
UNC,989.001040500035000,11/30/2025 20:21,1,7,0
UNC,989.001040500035000,11/30/2025 20:20,1,7,0
UNC,989.002028176996000,11/30/2025 20:20,1,3,0
UNC,989.001040500035000,11/30/2025 20:18,1,7,0
UNC,989.001040500035000,11/30/2025 20:16,1,7,0
UNC,989.001040500035000,11/30/2025 20:15,1,7,0
UNC,989.001040500035000,11/30/2025 20:14,1,7,0
UNC,989.001040500035000,11/30/2025 20:13,1,7,0
UNC,989.001040500035000,11/30/2025 20:11,1,7,0
UNC,989.001040500035000,11/30/2025 20:08,1,7,0
UNC,989.001040500035000,11/30/2025 20:05,1,7,0
UNC,989.001040500035000,11/30/2025 20:04,1,7,0
UNC,989.001040500035000,11/30/2025 20:02,1,7,0
UNC,989.001040500035000,11/30/2025 20:00,1,7,0
UNC,989.001040500035000,11/30/2025 19:58,1,7,0
UNC,989.001040500035000,11/30/2025 19:56,1,7,0
UNC,989.001040500035000,11/30/2025 19:52,1,7,0
UNC,989.001040500035000,11/30/2025 19:49,1,7,0
UNC,989.001040500035000,11/30/2025 19:48,1,7,0
UNC,989.001040500035000,11/30/2025 19:41,1,7,0
UNC,989.001040500035000,11/30/2025 19:40,1,7,0
UNC,989.001040500035000,11/30/2025 19:39,1,7,0
UNC,989.001040500035000,11/30/2025 19:38,1,7,0
UNC,989.001040500035000,11/30/2025 19:37,1,7,0
UNC,989.001040500035000,11/30/2025 19:35,1,7,0
UNC,989.001040500035000,11/30/2025 19:34,1,7,0
UNC,989.001040500035000,11/30/2025 19:33,1,7,0
UNC,989.001040500035000,11/30/2025 19:32,1,7,0
UNC,989.001040500035000,11/30/2025 19:31,1,7,0
UNC,989.001040500035000,11/30/2025 19:30,1,7,0
UNC,989.001040500035000,11/30/2025 19:29,1,7,0
UNC,989.001040500035000,11/30/2025 19:27,1,7,0
UNC,989.001040500035000,11/30/2025 19:26,1,7,0
UNC,989.001040500035000,11/30/2025 19:25,1,7,0
UNC,989.001040500035000,11/30/2025 19:24,1,7,0
UNC,989.001040500035000,11/30/2025 19:23,1,7,0
UNC,989.001040500035000,11/30/2025 19:21,1,7,0
UNC,989.001040500035000,11/30/2025 19:17,1,7,0
UNC,989.001040500035000,11/30/2025 19:15,1,7,0
UNC,989.001040500035000,11/30/2025 19:09,1,7,0
UNC,989.001040500035000,11/30/2025 19:08,1,7,0
UNC,989.001040500035000,11/30/2025 19:02,1,7,0
UNC,989.001040500035000,11/30/2025 19:00,1,7,0
UNC,989.001040500035000,11/30/2025 18:59,1,7,0
UNC,989.001040500035000,11/30/2025 18:58,1,7,0
UNC,989.001040500035000,11/30/2025 18:57,1,7,0
UNC,989.001040500035000,11/30/2025 18:55,1,7,0
UNC,989.001040500035000,11/30/2025 18:54,1,7,0
UNC,989.001040500035000,11/30/2025 18:53,1,7,0
UNC,989.001040500035000,11/30/2025 18:45,1,6,0
UNC,989.001040500035000,11/30/2025 18:44,1,6,0
UNC,989.001040500035000,11/30/2025 18:42,1,6,0
UNC,989.001040500035000,11/30/2025 18:41,1,6,0
UNC,989.001040500035000,11/30/2025 18:40,1,6,0
UNC,989.001040500035000,11/30/2025 18:39,1,6,0
UNC,989.001040500035000,11/30/2025 18:38,1,6,0
UNC,989.001040500035000,11/30/2025 18:37,1,6,0
UNC,989.001040500035000,11/30/2025 18:37,1,7,0
UNC,989.001040500035000,11/30/2025 18:34,1,6,0
UNC,989.001040500035000,11/30/2025 17:41,1,1,0
UNC,989.001040500035000,11/30/2025 17:39,1,1,0
UNC,989.001040500035000,11/30/2025 17:38,1,1,0
UNC,989.001040500035000,11/30/2025 17:37,1,1,0
UNC,989.002028176996000,11/30/2025 17:21,1,1,0
UNC,989.001040500035000,11/30/2025 17:17,1,6,0
UNC,989.002028176996000,11/30/2025 17:16,1,2,0
UNC,989.001040500035000,11/30/2025 17:16,1,6,0
UNC,989.001040500035000,11/30/2025 17:15,1,6,0
UNC,989.001040500035000,11/30/2025 17:11,1,7,0
UNC,989.001040500035000,11/30/2025 17:10,1,7,0
UNC,989.001040500035000,11/30/2025 17:08,1,7,0
UNC,989.001040500035000,11/30/2025 17:08,1,6,0
UNC,989.001040500035000,11/30/2025 17:07,1,6,0
UNC,989.001040500035000,11/30/2025 17:05,1,6,0
UNC,989.001040500035000,11/30/2025 17:04,1,6,0
UNC,989.002028176996000,11/30/2025 17:04,1,2,0
UNC,989.001040500035000,11/30/2025 17:03,1,6,0
UNC,989.002028176996000,11/30/2025 17:03,1,2,0
UNC,989.001040500035000,11/30/2025 17:02,1,7,0
UNC,989.002028176996000,11/30/2025 17:02,1,3,0
UNC,989.001040500035000,11/30/2025 17:01,1,7,0
UNC,989.002028176996000,11/30/2025 17:01,1,2,0
UNC,989.001040500035000,11/30/2025 17:00,1,7,0
UNC,989.001040500035000,11/30/2025 17:00,1,6,0
UNC,989.001040500035000,11/30/2025 16:59,1,7,0
UNC,989.002028176996000,11/30/2025 16:59,1,2,0
UNC,989.001040500035000,11/30/2025 16:58,1,6,0
UNC,989.001040500035000,11/30/2025 16:57,1,6,0
UNC,989.002028176996000,11/30/2025 16:57,1,2,0
UNC,989.001040500035000,11/30/2025 16:56,1,6,0
UNC,989.002028176996000,11/30/2025 16:56,1,2,0
UNC,989.001040500035000,11/30/2025 16:55,1,6,0
UNC,989.002028176996000,11/30/2025 16:55,1,2,0
UNC,989.001040500035000,11/30/2025 16:54,1,6,0
UNC,989.001040500035000,11/30/2025 16:53,1,6,0
UNC,989.002028176996000,11/30/2025 16:52,1,2,0
UNC,989.001040500035000,11/30/2025 16:52,1,6,0
UNC,989.002028176996000,11/30/2025 16:51,1,2,0
UNC,989.001040500035000,11/30/2025 16:51,1,6,0
UNC,989.002028176996000,11/30/2025 16:50,1,2,0
UNC,989.001040500035000,11/30/2025 16:50,1,6,0
UNC,989.001040500035000,11/30/2025 16:50,1,7,0
UNC,989.001040500035000,11/30/2025 16:49,1,6,0
UNC,989.002028176996000,11/30/2025 16:49,1,2,0
UNC,989.001040500035000,11/30/2025 16:49,1,7,0
UNC,989.002028176996000,11/30/2025 16:48,1,3,0
UNC,989.001040500035000,11/30/2025 16:47,1,7,0
UNC,989.001040500035000,11/30/2025 16:46,1,7,0
UNC,989.001040500035000,11/30/2025 16:45,1,7,0
UNC,989.001040500035000,11/30/2025 16:44,1,7,0
UNC,989.001040500035000,11/30/2025 16:43,1,7,0
UNC,989.001040500035000,11/30/2025 16:43,1,6,0
UNC,989.001040500035000,11/30/2025 16:42,1,6,0
UNC,989.002028176996000,11/30/2025 14:11,1,2,0
UNC,989.001030620304000,11/30/2025 12:52,1,1,0
UNC,989.001030620304000,11/30/2025 12:51,1,7,0
UNC,989.002028176996000,11/30/2025 12:49,1,3,0
UNC,989.002028176996000,11/30/2025 12:49,1,2,0
UNC,989.002028176996000,11/30/2025 12:46,1,2,0
UNC,989.002028176996000,11/30/2025 12:39,1,2,0
UNC,989.002028176996000,11/30/2025 12:37,1,2,0
UNC,989.002028176695000,11/30/2025 7:46,1,1,0
UNC,989.002028176695000,11/30/2025 7:46,1,2,0
UNC,989.002028176695000,11/30/2025 7:45,1,2,0
UNC,989.002028176695000,11/30/2025 7:44,1,2,0
UNC,989.002028176695000,11/30/2025 7:42,1,2,0
UNC,989.002028176695000,11/30/2025 7:41,1,2,0
UNC,989.002028176695000,11/30/2025 7:40,1,2,0
UNC,989.002028176695000,11/30/2025 7:36,1,2,0
UNC,989.002028176695000,11/30/2025 7:36,1,1,0
UNC,989.002028176695000,11/30/2025 7:35,1,1,0
UNC,989.002028176695000,11/30/2025 7:34,1,2,0
UNC,989.002028176695000,11/30/2025 7:34,1,1,0
UNC,989.001030620668000,11/30/2025 7:32,1,7,0
UNC,989.001030620668000,11/30/2025 7:30,1,7,0
UNC,989.001030620668000,11/30/2025 7:28,1,7,0
UNC,989.002028176695000,11/30/2025 7:27,1,7,0
UNC,989.002028176695000,11/30/2025 7:26,1,7,0
UNC,989.002028176996000,11/30/2025 7:25,1,2,0
UNC,989.002028176695000,11/30/2025 7:24,1,6,0
UNC,989.002028176996000,11/30/2025 7:23,1,2,0
UNC,989.002028176695000,11/30/2025 7:22,1,6,0
UNC,989.002028176996000,11/30/2025 7:22,1,2,0
UNC,989.002028176695000,11/30/2025 7:20,1,7,0
UNC,989.002028176996000,11/30/2025 7:19,1,2,0
UNC,989.002028176695000,11/30/2025 7:19,1,6,0
UNC,989.002028176695000,11/30/2025 7:18,1,6,0
UNC,989.002028176996000,11/30/2025 7:18,1,2,0
UNC,989.002028176695000,11/30/2025 7:17,1,7,0
UNC,989.002028176695000,11/30/2025 7:16,1,7,0
UNC,989.002028176996000,11/30/2025 7:15,1,2,0
UNC,989.002028176695000,11/30/2025 7:14,1,1,0
UNC,989.002028176996000,11/30/2025 7:14,1,2,0
UNC,989.002028176695000,11/30/2025 7:13,1,1,0
UNC,989.002028176996000,11/30/2025 7:13,1,2,0
UNC,989.002028176695000,11/30/2025 7:13,1,2,0
UNC,989.002028176996000,11/30/2025 7:12,1,3,0
UNC,989.002028176695000,11/30/2025 7:12,1,2,0
UNC,989.002028176695000,11/30/2025 7:11,1,2,0
UNC,989.002028176695000,11/30/2025 7:10,1,3,0
UNC,989.002028176695000,11/30/2025 7:08,1,3,0
UNC,989.002028176695000,11/30/2025 7:07,1,2,0
UNC,989.002028176996000,11/30/2025 7:07,1,3,0
UNC,989.002028176695000,11/30/2025 7:06,1,2,0
UNC,989.002028176695000,11/30/2025 7:06,1,1,0
UNC,989.002028176996000,11/30/2025 7:05,1,3,0
UNC,989.002028176695000,11/30/2025 7:05,1,1,0
UNC,989.002028176996000,11/30/2025 7:04,1,3,0
UNC,989.002028176695000,11/30/2025 7:03,1,1,0
UNC,989.002028176695000,11/30/2025 6:59,1,6,0
UNC,989.001040500035000,11/30/2025 6:59,1,7,0
UNC,989.001040500035000,11/30/2025 6:58,1,6,0
UNC,989.002028176695000,11/30/2025 6:58,1,6,0
UNC,989.002028176695000,11/30/2025 6:57,1,6,0
UNC,989.001040500035000,11/30/2025 6:57,1,6,0
UNC,989.001040500035000,11/30/2025 6:56,1,7,0
UNC,989.001040500035000,11/30/2025 6:54,1,7,0
UNC,989.002028176695000,11/30/2025 6:54,1,6,0
UNC,989.001030621374000,11/30/2025 6:54,1,2,0
UNC,989.001040500035000,11/30/2025 6:53,1,7,0
UNC,989.002028176695000,11/30/2025 6:53,1,6,0
UNC,989.002028176695000,11/30/2025 6:52,1,7,0
UNC,989.001030621497000,11/30/2025 6:52,1,1,0
UNC,989.002028176695000,11/30/2025 6:51,1,7,0
UNC,989.002028176996000,11/30/2025 6:51,1,3,0
UNC,989.001030621497000,11/30/2025 6:51,1,6,0
UNC,989.002028176695000,11/30/2025 6:50,1,6,0
UNC,989.002028176695000,11/30/2025 6:49,1,7,0
UNC,989.002028176996000,11/30/2025 6:48,1,3,0
UNC,989.002028176695000,11/30/2025 6:48,1,7,0
UNC,989.002028176695000,11/30/2025 6:47,1,7,0
UNC,989.002028176996000,11/30/2025 6:47,1,3,0
UNC,989.001040500035000,11/30/2025 6:46,1,6,0
UNC,989.001040500035000,11/30/2025 6:45,1,6,0
UNC,989.001040500035000,11/30/2025 6:45,1,7,0
UNC,989.002028176695000,11/30/2025 6:45,1,6,0
UNC,989.001040500035000,11/30/2025 6:44,1,7,0
UNC,989.002028176695000,11/30/2025 6:44,1,6,0
UNC,989.001040500035000,11/30/2025 6:43,1,7,0
UNC,989.002028176695000,11/30/2025 6:43,1,6,0
UNC,989.001030620304000,11/30/2025 6:42,1,7,0
UNC,989.001040500035000,11/30/2025 6:41,1,7,0
UNC,989.001030620304000,11/30/2025 6:41,1,2,0
UNC,989.002028176695000,11/30/2025 6:41,1,2,0
UNC,989.001040500035000,11/30/2025 6:40,1,7,0
UNC,989.001040500035000,11/30/2025 6:39,1,7,0
UNC,989.001040500035000,11/30/2025 6:38,1,7,0
UNC,989.001040500035000,11/30/2025 6:37,1,7,0
UNC,989.001040500035000,11/30/2025 6:35,1,7,0
UNC,989.001040500035000,11/30/2025 6:34,1,7,0
UNC,989.001040500035000,11/30/2025 6:32,1,6,0
UNC,989.001040500035000,11/30/2025 6:31,1,6,0
UNC,989.001040500035000,11/30/2025 6:30,1,6,0
UNC,989.001040500035000,11/30/2025 6:30,1,7,0
UNC,989.002028176996000,11/30/2025 6:29,1,3,0
UNC,989.001040500035000,11/30/2025 6:29,1,6,0
UNC,989.001040500035000,11/30/2025 6:28,1,6,0
UNC,989.001040500035000,11/30/2025 6:27,1,6,0
UNC,989.002028176996000,11/30/2025 6:27,1,3,0
UNC,989.001040500035000,11/30/2025 6:26,1,6,0
UNC,989.001040500035000,11/30/2025 6:25,1,6,0
UNC,989.001040500035000,11/30/2025 6:24,1,6,0
UNC,989.002028176996000,11/30/2025 6:23,1,3,0
UNC,989.001040500035000,11/30/2025 6:23,1,6,0
UNC,989.002028176996000,11/30/2025 6:22,1,3,0
UNC,989.001040500035000,11/30/2025 6:22,1,6,0
UNC,989.001040500035000,11/30/2025 6:21,1,7,0
UNC,989.001040500035000,11/30/2025 6:21,1,6,0
UNC,989.001030620186000,11/30/2025 6:01,1,8,0
UNC,989.002028176996000,11/30/2025 6:00,1,3,0
UNC,989.001030620668000,11/30/2025 5:59,1,8,0
UNC,989.001030620186000,11/30/2025 5:58,1,9,0
UNC,989.001040500035000,11/30/2025 5:53,1,8,0
UNC,989.001030620668000,11/30/2025 5:53,1,8,0
UNC,989.001030620668000,11/30/2025 5:27,1,8,0
UNC,989.001030620668000,11/30/2025 5:27,1,9,0
UNC,989.001030620668000,11/30/2025 5:26,1,8,0
UNC,989.001040500035000,11/30/2025 5:22,1,7,0
UNC,989.001040500035000,11/30/2025 5:21,1,7,0
UNC,989.001040500035000,11/30/2025 5:19,1,7,0
UNC,989.001040500035000,11/30/2025 5:18,1,7,0
UNC,989.001040500035000,11/30/2025 5:17,1,7,0
UNC,989.001040500035000,11/30/2025 5:16,1,7,0
UNC,989.001040500035000,11/30/2025 5:16,1,8,0
UNC,989.001040500035000,11/30/2025 5:08,1,8,0
UNC,989.001030620186000,11/30/2025 5:08,1,9,0
UNC,989.001040500035000,11/30/2025 5:07,1,8,0
UNC,989.001040500035000,11/30/2025 5:06,1,8,0
UNC,989.001040500035000,11/30/2025 5:05,1,8,0
UNC,989.001040500035000,11/30/2025 5:04,1,8,0
UNC,989.001040500035000,11/30/2025 5:02,1,8,0
UNC,989.001040500035000,11/30/2025 5:01,1,8,0
UNC,989.001040500035000,11/30/2025 5:00,1,8,0
UNC,989.001040500035000,11/30/2025 4:59,1,8,0
UNC,989.001040500035000,11/30/2025 4:58,1,8,0
UNC,989.001040500035000,11/30/2025 4:57,1,8,0
UNC,989.001040500035000,11/30/2025 4:56,1,8,0
UNC,989.001040500035000,11/30/2025 4:47,1,8,0
UNC,989.001040500035000,11/30/2025 4:45,1,8,0
UNC,989.001030621497000,11/30/2025 4:35,1,7,0
UNC,989.002028176996000,11/30/2025 4:17,1,3,0
UNC,989.001040500035000,11/30/2025 4:15,1,8,0
UNC,989.002028176996000,11/30/2025 4:15,1,3,0
UNC,989.001040500035000,11/30/2025 4:14,1,8,0
UNC,989.002028176996000,11/30/2025 4:14,1,3,0
UNC,989.001040500035000,11/30/2025 4:13,1,8,0
UNC,989.002028176996000,11/30/2025 4:13,1,3,0
UNC,989.001040500035000,11/30/2025 4:12,1,8,0
UNC,989.002028176996000,11/30/2025 4:11,1,3,0
UNC,989.001040500035000,11/30/2025 4:11,1,8,0
UNC,989.001040500035000,11/30/2025 4:10,1,8,0
UNC,989.001040500035000,11/30/2025 4:09,1,8,0
UNC,989.001040500035000,11/30/2025 4:08,1,8,0
UNC,989.002028177108000,11/30/2025 4:07,1,3,0
UNC,989.001040500035000,11/30/2025 4:07,1,8,0
UNC,989.002028177108000,11/30/2025 4:06,1,2,0
UNC,989.001040500035000,11/30/2025 4:06,1,8,0
UNC,989.001040500035000,11/30/2025 4:05,1,8,0
UNC,989.002028177108000,11/30/2025 4:05,1,6,0
UNC,989.002028177108000,11/30/2025 4:04,1,1,0
UNC,989.001040500035000,11/30/2025 4:04,1,8,0
UNC,989.002028176996000,11/30/2025 3:53,1,3,0
UNC,989.002028176996000,11/30/2025 3:51,1,3,0
UNC,989.001040500035000,11/30/2025 3:45,1,8,0
UNC,989.002028176996000,11/30/2025 3:43,1,3,0
UNC,989.002028176996000,11/30/2025 3:42,1,3,0
UNC,989.001040500035000,11/30/2025 3:41,1,8,0
UNC,989.001040500035000,11/30/2025 3:37,1,8,0
UNC,989.002028176996000,11/30/2025 3:36,1,3,0
UNC,989.001040500035000,11/30/2025 3:34,1,8,0
UNC,989.001040500035000,11/30/2025 3:32,1,8,0
UNC,989.001040500035000,11/30/2025 3:30,1,8,0
UNC,989.001030620186000,11/30/2025 3:22,1,9,0
UNC,989.001030620186000,11/30/2025 3:10,1,9,0
UNC,989.002028176996000,11/30/2025 3:03,1,3,0
UNC,989.001040500035000,11/30/2025 2:44,1,8,0
UNC,989.001040500035000,11/30/2025 2:44,1,7,0
UNC,989.001040500035000,11/30/2025 2:43,1,7,0
UNC,989.001040500035000,11/30/2025 2:42,1,7,0
UNC,989.002028176996000,11/30/2025 2:41,1,7,0
UNC,989.002028176996000,11/30/2025 2:41,1,8,0
UNC,989.001030620186000,11/30/2025 2:40,1,9,0
UNC,989.001040500035000,11/30/2025 2:40,1,7,0
UNC,989.002028176996000,11/30/2025 2:16,1,8,0
UNC,989.002028176996000,11/30/2025 2:15,1,8,0
UNC,989.002028176996000,11/30/2025 2:09,1,3,0
UNC,989.001030620186000,11/30/2025 2:08,1,9,0
UNC,989.002028176996000,11/30/2025 2:04,1,3,0
UNC,989.002028176996000,11/30/2025 2:01,1,3,0
UNC,989.002028176996000,11/30/2025 2:00,1,3,0
UNC,989.002028176996000,11/30/2025 1:38,1,3,0
UNC,989.002028176996000,11/30/2025 1:35,1,3,0
UNC,989.002028176996000,11/30/2025 1:31,1,3,0
UNC,989.002028176996000,11/30/2025 1:25,1,3,0
UNC,989.002028176996000,11/30/2025 1:23,1,3,0
UNC,989.002028176996000,11/30/2025 1:19,1,2,0
UNC,989.002028176996000,11/30/2025 1:10,1,2,0
UNC,989.002028176996000,11/30/2025 1:09,1,2,0
UNC,989.002028176996000,11/30/2025 1:08,1,3,0
UNC,989.002028176996000,11/30/2025 1:04,1,3,0
UNC,989.002028176996000,11/30/2025 1:03,1,3,0
UNC,989.002028176996000,11/30/2025 0:55,1,3,0
UNC,989.002028176996000,11/30/2025 0:49,1,3,0
UNC,989.002028176996000,11/30/2025 0:41,1,3,0
UNC,989.002028176996000,11/30/2025 0:36,1,3,0
UNC,989.002028176996000,11/30/2025 0:35,1,3,0
UNC,989.002028176996000,11/30/2025 0:34,1,3,0
UNC,989.002028176996000,11/30/2025 0:24,1,3,0
UNC,989.001030621374000,11/30/2025 0:23,1,6,0
UNC,989.002028176996000,11/30/2025 0:19,1,3,0
UNC,989.002028176996000,11/30/2025 0:18,1,3,0
UNC,989.002028176996000,11/30/2025 0:16,1,3,0
UNC,989.002028176996000,11/30/2025 0:11,1,3,0
UNC,989.002028176996000,11/30/2025 0:09,1,3,0
UNC,989.002028176996000,11/30/2025 0:08,1,3,0
UNC,989.002028176996000,11/29/2025 23:25,1,3,0
UNC,989.002028176996000,11/29/2025 23:09,1,3,0
UNC,989.002028176996000,11/29/2025 23:08,1,3,0
UNC,989.002028176996000,11/29/2025 22:55,1,2,0
UNC,989.002028176996000,11/29/2025 22:53,1,2,0
UNC,989.002028176996000,11/29/2025 22:52,1,2,0
UNC,989.002028176996000,11/29/2025 22:51,1,2,0
UNC,989.001030621374000,11/29/2025 22:50,1,7,0
UNC,989.001030621374000,11/29/2025 22:50,1,2,0
UNC,989.002028176996000,11/29/2025 22:43,1,3,0
UNC,989.002028176996000,11/29/2025 22:40,1,3,0
UNC,989.002028176996000,11/29/2025 22:37,1,3,0
UNC,989.002028176996000,11/29/2025 22:16,1,2,0
UNC,989.002028176996000,11/29/2025 22:14,1,2,0
UNC,989.002028176996000,11/29/2025 22:13,1,2,0
UNC,989.002028176996000,11/29/2025 22:12,1,2,0
UNC,989.001030621374000,11/29/2025 22:11,1,1,0
UNC,989.002028176996000,11/29/2025 22:11,1,2,0
UNC,989.002028176996000,11/29/2025 22:09,1,2,0
UNC,989.002028176996000,11/29/2025 22:08,1,2,0
UNC,989.002028176996000,11/29/2025 22:06,1,2,0
UNC,989.002028176996000,11/29/2025 22:05,1,2,0
UNC,989.002028176996000,11/29/2025 22:04,1,2,0
UNC,989.002028176996000,11/29/2025 22:03,1,2,0
UNC,989.002028176996000,11/29/2025 22:02,1,2,0
UNC,989.002028176996000,11/29/2025 22:01,1,2,0
UNC,989.002028176996000,11/29/2025 22:00,1,2,0
UNC,989.002028176996000,11/29/2025 21:58,1,2,0
UNC,989.002028176996000,11/29/2025 21:57,1,2,0
UNC,989.002028176996000,11/29/2025 21:56,1,2,0
UNC,989.002028176996000,11/29/2025 21:55,1,2,0
UNC,989.002028176996000,11/29/2025 21:53,1,2,0
UNC,989.002028176996000,11/29/2025 21:52,1,2,0
UNC,989.002028176996000,11/29/2025 21:51,1,2,0
UNC,989.002028176996000,11/29/2025 21:50,1,2,0
UNC,989.002028176996000,11/29/2025 21:49,1,2,0
UNC,989.002028176996000,11/29/2025 21:48,1,2,0
UNC,989.002028176996000,11/29/2025 21:47,1,2,0
UNC,989.002028176996000,11/29/2025 21:45,1,2,0
UNC,989.002028176996000,11/29/2025 21:42,1,2,0
UNC,989.002028176996000,11/29/2025 21:39,1,2,0
UNC,989.002028176996000,11/29/2025 21:34,1,2,0
UNC,989.002028176996000,11/29/2025 21:16,1,2,0
UNC,989.002028176996000,11/29/2025 20:57,1,2,0
UNC,989.002028176996000,11/29/2025 20:55,1,2,0
UNC,989.002028176996000,11/29/2025 20:43,1,3,0
UNC,989.002028176996000,11/29/2025 20:31,1,3,0
UNC,989.002028176996000,11/29/2025 20:30,1,2,0
UNC,989.002028176996000,11/29/2025 20:29,1,2,0
UNC,989.002028176996000,11/29/2025 20:27,1,2,0
UNC,989.002028176996000,11/29/2025 20:26,1,2,0
UNC,989.002028176996000,11/29/2025 20:25,1,2,0
UNC,989.002028176996000,11/29/2025 20:24,1,2,0
UNC,989.002028176996000,11/29/2025 20:22,1,2,0
UNC,989.002028176996000,11/29/2025 20:21,1,2,0
UNC,989.002028176996000,11/29/2025 20:19,1,2,0
UNC,989.002028176996000,11/29/2025 20:18,1,2,0
UNC,989.002028176996000,11/29/2025 20:17,1,2,0
UNC,989.002028176996000,11/29/2025 20:16,1,2,0
UNC,989.002028176996000,11/29/2025 20:15,1,2,0
UNC,989.002028176996000,11/29/2025 20:14,1,2,0
UNC,989.002028176996000,11/29/2025 20:12,1,2,0
UNC,989.002028176996000,11/29/2025 20:11,1,2,0
UNC,989.002028176996000,11/29/2025 20:10,1,2,0
UNC,989.002028176996000,11/29/2025 20:09,1,2,0
UNC,989.002028176996000,11/29/2025 20:08,1,2,0
UNC,989.002028176996000,11/29/2025 20:06,1,2,0
UNC,989.002028176996000,11/29/2025 20:05,1,2,0
UNC,989.002028176996000,11/29/2025 20:04,1,2,0
UNC,989.002028176996000,11/29/2025 20:02,1,2,0
UNC,989.002028176996000,11/29/2025 19:59,1,2,0
UNC,989.002028176996000,11/29/2025 19:58,1,2,0
UNC,989.002028176996000,11/29/2025 19:57,1,2,0
UNC,989.002028176996000,11/29/2025 19:56,1,2,0
UNC,989.002028176996000,11/29/2025 19:55,1,2,0
UNC,989.002028176996000,11/29/2025 19:54,1,2,0
UNC,989.002028176996000,11/29/2025 19:53,1,2,0
UNC,989.002028176996000,11/29/2025 19:51,1,2,0
UNC,989.002028176996000,11/29/2025 19:50,1,2,0
UNC,989.002028176996000,11/29/2025 19:49,1,2,0
UNC,989.002028176996000,11/29/2025 19:48,1,2,0
UNC,989.002028176996000,11/29/2025 19:46,1,2,0
UNC,989.002028176996000,11/29/2025 19:45,1,2,0
UNC,989.002028176996000,11/29/2025 19:44,1,2,0
UNC,989.002028176996000,11/29/2025 19:43,1,2,0
UNC,989.002028176996000,11/29/2025 19:42,1,2,0
UNC,989.002028176996000,11/29/2025 19:41,1,2,0
UNC,989.002028176996000,11/29/2025 19:40,1,2,0
UNC,989.001030620304000,11/29/2025 19:38,1,2,0
UNC,989.002028176996000,11/29/2025 19:38,1,2,0
UNC,989.002028176996000,11/29/2025 19:37,1,2,0
UNC,989.001030620304000,11/29/2025 19:37,1,7,0
UNC,989.002028176996000,11/29/2025 19:36,1,2,0
UNC,989.002028176996000,11/29/2025 19:35,1,2,0
UNC,989.002028176996000,11/29/2025 19:34,1,2,0
UNC,989.002028176996000,11/29/2025 19:32,1,2,0
UNC,989.002028176996000,11/29/2025 19:31,1,2,0
UNC,989.002028176996000,11/29/2025 19:30,1,2,0
UNC,989.002028176996000,11/29/2025 19:29,1,2,0
UNC,989.002028176996000,11/29/2025 19:27,1,2,0
UNC,989.002028176996000,11/29/2025 19:26,1,2,0
UNC,989.002028176996000,11/29/2025 19:25,1,2,0
UNC,989.002028176996000,11/29/2025 19:24,1,2,0
UNC,989.002028176996000,11/29/2025 19:23,1,2,0
UNC,989.002028176996000,11/29/2025 19:21,1,2,0
UNC,989.002028176996000,11/29/2025 19:20,1,2,0
UNC,989.002028176996000,11/29/2025 19:19,1,2,0
UNC,989.002028176996000,11/29/2025 19:18,1,2,0
UNC,989.002028176996000,11/29/2025 19:17,1,2,0
UNC,989.002028176996000,11/29/2025 19:16,1,2,0
UNC,989.002028176996000,11/29/2025 19:15,1,2,0
UNC,989.002028176996000,11/29/2025 19:14,1,2,0
UNC,989.002028176996000,11/29/2025 19:13,1,2,0
UNC,989.002028176996000,11/29/2025 19:12,1,2,0
UNC,989.002028176996000,11/29/2025 19:10,1,2,0
UNC,989.002028176996000,11/29/2025 19:09,1,2,0
UNC,989.002028176996000,11/29/2025 19:08,1,2,0
UNC,989.002028176996000,11/29/2025 19:07,1,2,0
UNC,989.002028176996000,11/29/2025 19:05,1,2,0
UNC,989.002028176996000,11/29/2025 19:04,1,2,0
UNC,989.001040500057000,11/29/2025 19:03,1,7,0
UNC,989.002028176996000,11/29/2025 19:03,1,2,0
UNC,989.001040500057000,11/29/2025 19:03,1,2,0
UNC,989.002028176996000,11/29/2025 19:02,1,2,0
UNC,989.002028176996000,11/29/2025 19:01,1,2,0
UNC,989.002028176996000,11/29/2025 18:59,1,2,0
UNC,989.002028176996000,11/29/2025 18:58,1,2,0
UNC,989.002028176996000,11/29/2025 18:57,1,2,0
UNC,989.002028176996000,11/29/2025 18:56,1,2,0
UNC,989.002028176996000,11/29/2025 18:55,1,2,0
UNC,989.002028176996000,11/29/2025 18:54,1,2,0
UNC,989.002028176996000,11/29/2025 18:53,1,2,0
UNC,989.002028176996000,11/29/2025 18:52,1,2,0
UNC,989.002028176996000,11/29/2025 18:51,1,2,0
UNC,989.002028176996000,11/29/2025 18:50,1,2,0
UNC,989.002028176996000,11/29/2025 18:48,1,2,0
UNC,989.002028176996000,11/29/2025 18:47,1,2,0
UNC,989.002028176996000,11/29/2025 18:46,1,2,0
UNC,989.002028176996000,11/29/2025 18:45,1,2,0
UNC,989.002028176996000,11/29/2025 18:43,1,2,0
UNC,989.002028176996000,11/29/2025 18:42,1,2,0
UNC,989.002028176996000,11/29/2025 18:41,1,2,0
UNC,989.002028176996000,11/29/2025 18:40,1,2,0
UNC,989.002028176996000,11/29/2025 18:39,1,2,0
UNC,989.002028176996000,11/29/2025 18:38,1,2,0
UNC,989.002028176996000,11/29/2025 18:37,1,2,0
UNC,989.002028176996000,11/29/2025 18:36,1,2,0
UNC,989.002028176996000,11/29/2025 18:34,1,2,0
UNC,989.002028176996000,11/29/2025 18:33,1,2,0
UNC,989.002028176996000,11/29/2025 18:32,1,2,0
UNC,989.002028176996000,11/29/2025 18:31,1,2,0
UNC,989.002028176996000,11/29/2025 18:30,1,2,0
UNC,989.002028176996000,11/29/2025 18:29,1,2,0
UNC,989.002028176996000,11/29/2025 18:28,1,2,0
UNC,989.002028176996000,11/29/2025 18:26,1,2,0
UNC,989.002028176996000,11/29/2025 18:25,1,2,0
UNC,989.002028176996000,11/29/2025 18:24,1,2,0
UNC,989.002028176996000,11/29/2025 18:23,1,2,0
UNC,989.002028176996000,11/29/2025 18:22,1,2,0
UNC,989.002028176996000,11/29/2025 18:21,1,2,0
UNC,989.002028176996000,11/29/2025 17:48,1,3,0
UNC,989.002028176695000,11/29/2025 7:48,1,1,0
UNC,989.002028176695000,11/29/2025 7:47,1,1,0
UNC,989.002028176695000,11/29/2025 7:46,1,2,0
UNC,989.002028176695000,11/29/2025 7:34,1,2,0
UNC,989.002028176695000,11/29/2025 7:33,1,2,0
UNC,989.002028176695000,11/29/2025 7:32,1,2,0
UNC,989.002028176695000,11/29/2025 7:31,1,2,0
UNC,989.002028176695000,11/29/2025 7:30,1,2,0
UNC,989.002028176695000,11/29/2025 7:29,1,3,0
UNC,989.002028176695000,11/29/2025 7:28,1,2,0
UNC,989.002028176695000,11/29/2025 7:27,1,2,0
UNC,989.002028176695000,11/29/2025 7:26,1,2,0
UNC,989.002028176695000,11/29/2025 7:25,1,3,0
UNC,989.002028176695000,11/29/2025 7:24,1,2,0
UNC,989.002028176695000,11/29/2025 7:24,1,3,0
UNC,989.002028176695000,11/29/2025 7:22,1,2,0
UNC,989.002028176695000,11/29/2025 7:22,1,3,0
UNC,989.002028176695000,11/29/2025 7:21,1,2,0
UNC,989.002028176695000,11/29/2025 7:19,1,1,0
UNC,989.002028176695000,11/29/2025 7:19,1,2,0
UNC,989.002028176695000,11/29/2025 7:13,1,6,0
UNC,989.002028176695000,11/29/2025 7:13,1,7,0
UNC,989.002028176695000,11/29/2025 7:12,1,7,0
UNC,989.002028176695000,11/29/2025 7:11,1,7,0
UNC,989.002028176695000,11/29/2025 7:10,1,6,0
UNC,989.002028176695000,11/29/2025 7:09,1,7,0
UNC,989.001030620668000,11/29/2025 7:08,1,7,0
UNC,989.002028176695000,11/29/2025 7:08,1,7,0
UNC,989.002028176695000,11/29/2025 7:07,1,6,0
UNC,989.001030620668000,11/29/2025 7:06,1,7,0
UNC,989.002028176695000,11/29/2025 7:06,1,6,0
UNC,989.001030620668000,11/29/2025 7:05,1,7,0
UNC,989.002028176695000,11/29/2025 7:05,1,6,0
UNC,989.001030620668000,11/29/2025 7:04,1,7,0
UNC,989.001030620668000,11/29/2025 7:03,1,7,0
UNC,989.002028176695000,11/29/2025 7:01,1,7,0
UNC,989.002028176996000,11/29/2025 6:59,1,3,0
UNC,989.002028176996000,11/29/2025 6:58,1,3,0
UNC,989.002028176695000,11/29/2025 6:58,1,6,0
UNC,989.002028176996000,11/29/2025 6:57,1,3,0
UNC,989.002028176695000,11/29/2025 6:57,1,6,0
UNC,989.002028176996000,11/29/2025 6:56,1,3,0
UNC,989.002028176695000,11/29/2025 6:56,1,6,0
UNC,989.002028176695000,11/29/2025 6:56,1,7,0
UNC,989.002028176695000,11/29/2025 6:55,1,7,0
UNC,989.002028176996000,11/29/2025 6:55,1,2,0
UNC,989.001030620668000,11/29/2025 6:54,1,2,0
UNC,989.002028176695000,11/29/2025 6:54,1,7,0
UNC,989.002028176996000,11/29/2025 6:54,1,2,0
UNC,989.002028176996000,11/29/2025 6:52,1,2,0
UNC,989.002028176695000,11/29/2025 6:52,1,7,0
UNC,989.002028176996000,11/29/2025 6:51,1,2,0
UNC,989.002028176695000,11/29/2025 6:51,1,7,0
UNC,989.002028176996000,11/29/2025 6:50,1,2,0
UNC,989.002028176996000,11/29/2025 6:50,1,3,0
UNC,989.002028176695000,11/29/2025 6:50,1,7,0
UNC,989.001030620668000,11/29/2025 6:49,1,1,0
UNC,989.002028176695000,11/29/2025 6:49,1,7,0
UNC,989.002028176695000,11/29/2025 6:48,1,6,0
UNC,989.002028176695000,11/29/2025 6:47,1,6,0
UNC,989.002028176695000,11/29/2025 6:46,1,7,0
UNC,989.002028176695000,11/29/2025 6:45,1,6,0
UNC,989.002028176695000,11/29/2025 6:45,1,7,0
UNC,989.002028176695000,11/29/2025 6:42,1,6,0
UNC,989.002028176695000,11/29/2025 6:41,1,6,0
UNC,989.002028176695000,11/29/2025 6:41,1,7,0
UNC,989.002028176695000,11/29/2025 6:40,1,7,0
UNC,989.002028176996000,11/29/2025 6:39,1,3,0
UNC,989.002028176695000,11/29/2025 6:39,1,7,0
UNC,989.001030620668000,11/29/2025 6:39,1,7,0
UNC,989.002028176695000,11/29/2025 6:38,1,6,0
UNC,989.002028176996000,11/29/2025 6:38,1,3,0
UNC,989.001030620668000,11/29/2025 6:38,1,7,0
UNC,989.002028176695000,11/29/2025 6:37,1,6,0
UNC,989.001030620668000,11/29/2025 6:36,1,7,0
UNC,989.002028176695000,11/29/2025 6:36,1,7,0
UNC,989.001030620668000,11/29/2025 6:35,1,7,0
UNC,989.001030620668000,11/29/2025 6:34,1,7,0
UNC,989.001030620304000,11/29/2025 6:34,1,7,0
UNC,989.001030620668000,11/29/2025 6:33,1,7,0
UNC,989.001030620304000,11/29/2025 6:33,1,1,0
UNC,989.001030620668000,11/29/2025 6:32,1,7,0
UNC,989.001030620668000,11/29/2025 6:31,1,7,0
UNC,989.001030620668000,11/29/2025 6:30,1,7,0
UNC,989.001030620668000,11/29/2025 6:28,1,7,0
UNC,989.001030620668000,11/29/2025 6:27,1,7,0
UNC,989.001030620668000,11/29/2025 6:26,1,7,0
UNC,989.001030620668000,11/29/2025 6:25,1,7,0
UNC,989.001030620668000,11/29/2025 6:24,1,7,0
UNC,989.001030620668000,11/29/2025 6:23,1,7,0
UNC,989.001030620668000,11/29/2025 6:21,1,7,0
UNC,989.002028176996000,11/29/2025 6:21,1,2,0
UNC,989.001030620668000,11/29/2025 6:20,1,7,0
UNC,989.002028176996000,11/29/2025 6:20,1,2,0
UNC,989.001030620668000,11/29/2025 6:19,1,7,0
UNC,989.001030620668000,11/29/2025 6:18,1,7,0
UNC,989.002028176996000,11/29/2025 6:17,1,2,0
UNC,989.001030620668000,11/29/2025 6:17,1,7,0
UNC,989.001030620668000,11/29/2025 6:16,1,7,0
UNC,989.001030620668000,11/29/2025 6:15,1,7,0
UNC,989.001030620668000,11/29/2025 6:14,1,7,0
UNC,989.001030620668000,11/29/2025 6:13,1,7,0
UNC,989.001030620668000,11/29/2025 6:12,1,7,0
UNC,989.001030620668000,11/29/2025 6:11,1,7,0
UNC,989.001030620668000,11/29/2025 6:10,1,7,0
UNC,989.002028176996000,11/29/2025 6:09,1,3,0
UNC,989.002028176996000,11/29/2025 6:08,1,3,0
UNC,989.002028176996000,11/29/2025 6:08,1,2,0
UNC,989.002028176996000,11/29/2025 6:07,1,2,0
UNC,989.001030620668000,11/29/2025 6:05,1,6,0
UNC,989.002028176996000,11/29/2025 6:05,1,2,0
UNC,989.002028176996000,11/29/2025 6:04,1,2,0
UNC,989.002028176996000,11/29/2025 6:03,1,2,0
UNC,989.002028177108000,11/29/2025 6:03,1,2,0
UNC,989.002028177108000,11/29/2025 6:00,1,2,0
UNC,989.002028176996000,11/29/2025 5:59,1,2,0
UNC,989.002028176996000,11/29/2025 5:58,1,2,0
UNC,989.001030620668000,11/29/2025 5:56,1,6,0
UNC,989.001030620668000,11/29/2025 5:54,1,6,0
UNC,989.002028176996000,11/29/2025 5:53,1,1,0
UNC,989.001030620668000,11/29/2025 5:53,1,6,0
UNC,989.001030620668000,11/29/2025 5:52,1,6,0
UNC,989.002028176996000,11/29/2025 5:51,1,3,0
UNC,989.001030620668000,11/29/2025 5:51,1,6,0
UNC,989.002028176996000,11/29/2025 5:50,1,3,0
UNC,989.001030620668000,11/29/2025 5:50,1,6,0
UNC,989.002028176996000,11/29/2025 5:49,1,3,0
UNC,989.001030620668000,11/29/2025 5:49,1,6,0
UNC,989.002028176996000,11/29/2025 5:47,1,3,0
UNC,989.002028176996000,11/29/2025 5:45,1,3,0
UNC,989.002028176996000,11/29/2025 5:43,1,3,0
UNC,989.002028176996000,11/29/2025 5:42,1,3,0
UNC,989.002028176996000,11/29/2025 5:41,1,3,0
UNC,989.002028176996000,11/29/2025 5:30,1,3,0
UNC,989.002028176996000,11/29/2025 5:29,1,3,0
UNC,989.002028176996000,11/29/2025 5:28,1,3,0
UNC,989.001030621374000,11/29/2025 5:17,1,1,0
UNC,989.001030621374000,11/29/2025 5:10,1,6,0
UNC,989.001030621374000,11/29/2025 5:07,1,6,0
UNC,989.001030620186000,11/29/2025 4:54,1,8,0
UNC,989.001030620186000,11/29/2025 4:52,1,8,0
UNC,989.001030620186000,11/29/2025 4:51,1,9,0
UNC,989.002028176996000,11/29/2025 4:51,1,3,0
UNC,989.002028176996000,11/29/2025 4:45,1,3,0
UNC,989.001030620186000,11/29/2025 4:39,1,8,0
UNC,989.001030620186000,11/29/2025 4:39,1,7,0
UNC,989.001040500087000,11/29/2025 4:37,1,2,0
UNC,989.001040500087000,11/29/2025 4:36,1,7,0
UNC,989.001030620186000,11/29/2025 4:32,1,8,0
UNC,989.002028176996000,11/29/2025 4:27,1,3,0
UNC,989.002028176996000,11/29/2025 4:22,1,3,0
UNC,989.001040500087000,11/29/2025 4:19,1,7,0
UNC,989.001040500087000,11/29/2025 4:18,1,1,0
UNC,989.002028176996000,11/29/2025 4:18,1,3,0
UNC,989.002028176996000,11/29/2025 4:16,1,3,0
UNC,989.001030620186000,11/29/2025 4:16,1,8,0
UNC,989.001030620186000,11/29/2025 4:15,1,8,0
UNC,989.001030620186000,11/29/2025 3:59,1,9,0
UNC,989.001030620186000,11/29/2025 3:30,1,8,0
UNC,989.002028176996000,11/29/2025 3:27,1,3,0
UNC,989.002028176996000,11/29/2025 3:25,1,3,0
UNC,989.002028176996000,11/29/2025 3:24,1,3,0
UNC,989.001030620186000,11/29/2025 3:21,1,8,0
UNC,989.002028176996000,11/29/2025 3:21,1,3,0
UNC,989.002028176996000,11/29/2025 3:18,1,3,0
UNC,989.002028176996000,11/29/2025 3:17,1,3,0
UNC,989.002028176996000,11/29/2025 3:16,1,3,0
UNC,989.001030620186000,11/29/2025 3:15,1,8,0
UNC,989.001030620186000,11/29/2025 3:11,1,9,0
UNC,989.002028176996000,11/29/2025 3:08,1,3,0
UNC,989.002028176996000,11/29/2025 3:00,1,3,0
UNC,989.002028176996000,11/29/2025 2:58,1,3,0
UNC,989.001030620186000,11/29/2025 2:57,1,8,0
UNC,989.001030620186000,11/29/2025 2:51,1,9,0
UNC,989.002028176996000,11/29/2025 2:45,1,2,0
UNC,989.002028176996000,11/29/2025 2:44,1,3,0
UNC,989.002028176996000,11/29/2025 2:42,1,3,0
UNC,989.002028176996000,11/29/2025 2:41,1,3,0
UNC,989.002028176996000,11/29/2025 2:40,1,3,0
UNC,989.002028176996000,11/29/2025 2:38,1,3,0
UNC,989.002028176996000,11/29/2025 2:37,1,3,0
UNC,989.002028176996000,11/29/2025 2:33,1,3,0
UNC,989.002028176996000,11/29/2025 2:32,1,3,0
UNC,989.002028176996000,11/29/2025 2:31,1,3,0
UNC,989.002028176996000,11/29/2025 2:29,1,3,0
UNC,989.002028176996000,11/29/2025 2:28,1,3,0
UNC,989.002028176996000,11/29/2025 2:18,1,3,0
UNC,989.002028176996000,11/29/2025 2:07,1,3,0
UNC,989.002028176996000,11/29/2025 2:04,1,3,0
UNC,989.002028176996000,11/29/2025 2:03,1,3,0
UNC,989.002028176996000,11/29/2025 2:02,1,2,0
UNC,989.002028176996000,11/29/2025 2:02,1,3,0
UNC,989.002028176996000,11/29/2025 2:01,1,3,0
UNC,989.002028176996000,11/29/2025 1:15,1,3,0
UNC,989.001030621374000,11/29/2025 1:09,1,2,0
UNC,989.001030621374000,11/29/2025 1:08,1,2,0
UNC,989.001030621374000,11/29/2025 1:07,1,2,0
UNC,989.001030621374000,11/29/2025 1:05,1,2,0
UNC,989.001030621374000,11/29/2025 1:04,1,2,0
UNC,989.001030621374000,11/29/2025 1:03,1,2,0
UNC,989.001030621374000,11/29/2025 1:01,1,2,0
UNC,989.001030621374000,11/29/2025 0:59,1,2,0
UNC,989.001030621374000,11/29/2025 0:58,1,2,0
UNC,989.001030621374000,11/29/2025 0:57,1,2,0
UNC,989.001030621374000,11/29/2025 0:55,1,2,0
UNC,989.001030621374000,11/29/2025 0:53,1,2,0
UNC,989.002028176996000,11/29/2025 0:53,1,8,0
UNC,989.001030620186000,11/29/2025 0:52,1,9,0
UNC,989.001030621374000,11/29/2025 0:52,1,2,0
UNC,989.002028176996000,11/29/2025 0:52,1,8,0
UNC,989.001030621374000,11/29/2025 0:51,1,2,0
UNC,989.002028176996000,11/29/2025 0:51,1,8,0
UNC,989.002028176996000,11/29/2025 0:49,1,8,0
UNC,989.001030621374000,11/29/2025 0:48,1,2,0
UNC,989.001030621374000,11/29/2025 0:46,1,2,0
UNC,989.001030621374000,11/29/2025 0:45,1,2,0
UNC,989.001030621374000,11/29/2025 0:42,1,2,0
UNC,989.001030621374000,11/29/2025 0:41,1,2,0
UNC,989.001030621374000,11/29/2025 0:39,1,2,0
UNC,989.001030621374000,11/29/2025 0:37,1,2,0
UNC,989.001030621374000,11/29/2025 0:35,1,2,0
UNC,989.001030621374000,11/29/2025 0:33,1,2,0
UNC,989.001030621374000,11/29/2025 0:32,1,2,0
UNC,989.002028176996000,11/29/2025 0:31,1,2,0
UNC,989.002028176996000,11/29/2025 0:30,1,2,0
UNC,989.002028176996000,11/29/2025 0:30,1,3,0
UNC,989.001030621374000,11/29/2025 0:30,1,2,0
UNC,989.002028176996000,11/29/2025 0:29,1,3,0
UNC,989.001030621374000,11/29/2025 0:29,1,2,0
UNC,989.002028176996000,11/29/2025 0:28,1,3,0
UNC,989.001030621374000,11/29/2025 0:27,1,2,0
UNC,989.002028176996000,11/29/2025 0:27,1,3,0
UNC,989.001030621374000,11/29/2025 0:25,1,2,0
UNC,989.001030621374000,11/29/2025 0:23,1,2,0
UNC,989.001030620186000,11/29/2025 0:23,1,9,0
UNC,989.001030621374000,11/29/2025 0:22,1,2,0
UNC,989.001030621374000,11/29/2025 0:21,1,2,0
UNC,989.001030621374000,11/29/2025 0:19,1,2,0
UNC,989.001030621374000,11/29/2025 0:18,1,2,0
UNC,989.001030621374000,11/29/2025 0:15,1,2,0
UNC,989.001030621374000,11/29/2025 0:14,1,2,0
UNC,989.001030621374000,11/29/2025 0:13,1,2,0
UNC,989.002028176996000,11/29/2025 0:11,1,3,0
UNC,989.001030621374000,11/29/2025 0:11,1,2,0
UNC,989.001030621374000,11/29/2025 0:09,1,2,0
UNC,989.001030621374000,11/29/2025 0:08,1,2,0
UNC,989.001030621374000,11/29/2025 0:07,1,2,0
UNC,989.001030621374000,11/29/2025 0:05,1,2,0
UNC,989.001030621374000,11/29/2025 0:04,1,2,0
UNC,989.001030621374000,11/29/2025 0:03,1,2,0
UNC,989.001030621374000,11/29/2025 0:01,1,2,0
UNC,989.001030621374000,11/29/2025 0:00,1,2,0
UNC,989.002028176996000,11/28/2025 23:59,1,3,0
UNC,989.001030621374000,11/28/2025 23:59,1,2,0
UNC,989.001030621374000,11/28/2025 23:57,1,2,0
UNC,989.001030621374000,11/28/2025 23:56,1,2,0
UNC,989.001030621374000,11/28/2025 23:54,1,2,0
UNC,989.001040500087000,11/28/2025 23:54,1,6,0
UNC,989.002028176996000,11/28/2025 23:53,1,3,0
UNC,989.001030621374000,11/28/2025 23:52,1,2,0
UNC,989.001030621374000,11/28/2025 23:51,1,2,0
UNC,989.002028176996000,11/28/2025 23:49,1,2,0
UNC,989.002028176996000,11/28/2025 23:48,1,3,0
UNC,989.002028176996000,11/28/2025 23:47,1,2,0
UNC,989.001030620186000,11/28/2025 23:47,1,9,0
UNC,989.002028176996000,11/28/2025 23:46,1,2,0
UNC,989.002028176996000,11/28/2025 23:44,1,2,0
UNC,989.002028176996000,11/28/2025 23:44,1,3,0
UNC,989.001030620186000,11/28/2025 23:43,1,9,0
UNC,989.001030620186000,11/28/2025 23:39,1,9,0
UNC,989.001030621167000,11/28/2025 23:32,1,7,0
UNC,989.002028176996000,11/28/2025 23:23,1,3,0
UNC,989.002028176996000,11/28/2025 23:21,1,3,0
UNC,989.002028176996000,11/28/2025 23:20,1,3,0
UNC,989.002028176996000,11/28/2025 23:15,1,3,0
UNC,989.001030621374000,11/28/2025 23:01,1,8,0
UNC,989.002028176996000,11/28/2025 22:30,1,3,0
UNC,989.002028176996000,11/28/2025 22:28,1,3,0
UNC,989.002028176996000,11/28/2025 22:27,1,3,0
UNC,989.002028176996000,11/28/2025 22:25,1,3,0
UNC,989.002028176996000,11/28/2025 22:24,1,3,0
UNC,989.002028176996000,11/28/2025 22:23,1,3,0
UNC,989.002028176996000,11/28/2025 22:21,1,3,0
UNC,989.002028176996000,11/28/2025 22:20,1,3,0
UNC,989.002028176996000,11/28/2025 22:17,1,3,0
UNC,989.002028176996000,11/28/2025 22:16,1,3,0
UNC,989.002028176996000,11/28/2025 22:15,1,3,0
UNC,989.002028176996000,11/28/2025 22:13,1,3,0
UNC,989.002028176996000,11/28/2025 22:12,1,3,0
UNC,989.002028176996000,11/28/2025 22:11,1,3,0
UNC,989.002028176996000,11/28/2025 22:10,1,3,0
UNC,989.002028176996000,11/28/2025 22:09,1,3,0
UNC,989.002028176996000,11/28/2025 22:07,1,3,0
UNC,989.002028176996000,11/28/2025 22:06,1,3,0
UNC,989.002028176996000,11/28/2025 22:05,1,3,0
UNC,989.001030620186000,11/28/2025 21:52,1,9,0
UNC,989.001030620186000,11/28/2025 21:48,1,9,0
UNC,989.002028176996000,11/28/2025 20:54,1,1,0
UNC,989.001030621374000,11/28/2025 20:52,1,8,0
UNC,989.002028176996000,11/28/2025 20:51,1,2,0
UNC,989.001030621374000,11/28/2025 20:50,1,8,0
UNC,989.002028176996000,11/28/2025 20:50,1,2,0
UNC,989.001030621374000,11/28/2025 20:49,1,8,0
UNC,989.002028176996000,11/28/2025 20:49,1,2,0
UNC,989.001030621374000,11/28/2025 20:48,1,8,0
UNC,989.002028176996000,11/28/2025 20:48,1,2,0
UNC,989.002028176996000,11/28/2025 20:47,1,2,0
UNC,989.002028176996000,11/28/2025 20:45,1,2,0
UNC,989.002028176996000,11/28/2025 20:44,1,2,0
UNC,989.002028176996000,11/28/2025 20:42,1,2,0
UNC,989.002028176996000,11/28/2025 20:41,1,2,0
UNC,989.002028176996000,11/28/2025 20:37,1,2,0
UNC,989.002028176996000,11/28/2025 20:36,1,2,0
UNC,989.002028176996000,11/28/2025 20:35,1,2,0
UNC,989.002028176996000,11/28/2025 20:31,1,2,0
UNC,989.002028176996000,11/28/2025 20:30,1,2,0
UNC,989.002028176996000,11/28/2025 20:29,1,2,0
UNC,989.002028176996000,11/28/2025 20:28,1,2,0
UNC,989.002028176996000,11/28/2025 20:27,1,2,0
UNC,989.002028176996000,11/28/2025 20:26,1,2,0
UNC,989.002028176996000,11/28/2025 20:25,1,2,0
UNC,989.002028176996000,11/28/2025 20:24,1,2,0
UNC,989.002028176996000,11/28/2025 20:23,1,2,0
UNC,989.002028176996000,11/28/2025 20:22,1,2,0
UNC,989.002028176996000,11/28/2025 20:21,1,2,0
UNC,989.002028176996000,11/28/2025 20:19,1,2,0
UNC,989.002028176996000,11/28/2025 20:18,1,2,0
UNC,989.002028176996000,11/28/2025 20:17,1,2,0
UNC,989.002028176996000,11/28/2025 20:16,1,2,0
UNC,989.001030620304000,11/28/2025 20:16,1,2,0
UNC,989.001030620304000,11/28/2025 20:15,1,6,0
UNC,989.002028176996000,11/28/2025 20:15,1,2,0
UNC,989.002028176996000,11/28/2025 20:14,1,2,0
UNC,989.002028176996000,11/28/2025 20:12,1,2,0
UNC,989.002028176996000,11/28/2025 20:11,1,2,0
UNC,989.002028176996000,11/28/2025 20:10,1,2,0
UNC,989.002028176996000,11/28/2025 20:09,1,2,0
UNC,989.002028176996000,11/28/2025 20:08,1,2,0
UNC,989.002028176996000,11/28/2025 20:06,1,2,0
UNC,989.002028176996000,11/28/2025 20:05,1,2,0
UNC,989.002028176996000,11/28/2025 20:04,1,2,0
UNC,989.002028176996000,11/28/2025 20:03,1,2,0
UNC,989.002028176996000,11/28/2025 20:02,1,2,0
UNC,989.002028176996000,11/28/2025 20:01,1,2,0
UNC,989.002028176996000,11/28/2025 20:00,1,2,0
UNC,989.002028176996000,11/28/2025 19:59,1,2,0
UNC,989.002028176996000,11/28/2025 19:58,1,2,0
UNC,989.002028176996000,11/28/2025 19:57,1,2,0
UNC,989.002028176996000,11/28/2025 19:56,1,2,0
UNC,989.002028176996000,11/28/2025 19:54,1,2,0
UNC,989.002028176996000,11/28/2025 19:53,1,2,0
UNC,989.002028176996000,11/28/2025 19:52,1,2,0
UNC,989.002028176996000,11/28/2025 19:51,1,2,0
UNC,989.002028176996000,11/28/2025 19:50,1,2,0
UNC,989.002028176996000,11/28/2025 19:49,1,2,0
UNC,989.002028176996000,11/28/2025 19:48,1,2,0
UNC,989.002028176996000,11/28/2025 19:47,1,2,0
UNC,989.002028176996000,11/28/2025 19:45,1,2,0
UNC,989.001030621374000,11/28/2025 19:25,1,6,0
UNC,989.001030621374000,11/28/2025 19:16,1,6,0
UNC,989.001030621374000,11/28/2025 18:21,1,6,0
UNC,989.001030621374000,11/28/2025 18:20,1,1,0
UNC,989.002028176996000,11/28/2025 18:04,1,2,0
UNC,989.001030620186000,11/28/2025 18:03,1,7,0
UNC,989.002028176695000,11/28/2025 17:38,1,2,0
UNC,989.002028176695000,11/28/2025 17:33,1,6,0
UNC,989.002028176695000,11/28/2025 17:32,1,6,0
UNC,989.002028176695000,11/28/2025 17:31,1,6,0
UNC,989.002028176695000,11/28/2025 17:30,1,6,0
UNC,989.002028176695000,11/28/2025 17:29,1,6,0
UNC,989.002028176695000,11/28/2025 17:28,1,6,0
UNC,989.002028176695000,11/28/2025 17:27,1,6,0
UNC,989.002028176695000,11/28/2025 17:26,1,6,0
UNC,989.002028176695000,11/28/2025 17:25,1,6,0
UNC,989.002028176695000,11/28/2025 17:24,1,6,0
UNC,989.002028176695000,11/28/2025 17:23,1,6,0
UNC,989.002028176996000,11/28/2025 17:22,1,3,0
UNC,989.002028176695000,11/28/2025 17:22,1,6,0
UNC,989.002028176695000,11/28/2025 17:21,1,7,0
UNC,989.002028176695000,11/28/2025 17:20,1,7,0
UNC,989.002028176695000,11/28/2025 17:19,1,7,0
UNC,989.002028176695000,11/28/2025 17:18,1,7,0
UNC,989.002028176996000,11/28/2025 17:17,1,3,0
UNC,989.002028176695000,11/28/2025 17:11,1,7,0
UNC,989.002028176695000,11/28/2025 17:11,1,6,0
UNC,989.002028176996000,11/28/2025 17:10,1,3,0
UNC,989.002028176695000,11/28/2025 17:10,1,6,0
UNC,989.002028176695000,11/28/2025 17:09,1,6,0
UNC,989.002028176695000,11/28/2025 17:07,1,7,0
UNC,989.002028176996000,11/28/2025 17:06,1,3,0
UNC,989.002028176695000,11/28/2025 17:05,1,7,0
UNC,989.002028176695000,11/28/2025 17:04,1,7,0
UNC,989.002028176695000,11/28/2025 17:02,1,6,0
UNC,989.002028176695000,11/28/2025 17:02,1,7,0
UNC,989.002028176695000,11/28/2025 17:01,1,7,0
UNC,989.002028176695000,11/28/2025 17:00,1,7,0
UNC,989.002028176996000,11/28/2025 17:00,1,3,0
UNC,989.002028176695000,11/28/2025 16:59,1,7,0
UNC,989.002028176695000,11/28/2025 16:59,1,6,0
UNC,989.002028176996000,11/28/2025 16:58,1,3,0
UNC,989.002028176695000,11/28/2025 16:58,1,6,0
UNC,989.002028176695000,11/28/2025 16:56,1,6,0
UNC,989.002028176695000,11/28/2025 16:55,1,6,0
UNC,989.002028176695000,11/28/2025 16:54,1,6,0
UNC,989.002028176695000,11/28/2025 16:54,1,7,0
UNC,989.002028176695000,11/28/2025 16:52,1,7,0
UNC,989.002028176695000,11/28/2025 16:51,1,6,0
UNC,989.002028176695000,11/28/2025 16:51,1,7,0
UNC,989.002028176695000,11/28/2025 16:50,1,6,0
UNC,989.002028176695000,11/28/2025 16:49,1,6,0
UNC,989.002028176695000,11/28/2025 16:48,1,7,0
UNC,989.002028176695000,11/28/2025 16:46,1,7,0
UNC,989.002028176996000,11/28/2025 16:45,1,3,0
UNC,989.002028176695000,11/28/2025 16:45,1,7,0
UNC,989.002028176996000,11/28/2025 16:44,1,3,0
UNC,989.002028176695000,11/28/2025 16:43,1,7,0
UNC,989.002028176996000,11/28/2025 16:43,1,3,0
UNC,989.002028176695000,11/28/2025 16:42,1,7,0
UNC,989.002028176695000,11/28/2025 16:42,1,6,0
UNC,989.002028176996000,11/28/2025 16:41,1,2,0
UNC,989.002028176695000,11/28/2025 16:41,1,7,0
UNC,989.002028176695000,11/28/2025 16:40,1,7,0
UNC,989.002028176996000,11/28/2025 16:40,1,2,0
UNC,989.002028176695000,11/28/2025 16:40,1,6,0
UNC,989.002028176695000,11/28/2025 16:39,1,6,0
UNC,989.002028176695000,11/28/2025 16:38,1,6,0
UNC,989.002028176695000,11/28/2025 16:37,1,6,0
UNC,989.002028176695000,11/28/2025 16:36,1,6,0
UNC,989.002028176695000,11/28/2025 16:35,1,6,0
UNC,989.002028176695000,11/28/2025 16:34,1,6,0
UNC,989.002028176695000,11/28/2025 16:33,1,6,0
UNC,989.002028176695000,11/28/2025 16:32,1,6,0
UNC,989.002028176695000,11/28/2025 16:31,1,7,0
UNC,989.002028176695000,11/28/2025 16:28,1,7,0
UNC,989.002028176695000,11/28/2025 16:27,1,6,0
UNC,989.002028176695000,11/28/2025 16:26,1,6,0
UNC,989.002028176695000,11/28/2025 16:25,1,6,0
UNC,989.002028176695000,11/28/2025 16:25,1,7,0
UNC,989.002028176695000,11/28/2025 16:24,1,7,0
UNC,989.002028176695000,11/28/2025 16:22,1,6,0
UNC,989.002028176996000,11/28/2025 16:21,1,2,0
UNC,989.002028176695000,11/28/2025 16:21,1,6,0
UNC,989.002028176996000,11/28/2025 16:21,1,3,0
UNC,989.002028176695000,11/28/2025 16:20,1,7,0
UNC,989.002028176996000,11/28/2025 16:20,1,2,0
UNC,989.002028176695000,11/28/2025 16:19,1,7,0
UNC,989.002028176695000,11/28/2025 16:17,1,6,0
UNC,989.002028176695000,11/28/2025 16:17,1,7,0
UNC,989.002028176695000,11/28/2025 16:15,1,6,0
UNC,989.002028176695000,11/28/2025 16:14,1,7,0
UNC,989.002028176996000,11/28/2025 16:14,1,3,0
UNC,989.002028176695000,11/28/2025 16:13,1,7,0
UNC,989.002028176996000,11/28/2025 16:12,1,2,0
UNC,989.002028176996000,11/28/2025 16:11,1,2,0
UNC,989.002028176996000,11/28/2025 16:10,1,2,0
UNC,989.002028176996000,11/28/2025 16:09,1,2,0
UNC,989.002028176996000,11/28/2025 16:08,1,2,0
UNC,989.002028176996000,11/28/2025 16:07,1,2,0
UNC,989.002028176996000,11/28/2025 16:06,1,2,0
UNC,989.002028176996000,11/28/2025 16:05,1,2,0
UNC,989.002028176996000,11/28/2025 16:03,1,2,0
UNC,989.002028176996000,11/28/2025 16:02,1,2,0
UNC,989.002028176996000,11/28/2025 15:03,1,2,0
UNC,989.002028176695000,11/28/2025 7:31,1,2,0
UNC,989.002028176695000,11/28/2025 7:29,1,7,0
UNC,989.002028176695000,11/28/2025 7:28,1,6,0
UNC,989.002028176695000,11/28/2025 7:27,1,7,0
UNC,989.002028176695000,11/28/2025 7:26,1,6,0
UNC,989.002028176695000,11/28/2025 7:26,1,7,0
UNC,989.002028176695000,11/28/2025 7:25,1,7,0
UNC,989.001030621374000,11/28/2025 7:24,1,2,0
UNC,989.002028176695000,11/28/2025 7:24,1,7,0
UNC,989.002028176695000,11/28/2025 7:23,1,7,0
UNC,989.002028176695000,11/28/2025 7:21,1,7,0
UNC,989.002028176695000,11/28/2025 7:20,1,7,0
UNC,989.002028176695000,11/28/2025 7:19,1,7,0
UNC,989.002028176695000,11/28/2025 7:19,1,6,0
UNC,989.002028176695000,11/28/2025 7:18,1,6,0
UNC,989.002028176695000,11/28/2025 7:16,1,7,0
UNC,989.002028176695000,11/28/2025 7:15,1,7,0
UNC,989.002028176695000,11/28/2025 7:14,1,6,0
UNC,989.002028176695000,11/28/2025 7:13,1,6,0
UNC,989.002028176695000,11/28/2025 7:13,1,7,0
UNC,989.001030621374000,11/28/2025 7:13,1,7,0
UNC,989.002028176695000,11/28/2025 7:12,1,7,0
UNC,989.002028176996000,11/28/2025 7:10,1,2,0
UNC,989.002028176695000,11/28/2025 7:09,1,6,0
UNC,989.002028176996000,11/28/2025 7:09,1,6,0
UNC,989.002028176695000,11/28/2025 7:08,1,6,0
UNC,989.002028176695000,11/28/2025 7:07,1,6,0
UNC,989.002028176695000,11/28/2025 7:07,1,7,0
UNC,989.002028176695000,11/28/2025 7:06,1,7,0
UNC,989.001030621167000,11/28/2025 7:05,1,7,0
UNC,989.002028176695000,11/28/2025 7:05,1,6,0
UNC,989.002028176996000,11/28/2025 7:04,1,2,0
UNC,989.001030621167000,11/28/2025 7:04,1,2,0
UNC,989.002028176695000,11/28/2025 7:04,1,6,0
UNC,989.002028176695000,11/28/2025 7:03,1,6,0
UNC,989.002028176695000,11/28/2025 7:03,1,7,0
UNC,989.002028176695000,11/28/2025 7:02,1,6,0
UNC,989.002028176996000,11/28/2025 7:01,1,2,0
UNC,989.002028176695000,11/28/2025 7:01,1,7,0
UNC,989.002028176996000,11/28/2025 7:00,1,2,0
UNC,989.002028176695000,11/28/2025 6:58,1,2,0
UNC,989.002028176695000,11/28/2025 6:57,1,3,0
UNC,989.002028176691000,11/28/2025 6:56,1,2,0
UNC,989.002028176695000,11/28/2025 6:56,1,3,0
UNC,989.001030620668000,11/28/2025 6:56,1,7,0
UNC,989.002028176996000,11/28/2025 6:56,1,3,0
UNC,989.002028176695000,11/28/2025 6:55,1,2,0
UNC,989.002028176996000,11/28/2025 6:55,1,2,0
UNC,989.001030620668000,11/28/2025 6:55,1,7,0
UNC,989.001030620668000,11/28/2025 6:54,1,7,0
UNC,989.002028176996000,11/28/2025 6:54,1,2,0
UNC,989.002028176695000,11/28/2025 6:53,1,2,0
UNC,989.002028176695000,11/28/2025 6:53,1,3,0
UNC,989.002028176691000,11/28/2025 6:53,1,7,0
UNC,989.002028176996000,11/28/2025 6:52,1,2,0
UNC,989.002028176695000,11/28/2025 6:52,1,3,0
UNC,989.002028176691000,11/28/2025 6:52,1,1,0
UNC,989.001030620668000,11/28/2025 6:52,1,1,0
UNC,989.002028176996000,11/28/2025 6:51,1,2,0
UNC,989.002028176695000,11/28/2025 6:51,1,3,0
UNC,989.002028176996000,11/28/2025 6:50,1,2,0
UNC,989.002028176695000,11/28/2025 6:50,1,2,0
UNC,989.002028176695000,11/28/2025 6:48,1,2,0
UNC,989.002028176695000,11/28/2025 6:47,1,2,0
UNC,989.002028176695000,11/28/2025 6:46,1,2,0
UNC,989.002028176996000,11/28/2025 6:46,1,3,0
UNC,989.002028176695000,11/28/2025 6:45,1,2,0
UNC,989.002028176996000,11/28/2025 6:45,1,3,0
UNC,989.002028176695000,11/28/2025 6:44,1,1,0
UNC,989.001030620304000,11/28/2025 6:43,1,7,0
UNC,989.002028176695000,11/28/2025 6:43,1,1,0
UNC,989.001030620304000,11/28/2025 6:43,1,1,0
UNC,989.002028176695000,11/28/2025 6:42,1,1,0
UNC,989.002028176695000,11/28/2025 6:41,1,1,0
UNC,989.001040500035000,11/28/2025 6:40,1,6,0
UNC,989.002028176695000,11/28/2025 6:40,1,1,0
UNC,989.001040500035000,11/28/2025 6:39,1,6,0
UNC,989.002028176695000,11/28/2025 6:39,1,1,0
UNC,989.001040500035000,11/28/2025 6:37,1,6,0
UNC,989.001040500035000,11/28/2025 6:37,1,7,0
UNC,989.001040500035000,11/28/2025 6:36,1,7,0
UNC,989.001030620668000,11/28/2025 6:34,1,1,0
UNC,989.002028176996000,11/28/2025 6:26,1,3,0
UNC,989.002028176996000,11/28/2025 6:26,1,2,0
UNC,989.002028176695000,11/28/2025 6:24,1,2,0
UNC,989.001030620668000,11/28/2025 6:24,1,7,0
UNC,989.002028176996000,11/28/2025 6:24,1,2,0
UNC,989.001030620668000,11/28/2025 6:23,1,7,0
UNC,989.001030620668000,11/28/2025 6:22,1,8,0
UNC,989.002028176996000,11/28/2025 6:22,1,2,0
UNC,989.001030620668000,11/28/2025 6:21,1,8,0
UNC,989.001030620668000,11/28/2025 6:20,1,8,0
UNC,989.001030620668000,11/28/2025 6:19,1,8,0
UNC,989.001030620668000,11/28/2025 6:16,1,7,0
UNC,989.001030620668000,11/28/2025 6:15,1,8,0
UNC,989.001030620668000,11/28/2025 6:14,1,8,0
UNC,989.001040500035000,11/28/2025 6:12,1,8,0
UNC,989.001030620668000,11/28/2025 6:12,1,7,0
UNC,989.001040500035000,11/28/2025 6:11,1,8,0
UNC,989.001040500035000,11/28/2025 6:10,1,8,0
UNC,989.001040500035000,11/28/2025 6:09,1,8,0
UNC,989.001030620668000,11/28/2025 6:08,1,2,0
UNC,989.001040500035000,11/28/2025 6:08,1,8,0
UNC,989.001030620668000,11/28/2025 6:07,1,2,0
UNC,989.001030620668000,11/28/2025 6:06,1,2,0
UNC,989.001040500035000,11/28/2025 6:06,1,8,0
UNC,989.001040500035000,11/28/2025 6:05,1,8,0
UNC,989.001030620668000,11/28/2025 6:04,1,1,0
UNC,989.001040500035000,11/28/2025 6:00,1,8,0
UNC,989.001040500035000,11/28/2025 5:59,1,8,0
UNC,989.002028176996000,11/28/2025 5:58,1,3,0
UNC,989.001040500035000,11/28/2025 5:58,1,8,0
UNC,989.001030620186000,11/28/2025 5:57,1,9,0
UNC,989.001040500035000,11/28/2025 5:56,1,8,0
UNC,989.001040500035000,11/28/2025 5:54,1,8,0
UNC,989.002028176996000,11/28/2025 5:54,1,3,0
UNC,989.001040500035000,11/28/2025 5:52,1,8,0
UNC,989.001040500035000,11/28/2025 5:51,1,8,0
UNC,989.001040500035000,11/28/2025 5:50,1,8,0
UNC,989.001030621374000,11/28/2025 5:50,1,3,0
UNC,989.001040500035000,11/28/2025 5:47,1,8,0
UNC,989.001040500035000,11/28/2025 5:41,1,8,0
UNC,989.001030620186000,11/28/2025 5:40,1,9,0
UNC,989.001030620186000,11/28/2025 5:40,1,8,0
UNC,989.001040500035000,11/28/2025 5:39,1,8,0
UNC,989.001040500035000,11/28/2025 5:37,1,8,0
UNC,989.001040500035000,11/28/2025 5:34,1,8,0
UNC,989.001040500035000,11/28/2025 5:33,1,8,0
UNC,989.001030620668000,11/28/2025 5:32,1,1,0
UNC,989.001040500035000,11/28/2025 5:31,1,8,0
UNC,989.001040500035000,11/28/2025 5:30,1,8,0
UNC,989.001040500035000,11/28/2025 5:29,1,8,0
UNC,989.001040500035000,11/28/2025 5:28,1,8,0
UNC,989.001040500035000,11/28/2025 5:27,1,8,0
UNC,989.001040500035000,11/28/2025 5:26,1,8,0
UNC,989.001030620668000,11/28/2025 5:24,1,1,0
UNC,989.001040500035000,11/28/2025 5:24,1,8,0
UNC,989.002028177050000,11/28/2025 5:24,1,3,0
UNC,989.001040500035000,11/28/2025 5:23,1,8,0
UNC,989.002028177050000,11/28/2025 5:23,1,3,0
UNC,989.002028177050000,11/28/2025 5:22,1,3,0
UNC,989.001040500035000,11/28/2025 5:22,1,8,0
UNC,989.002028177050000,11/28/2025 5:21,1,3,0
UNC,989.001040500035000,11/28/2025 5:21,1,8,0
UNC,989.002028177050000,11/28/2025 5:20,1,3,0
UNC,989.001040500035000,11/28/2025 5:20,1,8,0
UNC,989.002028177050000,11/28/2025 5:19,1,3,0
UNC,989.001040500035000,11/28/2025 5:19,1,8,0
UNC,989.002028177050000,11/28/2025 5:18,1,3,0
UNC,989.001040500035000,11/28/2025 5:18,1,8,0
UNC,989.002028177050000,11/28/2025 5:17,1,3,0
UNC,989.001040500035000,11/28/2025 5:16,1,8,0
UNC,989.002028177050000,11/28/2025 5:15,1,3,0
UNC,989.001040500035000,11/28/2025 5:15,1,8,0
UNC,989.002028177050000,11/28/2025 5:14,1,3,0
UNC,989.001040500035000,11/28/2025 5:14,1,8,0
UNC,989.002028177050000,11/28/2025 5:13,1,3,0
UNC,989.001040500035000,11/28/2025 5:12,1,8,0
UNC,989.002028177050000,11/28/2025 5:12,1,3,0
UNC,989.001040500035000,11/28/2025 5:11,1,8,0
UNC,989.002028177050000,11/28/2025 5:11,1,3,0
UNC,989.001040500035000,11/28/2025 5:10,1,8,0
UNC,989.002028177050000,11/28/2025 5:10,1,3,0
UNC,989.001040500035000,11/28/2025 5:09,1,8,0
UNC,989.002028177050000,11/28/2025 5:09,1,3,0
UNC,989.001040500035000,11/28/2025 5:08,1,8,0
UNC,989.002028177050000,11/28/2025 5:08,1,3,0
UNC,989.001030620668000,11/28/2025 5:07,1,1,0
UNC,989.001040500035000,11/28/2025 5:07,1,8,0
UNC,989.002028177050000,11/28/2025 5:06,1,3,0
UNC,989.001040500035000,11/28/2025 5:06,1,8,0
UNC,989.002028177050000,11/28/2025 5:05,1,3,0
UNC,989.001040500035000,11/28/2025 5:05,1,8,0
UNC,989.001040500035000,11/28/2025 5:04,1,8,0
UNC,989.002028177050000,11/28/2025 5:04,1,3,0
UNC,989.002028177050000,11/28/2025 5:03,1,3,0
UNC,989.001040500035000,11/28/2025 5:03,1,8,0
UNC,989.001030620668000,11/28/2025 5:02,1,6,0
UNC,989.002028177050000,11/28/2025 5:02,1,3,0
UNC,989.001040500035000,11/28/2025 5:02,1,8,0
UNC,989.001030620668000,11/28/2025 5:01,1,6,0
UNC,989.002028177050000,11/28/2025 5:01,1,3,0
UNC,989.001030620668000,11/28/2025 5:00,1,6,0
UNC,989.001040500035000,11/28/2025 5:00,1,8,0
UNC,989.002028177050000,11/28/2025 5:00,1,3,0
UNC,989.001030620668000,11/28/2025 4:59,1,6,0
UNC,989.002028177050000,11/28/2025 4:58,1,3,0
UNC,989.001040500035000,11/28/2025 4:58,1,8,0
UNC,989.001030620668000,11/28/2025 4:58,1,6,0
UNC,989.002028177050000,11/28/2025 4:57,1,3,0
UNC,989.001040500035000,11/28/2025 4:57,1,8,0
UNC,989.001030620668000,11/28/2025 4:57,1,6,0
UNC,989.002028177050000,11/28/2025 4:56,1,3,0
UNC,989.001030620668000,11/28/2025 4:56,1,6,0
UNC,989.001040500035000,11/28/2025 4:56,1,8,0
UNC,989.002028177050000,11/28/2025 4:55,1,3,0
UNC,989.001030620668000,11/28/2025 4:55,1,6,0
UNC,989.001040500035000,11/28/2025 4:54,1,8,0
UNC,989.002028177050000,11/28/2025 4:54,1,3,0
UNC,989.001030620668000,11/28/2025 4:54,1,6,0
UNC,989.001040500035000,11/28/2025 4:53,1,8,0
UNC,989.002028177050000,11/28/2025 4:53,1,3,0
UNC,989.001040500035000,11/28/2025 4:52,1,8,0
UNC,989.002028177050000,11/28/2025 4:52,1,3,0
UNC,989.001030620668000,11/28/2025 4:52,1,6,0
UNC,989.001030620668000,11/28/2025 4:51,1,6,0
UNC,989.002028177050000,11/28/2025 4:51,1,3,0
UNC,989.001030620668000,11/28/2025 4:50,1,6,0
UNC,989.002028177050000,11/28/2025 4:50,1,3,0
UNC,989.001030620668000,11/28/2025 4:49,1,6,0
UNC,989.002028177050000,11/28/2025 4:49,1,3,0
UNC,989.001030620668000,11/28/2025 4:48,1,6,0
UNC,989.002028177050000,11/28/2025 4:47,1,3,0
UNC,989.001030620668000,11/28/2025 4:47,1,6,0
UNC,989.002028177050000,11/28/2025 4:46,1,3,0
UNC,989.001030620668000,11/28/2025 4:46,1,6,0
UNC,989.002028177050000,11/28/2025 4:45,1,3,0
UNC,989.001030620668000,11/28/2025 4:45,1,6,0
UNC,989.002028177050000,11/28/2025 4:44,1,3,0
UNC,989.001030620668000,11/28/2025 4:44,1,6,0
UNC,989.002028177050000,11/28/2025 4:43,1,3,0
UNC,989.001030620668000,11/28/2025 4:43,1,6,0
UNC,989.001030620668000,11/28/2025 4:42,1,6,0
UNC,989.001030620668000,11/28/2025 4:41,1,6,0
UNC,989.001030620668000,11/28/2025 4:40,1,6,0
UNC,989.001030620668000,11/28/2025 4:39,1,6,0
UNC,989.001030620668000,11/28/2025 4:38,1,6,0
UNC,989.001030620668000,11/28/2025 4:37,1,6,0
UNC,989.001030620668000,11/28/2025 4:36,1,6,0
UNC,989.001030620668000,11/28/2025 4:35,1,6,0
UNC,989.001030620668000,11/28/2025 4:34,1,6,0
UNC,989.001030620668000,11/28/2025 4:33,1,6,0
UNC,989.002028177050000,11/28/2025 4:32,1,3,0
UNC,989.001030620668000,11/28/2025 4:32,1,6,0
UNC,989.001030620668000,11/28/2025 4:31,1,6,0
UNC,989.001030620668000,11/28/2025 4:30,1,6,0
UNC,989.001030620668000,11/28/2025 4:29,1,6,0
UNC,989.001030620668000,11/28/2025 4:27,1,6,0
UNC,989.001030620668000,11/28/2025 4:26,1,6,0
UNC,989.001030620186000,11/28/2025 4:26,1,8,0
UNC,989.001030620668000,11/28/2025 4:25,1,6,0
UNC,989.001030620668000,11/28/2025 4:24,1,6,0
UNC,989.001030620668000,11/28/2025 4:23,1,6,0
UNC,989.001030620668000,11/28/2025 4:22,1,6,0
UNC,989.002028177050000,11/28/2025 4:22,1,3,0
UNC,989.001030620668000,11/28/2025 4:21,1,6,0
UNC,989.001030620668000,11/28/2025 4:20,1,6,0
UNC,989.002028177050000,11/28/2025 4:20,1,3,0
UNC,989.001030620668000,11/28/2025 4:19,1,6,0
UNC,989.002028177050000,11/28/2025 4:19,1,3,0
UNC,989.001030620668000,11/28/2025 4:18,1,6,0
UNC,989.001030621386000,11/28/2025 4:18,1,1,0
UNC,989.002028177050000,11/28/2025 4:18,1,3,0
UNC,989.001030620668000,11/28/2025 4:17,1,6,0
UNC,989.002028177050000,11/28/2025 4:17,1,3,0
UNC,989.001030621386000,11/28/2025 4:17,1,6,0
UNC,989.001030620668000,11/28/2025 4:16,1,6,0
UNC,989.002028177050000,11/28/2025 4:16,1,3,0
UNC,989.001030620668000,11/28/2025 4:15,1,6,0
UNC,989.002028177050000,11/28/2025 4:15,1,3,0
UNC,989.001030620668000,11/28/2025 4:14,1,6,0
UNC,989.002028177050000,11/28/2025 4:14,1,3,0
UNC,989.001030620668000,11/28/2025 4:13,1,6,0
UNC,989.002028177050000,11/28/2025 4:13,1,3,0
UNC,989.001030620668000,11/28/2025 4:12,1,6,0
UNC,989.002028177050000,11/28/2025 4:12,1,3,0
UNC,989.002028177050000,11/28/2025 4:11,1,3,0
UNC,989.001030620668000,11/28/2025 4:11,1,6,0
UNC,989.002028177050000,11/28/2025 4:10,1,3,0
UNC,989.001030620668000,11/28/2025 4:10,1,6,0
UNC,989.002028177050000,11/28/2025 4:09,1,3,0
UNC,989.001030620668000,11/28/2025 4:09,1,6,0
UNC,989.002028177050000,11/28/2025 4:08,1,3,0
UNC,989.001030620668000,11/28/2025 4:08,1,6,0
UNC,989.002028177050000,11/28/2025 4:07,1,3,0
UNC,989.001030620668000,11/28/2025 4:06,1,6,0
UNC,989.002028177050000,11/28/2025 4:06,1,3,0
UNC,989.001030620668000,11/28/2025 4:05,1,6,0
UNC,989.002028177050000,11/28/2025 4:05,1,3,0
UNC,989.001030620668000,11/28/2025 4:04,1,6,0
UNC,989.001030620186000,11/28/2025 4:04,1,8,0
UNC,989.002028177050000,11/28/2025 4:04,1,3,0
UNC,989.001030620668000,11/28/2025 4:03,1,6,0
UNC,989.001030620668000,11/28/2025 4:02,1,6,0
UNC,989.001030620668000,11/28/2025 4:01,1,6,0
UNC,989.001030620186000,11/28/2025 4:01,1,9,0
UNC,989.001030620668000,11/28/2025 4:00,1,6,0
UNC,989.001030620668000,11/28/2025 3:59,1,6,0
UNC,989.001030620668000,11/28/2025 3:58,1,6,0
UNC,989.001030620668000,11/28/2025 3:57,1,6,0
UNC,989.001030620668000,11/28/2025 3:56,1,6,0
UNC,989.001030620668000,11/28/2025 3:55,1,6,0
UNC,989.001030620668000,11/28/2025 3:54,1,6,0
UNC,989.002028176996000,11/28/2025 3:54,1,2,0
UNC,989.002028176996000,11/28/2025 3:54,1,3,0
UNC,989.001030620668000,11/28/2025 3:53,1,6,0
UNC,989.002028176996000,11/28/2025 3:53,1,3,0
UNC,989.001030620186000,11/28/2025 3:52,1,8,0
UNC,989.001030620668000,11/28/2025 3:52,1,6,0
UNC,989.001030620668000,11/28/2025 3:51,1,6,0
UNC,989.001030620668000,11/28/2025 3:50,1,6,0
UNC,989.001030620668000,11/28/2025 3:49,1,6,0
UNC,989.001030620668000,11/28/2025 3:48,1,6,0
UNC,989.001030620186000,11/28/2025 3:48,1,8,0
UNC,989.001030620668000,11/28/2025 3:47,1,6,0
UNC,989.001030620668000,11/28/2025 3:46,1,6,0
UNC,989.001030620186000,11/28/2025 3:46,1,8,0
UNC,989.001030620668000,11/28/2025 3:45,1,6,0
UNC,989.001030620668000,11/28/2025 3:44,1,6,0
UNC,989.001030621386000,11/28/2025 3:43,1,7,0
UNC,989.001030620668000,11/28/2025 3:43,1,6,0
UNC,989.001030620668000,11/28/2025 3:42,1,6,0
UNC,989.001030621386000,11/28/2025 3:41,1,1,0
UNC,989.001030620668000,11/28/2025 3:41,1,6,0
UNC,989.002028176996000,11/28/2025 3:41,1,3,0
UNC,989.001030620186000,11/28/2025 3:40,1,8,0
UNC,989.001030620186000,11/28/2025 3:40,1,9,0
UNC,989.001030620668000,11/28/2025 3:40,1,6,0
UNC,989.002028176996000,11/28/2025 3:40,1,2,0
UNC,989.001030620668000,11/28/2025 3:39,1,6,0
UNC,989.002028176996000,11/28/2025 3:38,1,2,0
UNC,989.001030620186000,11/28/2025 3:38,1,9,0
UNC,989.001030620668000,11/28/2025 3:38,1,6,0
UNC,989.002028176996000,11/28/2025 3:37,1,2,0
UNC,989.001030620668000,11/28/2025 3:37,1,6,0
UNC,989.002028176996000,11/28/2025 3:36,1,2,0
UNC,989.002028176996000,11/28/2025 3:36,1,3,0
UNC,989.001030620668000,11/28/2025 3:36,1,6,0
UNC,989.002028176996000,11/28/2025 3:35,1,3,0
UNC,989.001030620668000,11/28/2025 3:35,1,6,0
UNC,989.002028176996000,11/28/2025 3:34,1,3,0
UNC,989.001030620668000,11/28/2025 3:34,1,6,0
UNC,989.001030620668000,11/28/2025 3:33,1,6,0
UNC,989.001030620668000,11/28/2025 3:32,1,6,0
UNC,989.001030620668000,11/28/2025 3:31,1,6,0
UNC,989.001030620668000,11/28/2025 3:30,1,6,0
UNC,989.001030620668000,11/28/2025 3:29,1,6,0
UNC,989.001030620668000,11/28/2025 3:28,1,6,0
UNC,989.001030620668000,11/28/2025 3:27,1,6,0
UNC,989.001030620668000,11/28/2025 3:26,1,6,0
UNC,989.001030620668000,11/28/2025 3:25,1,6,0
UNC,989.001030620668000,11/28/2025 3:24,1,6,0
UNC,989.002028176996000,11/28/2025 3:17,1,3,0
UNC,989.002028176996000,11/28/2025 3:16,1,3,0
UNC,989.001030620668000,11/28/2025 3:14,1,8,0
UNC,989.002028176996000,11/28/2025 3:09,1,2,0
UNC,989.001030620186000,11/28/2025 3:09,1,8,0
UNC,989.002028177050000,11/28/2025 3:08,1,1,0
UNC,989.001030620186000,11/28/2025 3:07,1,9,0
UNC,989.002028176996000,11/28/2025 3:07,1,2,0
UNC,989.001030620186000,11/28/2025 3:06,1,8,0
UNC,989.002028177050000,11/28/2025 3:06,1,1,0
UNC,989.001030620186000,11/28/2025 3:05,1,8,0
UNC,989.002028176996000,11/28/2025 3:05,1,2,0
UNC,989.002028176996000,11/28/2025 3:03,1,2,0
UNC,989.002028177050000,11/28/2025 3:03,1,1,0
UNC,989.002028176996000,11/28/2025 3:02,1,2,0
UNC,989.002028176996000,11/28/2025 3:01,1,2,0
UNC,989.002028176996000,11/28/2025 3:00,1,2,0
UNC,989.002028176996000,11/28/2025 2:58,1,2,0
UNC,989.002028176996000,11/28/2025 2:57,1,2,0
UNC,989.002028176996000,11/28/2025 2:56,1,2,0
UNC,989.002028176996000,11/28/2025 2:55,1,2,0
UNC,989.002028176996000,11/28/2025 2:54,1,2,0
UNC,989.002028176996000,11/28/2025 2:53,1,2,0
UNC,989.002028176996000,11/28/2025 2:53,1,3,0
UNC,989.002028176996000,11/28/2025 2:44,1,3,0
UNC,989.002028176996000,11/28/2025 2:30,1,3,0
UNC,989.002028176996000,11/28/2025 2:29,1,3,0
UNC,989.002028176996000,11/28/2025 2:28,1,3,0
UNC,989.002028176996000,11/28/2025 2:27,1,3,0
UNC,989.002028176996000,11/28/2025 2:26,1,3,0
UNC,989.002028176996000,11/28/2025 2:25,1,3,0
UNC,989.002028176996000,11/28/2025 2:23,1,3,0
UNC,989.002028176996000,11/28/2025 2:22,1,3,0
UNC,989.002028176996000,11/28/2025 2:21,1,3,0
UNC,989.002028176996000,11/28/2025 2:20,1,3,0
UNC,989.002028176996000,11/28/2025 2:08,1,2,0
UNC,989.002028176996000,11/28/2025 2:06,1,2,0
UNC,989.002028176996000,11/28/2025 2:04,1,2,0
UNC,989.002028176996000,11/28/2025 2:03,1,2,0
UNC,989.002028176996000,11/28/2025 2:00,1,2,0
UNC,989.002028176996000,11/28/2025 1:59,1,3,0
UNC,989.001030620186000,11/28/2025 1:59,1,9,0
UNC,989.002028176996000,11/28/2025 1:56,1,3,0
UNC,989.002028176996000,11/28/2025 1:40,1,2,0
UNC,989.002028176996000,11/28/2025 1:39,1,2,0
UNC,989.002028176996000,11/28/2025 1:37,1,2,0
UNC,989.002028176996000,11/28/2025 1:36,1,2,0
UNC,989.002028176996000,11/28/2025 1:35,1,2,0
UNC,989.002028176996000,11/28/2025 1:33,1,2,0
UNC,989.002028176996000,11/28/2025 1:33,1,3,0
UNC,989.002028176996000,11/28/2025 1:32,1,3,0
UNC,989.002028176996000,11/28/2025 1:29,1,2,0
UNC,989.001030620186000,11/28/2025 1:29,1,9,0
UNC,989.002028176996000,11/28/2025 1:26,1,2,0
UNC,989.002028176996000,11/28/2025 1:25,1,2,0
UNC,989.002028176996000,11/28/2025 1:25,1,3,0
UNC,989.002028176996000,11/28/2025 1:24,1,3,0
UNC,989.002028176996000,11/28/2025 1:22,1,2,0
UNC,989.002028176996000,11/28/2025 1:20,1,2,0
UNC,989.002028176996000,11/28/2025 1:19,1,2,0
UNC,989.002028176996000,11/28/2025 1:18,1,3,0
UNC,989.002028176996000,11/28/2025 1:17,1,3,0
UNC,989.002028176996000,11/28/2025 1:14,1,3,0
UNC,989.002028176996000,11/28/2025 1:13,1,3,0
UNC,989.001030620186000,11/28/2025 1:13,1,9,0
UNC,989.001030620186000,11/28/2025 1:12,1,9,0
UNC,989.002028176996000,11/28/2025 1:12,1,2,0
UNC,989.001030620186000,11/28/2025 1:11,1,9,0
UNC,989.002028176996000,11/28/2025 1:10,1,2,0
UNC,989.001030620186000,11/28/2025 1:10,1,9,0
UNC,989.002028176996000,11/28/2025 1:09,1,2,0
UNC,989.001030620186000,11/28/2025 1:08,1,9,0
UNC,989.002028176996000,11/28/2025 1:08,1,2,0
UNC,989.001030620186000,11/28/2025 1:07,1,9,0
UNC,989.002028176996000,11/28/2025 1:07,1,2,0
UNC,989.001030620186000,11/28/2025 1:06,1,9,0
UNC,989.002028176996000,11/28/2025 1:06,1,2,0
UNC,989.001030620186000,11/28/2025 1:05,1,9,0
UNC,989.001030620186000,11/28/2025 1:04,1,9,0
UNC,989.002028176996000,11/28/2025 1:04,1,2,0
UNC,989.002028176996000,11/28/2025 1:04,1,3,0
UNC,989.001030620186000,11/28/2025 1:03,1,9,0
UNC,989.002028176996000,11/28/2025 1:03,1,3,0
UNC,989.001030620186000,11/28/2025 1:02,1,9,0
UNC,989.001030620186000,11/28/2025 1:01,1,9,0
UNC,989.001030620186000,11/28/2025 1:00,1,9,0
UNC,989.002028176996000,11/28/2025 1:00,1,3,0
UNC,989.001030620186000,11/28/2025 0:59,1,9,0
UNC,989.001030620186000,11/28/2025 0:58,1,9,0
UNC,989.002028176996000,11/28/2025 0:51,1,7,0
UNC,989.002028176996000,11/28/2025 0:47,1,3,0
UNC,989.001030620186000,11/28/2025 0:43,1,9,0
UNC,989.002028176996000,11/28/2025 0:43,1,1,0
UNC,989.002028176996000,11/28/2025 0:43,1,2,0
UNC,989.001030620186000,11/28/2025 0:42,1,9,0
UNC,989.002028176996000,11/28/2025 0:42,1,2,0
UNC,989.001030620186000,11/28/2025 0:41,1,8,0
UNC,989.002028176996000,11/28/2025 0:40,1,2,0
UNC,989.002028176996000,11/28/2025 0:39,1,2,0
UNC,989.001030620186000,11/28/2025 0:33,1,9,0
UNC,989.001030620668000,11/28/2025 0:30,1,9,0
UNC,989.002028176996000,11/28/2025 0:30,1,2,0
UNC,989.002028176996000,11/28/2025 0:29,1,3,0
UNC,989.001030620668000,11/28/2025 0:29,1,9,0
UNC,989.001030620668000,11/28/2025 0:28,1,9,0
UNC,989.001030620668000,11/28/2025 0:27,1,9,0
UNC,989.001030620668000,11/28/2025 0:26,1,9,0
UNC,989.002028176996000,11/28/2025 0:26,1,2,0
UNC,989.001030620668000,11/28/2025 0:25,1,9,0
UNC,989.002028176996000,11/28/2025 0:25,1,2,0
UNC,989.002028176996000,11/28/2025 0:23,1,2,0
UNC,989.002028176996000,11/28/2025 0:22,1,2,0
UNC,989.002028176996000,11/28/2025 0:22,1,3,0
UNC,989.002028176996000,11/28/2025 0:21,1,3,0
UNC,989.002028176996000,11/28/2025 0:20,1,3,0
UNC,989.002028176996000,11/28/2025 0:18,1,3,0
UNC,989.002028176996000,11/28/2025 0:16,1,3,0
UNC,989.002028176996000,11/28/2025 0:15,1,3,0
UNC,989.002028176996000,11/28/2025 0:14,1,3,0
UNC,989.002028176996000,11/28/2025 0:11,1,3,0
UNC,989.002028176996000,11/28/2025 0:04,1,3,0
UNC,989.002028176996000,11/28/2025 0:03,1,3,0
UNC,989.002028176996000,11/28/2025 0:02,1,3,0
UNC,989.002028176996000,11/28/2025 0:01,1,3,0
UNC,989.001030620186000,11/27/2025 23:54,1,9,0
UNC,989.002028176996000,11/27/2025 23:49,1,3,0
UNC,989.002028176996000,11/27/2025 23:44,1,2,0
UNC,989.002028176996000,11/27/2025 23:43,1,2,0
UNC,989.002028176996000,11/27/2025 23:43,1,3,0
UNC,989.001030620186000,11/27/2025 23:43,1,9,0
UNC,989.002028176996000,11/27/2025 23:41,1,3,0
UNC,989.002028176732000,11/27/2025 23:41,1,1,0
UNC,989.002028176996000,11/27/2025 23:39,1,3,0
UNC,989.001030620668000,11/27/2025 23:32,1,9,0
UNC,989.001030620668000,11/27/2025 23:31,1,9,0
UNC,989.001030620668000,11/27/2025 23:30,1,9,0
UNC,989.002028176732000,11/27/2025 23:29,1,1,0
UNC,989.002028176732000,11/27/2025 23:28,1,1,0
UNC,989.001040500035000,11/27/2025 23:27,1,7,0
UNC,989.002028176732000,11/27/2025 23:27,1,1,0
UNC,989.001040500035000,11/27/2025 23:26,1,7,0
UNC,989.001040500035000,11/27/2025 23:24,1,7,0
UNC,989.001040500035000,11/27/2025 23:22,1,7,0
UNC,989.002028176831000,11/27/2025 23:22,1,1,0
UNC,989.001040500035000,11/27/2025 23:21,1,7,0
UNC,989.001040500035000,11/27/2025 23:17,1,7,0
UNC,989.002028176831000,11/27/2025 23:08,1,7,0
UNC,989.001040500035000,11/27/2025 22:57,1,8,0
UNC,989.001040500035000,11/27/2025 22:56,1,8,0
UNC,989.001040500035000,11/27/2025 22:55,1,8,0
UNC,989.001040500035000,11/27/2025 22:53,1,8,0
UNC,989.001040500035000,11/27/2025 22:52,1,8,0
UNC,989.001040500035000,11/27/2025 22:51,1,8,0
UNC,989.001040500035000,11/27/2025 22:50,1,8,0
UNC,989.001040500035000,11/27/2025 22:49,1,8,0
UNC,989.002028176831000,11/27/2025 22:48,1,7,0
UNC,989.001040500035000,11/27/2025 22:48,1,8,0
UNC,989.001030620615000,11/27/2025 22:47,1,2,0
UNC,989.002028176831000,11/27/2025 22:47,1,2,0
UNC,989.001040500035000,11/27/2025 22:46,1,8,0
UNC,989.001030620615000,11/27/2025 22:46,1,6,0
UNC,989.001040500035000,11/27/2025 22:45,1,8,0
UNC,989.001040500035000,11/27/2025 22:44,1,8,0
UNC,989.001040500035000,11/27/2025 22:43,1,8,0
UNC,989.001040500035000,11/27/2025 22:42,1,8,0
UNC,989.001040500035000,11/27/2025 22:41,1,8,0
UNC,989.002028176996000,11/27/2025 22:40,1,3,0
UNC,989.001040500035000,11/27/2025 22:40,1,8,0
UNC,989.002028176996000,11/27/2025 22:34,1,3,0
UNC,989.002028176996000,11/27/2025 22:28,1,3,0
UNC,989.002028176996000,11/27/2025 22:14,1,3,0
UNC,989.002028176996000,11/27/2025 22:10,1,3,0
UNC,989.002028176996000,11/27/2025 22:00,1,3,0
UNC,989.001030621167000,11/27/2025 22:00,1,2,0
UNC,989.002028176996000,11/27/2025 21:59,1,3,0
UNC,989.001030621167000,11/27/2025 21:58,1,7,0
UNC,989.002028176996000,11/27/2025 21:58,1,3,0
UNC,989.002028176996000,11/27/2025 21:57,1,3,0
UNC,989.001030620304000,11/27/2025 21:34,1,2,0
UNC,989.002028176996000,11/27/2025 21:30,1,2,0
UNC,989.002028176996000,11/27/2025 21:29,1,2,0
UNC,989.001030620304000,11/27/2025 21:29,1,6,0
UNC,989.002028176996000,11/27/2025 21:28,1,2,0
UNC,989.002028176996000,11/27/2025 21:27,1,2,0
UNC,989.002028176996000,11/27/2025 21:25,1,2,0
UNC,989.002028176996000,11/27/2025 21:24,1,2,0
UNC,989.002028176996000,11/27/2025 21:23,1,2,0
UNC,989.002028176996000,11/27/2025 21:22,1,2,0
UNC,989.002028176996000,11/27/2025 21:20,1,2,0
UNC,989.002028176996000,11/27/2025 21:18,1,2,0
UNC,989.002028176996000,11/27/2025 21:17,1,2,0
UNC,989.002028176996000,11/27/2025 21:16,1,2,0
UNC,989.002028176996000,11/27/2025 21:15,1,2,0
UNC,989.002028176996000,11/27/2025 21:14,1,2,0
UNC,989.002028176996000,11/27/2025 21:12,1,2,0
UNC,989.002028176996000,11/27/2025 21:11,1,2,0
UNC,989.002028176996000,11/27/2025 21:09,1,2,0
UNC,989.002028176996000,11/27/2025 21:06,1,2,0
UNC,989.002028176996000,11/27/2025 21:05,1,2,0
UNC,989.002028176996000,11/27/2025 21:04,1,2,0
UNC,989.002028176996000,11/27/2025 21:03,1,2,0
UNC,989.002028176996000,11/27/2025 21:02,1,2,0
UNC,989.002028176996000,11/27/2025 21:00,1,2,0
UNC,989.002028176996000,11/27/2025 20:59,1,2,0
UNC,989.002028176996000,11/27/2025 20:58,1,2,0
UNC,989.002028176996000,11/27/2025 20:56,1,2,0
UNC,989.002028176996000,11/27/2025 20:55,1,2,0
UNC,989.002028176996000,11/27/2025 20:53,1,2,0
UNC,989.002028176996000,11/27/2025 20:50,1,2,0
UNC,989.002028176996000,11/27/2025 20:49,1,2,0
UNC,989.002028176996000,11/27/2025 20:46,1,2,0
UNC,989.002028176996000,11/27/2025 20:45,1,2,0
UNC,989.002028176996000,11/27/2025 20:43,1,2,0
UNC,989.002028176996000,11/27/2025 20:42,1,2,0
UNC,989.002028176996000,11/27/2025 20:41,1,2,0
UNC,989.002028176996000,11/27/2025 20:40,1,2,0
UNC,989.002028176996000,11/27/2025 20:39,1,2,0
UNC,989.002028176996000,11/27/2025 18:46,1,3,0
UNC,989.002028176996000,11/27/2025 18:45,1,3,0
UNC,989.002028176996000,11/27/2025 18:43,1,3,0
UNC,989.002028176996000,11/27/2025 18:42,1,3,0
UNC,989.002028176996000,11/27/2025 18:40,1,2,0
UNC,989.001040500035000,11/27/2025 18:06,1,7,0
UNC,989.002028176996000,11/27/2025 18:05,1,3,0
UNC,989.002028176996000,11/27/2025 18:04,1,3,0
UNC,989.002028176996000,11/27/2025 18:02,1,3,0
UNC,989.001040500035000,11/27/2025 18:01,1,7,0
UNC,989.001040500035000,11/27/2025 18:00,1,7,0
UNC,989.001040500035000,11/27/2025 17:59,1,7,0
UNC,989.001040500035000,11/27/2025 17:57,1,7,0
UNC,989.002028176996000,11/27/2025 17:56,1,3,0
UNC,989.001040500035000,11/27/2025 17:55,1,7,0
UNC,989.001040500035000,11/27/2025 17:53,1,7,0
UNC,989.001040500035000,11/27/2025 17:50,1,7,0
UNC,989.001040500035000,11/27/2025 17:49,1,7,0
UNC,989.001040500035000,11/27/2025 17:43,1,7,0
UNC,989.001040500035000,11/27/2025 17:42,1,7,0
UNC,989.001040500035000,11/27/2025 17:39,1,7,0
UNC,989.002028176695000,11/27/2025 17:39,1,2,0
UNC,989.001040500035000,11/27/2025 17:38,1,7,0
UNC,989.001040500035000,11/27/2025 17:37,1,7,0
UNC,989.002028176996000,11/27/2025 17:35,1,2,0
UNC,989.001040500035000,11/27/2025 17:35,1,7,0
UNC,989.001040500035000,11/27/2025 17:33,1,7,0
UNC,989.002028176996000,11/27/2025 17:31,1,3,0
UNC,989.001040500035000,11/27/2025 17:30,1,7,0
UNC,989.001040500035000,11/27/2025 17:27,1,7,0
UNC,989.002028176996000,11/27/2025 17:26,1,3,0
UNC,989.001040500035000,11/27/2025 17:23,1,7,0
UNC,989.001040500035000,11/27/2025 17:22,1,7,0
UNC,989.001040500035000,11/27/2025 17:18,1,7,0
UNC,989.001040500035000,11/27/2025 17:17,1,7,0
UNC,989.001040500035000,11/27/2025 17:16,1,7,0
UNC,989.001040500035000,11/27/2025 17:15,1,7,0
UNC,989.001040500035000,11/27/2025 17:14,1,7,0
UNC,989.001040500035000,11/27/2025 17:13,1,7,0
UNC,989.001040500035000,11/27/2025 17:12,1,7,0
UNC,989.001040500035000,11/27/2025 17:10,1,7,0
UNC,989.002028176996000,11/27/2025 17:06,1,2,0
UNC,989.002028176996000,11/27/2025 17:05,1,3,0
UNC,989.001040500035000,11/27/2025 17:03,1,7,0
UNC,989.002028176996000,11/27/2025 16:59,1,3,0
UNC,989.002028176996000,11/27/2025 16:58,1,3,0
UNC,989.002028176996000,11/27/2025 16:55,1,2,0
UNC,989.002028176996000,11/27/2025 16:54,1,2,0
UNC,989.002028176996000,11/27/2025 16:52,1,2,0
UNC,989.002028176996000,11/27/2025 16:51,1,2,0
UNC,989.002028176996000,11/27/2025 16:50,1,2,0
UNC,989.002028176996000,11/27/2025 16:49,1,2,0
UNC,989.002028176996000,11/27/2025 16:47,1,3,0
UNC,989.002028176996000,11/27/2025 16:36,1,3,0
UNC,989.002028176996000,11/27/2025 16:35,1,3,0
UNC,989.002028176695000,11/27/2025 16:26,1,7,0
UNC,989.002028176695000,11/27/2025 16:25,1,7,0
UNC,989.002028176695000,11/27/2025 16:24,1,6,0
UNC,989.002028176695000,11/27/2025 16:24,1,7,0
UNC,989.002028176695000,11/27/2025 16:22,1,7,0
UNC,989.002028176695000,11/27/2025 16:16,1,2,0
UNC,989.002028176996000,11/27/2025 16:15,1,3,0
UNC,989.002028176695000,11/27/2025 16:14,1,3,0
UNC,989.002028176695000,11/27/2025 16:13,1,3,0
UNC,989.002028176695000,11/27/2025 16:13,1,2,0
UNC,989.002028176695000,11/27/2025 16:12,1,2,0
UNC,989.002028176695000,11/27/2025 16:11,1,2,0
UNC,989.002028176695000,11/27/2025 16:09,1,2,0
UNC,989.002028176695000,11/27/2025 16:08,1,3,0
UNC,989.002028176695000,11/27/2025 16:07,1,2,0
UNC,989.002028176695000,11/27/2025 16:06,1,2,0
UNC,989.002028176695000,11/27/2025 16:05,1,2,0
UNC,989.002028176695000,11/27/2025 16:04,1,1,0
UNC,989.002028176695000,11/27/2025 16:03,1,1,0
UNC,989.002028176695000,11/27/2025 16:02,1,1,0
UNC,989.002028176996000,11/27/2025 16:01,1,3,0
UNC,989.002028176695000,11/27/2025 16:00,1,2,0
UNC,989.002028176695000,11/27/2025 15:59,1,3,0
UNC,989.002028176695000,11/27/2025 15:58,1,3,0
UNC,989.002028176695000,11/27/2025 15:56,1,2,0
UNC,989.002028176996000,11/27/2025 15:56,1,3,0
UNC,989.002028176695000,11/27/2025 15:55,1,2,0
UNC,989.002028176695000,11/27/2025 15:54,1,2,0
UNC,989.002028176695000,11/27/2025 15:53,1,2,0
UNC,989.002028176695000,11/27/2025 15:52,1,2,0
UNC,989.002028176695000,11/27/2025 15:51,1,2,0
UNC,989.002028176695000,11/27/2025 15:50,1,2,0
UNC,989.002028176695000,11/27/2025 15:49,1,2,0
UNC,989.002028176695000,11/27/2025 15:48,1,2,0
UNC,989.002028176695000,11/27/2025 15:47,1,2,0
UNC,989.002028176695000,11/27/2025 15:45,1,2,0
UNC,989.002028176695000,11/27/2025 15:44,1,2,0
UNC,989.002028176695000,11/27/2025 15:43,1,1,0
UNC,989.002028176996000,11/27/2025 15:40,1,2,0
UNC,989.002028176695000,11/27/2025 15:37,1,7,0
UNC,989.002028176695000,11/27/2025 15:36,1,6,0
UNC,989.002028176695000,11/27/2025 15:35,1,6,0
UNC,989.002028176695000,11/27/2025 15:34,1,6,0
UNC,989.002028176695000,11/27/2025 15:33,1,6,0
UNC,989.002028176996000,11/27/2025 15:33,1,2,0
UNC,989.002028176695000,11/27/2025 15:32,1,6,0
UNC,989.002028176695000,11/27/2025 15:31,1,6,0
UNC,989.002028176695000,11/27/2025 15:31,1,7,0
UNC,989.002028176695000,11/27/2025 15:30,1,7,0
UNC,989.002028176695000,11/27/2025 15:25,1,6,0
UNC,989.002028176996000,11/27/2025 15:25,1,2,0
UNC,989.002028176695000,11/27/2025 15:24,1,6,0
UNC,989.002028176695000,11/27/2025 15:23,1,6,0
UNC,989.002028176695000,11/27/2025 15:22,1,6,0
UNC,989.002028176695000,11/27/2025 15:21,1,6,0
UNC,989.002028176695000,11/27/2025 15:21,1,7,0
UNC,989.002028176695000,11/27/2025 15:20,1,7,0
UNC,989.002028176996000,11/27/2025 15:17,1,3,0
UNC,989.002028176695000,11/27/2025 15:17,1,6,0
UNC,989.002028176695000,11/27/2025 15:16,1,6,0
UNC,989.002028176695000,11/27/2025 15:16,1,7,0
UNC,989.002028176695000,11/27/2025 15:15,1,7,0
UNC,989.002028176695000,11/27/2025 15:15,1,6,0
UNC,989.002028176695000,11/27/2025 15:14,1,6,0
UNC,989.002028176695000,11/27/2025 15:12,1,6,0
UNC,989.002028176695000,11/27/2025 15:11,1,7,0
UNC,989.002028176996000,11/27/2025 15:11,1,3,0
UNC,989.002028176996000,11/27/2025 15:09,1,3,0
UNC,989.002028176695000,11/27/2025 15:07,1,1,0
UNC,989.002028176996000,11/27/2025 15:06,1,3,0
UNC,989.002028176695000,11/27/2025 15:05,1,1,0
UNC,989.002028176996000,11/27/2025 15:05,1,2,0
UNC,989.002028176996000,11/27/2025 15:04,1,3,0
UNC,989.002028176695000,11/27/2025 15:04,1,2,0
UNC,989.002028176695000,11/27/2025 15:02,1,3,0
UNC,989.002028176996000,11/27/2025 15:02,1,3,0
UNC,989.002028176695000,11/27/2025 15:02,1,2,0
UNC,989.002028176695000,11/27/2025 15:01,1,2,0
UNC,989.002028176996000,11/27/2025 15:01,1,3,0
UNC,989.002028176695000,11/27/2025 15:00,1,2,0
UNC,989.002028176996000,11/27/2025 15:00,1,2,0
UNC,989.002028176695000,11/27/2025 14:58,1,2,0
UNC,989.002028176996000,11/27/2025 14:58,1,2,0
UNC,989.002028176996000,11/27/2025 14:57,1,2,0
UNC,989.002028176996000,11/27/2025 14:56,1,2,0
UNC,989.002028176996000,11/27/2025 14:55,1,2,0
UNC,989.001040500071000,11/27/2025 11:17,1,1,0
UNC,989.001040500071000,11/27/2025 11:17,1,6,0
UNC,989.001040500071000,11/27/2025 10:58,1,2,0
UNC,989.001030621167000,11/27/2025 8:59,1,1,0
UNC,989.001030620668000,11/27/2025 8:27,1,7,0
UNC,989.001030620668000,11/27/2025 8:25,1,2,0
UNC,989.002028176695000,11/27/2025 7:27,1,2,0
UNC,989.002028176695000,11/27/2025 7:26,1,2,0
UNC,989.002028176695000,11/27/2025 7:24,1,2,0
UNC,989.002028176695000,11/27/2025 7:23,1,2,0
UNC,989.002028176695000,11/27/2025 7:22,1,2,0
UNC,989.002028176695000,11/27/2025 7:21,1,1,0
UNC,989.002028176695000,11/27/2025 7:20,1,1,0
UNC,989.002028176695000,11/27/2025 7:19,1,1,0
UNC,989.002028176695000,11/27/2025 7:18,1,1,0
UNC,989.002028176695000,11/27/2025 7:17,1,2,0
UNC,989.002028176695000,11/27/2025 7:16,1,2,0
UNC,989.002028176695000,11/27/2025 7:16,1,3,0
UNC,989.002028176695000,11/27/2025 7:15,1,3,0
UNC,989.002028176695000,11/27/2025 7:15,1,2,0
UNC,989.002028176695000,11/27/2025 7:14,1,2,0
UNC,989.002028176695000,11/27/2025 7:12,1,2,0
UNC,989.002028176695000,11/27/2025 7:08,1,6,0
UNC,989.002028176695000,11/27/2025 7:07,1,6,0
UNC,989.002028176695000,11/27/2025 7:06,1,6,0
UNC,989.002028176695000,11/27/2025 7:06,1,7,0
UNC,989.002028176695000,11/27/2025 7:05,1,6,0
UNC,989.002028176695000,11/27/2025 7:05,1,7,0
UNC,989.002028176695000,11/27/2025 7:04,1,7,0
UNC,989.002028176695000,11/27/2025 7:03,1,7,0
UNC,989.002028176695000,11/27/2025 7:02,1,7,0
UNC,989.002028176695000,11/27/2025 7:01,1,7,0
UNC,989.002028176695000,11/27/2025 7:00,1,7,0
UNC,989.002028176695000,11/27/2025 6:59,1,6,0
UNC,989.002028176695000,11/27/2025 6:58,1,6,0
UNC,989.002028176695000,11/27/2025 6:57,1,7,0
UNC,989.002028176996000,11/27/2025 6:57,1,2,0
UNC,989.002028176695000,11/27/2025 6:56,1,7,0
UNC,989.002028176695000,11/27/2025 6:56,1,6,0
UNC,989.002028176996000,11/27/2025 6:56,1,2,0
UNC,989.002028176996000,11/27/2025 6:55,1,3,0
UNC,989.002028176695000,11/27/2025 6:55,1,6,0
UNC,989.002028176996000,11/27/2025 6:54,1,2,0
UNC,989.002028176695000,11/27/2025 6:54,1,6,0
UNC,989.002028176695000,11/27/2025 6:53,1,6,0
UNC,989.001040500035000,11/27/2025 6:52,1,7,0
UNC,989.002028176695000,11/27/2025 6:52,1,6,0
UNC,989.002028176695000,11/27/2025 6:52,1,7,0
UNC,989.002028176996000,11/27/2025 6:52,1,2,0
UNC,989.001040500035000,11/27/2025 6:51,1,7,0
UNC,989.002028176996000,11/27/2025 6:50,1,3,0
UNC,989.002028176695000,11/27/2025 6:50,1,7,0
UNC,989.001040500035000,11/27/2025 6:50,1,7,0
UNC,989.002028176996000,11/27/2025 6:49,1,3,0
UNC,989.001040500035000,11/27/2025 6:49,1,6,0
UNC,989.002028176695000,11/27/2025 6:49,1,7,0
UNC,989.001030621374000,11/27/2025 6:48,1,2,0
UNC,989.001040500035000,11/27/2025 6:48,1,7,0
UNC,989.002028176996000,11/27/2025 6:48,1,3,0
UNC,989.001040500035000,11/27/2025 6:47,1,7,0
UNC,989.001040500035000,11/27/2025 6:47,1,6,0
UNC,989.002028176695000,11/27/2025 6:47,1,6,0
UNC,989.001030621374000,11/27/2025 6:46,1,7,0
UNC,989.001040500035000,11/27/2025 6:46,1,6,0
UNC,989.001040500035000,11/27/2025 6:46,1,7,0
UNC,989.002028176695000,11/27/2025 6:46,1,6,0
UNC,989.002028176695000,11/27/2025 6:45,1,6,0
UNC,989.002028176695000,11/27/2025 6:44,1,7,0
UNC,989.002028176695000,11/27/2025 6:43,1,7,0
UNC,989.001030620668000,11/27/2025 6:42,1,1,0
UNC,989.002028176695000,11/27/2025 6:42,1,6,0
UNC,989.002028176695000,11/27/2025 6:41,1,6,0
UNC,989.002028176695000,11/27/2025 6:40,1,6,0
UNC,989.002028176695000,11/27/2025 6:39,1,6,0
UNC,989.001030621497000,11/27/2025 6:39,1,2,0
UNC,989.002028176695000,11/27/2025 6:38,1,6,0
UNC,989.001030621497000,11/27/2025 6:38,1,1,0
UNC,989.002028176695000,11/27/2025 6:37,1,7,0
UNC,989.002028176695000,11/27/2025 6:36,1,7,0
UNC,989.002028176695000,11/27/2025 6:35,1,7,0
UNC,989.002028176695000,11/27/2025 6:34,1,7,0
UNC,989.002028176695000,11/27/2025 6:34,1,6,0
UNC,989.001030620668000,11/27/2025 6:32,1,7,0
UNC,989.001030621497000,11/27/2025 6:32,1,1,0
UNC,989.001030621497000,11/27/2025 6:32,1,2,0
UNC,989.001040500035000,11/27/2025 6:31,1,7,0
UNC,989.001030621374000,11/27/2025 6:31,1,7,0
UNC,989.001030621497000,11/27/2025 6:31,1,1,0
UNC,989.001030620668000,11/27/2025 6:29,1,7,0
UNC,989.001030621497000,11/27/2025 6:29,1,1,0
UNC,989.002028176695000,11/27/2025 6:28,1,2,0
UNC,989.001030620668000,11/27/2025 6:28,1,7,0
UNC,989.001040500035000,11/27/2025 6:27,1,7,0
UNC,989.001030620668000,11/27/2025 6:27,1,7,0
UNC,989.001040500035000,11/27/2025 6:26,1,7,0
UNC,989.001030620304000,11/27/2025 6:26,1,2,0
UNC,989.001030620668000,11/27/2025 6:26,1,7,0
UNC,989.001030620668000,11/27/2025 6:25,1,6,0
UNC,989.001040500035000,11/27/2025 6:25,1,7,0
UNC,989.001040500035000,11/27/2025 6:22,1,7,0
UNC,989.002028176996000,11/27/2025 6:14,1,3,0
UNC,989.002028176996000,11/27/2025 6:13,1,3,0
UNC,989.001040500035000,11/27/2025 6:09,1,7,0
UNC,989.001040500035000,11/27/2025 6:08,1,7,0
UNC,989.001040500035000,11/27/2025 6:07,1,7,0
UNC,989.001040500035000,11/27/2025 6:06,1,7,0
UNC,989.001040500035000,11/27/2025 6:05,1,7,0
UNC,989.001040500035000,11/27/2025 6:04,1,7,0
UNC,989.001040500035000,11/27/2025 6:03,1,7,0
UNC,989.001040500035000,11/27/2025 6:02,1,7,0
UNC,989.002028176996000,11/27/2025 6:02,1,3,0
UNC,989.001040500035000,11/27/2025 6:01,1,7,0
UNC,989.001040500035000,11/27/2025 6:00,1,7,0
UNC,989.001040500035000,11/27/2025 5:59,1,7,0
UNC,989.002028176996000,11/27/2025 5:59,1,3,0
UNC,989.001030620186000,11/27/2025 5:59,1,8,0
UNC,989.001040500035000,11/27/2025 5:58,1,7,0
UNC,989.002028176996000,11/27/2025 5:56,1,3,0
UNC,989.002028176996000,11/27/2025 5:49,1,3,0
UNC,989.002028176996000,11/27/2025 5:48,1,3,0
UNC,989.001040500035000,11/27/2025 5:47,1,8,0
UNC,989.002028176996000,11/27/2025 5:46,1,3,0
UNC,989.002028176996000,11/27/2025 5:45,1,3,0
UNC,989.002028176996000,11/27/2025 5:39,1,3,0
UNC,989.001030620186000,11/27/2025 5:36,1,9,0
UNC,989.001030620186000,11/27/2025 5:35,1,9,0
UNC,989.001030620186000,11/27/2025 5:33,1,9,0
UNC,989.002028176996000,11/27/2025 5:28,1,3,0
UNC,989.002028176996000,11/27/2025 5:25,1,3,0
UNC,989.002028176996000,11/27/2025 5:15,1,3,0
UNC,989.002028176996000,11/27/2025 5:14,1,3,0
UNC,989.002028176996000,11/27/2025 5:08,1,2,0
UNC,989.002028176996000,11/27/2025 5:07,1,2,0
UNC,989.002028176996000,11/27/2025 5:05,1,2,0
UNC,989.002028176996000,11/27/2025 5:04,1,2,0
UNC,989.002028176996000,11/27/2025 5:04,1,3,0
UNC,989.001030620668000,11/27/2025 4:52,1,9,0
UNC,989.001030620668000,11/27/2025 4:51,1,9,0
UNC,989.001030620668000,11/27/2025 4:50,1,9,0
UNC,989.002028176996000,11/27/2025 4:49,1,3,0
UNC,989.001030620668000,11/27/2025 4:49,1,9,0
UNC,989.001030620668000,11/27/2025 4:48,1,9,0
UNC,989.001030620668000,11/27/2025 4:47,1,9,0
UNC,989.002028177050000,11/27/2025 4:46,1,2,0
UNC,989.001030620668000,11/27/2025 4:46,1,9,0
UNC,989.001030620668000,11/27/2025 4:45,1,9,0
UNC,989.001030620668000,11/27/2025 4:44,1,9,0
UNC,989.002028177050000,11/27/2025 4:43,1,1,0
UNC,989.001030620668000,11/27/2025 4:43,1,9,0
UNC,989.001030620668000,11/27/2025 4:42,1,9,0
UNC,989.001030620668000,11/27/2025 4:40,1,9,0
UNC,989.001030620668000,11/27/2025 4:39,1,9,0
UNC,989.002028176996000,11/27/2025 4:39,1,3,0
UNC,989.001030620668000,11/27/2025 4:38,1,9,0
UNC,989.001030620668000,11/27/2025 4:37,1,9,0
UNC,989.002028177050000,11/27/2025 4:36,1,1,0
UNC,989.001030620668000,11/27/2025 4:36,1,9,0
UNC,989.002028176996000,11/27/2025 4:36,1,3,0
UNC,989.002028177050000,11/27/2025 4:35,1,1,0
UNC,989.001030620668000,11/27/2025 4:35,1,9,0
UNC,989.002028176996000,11/27/2025 4:35,1,3,0
UNC,989.002028177050000,11/27/2025 4:34,1,1,0
UNC,989.001030620668000,11/27/2025 4:34,1,9,0
UNC,989.002028177050000,11/27/2025 4:33,1,1,0
UNC,989.001030620668000,11/27/2025 4:33,1,9,0
UNC,989.001030620668000,11/27/2025 4:32,1,9,0
UNC,989.002028177050000,11/27/2025 4:32,1,1,0
UNC,989.001030620668000,11/27/2025 4:31,1,9,0
UNC,989.002028177050000,11/27/2025 4:31,1,1,0
UNC,989.002028176996000,11/27/2025 4:31,1,3,0
UNC,989.001030620668000,11/27/2025 4:30,1,9,0
UNC,989.002028177050000,11/27/2025 4:30,1,1,0
UNC,989.001030620668000,11/27/2025 4:29,1,9,0
UNC,989.002028177050000,11/27/2025 4:29,1,1,0
UNC,989.001030620668000,11/27/2025 4:28,1,9,0
UNC,989.002028177050000,11/27/2025 4:28,1,1,0
UNC,989.001030620186000,11/27/2025 4:27,1,9,0
UNC,989.002028176996000,11/27/2025 4:27,1,3,0
UNC,989.001030620668000,11/27/2025 4:27,1,9,0
UNC,989.002028177050000,11/27/2025 4:26,1,1,0
UNC,989.002028176996000,11/27/2025 4:26,1,2,0
UNC,989.002028176996000,11/27/2025 4:25,1,2,0
UNC,989.002028176996000,11/27/2025 4:24,1,2,0
UNC,989.002028176996000,11/27/2025 4:23,1,3,0
UNC,989.002028176996000,11/27/2025 4:22,1,3,0
UNC,989.002028176996000,11/27/2025 4:21,1,3,0
UNC,989.002028176996000,11/27/2025 4:20,1,3,0
UNC,989.002028176996000,11/27/2025 4:19,1,3,0
UNC,989.002028176996000,11/27/2025 4:18,1,3,0
UNC,989.002028176996000,11/27/2025 4:15,1,3,0
UNC,989.002028176996000,11/27/2025 3:56,1,3,0
UNC,989.002028176996000,11/27/2025 3:53,1,3,0
UNC,989.002028176996000,11/27/2025 3:43,1,3,0
UNC,989.002028176996000,11/27/2025 3:36,1,3,0
UNC,989.002028176996000,11/27/2025 3:34,1,3,0
UNC,989.002028176996000,11/27/2025 3:27,1,3,0
UNC,989.002028176996000,11/27/2025 3:26,1,3,0
UNC,989.002028176996000,11/27/2025 3:25,1,3,0
UNC,989.001030620186000,11/27/2025 3:13,1,9,0
UNC,989.001030620186000,11/27/2025 3:12,1,9,0
UNC,989.001030620186000,11/27/2025 3:11,1,9,0
UNC,989.001030620186000,11/27/2025 3:10,1,9,0
UNC,989.001030620186000,11/27/2025 3:09,1,9,0
UNC,989.001030620186000,11/27/2025 3:08,1,9,0
UNC,989.001030620186000,11/27/2025 3:07,1,9,0
UNC,989.001030620186000,11/27/2025 3:06,1,9,0
UNC,989.002028176996000,11/27/2025 3:05,1,3,0
UNC,989.001030620186000,11/27/2025 3:05,1,9,0
UNC,989.002028176996000,11/27/2025 2:58,1,3,0
UNC,989.002028177050000,11/27/2025 2:56,1,1,0
UNC,989.002028177050000,11/27/2025 2:50,1,1,0
UNC,989.002028176798000,11/27/2025 2:45,1,3,0
UNC,989.002028176996000,11/27/2025 2:43,1,3,0
UNC,989.002028176996000,11/27/2025 2:35,1,3,0
UNC,989.002028177050000,11/27/2025 2:35,1,2,0
UNC,989.002028176996000,11/27/2025 2:32,1,3,0
UNC,989.002028176996000,11/27/2025 2:28,1,3,0
UNC,989.002028176996000,11/27/2025 2:25,1,3,0
UNC,989.002028176996000,11/27/2025 2:23,1,3,0
UNC,989.002028176996000,11/27/2025 2:22,1,3,0
UNC,989.002028176798000,11/27/2025 2:17,1,7,0
UNC,989.002028176798000,11/27/2025 2:16,1,6,0
UNC,989.002028176996000,11/27/2025 2:16,1,2,0
UNC,989.002028176996000,11/27/2025 2:15,1,2,0
UNC,989.002028176996000,11/27/2025 2:13,1,2,0
UNC,989.002028176996000,11/27/2025 2:12,1,2,0
UNC,989.002028176996000,11/27/2025 2:11,1,2,0
UNC,989.002028176996000,11/27/2025 2:10,1,2,0
UNC,989.002028176996000,11/27/2025 2:09,1,3,0
UNC,989.002028176996000,11/27/2025 2:08,1,3,0
UNC,989.002028176996000,11/27/2025 2:06,1,3,0
UNC,989.002028176996000,11/27/2025 2:05,1,3,0
UNC,989.002028176996000,11/27/2025 2:03,1,3,0
UNC,989.002028176798000,11/27/2025 2:00,1,6,0
UNC,989.002028176798000,11/27/2025 1:58,1,3,0
UNC,989.002028176798000,11/27/2025 1:57,1,3,0
UNC,989.002028176996000,11/27/2025 1:54,1,3,0
UNC,989.001030621374000,11/27/2025 1:43,1,7,0
UNC,989.001030621374000,11/27/2025 1:41,1,6,0
UNC,989.001030621374000,11/27/2025 1:39,1,7,0
UNC,989.001030621374000,11/27/2025 1:39,1,8,0
UNC,989.002028176996000,11/27/2025 1:37,1,3,0
UNC,989.002028176996000,11/27/2025 1:33,1,3,0
UNC,989.001030620186000,11/27/2025 1:31,1,9,0
UNC,989.002028176996000,11/27/2025 1:30,1,3,0
UNC,989.001030620186000,11/27/2025 1:02,1,9,0
UNC,989.001030620186000,11/27/2025 1:02,1,8,0
UNC,989.002028176996000,11/27/2025 0:51,1,3,0
UNC,989.002028176996000,11/27/2025 0:47,1,3,0
UNC,989.001030620186000,11/27/2025 0:45,1,9,0
UNC,989.001030620186000,11/27/2025 0:36,1,9,0
UNC,989.001030620186000,11/27/2025 0:24,1,9,0
UNC,989.001030620186000,11/27/2025 0:23,1,9,0
UNC,989.002028176996000,11/27/2025 0:15,1,3,0
UNC,989.002028176996000,11/27/2025 0:14,1,3,0
UNC,989.002028176996000,11/26/2025 23:56,1,3,0
UNC,989.002028176996000,11/26/2025 23:47,1,1,0
UNC,989.002028176996000,11/26/2025 23:47,1,2,0
UNC,989.002028176996000,11/26/2025 23:46,1,2,0
UNC,989.002028176996000,11/26/2025 23:44,1,2,0
UNC,989.002028176996000,11/26/2025 23:43,1,2,0
UNC,989.002028176996000,11/26/2025 23:42,1,2,0
UNC,989.002028176996000,11/26/2025 23:42,1,3,0
UNC,989.002028176996000,11/26/2025 23:38,1,3,0
UNC,989.002028177081000,11/26/2025 23:38,1,6,0
UNC,989.002028176996000,11/26/2025 23:37,1,3,0
UNC,989.002028176996000,11/26/2025 23:36,1,3,0
UNC,989.002028176996000,11/26/2025 23:35,1,3,0
UNC,989.002028176996000,11/26/2025 23:15,1,3,0
UNC,989.002028176996000,11/26/2025 23:13,1,3,0
UNC,989.002028176996000,11/26/2025 23:03,1,3,0
UNC,989.001040500035000,11/26/2025 22:42,1,8,0
UNC,989.001040500035000,11/26/2025 22:41,1,8,0
UNC,989.001040500035000,11/26/2025 22:39,1,8,0
UNC,989.002028176996000,11/26/2025 22:38,1,3,0
UNC,989.001040500035000,11/26/2025 22:38,1,8,0
UNC,989.001040500035000,11/26/2025 22:37,1,8,0
UNC,989.002028176996000,11/26/2025 22:37,1,3,0
UNC,989.001040500035000,11/26/2025 22:36,1,8,0
UNC,989.002028176996000,11/26/2025 22:36,1,3,0
UNC,989.001040500035000,11/26/2025 22:35,1,8,0
UNC,989.001040500035000,11/26/2025 22:34,1,8,0
UNC,989.001040500035000,11/26/2025 22:33,1,8,0
UNC,989.001040500035000,11/26/2025 22:32,1,8,0
UNC,989.001040500035000,11/26/2025 22:30,1,8,0
UNC,989.001040500035000,11/26/2025 22:29,1,8,0
UNC,989.001040500035000,11/26/2025 22:28,1,8,0
UNC,989.001040500035000,11/26/2025 22:25,1,7,0
UNC,989.001040500035000,11/26/2025 22:23,1,7,0
UNC,989.001030621374000,11/26/2025 22:21,1,6,0
UNC,989.001030621374000,11/26/2025 22:19,1,6,0
UNC,989.002028176996000,11/26/2025 22:17,1,3,0
UNC,989.001030621374000,11/26/2025 22:15,1,8,0
UNC,989.001030621374000,11/26/2025 22:15,1,7,0
UNC,989.002028176996000,11/26/2025 22:15,1,3,0
UNC,989.001040500035000,11/26/2025 22:14,1,7,0
UNC,989.002028176996000,11/26/2025 22:13,1,3,0
UNC,989.001040500035000,11/26/2025 22:13,1,7,0
UNC,989.001040500035000,11/26/2025 22:10,1,7,0
UNC,989.002028177129000,11/26/2025 22:08,1,6,0
UNC,989.001040500035000,11/26/2025 22:07,1,7,0
UNC,989.001040500035000,11/26/2025 22:04,1,7,0
UNC,989.001040500035000,11/26/2025 22:03,1,7,0
UNC,989.001030621497000,11/26/2025 22:02,1,1,0
UNC,989.001040500035000,11/26/2025 22:00,1,7,0
UNC,989.001040500035000,11/26/2025 21:59,1,7,0
UNC,989.001030621374000,11/26/2025 21:59,1,3,0
UNC,989.001030621374000,11/26/2025 21:58,1,3,0
UNC,989.001040500035000,11/26/2025 21:56,1,7,0
UNC,989.001030621374000,11/26/2025 21:56,1,2,0
UNC,989.001040500035000,11/26/2025 21:55,1,7,0
UNC,989.001040500035000,11/26/2025 21:54,1,7,0
UNC,989.001040500035000,11/26/2025 21:53,1,7,0
UNC,989.002028176996000,11/26/2025 21:51,1,3,0
UNC,989.001030621374000,11/26/2025 21:48,1,1,0
UNC,989.001030621374000,11/26/2025 21:47,1,2,0
UNC,989.001030620186000,11/26/2025 21:41,1,9,0
UNC,989.001030620186000,11/26/2025 21:40,1,9,0
UNC,989.001030620186000,11/26/2025 21:39,1,9,0
UNC,989.001030620186000,11/26/2025 21:38,1,9,0
UNC,989.001030621374000,11/26/2025 21:37,1,6,0
UNC,989.001030620186000,11/26/2025 21:37,1,9,0
UNC,989.001030620186000,11/26/2025 21:36,1,9,0
UNC,989.001030620186000,11/26/2025 21:35,1,9,0
UNC,989.001030620186000,11/26/2025 21:34,1,9,0
UNC,989.001030620186000,11/26/2025 21:33,1,9,0
UNC,989.001030620186000,11/26/2025 21:31,1,9,0
UNC,989.001030620186000,11/26/2025 21:28,1,9,0
UNC,989.002028176996000,11/26/2025 21:25,1,3,0
UNC,989.002028176996000,11/26/2025 21:23,1,3,0
UNC,989.001030620186000,11/26/2025 21:20,1,9,0
UNC,989.001030620186000,11/26/2025 21:19,1,9,0
UNC,989.001030620186000,11/26/2025 21:18,1,9,0
UNC,989.001030620186000,11/26/2025 21:11,1,9,0
UNC,989.001030620186000,11/26/2025 21:10,1,9,0
UNC,989.001030620186000,11/26/2025 21:09,1,9,0
UNC,989.001030620186000,11/26/2025 21:08,1,9,0
UNC,989.001030620186000,11/26/2025 21:06,1,9,0
UNC,989.001030620186000,11/26/2025 21:05,1,9,0
UNC,989.001030620186000,11/26/2025 21:04,1,9,0
UNC,989.001030620304000,11/26/2025 21:03,1,2,0
UNC,989.001030620186000,11/26/2025 21:03,1,9,0
UNC,989.001030620304000,11/26/2025 21:01,1,7,0
UNC,989.001030620186000,11/26/2025 21:00,1,9,0
UNC,989.001030620186000,11/26/2025 20:59,1,9,0
UNC,989.001030620186000,11/26/2025 20:58,1,9,0
UNC,989.001030621167000,11/26/2025 20:56,1,3,0
UNC,989.001030621167000,11/26/2025 20:55,1,7,0
UNC,989.002028176996000,11/26/2025 20:41,1,3,0
UNC,989.001030620615000,11/26/2025 20:36,1,7,0
UNC,989.001040500087000,11/26/2025 20:29,1,7,0
UNC,989.001040500087000,11/26/2025 20:28,1,1,0
UNC,989.002028177051000,11/26/2025 20:27,1,1,0
UNC,989.002028177051000,11/26/2025 20:26,1,6,0
UNC,989.002028177051000,11/26/2025 20:21,1,7,0
UNC,989.002028177051000,11/26/2025 20:20,1,2,0
UNC,989.002028176996000,11/26/2025 20:05,1,2,0
UNC,989.002028176996000,11/26/2025 20:04,1,2,0
UNC,989.002028176996000,11/26/2025 20:03,1,2,0
UNC,989.002028176996000,11/26/2025 20:01,1,2,0
UNC,989.002028176996000,11/26/2025 19:58,1,3,0
UNC,989.002028176996000,11/26/2025 19:52,1,3,0
UNC,989.002028176996000,11/26/2025 19:24,1,3,0
UNC,989.002028176996000,11/26/2025 19:22,1,3,0
UNC,989.002028176996000,11/26/2025 18:45,1,3,0
UNC,989.002028176996000,11/26/2025 18:41,1,3,0
UNC,989.001030621374000,11/26/2025 18:38,1,8,0
UNC,989.002028176996000,11/26/2025 18:36,1,3,0
UNC,989.002028176996000,11/26/2025 18:35,1,3,0
UNC,989.002028176996000,11/26/2025 18:34,1,3,0
UNC,989.001030621374000,11/26/2025 18:25,1,8,0
UNC,989.002028176996000,11/26/2025 18:21,1,3,0
UNC,989.001030621374000,11/26/2025 18:15,1,6,0
UNC,989.001030621374000,11/26/2025 18:10,1,6,0
UNC,989.001030621374000,11/26/2025 18:00,1,7,0
UNC,989.001030621374000,11/26/2025 17:59,1,7,0
UNC,989.002028176996000,11/26/2025 17:58,1,3,0
UNC,989.001030621374000,11/26/2025 17:57,1,6,0
UNC,989.001030621374000,11/26/2025 17:56,1,6,0
UNC,989.001030621374000,11/26/2025 17:55,1,6,0
UNC,989.001030621374000,11/26/2025 17:53,1,6,0
UNC,989.001030621374000,11/26/2025 17:52,1,7,0
UNC,989.001030621374000,11/26/2025 17:51,1,2,0
UNC,989.002028176996000,11/26/2025 17:47,1,3,0
UNC,989.002028176996000,11/26/2025 17:45,1,3,0
UNC,989.001040500035000,11/26/2025 17:33,1,7,0
UNC,989.001040500035000,11/26/2025 17:31,1,7,0
UNC,989.002028176996000,11/26/2025 17:31,1,3,0
UNC,989.002028176996000,11/26/2025 17:30,1,3,0
UNC,989.001040500035000,11/26/2025 17:30,1,7,0
UNC,989.001040500035000,11/26/2025 17:29,1,7,0
UNC,989.001040500035000,11/26/2025 17:26,1,7,0
UNC,989.001040500035000,11/26/2025 17:24,1,7,0
UNC,989.001040500035000,11/26/2025 17:23,1,7,0
UNC,989.001040500035000,11/26/2025 17:21,1,7,0
UNC,989.001040500035000,11/26/2025 17:15,1,7,0
UNC,989.002028176996000,11/26/2025 17:12,1,3,0
UNC,989.002028176996000,11/26/2025 17:07,1,3,0
UNC,989.002028176996000,11/26/2025 17:06,1,3,0
UNC,989.002028176996000,11/26/2025 17:04,1,3,0
UNC,989.002028176996000,11/26/2025 16:57,1,2,0
UNC,989.002028176996000,11/26/2025 16:56,1,2,0
UNC,989.002028176996000,11/26/2025 16:55,1,3,0
UNC,989.002028176996000,11/26/2025 16:54,1,3,0
UNC,989.002028176996000,11/26/2025 16:52,1,3,0
UNC,989.002028176996000,11/26/2025 16:51,1,3,0
UNC,989.002028176996000,11/26/2025 16:02,1,2,0
UNC,989.002028176996000,11/26/2025 16:01,1,2,0
UNC,989.002028176996000,11/26/2025 15:59,1,2,0
UNC,989.002028176996000,11/26/2025 15:58,1,2,0
UNC,989.002028176996000,11/26/2025 15:57,1,2,0
UNC,989.002028176996000,11/26/2025 15:56,1,2,0
UNC,989.002028176996000,11/26/2025 15:55,1,2,0
UNC,989.002028176996000,11/26/2025 15:53,1,2,0
UNC,989.002028176996000,11/26/2025 15:52,1,2,0
UNC,989.002028176996000,11/26/2025 15:51,1,2,0
UNC,989.002028176996000,11/26/2025 15:50,1,2,0
UNC,989.002028176996000,11/26/2025 15:49,1,2,0
UNC,989.002028176996000,11/26/2025 15:47,1,2,0
UNC,989.002028176996000,11/26/2025 15:46,1,2,0
UNC,989.002028176996000,11/26/2025 15:44,1,2,0
UNC,989.002028176996000,11/26/2025 15:43,1,2,0
UNC,989.002028176996000,11/26/2025 15:41,1,2,0
UNC,989.002028176996000,11/26/2025 15:40,1,2,0
UNC,989.002028176996000,11/26/2025 15:39,1,2,0
UNC,989.002028176996000,11/26/2025 15:38,1,2,0
UNC,989.002028176996000,11/26/2025 15:37,1,2,0
UNC,989.002028176996000,11/26/2025 15:36,1,2,0
UNC,989.002028176996000,11/26/2025 15:35,1,2,0
UNC,989.002028176996000,11/26/2025 15:34,1,2,0
UNC,989.002028176996000,11/26/2025 15:33,1,2,0
UNC,989.002028176996000,11/26/2025 15:31,1,2,0
UNC,989.002028176996000,11/26/2025 15:30,1,2,0
UNC,989.002028176996000,11/26/2025 15:29,1,2,0
UNC,989.002028176996000,11/26/2025 15:28,1,2,0
UNC,989.002028176996000,11/26/2025 15:27,1,2,0
UNC,989.002028176996000,11/26/2025 15:26,1,2,0
UNC,989.002028176996000,11/26/2025 15:24,1,2,0
UNC,989.002028176996000,11/26/2025 15:23,1,2,0
UNC,989.002028176695000,11/26/2025 7:45,1,2,0
UNC,989.002028176695000,11/26/2025 7:39,1,6,0
UNC,989.002028176996000,11/26/2025 7:39,1,2,0
UNC,989.002028176695000,11/26/2025 7:38,1,6,0
UNC,989.002028176996000,11/26/2025 7:37,1,2,0
UNC,989.002028176695000,11/26/2025 7:37,1,6,0
UNC,989.002028176996000,11/26/2025 7:36,1,2,0
UNC,989.002028176695000,11/26/2025 7:36,1,6,0
UNC,989.002028176695000,11/26/2025 7:35,1,7,0
UNC,989.002028176996000,11/26/2025 7:35,1,2,0
UNC,989.002028176695000,11/26/2025 7:34,1,7,0
UNC,989.002028176996000,11/26/2025 7:34,1,2,0
UNC,989.002028176695000,11/26/2025 7:33,1,7,0
UNC,989.002028176996000,11/26/2025 7:32,1,2,0
UNC,989.002028176996000,11/26/2025 7:31,1,2,0
UNC,989.002028176996000,11/26/2025 7:30,1,2,0
UNC,989.002028176996000,11/26/2025 7:29,1,2,0
UNC,989.002028176695000,11/26/2025 7:28,1,1,0
UNC,989.002028176996000,11/26/2025 7:28,1,2,0
UNC,989.002028176996000,11/26/2025 7:27,1,3,0
UNC,989.002028176695000,11/26/2025 7:27,1,1,0
UNC,989.002028176695000,11/26/2025 7:26,1,1,0
UNC,989.002028176996000,11/26/2025 7:26,1,3,0
UNC,989.002028176695000,11/26/2025 7:26,1,2,0
UNC,989.002028176695000,11/26/2025 7:25,1,2,0
UNC,989.002028176695000,11/26/2025 7:25,1,3,0
UNC,989.002028176695000,11/26/2025 7:22,1,3,0
UNC,989.002028176695000,11/26/2025 7:20,1,2,0
UNC,989.002028176695000,11/26/2025 7:19,1,2,0
UNC,989.002028176695000,11/26/2025 7:18,1,1,0
UNC,989.002028176695000,11/26/2025 7:17,1,1,0
UNC,989.002028176695000,11/26/2025 7:16,1,1,0
UNC,989.001030621374000,11/26/2025 7:15,1,2,0
UNC,989.002028176695000,11/26/2025 7:15,1,1,0
UNC,989.002028176996000,11/26/2025 7:15,1,2,0
UNC,989.002028177051000,11/26/2025 7:14,1,2,0
UNC,989.002028176695000,11/26/2025 7:14,1,2,0
UNC,989.001030621374000,11/26/2025 7:14,1,6,0
UNC,989.002028177051000,11/26/2025 7:13,1,7,0
UNC,989.002028176695000,11/26/2025 7:13,1,2,0
UNC,989.002028176695000,11/26/2025 7:12,1,2,0
UNC,989.002028176996000,11/26/2025 7:12,1,7,0
UNC,989.002028176996000,11/26/2025 7:11,1,6,0
UNC,989.002028176695000,11/26/2025 7:11,1,2,0
UNC,989.002028176695000,11/26/2025 7:10,1,3,0
UNC,989.002028176695000,11/26/2025 7:09,1,3,0
UNC,989.002028176695000,11/26/2025 7:08,1,2,0
UNC,989.002028176695000,11/26/2025 7:07,1,2,0
UNC,989.002028176996000,11/26/2025 7:07,1,7,0
UNC,989.002028176695000,11/26/2025 7:07,1,1,0
UNC,989.002028176996000,11/26/2025 7:06,1,2,0
UNC,989.002028176695000,11/26/2025 7:06,1,1,0
UNC,989.002028177051000,11/26/2025 7:05,1,7,0
UNC,989.001030620615000,11/26/2025 7:05,1,2,0
UNC,989.002028176695000,11/26/2025 7:05,1,2,0
UNC,989.002028177051000,11/26/2025 7:05,1,2,0
UNC,989.002028176996000,11/26/2025 7:05,1,2,0
UNC,989.001030620615000,11/26/2025 7:04,1,7,0
UNC,989.002028176996000,11/26/2025 7:04,1,2,0
UNC,989.002028177051000,11/26/2025 7:03,1,2,0
UNC,989.002028177051000,11/26/2025 7:02,1,7,0
UNC,989.002028176695000,11/26/2025 7:00,1,6,0
UNC,989.002028176695000,11/26/2025 7:00,1,7,0
UNC,989.002028176695000,11/26/2025 6:59,1,7,0
UNC,989.002028176695000,11/26/2025 6:58,1,7,0
UNC,989.002028176695000,11/26/2025 6:58,1,6,0
UNC,989.001040500035000,11/26/2025 6:57,1,7,0
UNC,989.002028176695000,11/26/2025 6:57,1,6,0
UNC,989.001040500035000,11/26/2025 6:56,1,7,0
UNC,989.002028176695000,11/26/2025 6:56,1,6,0
UNC,989.002028176695000,11/26/2025 6:56,1,7,0
UNC,989.001040500035000,11/26/2025 6:55,1,7,0
UNC,989.002028176695000,11/26/2025 6:55,1,7,0
UNC,989.002028176695000,11/26/2025 6:54,1,7,0
UNC,989.001040500035000,11/26/2025 6:53,1,7,0
UNC,989.002028176996000,11/26/2025 6:52,1,3,0
UNC,989.001040500035000,11/26/2025 6:52,1,7,0
UNC,989.002028176996000,11/26/2025 6:52,1,2,0
UNC,989.001040500035000,11/26/2025 6:51,1,7,0
UNC,989.002028176996000,11/26/2025 6:50,1,3,0
UNC,989.002028176695000,11/26/2025 6:50,1,6,0
UNC,989.001040500035000,11/26/2025 6:50,1,7,0
UNC,989.002028176996000,11/26/2025 6:49,1,3,0
UNC,989.002028176695000,11/26/2025 6:49,1,6,0
UNC,989.002028176695000,11/26/2025 6:48,1,7,0
UNC,989.002028176695000,11/26/2025 6:47,1,7,0
UNC,989.002028176695000,11/26/2025 6:46,1,7,0
UNC,989.002028176695000,11/26/2025 6:45,1,6,0
UNC,989.002028176695000,11/26/2025 6:44,1,7,0
UNC,989.002028176996000,11/26/2025 6:44,1,3,0
UNC,989.002028176996000,11/26/2025 6:43,1,3,0
UNC,989.002028176695000,11/26/2025 6:43,1,6,0
UNC,989.001030620304000,11/26/2025 6:43,1,7,0
UNC,989.001030620304000,11/26/2025 6:42,1,1,0
UNC,989.002028176996000,11/26/2025 6:42,1,3,0
UNC,989.002028176695000,11/26/2025 6:42,1,6,0
UNC,989.001040500035000,11/26/2025 6:41,1,7,0
UNC,989.002028176695000,11/26/2025 6:41,1,6,0
UNC,989.002028176996000,11/26/2025 6:40,1,3,0
UNC,989.002028176695000,11/26/2025 6:40,1,7,0
UNC,989.001040500035000,11/26/2025 6:40,1,6,0
UNC,989.002028176695000,11/26/2025 6:39,1,7,0
UNC,989.001040500035000,11/26/2025 6:39,1,6,0
UNC,989.001040500035000,11/26/2025 6:38,1,6,0
UNC,989.001040500035000,11/26/2025 6:37,1,6,0
UNC,989.001040500035000,11/26/2025 6:36,1,7,0
UNC,989.001040500035000,11/26/2025 6:35,1,7,0
UNC,989.001040500035000,11/26/2025 6:34,1,7,0
UNC,989.001040500035000,11/26/2025 6:33,1,7,0
UNC,989.002028176695000,11/26/2025 6:32,1,2,0
UNC,989.001040500035000,11/26/2025 6:32,1,7,0
UNC,989.002028177050000,11/26/2025 6:31,1,1,0
UNC,989.001040500035000,11/26/2025 6:30,1,7,0
UNC,989.001030621497000,11/26/2025 6:30,1,2,0
UNC,989.001040500035000,11/26/2025 6:29,1,6,0
UNC,989.002028177050000,11/26/2025 6:29,1,2,0
UNC,989.001030621497000,11/26/2025 6:29,1,2,0
UNC,989.001040500035000,11/26/2025 6:28,1,6,0
UNC,989.001030621497000,11/26/2025 6:28,1,2,0
UNC,989.001040500035000,11/26/2025 6:27,1,6,0
UNC,989.001030621497000,11/26/2025 6:26,1,2,0
UNC,989.001040500035000,11/26/2025 6:25,1,6,0
UNC,989.001030621497000,11/26/2025 6:25,1,2,0
UNC,989.001040500035000,11/26/2025 6:24,1,6,0
UNC,989.001030621497000,11/26/2025 6:24,1,2,0
UNC,989.001040500035000,11/26/2025 6:23,1,6,0
UNC,989.001040500035000,11/26/2025 6:22,1,6,0
UNC,989.002028176996000,11/26/2025 6:22,1,3,0
UNC,989.001030621497000,11/26/2025 6:22,1,2,0
UNC,989.002028176996000,11/26/2025 6:22,1,2,0
UNC,989.001040500035000,11/26/2025 6:21,1,6,0
UNC,989.002028176996000,11/26/2025 6:21,1,3,0
UNC,989.001040500035000,11/26/2025 6:20,1,6,0
UNC,989.001040500035000,11/26/2025 6:19,1,6,0
UNC,989.002028176996000,11/26/2025 6:19,1,3,0
UNC,989.001040500035000,11/26/2025 6:18,1,6,0
UNC,989.001030621497000,11/26/2025 6:18,1,2,0
UNC,989.001040500035000,11/26/2025 6:17,1,6,0
UNC,989.001030621497000,11/26/2025 6:17,1,2,0
UNC,989.001040500035000,11/26/2025 6:16,1,6,0
UNC,989.001030621497000,11/26/2025 6:16,1,2,0
UNC,989.001040500035000,11/26/2025 6:15,1,6,0
UNC,989.001040500035000,11/26/2025 6:14,1,6,0
UNC,989.001030621497000,11/26/2025 6:14,1,2,0
UNC,989.001040500035000,11/26/2025 6:13,1,6,0
UNC,989.001030621497000,11/26/2025 6:13,1,2,0
UNC,989.001040500035000,11/26/2025 6:13,1,7,0
UNC,989.002028176996000,11/26/2025 6:13,1,2,0
UNC,989.002028176996000,11/26/2025 6:12,1,2,0
UNC,989.002028176996000,11/26/2025 6:05,1,3,0
UNC,989.001040500035000,11/26/2025 6:00,1,8,0
UNC,989.001040500035000,11/26/2025 5:58,1,8,0
UNC,989.001040500035000,11/26/2025 5:57,1,8,0
UNC,989.001040500035000,11/26/2025 5:56,1,8,0
UNC,989.001040500035000,11/26/2025 5:55,1,8,0
UNC,989.002028176996000,11/26/2025 5:54,1,3,0
UNC,989.001040500035000,11/26/2025 5:54,1,8,0
UNC,989.001040500035000,11/26/2025 5:53,1,8,0
UNC,989.001040500035000,11/26/2025 5:52,1,8,0
UNC,989.001040500035000,11/26/2025 5:51,1,8,0
UNC,989.001040500035000,11/26/2025 5:49,1,8,0
UNC,989.001040500035000,11/26/2025 5:48,1,8,0
UNC,989.002028176695000,11/26/2025 5:45,1,2,0
UNC,989.002028176695000,11/26/2025 5:42,1,7,0
UNC,989.002028176695000,11/26/2025 5:41,1,7,0
UNC,989.002028176695000,11/26/2025 5:38,1,7,0
UNC,989.001030620615000,11/26/2025 5:38,1,6,0
UNC,989.002028176695000,11/26/2025 5:37,1,7,0
UNC,989.001030620615000,11/26/2025 5:37,1,6,0
UNC,989.001040500035000,11/26/2025 5:37,1,8,0
UNC,989.002028176695000,11/26/2025 5:36,1,7,0
UNC,989.001030620615000,11/26/2025 5:36,1,6,0
UNC,989.002028176695000,11/26/2025 5:35,1,6,0
UNC,989.002028176695000,11/26/2025 5:34,1,6,0
UNC,989.001030620615000,11/26/2025 5:34,1,7,0
UNC,989.002028176695000,11/26/2025 5:33,1,2,0
UNC,989.002028176996000,11/26/2025 5:22,1,8,0
UNC,989.001030621374000,11/26/2025 5:21,1,6,0
UNC,989.001030621374000,11/26/2025 5:20,1,1,0
UNC,989.001040500035000,11/26/2025 5:19,1,7,0
UNC,989.001040500035000,11/26/2025 5:18,1,7,0
UNC,989.001040500035000,11/26/2025 5:16,1,7,0
UNC,989.002028176996000,11/26/2025 5:16,1,3,0
UNC,989.001040500035000,11/26/2025 5:15,1,7,0
UNC,989.002028176996000,11/26/2025 5:14,1,3,0
UNC,989.001040500035000,11/26/2025 5:12,1,7,0
UNC,989.001040500035000,11/26/2025 5:09,1,7,0
UNC,989.002028176996000,11/26/2025 5:07,1,2,0
UNC,989.002028176996000,11/26/2025 5:05,1,2,0
UNC,989.002028176996000,11/26/2025 5:04,1,2,0
UNC,989.001040500035000,11/26/2025 5:04,1,7,0
UNC,989.002028176996000,11/26/2025 5:03,1,2,0
UNC,989.002028176996000,11/26/2025 5:03,1,3,0
UNC,989.002028176996000,11/26/2025 5:02,1,3,0
UNC,989.002028176996000,11/26/2025 5:01,1,3,0
UNC,989.001030621374000,11/26/2025 5:00,1,8,0
UNC,989.001030620615000,11/26/2025 4:57,1,2,0
UNC,989.001030620186000,11/26/2025 4:53,1,6,0
UNC,989.001030621374000,11/26/2025 4:51,1,9,0
UNC,989.001030620186000,11/26/2025 4:50,1,6,0
UNC,989.001030621374000,11/26/2025 4:50,1,8,0
UNC,989.001030620186000,11/26/2025 4:47,1,7,0
UNC,989.001030620186000,11/26/2025 4:44,1,7,0
UNC,989.001030620186000,11/26/2025 4:30,1,9,0
UNC,989.002028176996000,11/26/2025 4:25,1,3,0
UNC,989.001030620186000,11/26/2025 4:21,1,9,0
UNC,989.001030620186000,11/26/2025 4:19,1,9,0
UNC,989.002028176996000,11/26/2025 4:18,1,3,0
UNC,989.002028176996000,11/26/2025 3:50,1,2,0
UNC,989.002028176996000,11/26/2025 3:49,1,2,0
UNC,989.002028176996000,11/26/2025 3:47,1,2,0
UNC,989.002028176996000,11/26/2025 3:46,1,2,0
UNC,989.002028176996000,11/26/2025 3:45,1,2,0
UNC,989.002028176996000,11/26/2025 3:44,1,2,0
UNC,989.002028176996000,11/26/2025 3:43,1,3,0
UNC,989.002028176996000,11/26/2025 3:37,1,3,0
UNC,989.002028176996000,11/26/2025 3:36,1,3,0
UNC,989.002028176996000,11/26/2025 3:32,1,3,0
UNC,989.002028176996000,11/26/2025 3:30,1,3,0
UNC,989.002028176996000,11/26/2025 3:22,1,3,0
UNC,989.001030620615000,11/26/2025 3:20,1,2,0
UNC,989.001030620615000,11/26/2025 3:12,1,2,0
UNC,989.002028176996000,11/26/2025 3:00,1,3,0
UNC,989.002028176996000,11/26/2025 2:59,1,3,0
UNC,989.002028176996000,11/26/2025 2:58,1,3,0
UNC,989.002028176996000,11/26/2025 2:53,1,3,0
UNC,989.002028176996000,11/26/2025 2:52,1,3,0
UNC,989.001030620615000,11/26/2025 2:52,1,2,0
UNC,989.002028176996000,11/26/2025 2:51,1,3,0
UNC,989.002028176996000,11/26/2025 2:50,1,3,0
UNC,989.002028176996000,11/26/2025 2:44,1,3,0
UNC,989.001030620615000,11/26/2025 2:43,1,1,0
UNC,989.002028176996000,11/26/2025 2:43,1,3,0
UNC,989.002028177081000,11/26/2025 2:43,1,1,0
UNC,989.002028177081000,11/26/2025 2:43,1,7,0
UNC,989.001030620615000,11/26/2025 2:39,1,2,0
UNC,989.002028176996000,11/26/2025 2:38,1,1,0
UNC,989.002028176996000,11/26/2025 2:38,1,2,0
UNC,989.001030620615000,11/26/2025 2:37,1,1,0
UNC,989.001030620615000,11/26/2025 2:36,1,1,0
UNC,989.002028176996000,11/26/2025 2:36,1,2,0
UNC,989.001030620615000,11/26/2025 2:35,1,1,0
UNC,989.002028176996000,11/26/2025 2:35,1,2,0
UNC,989.002028176996000,11/26/2025 2:34,1,2,0
UNC,989.001030620615000,11/26/2025 2:34,1,1,0
UNC,989.002028176996000,11/26/2025 2:33,1,2,0
UNC,989.001030620615000,11/26/2025 2:33,1,1,0
UNC,989.002028176996000,11/26/2025 2:32,1,2,0
UNC,989.001030620615000,11/26/2025 2:32,1,1,0
UNC,989.002028176996000,11/26/2025 2:31,1,2,0
UNC,989.001030620615000,11/26/2025 2:31,1,1,0
UNC,989.001030620615000,11/26/2025 2:29,1,1,0
UNC,989.002028176996000,11/26/2025 2:29,1,2,0
UNC,989.002028176996000,11/26/2025 2:28,1,3,0
UNC,989.001030620615000,11/26/2025 2:28,1,1,0
UNC,989.001030620615000,11/26/2025 2:27,1,1,0
UNC,989.001030620615000,11/26/2025 2:26,1,1,0
UNC,989.001030620615000,11/26/2025 2:25,1,1,0
UNC,989.001030620615000,11/26/2025 2:23,1,1,0
UNC,989.001030620615000,11/26/2025 2:22,1,1,0
UNC,989.001030620615000,11/26/2025 2:21,1,1,0
UNC,989.001030620615000,11/26/2025 2:20,1,1,0
UNC,989.001030620615000,11/26/2025 2:19,1,1,0
UNC,989.002028176996000,11/26/2025 2:18,1,3,0
UNC,989.001030620615000,11/26/2025 2:18,1,1,0
UNC,989.001030620615000,11/26/2025 2:17,1,1,0
UNC,989.001030620615000,11/26/2025 2:16,1,1,0
UNC,989.001030620615000,11/26/2025 2:15,1,1,0
UNC,989.001030620615000,11/26/2025 2:14,1,1,0
UNC,989.001030620615000,11/26/2025 2:13,1,1,0
UNC,989.001030620615000,11/26/2025 2:12,1,1,0
UNC,989.001030620615000,11/26/2025 2:10,1,1,0
UNC,989.001030620615000,11/26/2025 2:09,1,1,0
UNC,989.001030620615000,11/26/2025 2:08,1,1,0
UNC,989.001030620615000,11/26/2025 2:07,1,1,0
UNC,989.001030620615000,11/26/2025 2:06,1,1,0
UNC,989.001030621374000,11/26/2025 2:05,1,7,0
UNC,989.001030620615000,11/26/2025 2:05,1,1,0
UNC,989.001030620615000,11/26/2025 2:03,1,1,0
UNC,989.001030620615000,11/26/2025 2:02,1,1,0
UNC,989.001030620615000,11/26/2025 2:01,1,1,0
UNC,989.001030620615000,11/26/2025 2:00,1,1,0
UNC,989.001030620615000,11/26/2025 1:59,1,1,0
UNC,989.001030620615000,11/26/2025 1:58,1,1,0
UNC,989.001030620615000,11/26/2025 1:57,1,1,0
UNC,989.001030620615000,11/26/2025 1:56,1,1,0
UNC,989.001030620615000,11/26/2025 1:55,1,1,0
UNC,989.002028176996000,11/26/2025 1:54,1,3,0
UNC,989.001030620615000,11/26/2025 1:53,1,1,0
UNC,989.002028176996000,11/26/2025 1:53,1,3,0
UNC,989.001030620615000,11/26/2025 1:52,1,1,0
UNC,989.001030620615000,11/26/2025 1:51,1,1,0
UNC,989.001030620615000,11/26/2025 1:50,1,1,0
UNC,989.001030620615000,11/26/2025 1:49,1,1,0
UNC,989.001030620615000,11/26/2025 1:48,1,1,0
UNC,989.001030620615000,11/26/2025 1:47,1,1,0
UNC,989.001030620186000,11/26/2025 1:47,1,9,0
UNC,989.001030620186000,11/26/2025 1:46,1,9,0
UNC,989.002028176996000,11/26/2025 1:45,1,3,0
UNC,989.001030620615000,11/26/2025 1:45,1,1,0
UNC,989.001030620186000,11/26/2025 1:45,1,9,0
UNC,989.001030620615000,11/26/2025 1:44,1,1,0
UNC,989.002028176996000,11/26/2025 1:44,1,3,0
UNC,989.001030620186000,11/26/2025 1:44,1,9,0
UNC,989.001030620615000,11/26/2025 1:43,1,1,0
UNC,989.002028176996000,11/26/2025 1:43,1,3,0
UNC,989.001030620186000,11/26/2025 1:43,1,9,0
UNC,989.001030620615000,11/26/2025 1:42,1,1,0
UNC,989.002028176996000,11/26/2025 1:42,1,3,0
UNC,989.001030620186000,11/26/2025 1:42,1,9,0
UNC,989.001030620615000,11/26/2025 1:41,1,1,0
UNC,989.001030620186000,11/26/2025 1:41,1,9,0
UNC,989.001030620615000,11/26/2025 1:40,1,1,0
UNC,989.001030620186000,11/26/2025 1:40,1,9,0
UNC,989.001030620615000,11/26/2025 1:39,1,1,0
UNC,989.001030620186000,11/26/2025 1:39,1,9,0
UNC,989.001030620615000,11/26/2025 1:38,1,1,0
UNC,989.001030620186000,11/26/2025 1:38,1,9,0
UNC,989.001030620186000,11/26/2025 1:37,1,9,0
UNC,989.001030620615000,11/26/2025 1:37,1,1,0
UNC,989.002028176996000,11/26/2025 1:36,1,3,0
UNC,989.001030620615000,11/26/2025 1:35,1,1,0
UNC,989.001030620615000,11/26/2025 1:34,1,1,0
UNC,989.001030620615000,11/26/2025 1:33,1,1,0
UNC,989.001030620615000,11/26/2025 1:32,1,1,0
UNC,989.001030620615000,11/26/2025 1:31,1,1,0
UNC,989.001030620615000,11/26/2025 1:30,1,1,0
UNC,989.001030620615000,11/26/2025 1:29,1,1,0
UNC,989.001030620615000,11/26/2025 1:28,1,1,0
UNC,989.001030620615000,11/26/2025 1:27,1,1,0
UNC,989.001030620615000,11/26/2025 1:26,1,1,0
UNC,989.001030620615000,11/26/2025 1:25,1,1,0
UNC,989.001030620615000,11/26/2025 1:24,1,1,0
UNC,989.001030620615000,11/26/2025 1:22,1,1,0
UNC,989.002028176996000,11/26/2025 1:21,1,3,0
UNC,989.001030620615000,11/26/2025 1:21,1,1,0
UNC,989.001030620615000,11/26/2025 1:20,1,1,0
UNC,989.001030620615000,11/26/2025 1:19,1,1,0
UNC,989.001030620615000,11/26/2025 1:18,1,1,0
UNC,989.001030620615000,11/26/2025 1:17,1,1,0
UNC,989.001030620615000,11/26/2025 1:16,1,1,0
UNC,989.001030620615000,11/26/2025 1:15,1,1,0
UNC,989.001030620615000,11/26/2025 1:13,1,1,0
UNC,989.001030620615000,11/26/2025 1:12,1,1,0
UNC,989.002028176996000,11/26/2025 1:12,1,2,0
UNC,989.001030620615000,11/26/2025 1:11,1,1,0
UNC,989.001030620615000,11/26/2025 1:10,1,1,0
UNC,989.001030620615000,11/26/2025 1:09,1,1,0
UNC,989.002028177080000,11/26/2025 1:07,1,7,0
UNC,989.001030620615000,11/26/2025 1:07,1,1,0
UNC,989.002028177080000,11/26/2025 1:06,1,1,0
UNC,989.002028176996000,11/26/2025 1:06,1,3,0
UNC,989.001030620615000,11/26/2025 1:06,1,1,0
UNC,989.001030620615000,11/26/2025 1:05,1,1,0
UNC,989.001030620615000,11/26/2025 1:04,1,1,0
UNC,989.001030620615000,11/26/2025 1:03,1,1,0
UNC,989.001030620615000,11/26/2025 1:02,1,1,0
UNC,989.001030620615000,11/26/2025 1:01,1,1,0
UNC,989.001030620615000,11/26/2025 0:59,1,1,0
UNC,989.002028176996000,11/26/2025 0:54,1,3,0
UNC,989.001030620186000,11/26/2025 0:54,1,6,0
UNC,989.002028176996000,11/26/2025 0:53,1,3,0
UNC,989.001030621374000,11/26/2025 0:52,1,6,0
UNC,989.001030621374000,11/26/2025 0:51,1,2,0
UNC,989.001030620186000,11/26/2025 0:50,1,1,0
UNC,989.001030620186000,11/26/2025 0:50,1,2,0
UNC,989.001030620186000,11/26/2025 0:49,1,1,0
UNC,989.001030620186000,11/26/2025 0:44,1,1,0
UNC,989.001030620615000,11/26/2025 0:44,1,1,0
UNC,989.001030620615000,11/26/2025 0:43,1,1,0
UNC,989.001030620186000,11/26/2025 0:42,1,2,0
UNC,989.001030620615000,11/26/2025 0:42,1,1,0
UNC,989.001030620615000,11/26/2025 0:41,1,1,0
UNC,989.001030620186000,11/26/2025 0:40,1,3,0
UNC,989.001030620615000,11/26/2025 0:40,1,1,0
UNC,989.001030620615000,11/26/2025 0:39,1,1,0
UNC,989.001030620615000,11/26/2025 0:38,1,1,0
UNC,989.001030620186000,11/26/2025 0:38,1,2,0
UNC,989.001030620615000,11/26/2025 0:37,1,1,0
UNC,989.001030620186000,11/26/2025 0:36,1,2,0
UNC,989.001030620186000,11/26/2025 0:36,1,3,0
UNC,989.001030620615000,11/26/2025 0:36,1,1,0
UNC,989.001030620615000,11/26/2025 0:35,1,1,0
UNC,989.001030620615000,11/26/2025 0:34,1,1,0
UNC,989.001030620186000,11/26/2025 0:33,1,3,0
UNC,989.001030620615000,11/26/2025 0:33,1,1,0
UNC,989.001030620615000,11/26/2025 0:32,1,1,0
UNC,989.001030620615000,11/26/2025 0:30,1,1,0
UNC,989.002028176996000,11/26/2025 0:30,1,3,0
UNC,989.002028176996000,11/26/2025 0:30,1,2,0
UNC,989.001030620615000,11/26/2025 0:29,1,1,0
UNC,989.002028176996000,11/26/2025 0:28,1,2,0
UNC,989.001030620615000,11/26/2025 0:28,1,1,0
UNC,989.001030620615000,11/26/2025 0:27,1,1,0
UNC,989.002028176996000,11/26/2025 0:27,1,2,0
UNC,989.001030620615000,11/26/2025 0:26,1,1,0
UNC,989.002028176996000,11/26/2025 0:26,1,2,0
UNC,989.001030620615000,11/26/2025 0:25,1,1,0
UNC,989.002028176996000,11/26/2025 0:25,1,2,0
UNC,989.001030620186000,11/26/2025 0:24,1,8,0
UNC,989.001030620615000,11/26/2025 0:24,1,1,0
UNC,989.001030620615000,11/26/2025 0:23,1,1,0
UNC,989.001030620615000,11/26/2025 0:22,1,1,0
UNC,989.001030620615000,11/26/2025 0:21,1,1,0
UNC,989.001030620615000,11/26/2025 0:20,1,1,0
UNC,989.002028176996000,11/26/2025 0:19,1,2,0
UNC,989.001030620615000,11/26/2025 0:19,1,1,0
UNC,989.002028176996000,11/26/2025 0:18,1,2,0
UNC,989.001030620615000,11/26/2025 0:18,1,1,0
UNC,989.001030620186000,11/26/2025 0:17,1,7,0
UNC,989.001030620615000,11/26/2025 0:17,1,1,0
UNC,989.002028176996000,11/26/2025 0:17,1,2,0
UNC,989.001030620186000,11/26/2025 0:17,1,8,0
UNC,989.002028176996000,11/26/2025 0:16,1,3,0
UNC,989.001030620186000,11/26/2025 0:16,1,9,0
UNC,989.001030620615000,11/26/2025 0:16,1,1,0
UNC,989.001030620615000,11/26/2025 0:15,1,1,0
UNC,989.001030620615000,11/26/2025 0:14,1,1,0
UNC,989.001030620615000,11/26/2025 0:13,1,1,0
UNC,989.001030620615000,11/26/2025 0:12,1,1,0
UNC,989.001030620615000,11/26/2025 0:10,1,1,0
UNC,989.001030620615000,11/26/2025 0:09,1,1,0
UNC,989.002028176996000,11/26/2025 0:06,1,3,0
UNC,989.002028176996000,11/26/2025 0:03,1,3,0
UNC,989.002028176996000,11/26/2025 0:01,1,3,0
UNC,989.001030620186000,11/26/2025 0:01,1,8,0
UNC,989.002028176996000,11/25/2025 23:55,1,3,0
UNC,989.001030620186000,11/25/2025 23:45,1,8,0
UNC,989.001030620186000,11/25/2025 23:43,1,8,0
UNC,989.001040500035000,11/25/2025 23:30,1,8,0
UNC,989.001030620186000,11/25/2025 23:30,1,7,0
UNC,989.002028176996000,11/25/2025 23:30,1,3,0
UNC,989.001030620186000,11/25/2025 23:29,1,7,0
UNC,989.001030620186000,11/25/2025 23:28,1,6,0
UNC,989.001030620615000,11/25/2025 23:23,1,6,0
UNC,989.001040500035000,11/25/2025 23:21,1,8,0
UNC,989.001030620186000,11/25/2025 23:21,1,6,0
UNC,989.001040500035000,11/25/2025 23:20,1,8,0
UNC,989.001040500035000,11/25/2025 23:19,1,8,0
UNC,989.001040500035000,11/25/2025 23:18,1,8,0
UNC,989.001030620186000,11/25/2025 23:18,1,7,0
UNC,989.002028176996000,11/25/2025 23:18,1,3,0
UNC,989.001040500035000,11/25/2025 23:15,1,8,0
UNC,989.002028176996000,11/25/2025 23:15,1,3,0
UNC,989.001030620186000,11/25/2025 23:15,1,7,0
UNC,989.001040500035000,11/25/2025 23:14,1,8,0
UNC,989.001040500035000,11/25/2025 23:13,1,8,0
UNC,989.001040500035000,11/25/2025 23:12,1,8,0
UNC,989.001040500035000,11/25/2025 23:11,1,8,0
UNC,989.001040500035000,11/25/2025 23:10,1,8,0
UNC,989.001040500035000,11/25/2025 23:08,1,8,0
UNC,989.001040500035000,11/25/2025 23:06,1,8,0
UNC,989.001040500035000,11/25/2025 23:05,1,8,0
UNC,989.001030620186000,11/25/2025 23:04,1,9,0
UNC,989.001040500035000,11/25/2025 23:04,1,8,0
UNC,989.001040500035000,11/25/2025 23:03,1,8,0
UNC,989.001040500035000,11/25/2025 23:00,1,8,0
UNC,989.001040500035000,11/25/2025 22:59,1,8,0
UNC,989.001040500035000,11/25/2025 22:58,1,8,0
UNC,989.001040500035000,11/25/2025 22:56,1,8,0
UNC,989.001040500035000,11/25/2025 22:55,1,8,0
UNC,989.001040500035000,11/25/2025 22:53,1,8,0
UNC,989.001040500035000,11/25/2025 22:51,1,8,0
UNC,989.001040500035000,11/25/2025 22:50,1,8,0
UNC,989.002028176996000,11/25/2025 22:50,1,7,0
UNC,989.001040500035000,11/25/2025 22:49,1,8,0
UNC,989.001040500035000,11/25/2025 22:48,1,8,0
UNC,989.001040500035000,11/25/2025 22:47,1,8,0
UNC,989.001040500035000,11/25/2025 22:46,1,8,0
UNC,989.001030620186000,11/25/2025 22:45,1,7,0
UNC,989.001030620186000,11/25/2025 22:45,1,8,0
UNC,989.001040500035000,11/25/2025 22:45,1,8,0
UNC,989.001030620186000,11/25/2025 22:44,1,7,0
UNC,989.001040500108000,11/25/2025 22:44,1,2,0
UNC,989.001040500035000,11/25/2025 22:43,1,8,0
UNC,989.001040500035000,11/25/2025 22:42,1,8,0
UNC,989.001040500035000,11/25/2025 22:41,1,8,0
UNC,989.001040500035000,11/25/2025 22:40,1,8,0
UNC,989.001040500035000,11/25/2025 22:39,1,8,0
UNC,989.001030620186000,11/25/2025 22:38,1,6,0
UNC,989.001040500035000,11/25/2025 22:37,1,8,0
UNC,989.001030620186000,11/25/2025 22:37,1,6,0
UNC,989.001040500035000,11/25/2025 22:36,1,8,0
UNC,989.002028176996000,11/25/2025 22:36,1,3,0
UNC,989.001030620186000,11/25/2025 22:36,1,6,0
UNC,989.001040500035000,11/25/2025 22:35,1,8,0
UNC,989.001030620186000,11/25/2025 22:35,1,6,0
UNC,989.001040500035000,11/25/2025 22:34,1,8,0
UNC,989.001030621374000,11/25/2025 22:33,1,3,0
UNC,989.001040500108000,11/25/2025 22:31,1,7,0
UNC,989.001030621374000,11/25/2025 22:31,1,3,0
UNC,989.001030620186000,11/25/2025 22:30,1,8,0
UNC,989.002028176996000,11/25/2025 22:30,1,3,0
UNC,989.002028176996000,11/25/2025 22:29,1,3,0
UNC,989.001040500108000,11/25/2025 22:28,1,7,0
UNC,989.002028176996000,11/25/2025 22:28,1,3,0
UNC,989.001030620186000,11/25/2025 22:27,1,9,0
UNC,989.001030621374000,11/25/2025 22:26,1,8,0
UNC,989.002028176996000,11/25/2025 22:26,1,3,0
UNC,989.001030620186000,11/25/2025 22:26,1,9,0
UNC,989.001030620186000,11/25/2025 22:25,1,9,0
UNC,989.001030620186000,11/25/2025 22:18,1,9,0
UNC,989.001040500108000,11/25/2025 22:17,1,7,0
UNC,989.001030620186000,11/25/2025 22:16,1,9,0
UNC,989.001040500108000,11/25/2025 22:16,1,7,0
UNC,989.001040500108000,11/25/2025 22:14,1,7,0
UNC,989.001040500108000,11/25/2025 22:13,1,7,0
UNC,989.002028176996000,11/25/2025 22:12,1,3,0
UNC,989.002028176996000,11/25/2025 22:10,1,3,0
UNC,989.002028176996000,11/25/2025 22:09,1,3,0
UNC,989.002028176996000,11/25/2025 22:08,1,3,0
UNC,989.001040500108000,11/25/2025 22:04,1,7,0
UNC,989.001040500108000,11/25/2025 22:03,1,2,0
UNC,989.002028177009000,11/25/2025 22:03,1,2,0
UNC,989.002028177009000,11/25/2025 22:02,1,7,0
UNC,989.001030620615000,11/25/2025 22:00,1,7,0
UNC,989.001040500108000,11/25/2025 21:58,1,2,0
UNC,989.001030620615000,11/25/2025 21:58,1,2,0
UNC,989.002028176996000,11/25/2025 21:49,1,3,0
UNC,989.002028176996000,11/25/2025 21:29,1,3,0
UNC,989.002028176996000,11/25/2025 21:25,1,3,0
UNC,989.002028176996000,11/25/2025 21:16,1,3,0
UNC,989.002028176996000,11/25/2025 21:10,1,3,0
UNC,989.002028176996000,11/25/2025 21:02,1,3,0
UNC,989.002028176996000,11/25/2025 21:01,1,3,0
UNC,989.002028176996000,11/25/2025 21:00,1,3,0
UNC,989.002028176996000,11/25/2025 20:59,1,3,0
UNC,989.002028176996000,11/25/2025 20:58,1,3,0
UNC,989.001040500035000,11/25/2025 20:57,1,8,0
UNC,989.002028176996000,11/25/2025 20:56,1,3,0
UNC,989.002028176732000,11/25/2025 20:56,1,1,0
UNC,989.002028176996000,11/25/2025 20:55,1,3,0
UNC,989.002028176732000,11/25/2025 20:53,1,7,0
UNC,989.002028176996000,11/25/2025 20:47,1,3,0
UNC,989.002028176996000,11/25/2025 20:44,1,3,0
UNC,989.002028176996000,11/25/2025 20:31,1,3,0
UNC,989.001030621374000,11/25/2025 20:25,1,6,0
UNC,989.001030621374000,11/25/2025 20:25,1,7,0
UNC,989.001030621374000,11/25/2025 20:23,1,6,0
UNC,989.002028176996000,11/25/2025 20:21,1,3,0
UNC,989.001030620186000,11/25/2025 20:21,1,9,0
UNC,989.001030620186000,11/25/2025 20:20,1,9,0
UNC,989.002028176996000,11/25/2025 20:19,1,3,0
UNC,989.001030620186000,11/25/2025 20:19,1,9,0
UNC,989.001030621374000,11/25/2025 20:19,1,8,0
UNC,989.001030621497000,11/25/2025 20:17,1,1,0
UNC,989.001030620186000,11/25/2025 20:12,1,9,0
UNC,989.001030620186000,11/25/2025 20:07,1,9,0
UNC,989.001030621374000,11/25/2025 20:02,1,8,0
UNC,989.001030621374000,11/25/2025 20:00,1,8,0
UNC,989.001030621374000,11/25/2025 19:58,1,8,0
UNC,989.001030620615000,11/25/2025 19:58,1,2,0
UNC,989.001030621374000,11/25/2025 19:56,1,8,0
UNC,989.001030621374000,11/25/2025 19:55,1,8,0
UNC,989.001030620615000,11/25/2025 19:55,1,7,0
UNC,989.001030621374000,11/25/2025 19:54,1,8,0
UNC,989.002028176996000,11/25/2025 19:53,1,3,0
UNC,989.001030620615000,11/25/2025 19:52,1,8,0
UNC,989.001030620615000,11/25/2025 19:48,1,6,0
UNC,989.002028176996000,11/25/2025 19:48,1,3,0
UNC,989.002028176996000,11/25/2025 19:47,1,3,0
UNC,989.001030621167000,11/25/2025 19:44,1,2,0
UNC,989.001030621167000,11/25/2025 19:43,1,7,0
UNC,989.001040500035000,11/25/2025 19:40,1,8,0
UNC,989.002028176996000,11/25/2025 19:36,1,3,0
UNC,989.001030621374000,11/25/2025 19:36,1,3,0
UNC,989.001040500035000,11/25/2025 19:34,1,7,0
UNC,989.001040500035000,11/25/2025 19:33,1,7,0
UNC,989.001030621374000,11/25/2025 19:33,1,3,0
UNC,989.001040500035000,11/25/2025 19:32,1,7,0
UNC,989.001040500035000,11/25/2025 19:31,1,7,0
UNC,989.001040500035000,11/25/2025 19:29,1,7,0
UNC,989.001040500035000,11/25/2025 19:28,1,7,0
UNC,989.001040500035000,11/25/2025 19:27,1,7,0
UNC,989.001040500035000,11/25/2025 19:26,1,7,0
UNC,989.002028176996000,11/25/2025 19:26,1,2,0
UNC,989.001040500035000,11/25/2025 19:25,1,7,0
UNC,989.002028176996000,11/25/2025 19:25,1,2,0
UNC,989.001040500035000,11/25/2025 19:24,1,7,0
UNC,989.002028176996000,11/25/2025 19:24,1,2,0
UNC,989.001040500035000,11/25/2025 19:23,1,7,0
UNC,989.002028176996000,11/25/2025 19:23,1,2,0
UNC,989.001040500035000,11/25/2025 19:22,1,7,0
UNC,989.001040500035000,11/25/2025 19:20,1,7,0
UNC,989.001040500035000,11/25/2025 19:19,1,7,0
UNC,989.001040500035000,11/25/2025 19:18,1,7,0
UNC,989.001030620729000,11/25/2025 19:18,1,7,0
UNC,989.001030620304000,11/25/2025 19:17,1,2,0
UNC,989.001040500035000,11/25/2025 19:17,1,7,0
UNC,989.001030620304000,11/25/2025 19:16,1,7,0
UNC,989.001040500035000,11/25/2025 19:15,1,7,0
UNC,989.002028176996000,11/25/2025 19:15,1,3,0
UNC,989.001040500035000,11/25/2025 19:14,1,7,0
UNC,989.001040500035000,11/25/2025 19:13,1,7,0
UNC,989.001040500035000,11/25/2025 19:11,1,7,0
UNC,989.001040500035000,11/25/2025 19:09,1,7,0
UNC,989.001040500035000,11/25/2025 19:08,1,7,0
UNC,989.001040500035000,11/25/2025 19:07,1,7,0
UNC,989.001040500035000,11/25/2025 19:06,1,7,0
UNC,989.002028176996000,11/25/2025 19:06,1,2,0
UNC,989.001040500035000,11/25/2025 19:05,1,7,0
UNC,989.002028176996000,11/25/2025 19:05,1,2,0
UNC,989.001040500035000,11/25/2025 19:03,1,7,0
UNC,989.002028176996000,11/25/2025 19:03,1,2,0
UNC,989.002028176996000,11/25/2025 19:02,1,2,0
UNC,989.001040500035000,11/25/2025 19:01,1,7,0
UNC,989.001040500035000,11/25/2025 19:00,1,7,0
UNC,989.001040500035000,11/25/2025 18:58,1,7,0
UNC,989.001040500035000,11/25/2025 18:57,1,7,0
UNC,989.001040500035000,11/25/2025 18:56,1,7,0
UNC,989.001040500035000,11/25/2025 18:54,1,7,0
UNC,989.001040500035000,11/25/2025 18:53,1,7,0
UNC,989.001040500035000,11/25/2025 18:52,1,7,0
UNC,989.001040500035000,11/25/2025 18:50,1,7,0
UNC,989.001040500035000,11/25/2025 18:49,1,7,0
UNC,989.001040500035000,11/25/2025 18:48,1,7,0
UNC,989.001040500035000,11/25/2025 18:47,1,7,0
UNC,989.001040500035000,11/25/2025 18:46,1,7,0
UNC,989.001040500035000,11/25/2025 18:45,1,7,0
UNC,989.001040500035000,11/25/2025 18:44,1,7,0
UNC,989.001040500035000,11/25/2025 18:42,1,7,0
UNC,989.001040500035000,11/25/2025 18:41,1,7,0
UNC,989.001040500035000,11/25/2025 18:40,1,7,0
UNC,989.001040500035000,11/25/2025 18:38,1,7,0
UNC,989.001040500035000,11/25/2025 18:37,1,7,0
UNC,989.001040500035000,11/25/2025 18:36,1,7,0
UNC,989.001040500035000,11/25/2025 18:35,1,7,0
UNC,989.001040500035000,11/25/2025 18:34,1,7,0
UNC,989.001040500035000,11/25/2025 18:32,1,7,0
UNC,989.001040500035000,11/25/2025 18:31,1,7,0
UNC,989.001040500035000,11/25/2025 18:30,1,7,0
UNC,989.001040500035000,11/25/2025 18:29,1,7,0
UNC,989.001040500035000,11/25/2025 18:28,1,7,0
UNC,989.002028176996000,11/25/2025 18:27,1,3,0
UNC,989.001040500035000,11/25/2025 18:26,1,7,0
UNC,989.001040500035000,11/25/2025 18:25,1,7,0
UNC,989.001040500035000,11/25/2025 18:24,1,7,0
UNC,989.001040500035000,11/25/2025 18:22,1,7,0
UNC,989.001040500035000,11/25/2025 18:21,1,7,0
UNC,989.001040500035000,11/25/2025 18:20,1,7,0
UNC,989.001040500035000,11/25/2025 18:19,1,7,0
UNC,989.001040500035000,11/25/2025 18:17,1,7,0
UNC,989.001040500035000,11/25/2025 18:14,1,7,0
UNC,989.001040500035000,11/25/2025 18:13,1,7,0
UNC,989.001040500035000,11/25/2025 18:11,1,7,0
UNC,989.001040500035000,11/25/2025 18:10,1,7,0
UNC,989.001040500035000,11/25/2025 18:09,1,7,0
UNC,989.001040500035000,11/25/2025 18:08,1,7,0
UNC,989.001040500035000,11/25/2025 18:07,1,7,0
UNC,989.001040500035000,11/25/2025 18:06,1,7,0
UNC,989.001040500035000,11/25/2025 18:04,1,7,0
UNC,989.001040500035000,11/25/2025 18:03,1,7,0
UNC,989.001040500035000,11/25/2025 18:02,1,7,0
UNC,989.001040500035000,11/25/2025 18:01,1,7,0
UNC,989.002028176996000,11/25/2025 18:00,1,3,0
UNC,989.001040500035000,11/25/2025 18:00,1,7,0
UNC,989.001040500035000,11/25/2025 17:59,1,7,0
UNC,989.001040500035000,11/25/2025 17:58,1,7,0
UNC,989.001040500035000,11/25/2025 17:57,1,7,0
UNC,989.001040500035000,11/25/2025 17:56,1,7,0
UNC,989.001040500035000,11/25/2025 17:55,1,7,0
UNC,989.001040500035000,11/25/2025 17:54,1,7,0
UNC,989.001040500035000,11/25/2025 17:53,1,7,0
UNC,989.001040500035000,11/25/2025 17:51,1,7,0
UNC,989.001040500035000,11/25/2025 17:50,1,7,0
UNC,989.002028176996000,11/25/2025 17:50,1,3,0
UNC,989.001040500035000,11/25/2025 17:49,1,7,0
UNC,989.002028176695000,11/25/2025 17:48,1,2,0
UNC,989.002028176695000,11/25/2025 17:47,1,2,0
UNC,989.001040500035000,11/25/2025 17:46,1,7,0
UNC,989.002028176695000,11/25/2025 17:46,1,2,0
UNC,989.001040500035000,11/25/2025 17:45,1,7,0
UNC,989.002028176695000,11/25/2025 17:45,1,2,0
UNC,989.001040500035000,11/25/2025 17:44,1,7,0
UNC,989.002028176695000,11/25/2025 17:43,1,2,0
UNC,989.002028176695000,11/25/2025 17:42,1,2,0
UNC,989.002028176695000,11/25/2025 17:41,1,2,0
UNC,989.002028176695000,11/25/2025 17:40,1,2,0
UNC,989.002028176695000,11/25/2025 17:39,1,2,0
UNC,989.002028176695000,11/25/2025 17:38,1,2,0
UNC,989.002028176695000,11/25/2025 17:36,1,2,0
UNC,989.002028176695000,11/25/2025 17:35,1,2,0
UNC,989.002028176695000,11/25/2025 17:34,1,2,0
UNC,989.002028176695000,11/25/2025 17:33,1,2,0
UNC,989.002028176695000,11/25/2025 17:32,1,2,0
UNC,989.001040500035000,11/25/2025 17:31,1,7,0
UNC,989.002028176695000,11/25/2025 17:31,1,2,0
UNC,989.001040500035000,11/25/2025 17:30,1,7,0
UNC,989.002028176695000,11/25/2025 17:30,1,2,0
UNC,989.001040500035000,11/25/2025 17:29,1,7,0
UNC,989.002028176695000,11/25/2025 17:29,1,2,0
UNC,989.001040500035000,11/25/2025 17:28,1,7,0
UNC,989.002028176695000,11/25/2025 17:28,1,2,0
UNC,989.001040500035000,11/25/2025 17:27,1,7,0
UNC,989.002028176695000,11/25/2025 17:27,1,2,0
UNC,989.001030620553000,11/25/2025 17:26,1,2,0
UNC,989.001040500035000,11/25/2025 17:26,1,7,0
UNC,989.001030620553000,11/25/2025 17:25,1,7,0
UNC,989.002028176695000,11/25/2025 17:25,1,2,0
UNC,989.001040500035000,11/25/2025 17:24,1,7,0
UNC,989.002028176695000,11/25/2025 17:24,1,2,0
UNC,989.002028176695000,11/25/2025 17:23,1,2,0
UNC,989.001040500035000,11/25/2025 17:23,1,7,0
UNC,989.002028176695000,11/25/2025 17:22,1,2,0
UNC,989.002028176996000,11/25/2025 17:22,1,3,0
UNC,989.001040500035000,11/25/2025 17:22,1,7,0
UNC,989.001040500035000,11/25/2025 17:21,1,7,0
UNC,989.002028176695000,11/25/2025 17:21,1,2,0
UNC,989.002028176695000,11/25/2025 17:20,1,2,0
UNC,989.001040500035000,11/25/2025 17:19,1,7,0
UNC,989.002028176695000,11/25/2025 17:19,1,2,0
UNC,989.001040500035000,11/25/2025 17:18,1,7,0
UNC,989.002028176695000,11/25/2025 17:18,1,3,0
UNC,989.001040500035000,11/25/2025 17:17,1,7,0
UNC,989.002028176695000,11/25/2025 17:17,1,3,0
UNC,989.001040500035000,11/25/2025 17:16,1,7,0
UNC,989.002028176695000,11/25/2025 17:16,1,2,0
UNC,989.001040500035000,11/25/2025 17:15,1,7,0
UNC,989.002028176695000,11/25/2025 17:15,1,2,0
UNC,989.001040500035000,11/25/2025 17:14,1,7,0
UNC,989.002028176996000,11/25/2025 17:14,1,3,0
UNC,989.002028176695000,11/25/2025 17:13,1,2,0
UNC,989.001040500035000,11/25/2025 17:13,1,7,0
UNC,989.002028176996000,11/25/2025 17:13,1,3,0
UNC,989.002028176695000,11/25/2025 17:12,1,2,0
UNC,989.001040500035000,11/25/2025 17:11,1,7,0
UNC,989.002028176695000,11/25/2025 17:11,1,2,0
UNC,989.002028176996000,11/25/2025 17:10,1,3,0
UNC,989.002028176695000,11/25/2025 17:10,1,3,0
UNC,989.001040500035000,11/25/2025 17:10,1,7,0
UNC,989.002028176695000,11/25/2025 17:09,1,3,0
UNC,989.001040500035000,11/25/2025 17:09,1,6,0
UNC,989.002028176695000,11/25/2025 17:08,1,3,0
UNC,989.001040500035000,11/25/2025 17:08,1,6,0
UNC,989.002028176695000,11/25/2025 17:07,1,2,0
UNC,989.002028176996000,11/25/2025 17:07,1,3,0
UNC,989.001040500035000,11/25/2025 17:07,1,6,0
UNC,989.002028176695000,11/25/2025 17:06,1,2,0
UNC,989.001040500035000,11/25/2025 17:06,1,7,0
UNC,989.002028176695000,11/25/2025 17:05,1,2,0
UNC,989.001040500035000,11/25/2025 17:04,1,7,0
UNC,989.002028176695000,11/25/2025 17:04,1,2,0
UNC,989.001040500035000,11/25/2025 17:03,1,7,0
UNC,989.002028176695000,11/25/2025 17:03,1,2,0
UNC,989.002028176695000,11/25/2025 17:02,1,2,0
UNC,989.001040500035000,11/25/2025 17:01,1,7,0
UNC,989.002028176996000,11/25/2025 17:01,1,3,0
UNC,989.001040500035000,11/25/2025 17:01,1,6,0
UNC,989.002028176695000,11/25/2025 17:00,1,2,0
UNC,989.001040500035000,11/25/2025 17:00,1,7,0
UNC,989.001040500035000,11/25/2025 17:00,1,6,0
UNC,989.002028176695000,11/25/2025 16:59,1,2,0
UNC,989.002028176695000,11/25/2025 16:58,1,2,0
UNC,989.002028176695000,11/25/2025 16:57,1,2,0
UNC,989.002028176695000,11/25/2025 16:56,1,2,0
UNC,989.002028176695000,11/25/2025 16:55,1,2,0
UNC,989.002028176695000,11/25/2025 16:54,1,2,0
UNC,989.002028176695000,11/25/2025 16:47,1,2,0
UNC,989.002028176996000,11/25/2025 16:47,1,2,0
UNC,989.002028176695000,11/25/2025 16:46,1,2,0
UNC,989.002028176695000,11/25/2025 16:45,1,2,0
UNC,989.002028176695000,11/25/2025 16:44,1,2,0
UNC,989.002028176695000,11/25/2025 16:43,1,2,0
UNC,989.002028176695000,11/25/2025 16:42,1,2,0
UNC,989.002028176695000,11/25/2025 16:40,1,2,0
UNC,989.002028176996000,11/25/2025 16:39,1,2,0
UNC,989.002028176695000,11/25/2025 16:39,1,2,0
UNC,989.002028176695000,11/25/2025 16:39,1,3,0
UNC,989.002028176695000,11/25/2025 16:38,1,2,0
UNC,989.002028176996000,11/25/2025 16:37,1,2,0
UNC,989.002028176695000,11/25/2025 16:36,1,2,0
UNC,989.002028176996000,11/25/2025 16:36,1,2,0
UNC,989.002028176996000,11/25/2025 16:35,1,2,0
UNC,989.002028176996000,11/25/2025 16:34,1,2,0
UNC,989.002028176996000,11/25/2025 16:33,1,2,0
UNC,989.002028176996000,11/25/2025 16:32,1,2,0
UNC,989.002028176996000,11/25/2025 16:30,1,2,0
UNC,989.002028176996000,11/25/2025 16:29,1,2,0
UNC,989.002028176996000,11/25/2025 16:28,1,2,0
UNC,989.002028176996000,11/25/2025 16:27,1,2,0
UNC,989.002028176996000,11/25/2025 16:26,1,2,0
UNC,989.002028176996000,11/25/2025 16:24,1,2,0
UNC,989.002028176996000,11/25/2025 16:23,1,2,0
UNC,989.002028176996000,11/25/2025 16:22,1,2,0
UNC,989.002028176996000,11/25/2025 16:21,1,2,0
UNC,989.002028176695000,11/25/2025 16:20,1,6,0
UNC,989.002028176695000,11/25/2025 16:19,1,6,0
UNC,989.002028176996000,11/25/2025 16:19,1,2,0
UNC,989.002028176695000,11/25/2025 16:19,1,7,0
UNC,989.002028176996000,11/25/2025 16:18,1,2,0
UNC,989.002028176695000,11/25/2025 16:17,1,7,0
UNC,989.002028176695000,11/25/2025 16:16,1,7,0
UNC,989.002028176996000,11/25/2025 16:16,1,2,0
UNC,989.002028176695000,11/25/2025 16:15,1,6,0
UNC,989.002028176996000,11/25/2025 16:15,1,2,0
UNC,989.002028176695000,11/25/2025 16:14,1,6,0
UNC,989.002028176695000,11/25/2025 16:14,1,7,0
UNC,989.002028176996000,11/25/2025 16:14,1,2,0
UNC,989.002028176695000,11/25/2025 16:13,1,7,0
UNC,989.002028176695000,11/25/2025 16:13,1,6,0
UNC,989.002028176996000,11/25/2025 16:13,1,2,0
UNC,989.002028176695000,11/25/2025 16:12,1,6,0
UNC,989.002028176996000,11/25/2025 16:12,1,2,0
UNC,989.002028176996000,11/25/2025 16:10,1,2,0
UNC,989.002028176695000,11/25/2025 16:09,1,7,0
UNC,989.002028176695000,11/25/2025 16:08,1,7,0
UNC,989.002028176695000,11/25/2025 16:07,1,7,0
UNC,989.002028176695000,11/25/2025 16:06,1,7,0
UNC,989.002028176695000,11/25/2025 16:02,1,7,0
UNC,989.002028176695000,11/25/2025 16:01,1,6,0
UNC,989.002028176695000,11/25/2025 15:56,1,7,0
UNC,989.002028176695000,11/25/2025 15:55,1,7,0
UNC,989.002028176695000,11/25/2025 15:53,1,6,0
UNC,989.002028176695000,11/25/2025 15:52,1,6,0
UNC,989.002028176695000,11/25/2025 15:52,1,7,0
UNC,989.002028176695000,11/25/2025 15:51,1,7,0
UNC,989.002028176695000,11/25/2025 15:50,1,7,0
UNC,989.002028176695000,11/25/2025 15:46,1,2,0
UNC,989.002028176695000,11/25/2025 15:46,1,1,0
UNC,989.002028176695000,11/25/2025 15:45,1,2,0
UNC,989.002028176695000,11/25/2025 15:35,1,1,0
UNC,989.002028176695000,11/25/2025 15:34,1,1,0
UNC,989.002028176695000,11/25/2025 15:34,1,2,0
UNC,989.002028176695000,11/25/2025 15:32,1,2,0
UNC,989.002028176695000,11/25/2025 15:31,1,2,0
UNC,989.002028176695000,11/25/2025 15:30,1,2,0
UNC,989.002028176695000,11/25/2025 15:29,1,2,0
UNC,989.002028176695000,11/25/2025 15:28,1,2,0
UNC,989.002028176695000,11/25/2025 15:28,1,3,0
UNC,989.002028176695000,11/25/2025 15:27,1,2,0
UNC,989.002028176695000,11/25/2025 15:26,1,2,0
UNC,989.002028176695000,11/25/2025 15:25,1,2,0
UNC,989.002028176695000,11/25/2025 15:24,1,2,0
UNC,989.002028176695000,11/25/2025 15:23,1,2,0
UNC,989.002028176695000,11/25/2025 15:22,1,2,0
UNC,989.002028176695000,11/25/2025 15:20,1,2,0
UNC,989.002028176695000,11/25/2025 15:20,1,3,0
UNC,989.002028176695000,11/25/2025 15:19,1,2,0
UNC,989.002028176695000,11/25/2025 15:18,1,2,0
UNC,989.002028176695000,11/25/2025 15:17,1,2,0
UNC,989.002028176695000,11/25/2025 15:16,1,2,0
UNC,989.002028176695000,11/25/2025 15:07,1,7,0
UNC,989.002028176695000,11/25/2025 15:06,1,7,0
UNC,989.002028176695000,11/25/2025 15:05,1,7,0
UNC,989.002028176695000,11/25/2025 15:03,1,6,0
UNC,989.002028176695000,11/25/2025 15:03,1,7,0
UNC,989.002028176695000,11/25/2025 15:02,1,7,0
UNC,989.002028176695000,11/25/2025 15:00,1,7,0
UNC,989.002028176695000,11/25/2025 14:59,1,7,0
UNC,989.002028176695000,11/25/2025 14:58,1,7,0
UNC,989.002028176695000,11/25/2025 14:57,1,7,0
UNC,989.002028176695000,11/25/2025 14:56,1,6,0
UNC,989.002028176695000,11/25/2025 14:55,1,6,0
UNC,989.002028176695000,11/25/2025 14:55,1,7,0
UNC,989.002028176695000,11/25/2025 8:37,1,2,0
UNC,989.002028176695000,11/25/2025 8:36,1,6,0
UNC,989.002028176695000,11/25/2025 8:27,1,6,0
UNC,989.002028176695000,11/25/2025 8:26,1,6,0
UNC,989.002028176695000,11/25/2025 8:25,1,6,0
UNC,989.002028176695000,11/25/2025 8:24,1,6,0
UNC,989.002028176695000,11/25/2025 8:23,1,6,0
UNC,989.002028176695000,11/25/2025 8:22,1,6,0
UNC,989.002028176695000,11/25/2025 8:21,1,6,0
UNC,989.002028176695000,11/25/2025 8:20,1,6,0
UNC,989.002028176695000,11/25/2025 8:19,1,6,0
UNC,989.002028176695000,11/25/2025 8:18,1,6,0
UNC,989.002028176695000,11/25/2025 8:16,1,7,0
UNC,989.002028176695000,11/25/2025 8:15,1,7,0
UNC,989.002028176695000,11/25/2025 8:14,1,6,0
UNC,989.002028176695000,11/25/2025 8:13,1,6,0
UNC,989.002028176695000,11/25/2025 8:12,1,6,0
UNC,989.002028176695000,11/25/2025 8:11,1,6,0
UNC,989.002028176695000,11/25/2025 8:10,1,6,0
UNC,989.002028176695000,11/25/2025 8:09,1,6,0
UNC,989.002028176695000,11/25/2025 8:08,1,6,0
UNC,989.002028176695000,11/25/2025 8:07,1,6,0
UNC,989.002028176695000,11/25/2025 8:07,1,7,0
UNC,989.002028176695000,11/25/2025 8:06,1,7,0
UNC,989.002028176695000,11/25/2025 8:05,1,7,0
UNC,989.002028176695000,11/25/2025 8:00,1,7,0
UNC,989.002028176695000,11/25/2025 7:59,1,7,0
UNC,989.002028176695000,11/25/2025 7:58,1,7,0
UNC,989.002028176695000,11/25/2025 7:57,1,7,0
UNC,989.002028176695000,11/25/2025 7:57,1,6,0
UNC,989.002028176695000,11/25/2025 7:56,1,6,0
UNC,989.002028176695000,11/25/2025 7:55,1,7,0
UNC,989.002028176695000,11/25/2025 7:53,1,2,0
UNC,989.002028176695000,11/25/2025 7:52,1,2,0
UNC,989.002028176695000,11/25/2025 7:51,1,2,0
UNC,989.002028176695000,11/25/2025 7:50,1,2,0
UNC,989.002028176695000,11/25/2025 7:48,1,2,0
UNC,989.002028176695000,11/25/2025 7:47,1,2,0
UNC,989.002028176695000,11/25/2025 7:46,1,2,0
UNC,989.002028176695000,11/25/2025 7:45,1,2,0
UNC,989.002028176695000,11/25/2025 7:43,1,2,0
UNC,989.002028176695000,11/25/2025 7:41,1,3,0
UNC,989.002028176695000,11/25/2025 7:40,1,3,0
UNC,989.002028176695000,11/25/2025 7:38,1,2,0
UNC,989.002028176695000,11/25/2025 7:36,1,2,0
UNC,989.002028176695000,11/25/2025 7:35,1,2,0
UNC,989.002028176695000,11/25/2025 7:28,1,6,0
UNC,989.002028176695000,11/25/2025 7:27,1,6,0
UNC,989.002028176695000,11/25/2025 7:26,1,6,0
UNC,989.002028176695000,11/25/2025 7:25,1,6,0
UNC,989.002028176695000,11/25/2025 7:23,1,6,0
UNC,989.002028176695000,11/25/2025 7:20,1,7,0
UNC,989.002028176695000,11/25/2025 7:19,1,7,0
UNC,989.002028176695000,11/25/2025 7:18,1,7,0
UNC,989.002028176695000,11/25/2025 7:16,1,6,0
UNC,989.002028176695000,11/25/2025 7:16,1,7,0
UNC,989.002028176695000,11/25/2025 7:15,1,7,0
UNC,989.002028176695000,11/25/2025 7:14,1,7,0
UNC,989.002028176695000,11/25/2025 7:13,1,7,0
UNC,989.002028176695000,11/25/2025 7:12,1,7,0
UNC,989.002028176695000,11/25/2025 7:11,1,6,0
UNC,989.002028176695000,11/25/2025 7:11,1,7,0
UNC,989.002028176695000,11/25/2025 7:10,1,6,0
UNC,989.001030620553000,11/25/2025 7:10,1,6,0
UNC,989.001030620553000,11/25/2025 7:09,1,1,0
UNC,989.002028176695000,11/25/2025 7:06,1,6,0
UNC,989.002028176695000,11/25/2025 7:06,1,7,0
UNC,989.002028176695000,11/25/2025 7:05,1,6,0
UNC,989.002028177108000,11/25/2025 7:04,1,2,0
UNC,989.002028176695000,11/25/2025 7:04,1,6,0
UNC,989.002028176695000,11/25/2025 7:03,1,7,0
UNC,989.002028177108000,11/25/2025 7:03,1,6,0
UNC,989.002028176695000,11/25/2025 7:01,1,2,0
UNC,989.002028176695000,11/25/2025 6:59,1,3,0
UNC,989.002028176695000,11/25/2025 6:58,1,2,0
UNC,989.002028176695000,11/25/2025 6:53,1,1,0
UNC,989.002028176695000,11/25/2025 6:52,1,2,0
UNC,989.002028176996000,11/25/2025 6:52,1,2,0
UNC,989.002028176695000,11/25/2025 6:51,1,2,0
UNC,989.002028176996000,11/25/2025 6:51,1,2,0
UNC,989.002028176695000,11/25/2025 6:49,1,2,0
UNC,989.002028176996000,11/25/2025 6:49,1,3,0
UNC,989.002028176695000,11/25/2025 6:48,1,2,0
UNC,989.002028176695000,11/25/2025 6:47,1,1,0
UNC,989.002028176996000,11/25/2025 6:47,1,3,0
UNC,989.002028176695000,11/25/2025 6:46,1,1,0
UNC,989.002028176996000,11/25/2025 6:46,1,3,0
UNC,989.002028176695000,11/25/2025 6:45,1,1,0
UNC,989.002028176695000,11/25/2025 6:45,1,2,0
UNC,989.002028176695000,11/25/2025 6:44,1,3,0
UNC,989.002028176996000,11/25/2025 6:43,1,3,0
UNC,989.002028176695000,11/25/2025 6:43,1,2,0
UNC,989.001040500035000,11/25/2025 6:43,1,7,0
UNC,989.001040500035000,11/25/2025 6:42,1,7,0
UNC,989.002028176996000,11/25/2025 6:42,1,3,0
UNC,989.002028176695000,11/25/2025 6:42,1,2,0
UNC,989.002028176695000,11/25/2025 6:41,1,1,0
UNC,989.001040500035000,11/25/2025 6:41,1,7,0
UNC,989.002028176695000,11/25/2025 6:40,1,1,0
UNC,989.001040500035000,11/25/2025 6:39,1,6,0
UNC,989.002028176695000,11/25/2025 6:39,1,1,0
UNC,989.002028176695000,11/25/2025 6:39,1,2,0
UNC,989.001040500035000,11/25/2025 6:38,1,6,0
UNC,989.002028176695000,11/25/2025 6:38,1,3,0
UNC,989.001040500035000,11/25/2025 6:37,1,6,0
UNC,989.002028176695000,11/25/2025 6:37,1,3,0
UNC,989.001040500035000,11/25/2025 6:37,1,7,0
UNC,989.002028176695000,11/25/2025 6:36,1,2,0
UNC,989.001040500035000,11/25/2025 6:36,1,7,0
UNC,989.002028176695000,11/25/2025 6:35,1,2,0
UNC,989.001040500035000,11/25/2025 6:35,1,7,0
UNC,989.001040500035000,11/25/2025 6:34,1,6,0
UNC,989.002028176996000,11/25/2025 6:33,1,3,0
UNC,989.002028176695000,11/25/2025 6:31,1,7,0
UNC,989.002028176996000,11/25/2025 6:28,1,3,0
UNC,989.001040500035000,11/25/2025 6:27,1,7,0
UNC,989.001030621497000,11/25/2025 6:27,1,2,0
UNC,989.002028176695000,11/25/2025 6:27,1,6,0
UNC,989.002028176996000,11/25/2025 6:27,1,3,0
UNC,989.002028176695000,11/25/2025 6:26,1,7,0
UNC,989.002028176695000,11/25/2025 6:25,1,7,0
UNC,989.002028176695000,11/25/2025 6:24,1,7,0
UNC,989.001040500035000,11/25/2025 6:24,1,7,0
UNC,989.002028176695000,11/25/2025 6:23,1,7,0
UNC,989.002028176695000,11/25/2025 6:22,1,7,0
UNC,989.002028176695000,11/25/2025 6:21,1,6,0
UNC,989.002028176996000,11/25/2025 6:20,1,3,0
UNC,989.002028176695000,11/25/2025 6:20,1,6,0
UNC,989.002028176695000,11/25/2025 6:19,1,6,0
UNC,989.002028177050000,11/25/2025 6:18,1,3,0
UNC,989.002028176695000,11/25/2025 6:17,1,6,0
UNC,989.002028176996000,11/25/2025 6:17,1,3,0
UNC,989.001030620304000,11/25/2025 6:16,1,6,0
UNC,989.002028176695000,11/25/2025 6:15,1,7,0
UNC,989.001030620304000,11/25/2025 6:15,1,1,0
UNC,989.002028176695000,11/25/2025 6:14,1,7,0
UNC,989.002028176695000,11/25/2025 6:13,1,7,0
UNC,989.002028176695000,11/25/2025 6:11,1,2,0
UNC,989.002028176996000,11/25/2025 5:59,1,3,0
UNC,989.002028176996000,11/25/2025 5:53,1,3,0
UNC,989.001030620186000,11/25/2025 5:48,1,7,0
UNC,989.001030620186000,11/25/2025 5:44,1,6,0
UNC,989.001030620186000,11/25/2025 5:41,1,7,0
UNC,989.001030620186000,11/25/2025 5:31,1,8,0
UNC,989.001030621167000,11/25/2025 5:24,1,7,0
UNC,989.001030621167000,11/25/2025 5:24,1,1,0
UNC,989.002028176996000,11/25/2025 5:19,1,8,0
UNC,989.002028176996000,11/25/2025 5:18,1,8,0
UNC,989.001030620186000,11/25/2025 5:14,1,7,0
UNC,989.001030620186000,11/25/2025 5:12,1,2,0
UNC,989.001030620186000,11/25/2025 5:11,1,2,0
UNC,989.001030620186000,11/25/2025 5:10,1,2,0
UNC,989.001030620186000,11/25/2025 5:05,1,2,0
UNC,989.001030620186000,11/25/2025 5:03,1,3,0
UNC,989.002028176996000,11/25/2025 4:58,1,3,0
UNC,989.001030620186000,11/25/2025 4:56,1,8,0
UNC,989.002028176996000,11/25/2025 4:55,1,3,0
UNC,989.001040500035000,11/25/2025 4:50,1,7,0
UNC,989.001030620186000,11/25/2025 4:45,1,8,0
UNC,989.001030620309000,11/25/2025 4:37,1,7,0
UNC,989.001030620186000,11/25/2025 4:26,1,8,0
UNC,989.001030620186000,11/25/2025 4:22,1,9,0
UNC,989.001030620186000,11/25/2025 4:21,1,9,0
UNC,989.001030620186000,11/25/2025 4:20,1,8,0
UNC,989.001030620186000,11/25/2025 4:19,1,8,0
UNC,989.001030620186000,11/25/2025 4:19,1,7,0
UNC,989.001030620186000,11/25/2025 4:17,1,6,0
UNC,989.002028176996000,11/25/2025 4:17,1,3,0
UNC,989.001040500035000,11/25/2025 4:15,1,8,0
UNC,989.001040500035000,11/25/2025 4:13,1,8,0
UNC,989.001040500035000,11/25/2025 4:12,1,8,0
UNC,989.001030620186000,11/25/2025 4:11,1,2,0
UNC,989.002028176996000,11/25/2025 4:05,1,2,0
UNC,989.002028176996000,11/25/2025 4:04,1,2,0
UNC,989.002028176996000,11/25/2025 4:01,1,3,0
UNC,989.001030620186000,11/25/2025 4:01,1,3,0
UNC,989.001040500035000,11/25/2025 3:54,1,8,0
UNC,989.001040500035000,11/25/2025 3:52,1,8,0
UNC,989.001040500035000,11/25/2025 3:50,1,8,0
UNC,989.001040500035000,11/25/2025 3:49,1,8,0
UNC,989.001040500035000,11/25/2025 3:48,1,8,0
UNC,989.001040500035000,11/25/2025 3:47,1,8,0
UNC,989.001030620186000,11/25/2025 3:47,1,9,0
UNC,989.001030620186000,11/25/2025 3:46,1,8,0
UNC,989.001040500035000,11/25/2025 3:45,1,8,0
UNC,989.001030620186000,11/25/2025 3:45,1,8,0
UNC,989.001030620186000,11/25/2025 3:44,1,7,0
UNC,989.001040500035000,11/25/2025 3:44,1,8,0
UNC,989.001040500035000,11/25/2025 3:42,1,8,0
UNC,989.001040500035000,11/25/2025 3:41,1,8,0
UNC,989.001040500035000,11/25/2025 3:40,1,8,0
UNC,989.001040500035000,11/25/2025 3:38,1,8,0
UNC,989.001030620186000,11/25/2025 3:37,1,8,0
UNC,989.001040500035000,11/25/2025 3:37,1,8,0
UNC,989.001040500035000,11/25/2025 3:36,1,8,0
UNC,989.001040500035000,11/25/2025 3:35,1,8,0
UNC,989.001040500035000,11/25/2025 3:34,1,8,0
UNC,989.001040500035000,11/25/2025 3:32,1,8,0
UNC,989.001040500035000,11/25/2025 3:31,1,8,0
UNC,989.002028176996000,11/25/2025 3:31,1,3,0
UNC,989.001040500035000,11/25/2025 3:30,1,8,0
UNC,989.002028176996000,11/25/2025 3:29,1,3,0
UNC,989.001040500035000,11/25/2025 3:29,1,8,0
UNC,989.001040500035000,11/25/2025 3:27,1,8,0
UNC,989.001040500035000,11/25/2025 3:26,1,8,0
UNC,989.001040500035000,11/25/2025 3:25,1,8,0
UNC,989.001040500035000,11/25/2025 3:24,1,8,0
UNC,989.001040500035000,11/25/2025 3:23,1,8,0
UNC,989.002028176996000,11/25/2025 3:22,1,3,0
UNC,989.001040500035000,11/25/2025 3:21,1,8,0
UNC,989.001040500035000,11/25/2025 3:20,1,8,0
UNC,989.002028176996000,11/25/2025 3:20,1,3,0
UNC,989.001030620186000,11/25/2025 3:20,1,8,0
UNC,989.001040500035000,11/25/2025 3:19,1,8,0
UNC,989.002028176996000,11/25/2025 3:18,1,3,0
UNC,989.001040500035000,11/25/2025 3:17,1,8,0
UNC,989.002028176996000,11/25/2025 3:17,1,3,0
UNC,989.001040500035000,11/25/2025 3:15,1,8,0
UNC,989.002028176996000,11/25/2025 3:15,1,3,0
UNC,989.001040500035000,11/25/2025 3:14,1,8,0
UNC,989.002028176996000,11/25/2025 3:14,1,3,0
UNC,989.001040500035000,11/25/2025 3:07,1,8,0
UNC,989.001030620186000,11/25/2025 3:06,1,8,0
UNC,989.002028176996000,11/25/2025 3:04,1,3,0
UNC,989.001030620186000,11/25/2025 3:03,1,7,0
UNC,989.001030620186000,11/25/2025 3:02,1,8,0
UNC,989.002028176996000,11/25/2025 3:01,1,3,0
UNC,989.001030620391000,11/25/2025 2:56,1,7,0
UNC,989.001030620186000,11/25/2025 2:47,1,9,0
UNC,989.001030620186000,11/25/2025 2:47,1,8,0
UNC,989.002028176996000,11/25/2025 2:42,1,3,0
UNC,989.001030620186000,11/25/2025 2:39,1,9,0
UNC,989.001030620186000,11/25/2025 2:38,1,9,0
UNC,989.001030620186000,11/25/2025 2:37,1,8,0
UNC,989.002028176996000,11/25/2025 2:35,1,3,0
UNC,989.002028176996000,11/25/2025 2:32,1,3,0
UNC,989.001030620186000,11/25/2025 2:31,1,9,0
UNC,989.001030620186000,11/25/2025 2:30,1,8,0
UNC,989.001030620186000,11/25/2025 2:30,1,9,0
UNC,989.001030620186000,11/25/2025 2:28,1,9,0
UNC,989.001030620553000,11/25/2025 2:23,1,2,0
UNC,989.001040500035000,11/25/2025 2:23,1,8,0
UNC,989.001030620553000,11/25/2025 2:22,1,7,0
UNC,989.001030620186000,11/25/2025 2:14,1,9,0
UNC,989.001030620186000,11/25/2025 2:13,1,9,0
UNC,989.002028176852000,11/25/2025 2:12,1,6,0
UNC,989.002028176852000,11/25/2025 2:12,1,7,0
UNC,989.002028176996000,11/25/2025 2:12,1,3,0
UNC,989.002028176996000,11/25/2025 2:11,1,3,0
UNC,989.001030620186000,11/25/2025 2:11,1,9,0
UNC,989.002028176996000,11/25/2025 2:07,1,3,0
UNC,989.002028176996000,11/25/2025 2:06,1,3,0
UNC,989.002028176996000,11/25/2025 2:02,1,2,0
UNC,989.002028176996000,11/25/2025 2:01,1,3,0
UNC,989.002028176996000,11/25/2025 1:59,1,3,0
UNC,989.002028176852000,11/25/2025 1:58,1,7,0
UNC,989.002028176852000,11/25/2025 1:54,1,6,0
UNC,989.002028176852000,11/25/2025 1:54,1,7,0
UNC,989.002028176852000,11/25/2025 1:52,1,3,0
UNC,989.002028176996000,11/25/2025 1:47,1,3,0
UNC,989.002028176996000,11/25/2025 1:45,1,3,0
UNC,989.002028176996000,11/25/2025 1:37,1,3,0
UNC,989.002028176996000,11/25/2025 1:36,1,3,0
UNC,989.002028176996000,11/25/2025 1:34,1,3,0
UNC,989.002028176996000,11/25/2025 1:33,1,3,0
UNC,989.001030620615000,11/25/2025 1:20,1,7,0
UNC,989.001030620615000,11/25/2025 1:19,1,1,0
UNC,989.002028176996000,11/25/2025 1:17,1,3,0
UNC,989.002028176996000,11/25/2025 1:06,1,3,0
UNC,989.002028176996000,11/25/2025 1:03,1,3,0
UNC,989.002028176996000,11/25/2025 0:47,1,3,0
UNC,989.002028176996000,11/25/2025 0:46,1,3,0
UNC,989.002028176996000,11/25/2025 0:39,1,3,0
UNC,989.002028176996000,11/25/2025 0:35,1,3,0
UNC,989.002028176996000,11/25/2025 0:34,1,3,0
UNC,989.002028176996000,11/25/2025 0:27,1,2,0
UNC,989.002028176996000,11/25/2025 0:26,1,2,0
UNC,989.002028176996000,11/25/2025 0:23,1,3,0
UNC,989.002028176996000,11/25/2025 0:21,1,2,0
UNC,989.002028176996000,11/25/2025 0:20,1,2,0
UNC,989.002028176996000,11/25/2025 0:05,1,3,0
UNC,989.002028176996000,11/25/2025 0:04,1,3,0
UNC,989.002028176996000,11/24/2025 23:57,1,3,0
UNC,989.001040500035000,11/24/2025 23:54,1,7,0
UNC,989.001040500035000,11/24/2025 23:53,1,7,0
UNC,989.002028176996000,11/24/2025 23:49,1,3,0
UNC,989.001040500035000,11/24/2025 23:44,1,8,0
UNC,989.001040500035000,11/24/2025 23:43,1,8,0
UNC,989.001040500035000,11/24/2025 23:40,1,8,0
UNC,989.001040500035000,11/24/2025 23:38,1,8,0
UNC,989.002028176996000,11/24/2025 23:33,1,3,0
UNC,989.001040500035000,11/24/2025 23:21,1,8,0
UNC,989.001030620553000,11/24/2025 23:20,1,6,0
UNC,989.001040500035000,11/24/2025 23:20,1,8,0
UNC,989.001040500035000,11/24/2025 23:18,1,8,0
UNC,989.001040500035000,11/24/2025 23:17,1,8,0
UNC,989.001040500035000,11/24/2025 23:16,1,8,0
UNC,989.001040500035000,11/24/2025 23:15,1,8,0
UNC,989.001040500035000,11/24/2025 23:14,1,8,0
UNC,989.001040500035000,11/24/2025 23:13,1,8,0
UNC,989.001040500035000,11/24/2025 23:12,1,8,0
UNC,989.002028176996000,11/24/2025 23:11,1,3,0
UNC,989.001040500035000,11/24/2025 23:10,1,8,0
UNC,989.001040500035000,11/24/2025 23:09,1,8,0
UNC,989.001030621306000,11/24/2025 22:42,1,3,0
UNC,989.001030621306000,11/24/2025 22:42,1,2,0
UNC,989.001030621306000,11/24/2025 22:41,1,1,0
UNC,989.002028176996000,11/24/2025 22:40,1,3,0
UNC,989.002028176996000,11/24/2025 22:38,1,3,0
UNC,989.001040500035000,11/24/2025 22:37,1,8,0
UNC,989.001030621306000,11/24/2025 22:32,1,6,0
UNC,989.002028176824000,11/24/2025 22:17,1,2,0
UNC,989.002028176996000,11/24/2025 22:14,1,3,0
UNC,989.002028176996000,11/24/2025 21:46,1,3,0
UNC,989.001040500035000,11/24/2025 21:41,1,7,0
UNC,989.001040500035000,11/24/2025 21:40,1,7,0
UNC,989.001040500035000,11/24/2025 21:40,1,8,0
UNC,989.002028176996000,11/24/2025 21:30,1,3,0
UNC,989.001040500035000,11/24/2025 21:03,1,8,0
UNC,989.001040500035000,11/24/2025 21:02,1,8,0
UNC,989.001040500035000,11/24/2025 21:00,1,8,0
UNC,989.001040500035000,11/24/2025 20:59,1,8,0
UNC,989.001040500035000,11/24/2025 20:58,1,8,0
UNC,989.001040500035000,11/24/2025 20:57,1,8,0
UNC,989.001040500035000,11/24/2025 20:56,1,8,0
UNC,989.001040500035000,11/24/2025 20:55,1,8,0
UNC,989.001040500035000,11/24/2025 20:54,1,8,0
UNC,989.001040500035000,11/24/2025 20:49,1,8,0
UNC,989.001040500035000,11/24/2025 20:48,1,8,0
UNC,989.001040500035000,11/24/2025 20:47,1,8,0
UNC,989.001040500035000,11/24/2025 20:46,1,8,0
UNC,989.002028176996000,11/24/2025 20:45,1,3,0
UNC,989.001040500035000,11/24/2025 20:45,1,8,0
UNC,989.001040500035000,11/24/2025 20:44,1,8,0
UNC,989.001040500035000,11/24/2025 20:42,1,8,0
UNC,989.001040500035000,11/24/2025 20:41,1,8,0
UNC,989.001040500035000,11/24/2025 20:40,1,8,0
UNC,989.001040500035000,11/24/2025 20:39,1,8,0
UNC,989.001040500035000,11/24/2025 20:38,1,8,0
UNC,989.001040500035000,11/24/2025 20:36,1,8,0
UNC,989.001040500035000,11/24/2025 20:32,1,8,0
UNC,989.001040500035000,11/24/2025 20:30,1,8,0
UNC,989.001040500035000,11/24/2025 20:29,1,8,0
UNC,989.001040500035000,11/24/2025 20:28,1,8,0
UNC,989.001040500035000,11/24/2025 20:27,1,8,0
UNC,989.001040500035000,11/24/2025 20:26,1,8,0
UNC,989.001040500035000,11/24/2025 20:25,1,8,0
UNC,989.001040500035000,11/24/2025 20:24,1,8,0
UNC,989.001040500035000,11/24/2025 20:23,1,8,0
UNC,989.001040500035000,11/24/2025 20:21,1,8,0
UNC,989.001040500035000,11/24/2025 20:20,1,8,0
UNC,989.001040500035000,11/24/2025 20:19,1,8,0
UNC,989.001040500035000,11/24/2025 20:17,1,8,0
UNC,989.001040500035000,11/24/2025 20:16,1,8,0
UNC,989.001040500035000,11/24/2025 20:15,1,8,0
UNC,989.001040500035000,11/24/2025 20:14,1,8,0
UNC,989.001040500035000,11/24/2025 20:13,1,8,0
UNC,989.001040500035000,11/24/2025 20:12,1,8,0
UNC,989.001040500035000,11/24/2025 20:11,1,8,0
UNC,989.001040500035000,11/24/2025 20:09,1,8,0
UNC,989.001040500035000,11/24/2025 20:08,1,8,0
UNC,989.002028176996000,11/24/2025 20:08,1,3,0
UNC,989.001040500035000,11/24/2025 20:07,1,8,0
UNC,989.001040500035000,11/24/2025 20:06,1,8,0
UNC,989.001040500035000,11/24/2025 20:05,1,8,0
UNC,989.001040500035000,11/24/2025 20:03,1,8,0
UNC,989.001040500035000,11/24/2025 20:02,1,8,0
UNC,989.001040500035000,11/24/2025 20:01,1,8,0
UNC,989.002028176996000,11/24/2025 20:00,1,2,0
UNC,989.002028176996000,11/24/2025 20:00,1,3,0
UNC,989.002028176996000,11/24/2025 19:44,1,3,0
UNC,989.002028176996000,11/24/2025 19:43,1,3,0
UNC,989.001040500035000,11/24/2025 19:39,1,8,0
UNC,989.001040500035000,11/24/2025 19:38,1,8,0
UNC,989.001040500035000,11/24/2025 19:37,1,8,0
UNC,989.002028176996000,11/24/2025 19:36,1,3,0
UNC,989.001040500035000,11/24/2025 19:36,1,8,0
UNC,989.001040500035000,11/24/2025 19:35,1,8,0
UNC,989.002028176996000,11/24/2025 19:35,1,3,0
UNC,989.001040500035000,11/24/2025 19:34,1,8,0
UNC,989.002028176996000,11/24/2025 19:30,1,3,0
UNC,989.001030621167000,11/24/2025 19:27,1,2,0
UNC,989.001030621167000,11/24/2025 19:25,1,7,0
UNC,989.001040500035000,11/24/2025 18:51,1,8,0
UNC,989.001040500035000,11/24/2025 18:50,1,8,0
UNC,989.001040500035000,11/24/2025 18:48,1,8,0
UNC,989.001040500035000,11/24/2025 18:47,1,8,0
UNC,989.001040500035000,11/24/2025 18:46,1,8,0
UNC,989.001040500035000,11/24/2025 18:44,1,8,0
UNC,989.001040500035000,11/24/2025 18:43,1,7,0
UNC,989.002028176996000,11/24/2025 18:42,1,3,0
UNC,989.001040500035000,11/24/2025 18:42,1,7,0
UNC,989.001040500035000,11/24/2025 18:41,1,7,0
UNC,989.001040500035000,11/24/2025 18:40,1,7,0
UNC,989.001040500035000,11/24/2025 18:39,1,8,0
UNC,989.001040500035000,11/24/2025 18:38,1,8,0
UNC,989.001040500035000,11/24/2025 18:37,1,8,0
UNC,989.002028177108000,11/24/2025 18:37,1,7,0
UNC,989.001040500035000,11/24/2025 18:36,1,8,0
UNC,989.002028177108000,11/24/2025 18:36,1,7,0
UNC,989.001040500035000,11/24/2025 18:35,1,8,0
UNC,989.001040500035000,11/24/2025 18:34,1,8,0
UNC,989.001040500035000,11/24/2025 18:33,1,8,0
UNC,989.001040500035000,11/24/2025 18:32,1,8,0
UNC,989.002028177108000,11/24/2025 18:31,1,1,0
UNC,989.001040500035000,11/24/2025 18:31,1,8,0
UNC,989.002028177108000,11/24/2025 18:30,1,1,0
UNC,989.002028176996000,11/24/2025 18:30,1,3,0
UNC,989.001040500035000,11/24/2025 18:30,1,8,0
UNC,989.001040500035000,11/24/2025 18:29,1,8,0
UNC,989.001040500035000,11/24/2025 18:28,1,8,0
UNC,989.001040500035000,11/24/2025 18:26,1,8,0
UNC,989.001040500035000,11/24/2025 18:25,1,8,0
UNC,989.001040500035000,11/24/2025 18:24,1,8,0
UNC,989.001040500035000,11/24/2025 18:23,1,8,0
UNC,989.001040500035000,11/24/2025 18:22,1,8,0
UNC,989.001040500035000,11/24/2025 18:21,1,7,0
UNC,989.001040500035000,11/24/2025 18:19,1,7,0
UNC,989.001040500035000,11/24/2025 18:19,1,8,0
UNC,989.001040500035000,11/24/2025 18:16,1,7,0
UNC,989.001040500035000,11/24/2025 18:11,1,7,0
UNC,989.001040500035000,11/24/2025 18:09,1,7,0
UNC,989.001040500035000,11/24/2025 18:09,1,8,0
UNC,989.001040500035000,11/24/2025 18:08,1,8,0
UNC,989.001040500035000,11/24/2025 18:06,1,8,0
UNC,989.001040500035000,11/24/2025 18:05,1,8,0
UNC,989.001040500035000,11/24/2025 18:04,1,8,0
UNC,989.001040500035000,11/24/2025 18:02,1,8,0
UNC,989.001040500035000,11/24/2025 18:01,1,8,0
UNC,989.001040500035000,11/24/2025 18:00,1,8,0
UNC,989.001040500035000,11/24/2025 17:59,1,8,0
UNC,989.001040500035000,11/24/2025 17:58,1,8,0
UNC,989.001040500035000,11/24/2025 17:57,1,8,0
UNC,989.001040500035000,11/24/2025 17:56,1,8,0
UNC,989.001040500035000,11/24/2025 17:55,1,8,0
UNC,989.001040500035000,11/24/2025 17:55,1,7,0
UNC,989.001040500035000,11/24/2025 17:54,1,7,0
UNC,989.001040500035000,11/24/2025 17:52,1,7,0
UNC,989.001040500035000,11/24/2025 17:51,1,7,0
UNC,989.001040500035000,11/24/2025 17:49,1,7,0
UNC,989.001040500035000,11/24/2025 17:48,1,7,0
UNC,989.001040500035000,11/24/2025 17:47,1,7,0
UNC,989.001040500035000,11/24/2025 17:45,1,7,0
UNC,989.001040500035000,11/24/2025 17:45,1,6,0
UNC,989.001040500035000,11/24/2025 17:44,1,6,0
UNC,989.001040500035000,11/24/2025 17:43,1,6,0
UNC,989.001040500035000,11/24/2025 17:37,1,7,0
UNC,989.001040500035000,11/24/2025 17:36,1,6,0
UNC,989.002028176695000,11/24/2025 17:35,1,2,0
UNC,989.001040500035000,11/24/2025 17:35,1,6,0
UNC,989.001040500035000,11/24/2025 17:35,1,7,0
UNC,989.001030620553000,11/24/2025 17:33,1,2,0
UNC,989.001030620553000,11/24/2025 17:32,1,7,0
UNC,989.001040500035000,11/24/2025 17:24,1,7,0
UNC,989.002028176996000,11/24/2025 17:24,1,3,0
UNC,989.001040500035000,11/24/2025 17:23,1,7,0
UNC,989.002028176996000,11/24/2025 17:23,1,3,0
UNC,989.001040500035000,11/24/2025 17:23,1,6,0
UNC,989.001040500035000,11/24/2025 17:22,1,6,0
UNC,989.002028176996000,11/24/2025 17:22,1,3,0
UNC,989.001040500035000,11/24/2025 17:21,1,7,0
UNC,989.001040500035000,11/24/2025 17:20,1,7,0
UNC,989.002028176996000,11/24/2025 17:19,1,3,0
UNC,989.001040500035000,11/24/2025 17:18,1,7,0
UNC,989.001040500035000,11/24/2025 17:17,1,7,0
UNC,989.001040500035000,11/24/2025 17:16,1,7,0
UNC,989.001040500035000,11/24/2025 17:15,1,7,0
UNC,989.002028176695000,11/24/2025 17:15,1,7,0
UNC,989.002028176695000,11/24/2025 17:14,1,7,0
UNC,989.002028176695000,11/24/2025 17:13,1,7,0
UNC,989.001040500035000,11/24/2025 17:13,1,7,0
UNC,989.002028176695000,11/24/2025 17:12,1,6,0
UNC,989.001040500035000,11/24/2025 17:12,1,6,0
UNC,989.002028176695000,11/24/2025 17:12,1,7,0
UNC,989.001040500035000,11/24/2025 17:11,1,6,0
UNC,989.002028176695000,11/24/2025 17:11,1,7,0
UNC,989.002028176695000,11/24/2025 17:10,1,6,0
UNC,989.001040500035000,11/24/2025 17:10,1,6,0
UNC,989.002028176996000,11/24/2025 17:01,1,2,0
UNC,989.002028176996000,11/24/2025 17:00,1,2,0
UNC,989.001040500035000,11/24/2025 16:59,1,6,0
UNC,989.001040500035000,11/24/2025 16:58,1,6,0
UNC,989.001040500035000,11/24/2025 16:58,1,7,0
UNC,989.001040500035000,11/24/2025 16:57,1,7,0
UNC,989.001040500035000,11/24/2025 16:56,1,7,0
UNC,989.002028176996000,11/24/2025 16:54,1,3,0
UNC,989.002028176996000,11/24/2025 16:53,1,3,0
UNC,989.001040500035000,11/24/2025 16:50,1,7,0
UNC,989.001040500035000,11/24/2025 16:49,1,7,0
UNC,989.002028176695000,11/24/2025 16:49,1,1,0
UNC,989.002028176695000,11/24/2025 16:48,1,2,0
UNC,989.001040500035000,11/24/2025 16:48,1,6,0
UNC,989.001040500035000,11/24/2025 16:48,1,7,0
UNC,989.002028176695000,11/24/2025 16:48,1,1,0
UNC,989.001040500035000,11/24/2025 16:47,1,6,0
UNC,989.001040500035000,11/24/2025 16:47,1,7,0
UNC,989.002028176695000,11/24/2025 16:46,1,1,0
UNC,989.002028176695000,11/24/2025 16:46,1,2,0
UNC,989.002028176695000,11/24/2025 16:45,1,2,0
UNC,989.001040500035000,11/24/2025 16:44,1,7,0
UNC,989.002028176695000,11/24/2025 16:44,1,3,0
UNC,989.001040500035000,11/24/2025 16:43,1,6,0
UNC,989.001040500035000,11/24/2025 16:42,1,7,0
UNC,989.002028176996000,11/24/2025 16:42,1,2,0
UNC,989.001040500035000,11/24/2025 16:41,1,6,0
UNC,989.002028176695000,11/24/2025 16:41,1,3,0
UNC,989.001040500035000,11/24/2025 16:40,1,6,0
UNC,989.002028176996000,11/24/2025 16:40,1,3,0
UNC,989.002028176695000,11/24/2025 16:40,1,2,0
UNC,989.002028176695000,11/24/2025 16:39,1,2,0
UNC,989.002028176996000,11/24/2025 16:38,1,3,0
UNC,989.002028176695000,11/24/2025 16:38,1,2,0
UNC,989.002028176695000,11/24/2025 16:36,1,2,0
UNC,989.002028176996000,11/24/2025 16:36,1,3,0
UNC,989.002028176695000,11/24/2025 16:34,1,3,0
UNC,989.002028176695000,11/24/2025 16:33,1,2,0
UNC,989.002028176695000,11/24/2025 16:32,1,2,0
UNC,989.002028176695000,11/24/2025 16:31,1,2,0
UNC,989.002028176695000,11/24/2025 16:30,1,2,0
UNC,989.002028176695000,11/24/2025 16:29,1,2,0
UNC,989.002028176695000,11/24/2025 16:27,1,2,0
UNC,989.002028176695000,11/24/2025 16:26,1,2,0
UNC,989.002028176695000,11/24/2025 16:25,1,2,0
UNC,989.002028176695000,11/24/2025 16:24,1,2,0
UNC,989.002028176695000,11/24/2025 16:23,1,2,0
UNC,989.002028176695000,11/24/2025 16:22,1,2,0
UNC,989.002028176695000,11/24/2025 16:21,1,2,0
UNC,989.002028176695000,11/24/2025 16:19,1,2,0
UNC,989.002028176695000,11/24/2025 16:19,1,1,0
UNC,989.002028176695000,11/24/2025 16:18,1,1,0
UNC,989.002028176695000,11/24/2025 16:17,1,2,0
UNC,989.002028176996000,11/24/2025 16:17,1,3,0
UNC,989.002028176996000,11/24/2025 16:12,1,3,0
UNC,989.002028176695000,11/24/2025 16:11,1,7,0
UNC,989.002028176695000,11/24/2025 16:10,1,7,0
UNC,989.002028176695000,11/24/2025 16:09,1,7,0
UNC,989.002028176695000,11/24/2025 16:08,1,7,0
UNC,989.002028176695000,11/24/2025 16:07,1,6,0
UNC,989.002028176695000,11/24/2025 16:05,1,7,0
UNC,989.002028176695000,11/24/2025 16:04,1,6,0
UNC,989.002028176695000,11/24/2025 16:03,1,6,0
UNC,989.002028176695000,11/24/2025 16:03,1,7,0
UNC,989.002028176695000,11/24/2025 16:02,1,7,0
UNC,989.002028176695000,11/24/2025 16:01,1,6,0
UNC,989.002028176695000,11/24/2025 16:00,1,6,0
UNC,989.002028176695000,11/24/2025 16:00,1,7,0
UNC,989.002028176695000,11/24/2025 15:58,1,7,0
UNC,989.002028176695000,11/24/2025 15:58,1,6,0
UNC,989.002028176695000,11/24/2025 15:57,1,7,0
UNC,989.002028176695000,11/24/2025 15:55,1,1,0
UNC,989.002028176695000,11/24/2025 15:54,1,2,0
UNC,989.002028176695000,11/24/2025 15:53,1,2,0
UNC,989.002028176695000,11/24/2025 15:53,1,3,0
UNC,989.002028176695000,11/24/2025 15:52,1,3,0
UNC,989.002028176695000,11/24/2025 15:50,1,2,0
UNC,989.002028176695000,11/24/2025 15:49,1,1,0
UNC,989.002028176996000,11/24/2025 15:49,1,2,0
UNC,989.002028176695000,11/24/2025 15:48,1,1,0
UNC,989.002028176996000,11/24/2025 15:48,1,3,0
UNC,989.002028176996000,11/24/2025 15:46,1,3,0
UNC,989.002028176695000,11/24/2025 15:43,1,7,0
UNC,989.002028176695000,11/24/2025 15:42,1,7,0
UNC,989.002028176695000,11/24/2025 15:41,1,7,0
UNC,989.002028176695000,11/24/2025 15:40,1,7,0
UNC,989.002028176695000,11/24/2025 15:39,1,6,0
UNC,989.002028176695000,11/24/2025 15:39,1,7,0
UNC,989.002028176695000,11/24/2025 15:38,1,7,0
UNC,989.001030620709000,11/24/2025 15:37,1,2,0
UNC,989.002028176996000,11/24/2025 15:37,1,3,0
UNC,989.002028176695000,11/24/2025 15:37,1,6,0
UNC,989.002028176996000,11/24/2025 15:36,1,3,0
UNC,989.002028176695000,11/24/2025 15:36,1,6,0
UNC,989.001030620709000,11/24/2025 15:34,1,2,0
UNC,989.002028176695000,11/24/2025 15:34,1,1,0
UNC,989.001030620709000,11/24/2025 15:33,1,2,0
UNC,989.002028176695000,11/24/2025 15:33,1,2,0
UNC,989.001030620709000,11/24/2025 15:31,1,2,0
UNC,989.002028176695000,11/24/2025 15:31,1,3,0
UNC,989.002028176695000,11/24/2025 15:30,1,3,0
UNC,989.001030620709000,11/24/2025 15:29,1,2,0
UNC,989.002028176695000,11/24/2025 15:28,1,3,0
UNC,989.001030620709000,11/24/2025 15:28,1,2,0
UNC,989.001030620709000,11/24/2025 15:27,1,2,0
UNC,989.002028176695000,11/24/2025 15:26,1,2,0
UNC,989.001030620709000,11/24/2025 15:26,1,2,0
UNC,989.002028176996000,11/24/2025 15:26,1,2,0
UNC,989.002028176695000,11/24/2025 15:25,1,2,0
UNC,989.002028176996000,11/24/2025 15:24,1,2,0
UNC,989.002028176695000,11/24/2025 15:24,1,1,0
UNC,989.002028176695000,11/24/2025 15:23,1,1,0
UNC,989.002028176695000,11/24/2025 15:22,1,1,0
UNC,989.002028176695000,11/24/2025 15:22,1,2,0
UNC,989.002028176695000,11/24/2025 15:21,1,2,0
UNC,989.002028176695000,11/24/2025 15:19,1,3,0
UNC,989.002028176695000,11/24/2025 15:18,1,3,0
UNC,989.002028176695000,11/24/2025 15:16,1,2,0
UNC,989.002028176695000,11/24/2025 15:15,1,2,0
UNC,989.002028176695000,11/24/2025 15:13,1,2,0
UNC,989.002028176996000,11/24/2025 15:05,1,2,0
UNC,989.002028176996000,11/24/2025 15:04,1,2,0
UNC,989.002028176996000,11/24/2025 15:03,1,3,0
UNC,989.002028176695000,11/24/2025 7:34,1,2,0
UNC,989.002028176695000,11/24/2025 7:26,1,7,0
UNC,989.002028176695000,11/24/2025 7:25,1,7,0
UNC,989.002028176695000,11/24/2025 7:24,1,7,0
UNC,989.002028176695000,11/24/2025 7:23,1,7,0
UNC,989.002028176695000,11/24/2025 7:23,1,6,0
UNC,989.002028176695000,11/24/2025 7:22,1,6,0
UNC,989.002028176695000,11/24/2025 7:21,1,7,0
UNC,989.002028176695000,11/24/2025 7:21,1,6,0
UNC,989.002028176695000,11/24/2025 7:20,1,6,0
UNC,989.002028176695000,11/24/2025 7:19,1,7,0
UNC,989.002028176695000,11/24/2025 7:15,1,2,0
UNC,989.002028176695000,11/24/2025 7:13,1,2,0
UNC,989.002028176695000,11/24/2025 7:12,1,1,0
UNC,989.002028176695000,11/24/2025 7:11,1,1,0
UNC,989.002028176695000,11/24/2025 7:10,1,2,0
UNC,989.002028176695000,11/24/2025 7:10,1,1,0
UNC,989.002028176695000,11/24/2025 7:09,1,1,0
UNC,989.002028176695000,11/24/2025 7:09,1,2,0
UNC,989.002028176695000,11/24/2025 7:07,1,2,0
UNC,989.002028176695000,11/24/2025 7:06,1,3,0
UNC,989.002028177108000,11/24/2025 7:06,1,2,0
UNC,989.002028177108000,11/24/2025 7:05,1,7,0
UNC,989.002028176695000,11/24/2025 7:05,1,3,0
UNC,989.002028176695000,11/24/2025 7:04,1,3,0
UNC,989.002028176695000,11/24/2025 7:03,1,2,0
UNC,989.002028176695000,11/24/2025 7:02,1,2,0
UNC,989.002028176695000,11/24/2025 7:01,1,3,0
UNC,989.002028176695000,11/24/2025 7:00,1,2,0
UNC,989.002028176695000,11/24/2025 7:00,1,3,0
UNC,989.002028176695000,11/24/2025 6:58,1,3,0
UNC,989.002028176695000,11/24/2025 6:57,1,2,0
UNC,989.002028176695000,11/24/2025 6:57,1,1,0
UNC,989.001030620553000,11/24/2025 6:56,1,6,0
UNC,989.002028176695000,11/24/2025 6:56,1,1,0
UNC,989.001030620553000,11/24/2025 6:56,1,1,0
UNC,989.002028176695000,11/24/2025 6:55,1,2,0
UNC,989.002028176695000,11/24/2025 6:55,1,1,0
UNC,989.002028176695000,11/24/2025 6:51,1,6,0
UNC,989.002028176996000,11/24/2025 6:50,1,2,0
UNC,989.002028176996000,11/24/2025 6:49,1,2,0
UNC,989.002028176695000,11/24/2025 6:48,1,6,0
UNC,989.002028176695000,11/24/2025 6:47,1,7,0
UNC,989.002028176996000,11/24/2025 6:45,1,3,0
UNC,989.002028176695000,11/24/2025 6:44,1,6,0
UNC,989.002028176996000,11/24/2025 6:44,1,3,0
UNC,989.002028176695000,11/24/2025 6:43,1,6,0
UNC,989.002028176996000,11/24/2025 6:42,1,2,0
UNC,989.002028176695000,11/24/2025 6:42,1,6,0
UNC,989.002028176695000,11/24/2025 6:41,1,6,0
UNC,989.002028176695000,11/24/2025 6:40,1,7,0
UNC,989.001040500035000,11/24/2025 6:39,1,6,0
UNC,989.001030621167000,11/24/2025 6:39,1,6,0
UNC,989.002028176695000,11/24/2025 6:39,1,7,0
UNC,989.001030621167000,11/24/2025 6:39,1,2,0
UNC,989.002028176695000,11/24/2025 6:38,1,6,0
UNC,989.001040500035000,11/24/2025 6:38,1,7,0
UNC,989.002028176695000,11/24/2025 6:37,1,7,0
UNC,989.002028176996000,11/24/2025 6:36,1,3,0
UNC,989.002028176695000,11/24/2025 6:36,1,6,0
UNC,989.002028176996000,11/24/2025 6:35,1,3,0
UNC,989.002028176695000,11/24/2025 6:35,1,6,0
UNC,989.002028176695000,11/24/2025 6:34,1,7,0
UNC,989.002028176695000,11/24/2025 6:33,1,8,0
UNC,989.002028176695000,11/24/2025 6:32,1,7,0
UNC,989.001040500035000,11/24/2025 6:31,1,7,0
UNC,989.002028176695000,11/24/2025 6:31,1,6,0
UNC,989.001040500035000,11/24/2025 6:30,1,7,0
UNC,989.001040500035000,11/24/2025 6:29,1,7,0
UNC,989.001040500035000,11/24/2025 6:27,1,7,0
UNC,989.002028176695000,11/24/2025 6:27,1,2,0
UNC,989.001040500035000,11/24/2025 6:26,1,7,0
UNC,989.002028176695000,11/24/2025 6:26,1,2,0
UNC,989.001030621497000,11/24/2025 6:25,1,2,0
UNC,989.001040500035000,11/24/2025 6:25,1,7,0
UNC,989.002028176695000,11/24/2025 6:24,1,2,0
UNC,989.001040500035000,11/24/2025 6:24,1,7,0
UNC,989.002028176695000,11/24/2025 6:23,1,2,0
UNC,989.001040500035000,11/24/2025 6:22,1,6,0
UNC,989.001040500035000,11/24/2025 6:21,1,6,0
UNC,989.001040500035000,11/24/2025 6:19,1,7,0
UNC,989.001040500035000,11/24/2025 6:19,1,6,0
UNC,989.002028176996000,11/24/2025 6:19,1,2,0
UNC,989.001040500035000,11/24/2025 6:18,1,6,0
UNC,989.001040500035000,11/24/2025 6:17,1,6,0
UNC,989.001040500035000,11/24/2025 6:16,1,6,0
UNC,989.001040500035000,11/24/2025 6:15,1,6,0
UNC,989.002028176996000,11/24/2025 6:13,1,2,0
UNC,989.002028176996000,11/24/2025 6:12,1,3,0
UNC,989.002028176996000,11/24/2025 6:11,1,3,0
UNC,989.001040500035000,11/24/2025 6:09,1,7,0
UNC,989.001030620186000,11/24/2025 6:09,1,7,0
UNC,989.001040500035000,11/24/2025 6:08,1,7,0
UNC,989.001030620304000,11/24/2025 6:07,1,6,0
UNC,989.001040500035000,11/24/2025 6:07,1,7,0
UNC,989.001030620304000,11/24/2025 6:07,1,1,0
UNC,989.001030620186000,11/24/2025 6:06,1,2,0
UNC,989.001040500035000,11/24/2025 6:06,1,7,0
UNC,989.001040500035000,11/24/2025 5:59,1,7,0
UNC,989.002028176996000,11/24/2025 5:58,1,3,0
UNC,989.001040500035000,11/24/2025 5:55,1,7,0
UNC,989.001040500035000,11/24/2025 5:54,1,7,0
UNC,989.001040500035000,11/24/2025 5:48,1,7,0
UNC,989.001040500035000,11/24/2025 5:45,1,7,0
UNC,989.002028176996000,11/24/2025 5:37,1,3,0
UNC,989.001030620186000,11/24/2025 5:29,1,3,0
UNC,989.002028176996000,11/24/2025 5:22,1,3,0
UNC,989.002028176996000,11/24/2025 5:19,1,3,0
UNC,989.001040500035000,11/24/2025 5:16,1,8,0
UNC,989.001040500035000,11/24/2025 5:15,1,8,0
UNC,989.001040500035000,11/24/2025 5:14,1,8,0
UNC,989.001040500035000,11/24/2025 5:13,1,8,0
UNC,989.001040500035000,11/24/2025 5:12,1,8,0
UNC,989.001040500035000,11/24/2025 5:11,1,8,0
UNC,989.001040500035000,11/24/2025 5:10,1,8,0
UNC,989.001040500035000,11/24/2025 5:09,1,8,0
UNC,989.001040500035000,11/24/2025 5:08,1,8,0
UNC,989.001040500035000,11/24/2025 5:07,1,8,0
UNC,989.001030620186000,11/24/2025 5:07,1,3,0
UNC,989.001040500035000,11/24/2025 5:06,1,8,0
UNC,989.001040500035000,11/24/2025 5:04,1,8,0
UNC,989.001040500035000,11/24/2025 5:03,1,8,0
UNC,989.002028176996000,11/24/2025 5:02,1,3,0
UNC,989.001030620186000,11/24/2025 5:02,1,8,0
UNC,989.002028176996000,11/24/2025 5:01,1,3,0
UNC,989.001030620186000,11/24/2025 4:57,1,8,0
UNC,989.002028176996000,11/24/2025 4:52,1,3,0
UNC,989.002028176996000,11/24/2025 4:50,1,3,0
UNC,989.001040500035000,11/24/2025 4:50,1,8,0
UNC,989.001040500035000,11/24/2025 4:48,1,8,0
UNC,989.001040500035000,11/24/2025 4:47,1,8,0
UNC,989.001030620186000,11/24/2025 4:46,1,6,0
UNC,989.002028176996000,11/24/2025 4:46,1,3,0
UNC,989.001030620186000,11/24/2025 4:44,1,2,0
UNC,989.001030620186000,11/24/2025 4:42,1,3,0
UNC,989.001040500035000,11/24/2025 4:41,1,8,0
UNC,989.001040500035000,11/24/2025 4:40,1,8,0
UNC,989.001040500035000,11/24/2025 4:38,1,8,0
UNC,989.002028176996000,11/24/2025 4:38,1,3,0
UNC,989.001040500035000,11/24/2025 4:37,1,8,0
UNC,989.001030620186000,11/24/2025 4:37,1,8,0
UNC,989.001040500035000,11/24/2025 4:36,1,8,0
UNC,989.001040500035000,11/24/2025 4:35,1,8,0
UNC,989.001030620186000,11/24/2025 4:33,1,9,0
UNC,989.001040500035000,11/24/2025 4:33,1,8,0
UNC,989.002028176996000,11/24/2025 4:32,1,2,0
UNC,989.001040500035000,11/24/2025 4:32,1,8,0
UNC,989.002028176996000,11/24/2025 4:31,1,1,0
UNC,989.001040500035000,11/24/2025 4:30,1,8,0
UNC,989.001030620186000,11/24/2025 4:30,1,3,0
UNC,989.001040500035000,11/24/2025 4:29,1,8,0
UNC,989.001040500035000,11/24/2025 4:28,1,8,0
UNC,989.001040500035000,11/24/2025 4:27,1,8,0
UNC,989.002028176996000,11/24/2025 4:26,1,3,0
UNC,989.001040500035000,11/24/2025 4:26,1,8,0
UNC,989.001040500035000,11/24/2025 4:25,1,8,0
UNC,989.001040500035000,11/24/2025 4:24,1,8,0
UNC,989.002028176996000,11/24/2025 4:13,1,3,0
UNC,989.001030620186000,11/24/2025 4:00,1,3,0
UNC,989.001040500035000,11/24/2025 3:57,1,8,0
UNC,989.001040500035000,11/24/2025 3:56,1,8,0
UNC,989.001030620186000,11/24/2025 3:55,1,8,0
UNC,989.001040500035000,11/24/2025 3:55,1,8,0
UNC,989.001040500035000,11/24/2025 3:53,1,8,0
UNC,989.001040500035000,11/24/2025 3:52,1,8,0
UNC,989.001040500035000,11/24/2025 3:50,1,8,0
UNC,989.001040500035000,11/24/2025 3:49,1,8,0
UNC,989.001040500035000,11/24/2025 3:48,1,8,0
UNC,989.001040500035000,11/24/2025 3:47,1,8,0
UNC,989.002028176996000,11/24/2025 3:46,1,2,0
UNC,989.001040500035000,11/24/2025 3:45,1,8,0
UNC,989.002028176996000,11/24/2025 3:44,1,2,0
UNC,989.001040500035000,11/24/2025 3:44,1,8,0
UNC,989.001040500035000,11/24/2025 3:43,1,8,0
UNC,989.002028176996000,11/24/2025 3:43,1,2,0
UNC,989.001030620186000,11/24/2025 3:42,1,7,0
UNC,989.001040500035000,11/24/2025 3:42,1,8,0
UNC,989.002028176996000,11/24/2025 3:42,1,2,0
UNC,989.002028176996000,11/24/2025 3:41,1,3,0
UNC,989.002028176996000,11/24/2025 3:40,1,3,0
UNC,989.001030620186000,11/24/2025 3:40,1,7,0
UNC,989.002028176996000,11/24/2025 3:38,1,3,0
UNC,989.002028176996000,11/24/2025 3:33,1,2,0
UNC,989.001030620186000,11/24/2025 3:30,1,8,0
UNC,989.001030620186000,11/24/2025 3:29,1,8,0
UNC,989.001030620186000,11/24/2025 3:27,1,8,0
UNC,989.002028177050000,11/24/2025 3:12,1,1,0
UNC,989.001030620186000,11/24/2025 3:10,1,8,0
UNC,989.001030620186000,11/24/2025 3:08,1,8,0
UNC,989.001030620186000,11/24/2025 3:06,1,8,0
UNC,989.001030620186000,11/24/2025 3:02,1,9,0
UNC,989.002028176996000,11/24/2025 3:00,1,3,0
UNC,989.001030620186000,11/24/2025 3:00,1,9,0
UNC,989.002028176996000,11/24/2025 2:57,1,3,0
UNC,989.001030620186000,11/24/2025 2:51,1,9,0
UNC,989.002028176996000,11/24/2025 2:50,1,3,0
UNC,989.002028176996000,11/24/2025 2:46,1,2,0
UNC,989.002028176996000,11/24/2025 2:45,1,2,0
UNC,989.002028176996000,11/24/2025 2:44,1,2,0
UNC,989.002028176996000,11/24/2025 2:43,1,2,0
UNC,989.002028176996000,11/24/2025 2:42,1,2,0
UNC,989.002028176996000,11/24/2025 2:40,1,2,0
UNC,989.002028176996000,11/24/2025 2:39,1,2,0
UNC,989.002028176996000,11/24/2025 2:38,1,2,0
UNC,989.002028176996000,11/24/2025 2:36,1,2,0
UNC,989.002028176996000,11/24/2025 2:35,1,2,0
UNC,989.002028176996000,11/24/2025 2:34,1,2,0
UNC,989.001040500035000,11/24/2025 2:34,1,6,0
UNC,989.002028176996000,11/24/2025 2:33,1,2,0
UNC,989.001040500035000,11/24/2025 2:33,1,6,0
UNC,989.001040500035000,11/24/2025 2:32,1,7,0
UNC,989.002028176996000,11/24/2025 2:32,1,2,0
UNC,989.001040500035000,11/24/2025 2:31,1,7,0
UNC,989.002028176996000,11/24/2025 2:31,1,2,0
UNC,989.001040500035000,11/24/2025 2:28,1,7,0
UNC,989.001040500035000,11/24/2025 2:27,1,7,0
UNC,989.001040500035000,11/24/2025 2:26,1,7,0
UNC,989.001040500035000,11/24/2025 2:23,1,7,0
UNC,989.001040500035000,11/24/2025 2:22,1,7,0
UNC,989.001040500035000,11/24/2025 2:22,1,8,0
UNC,989.001040500035000,11/24/2025 2:21,1,8,0
UNC,989.001040500035000,11/24/2025 2:19,1,8,0
UNC,989.001040500035000,11/24/2025 2:18,1,8,0
UNC,989.001040500035000,11/24/2025 2:17,1,8,0
UNC,989.001040500035000,11/24/2025 2:16,1,8,0
UNC,989.002028176996000,11/24/2025 2:15,1,3,0
UNC,989.001040500035000,11/24/2025 2:15,1,8,0
UNC,989.001040500035000,11/24/2025 2:13,1,8,0
UNC,989.001040500035000,11/24/2025 2:12,1,8,0
UNC,989.001040500035000,11/24/2025 2:11,1,8,0
UNC,989.001040500035000,11/24/2025 2:05,1,8,0
UNC,989.001040500035000,11/24/2025 2:04,1,8,0
UNC,989.001040500035000,11/24/2025 2:03,1,8,0
UNC,989.001040500035000,11/24/2025 2:01,1,8,0
UNC,989.001040500035000,11/24/2025 2:00,1,8,0
UNC,989.001040500035000,11/24/2025 1:59,1,8,0
UNC,989.001040500035000,11/24/2025 1:57,1,8,0
UNC,989.001040500035000,11/24/2025 1:56,1,8,0
UNC,989.001040500035000,11/24/2025 1:54,1,8,0
UNC,989.001040500035000,11/24/2025 1:53,1,8,0
UNC,989.001040500035000,11/24/2025 1:52,1,8,0
UNC,989.001040500035000,11/24/2025 1:48,1,8,0
UNC,989.002028176996000,11/24/2025 1:47,1,3,0
UNC,989.001040500035000,11/24/2025 1:46,1,8,0
UNC,989.002028176996000,11/24/2025 1:46,1,2,0
UNC,989.001040500035000,11/24/2025 1:45,1,8,0
UNC,989.001040500035000,11/24/2025 1:43,1,8,0
UNC,989.001040500035000,11/24/2025 1:39,1,8,0
UNC,989.002028177108000,11/24/2025 1:39,1,6,0
UNC,989.001040500035000,11/24/2025 1:37,1,8,0
UNC,989.002028177108000,11/24/2025 1:34,1,7,0
UNC,989.002028176996000,11/24/2025 1:33,1,3,0
UNC,989.002028177108000,11/24/2025 1:33,1,3,0
UNC,989.002028176996000,11/24/2025 1:18,1,3,0
UNC,989.002028176996000,11/24/2025 1:17,1,3,0
UNC,989.002028176996000,11/24/2025 1:14,1,3,0
UNC,989.002028176996000,11/24/2025 1:07,1,2,0
UNC,989.002028176996000,11/24/2025 1:00,1,2,0
UNC,989.002028176996000,11/24/2025 1:00,1,3,0
UNC,989.001030620186000,11/24/2025 0:43,1,9,0
UNC,989.001030620186000,11/24/2025 0:42,1,9,0
UNC,989.002028177112000,11/24/2025 0:41,1,1,0
UNC,989.002028177112000,11/24/2025 0:39,1,7,0
UNC,989.002028176996000,11/24/2025 0:37,1,3,0
UNC,989.002028176996000,11/24/2025 0:37,1,2,0
UNC,989.002028176996000,11/24/2025 0:25,1,3,0
UNC,989.002028176996000,11/24/2025 0:18,1,3,0
UNC,989.002028176996000,11/24/2025 0:17,1,2,0
UNC,989.002028176996000,11/24/2025 0:16,1,2,0
UNC,989.002028176996000,11/24/2025 0:15,1,3,0
UNC,989.001040500035000,11/24/2025 0:12,1,8,0
UNC,989.002028176996000,11/24/2025 0:12,1,3,0
UNC,989.001040500035000,11/24/2025 0:11,1,8,0
UNC,989.001040500035000,11/24/2025 0:10,1,8,0
UNC,989.001040500035000,11/24/2025 0:08,1,8,0
UNC,989.001040500035000,11/24/2025 0:07,1,8,0
UNC,989.001040500035000,11/24/2025 0:06,1,8,0
UNC,989.002028176996000,11/24/2025 0:06,1,3,0
UNC,989.001040500035000,11/24/2025 0:05,1,8,0
UNC,989.002028176996000,11/24/2025 0:04,1,3,0
UNC,989.001040500035000,11/24/2025 0:03,1,8,0
UNC,989.001040500035000,11/24/2025 0:02,1,8,0
UNC,989.002028176996000,11/24/2025 0:01,1,3,0
UNC,989.001040500035000,11/23/2025 23:59,1,7,0
UNC,989.001040500035000,11/23/2025 23:56,1,7,0
UNC,989.001040500035000,11/23/2025 23:55,1,7,0
UNC,989.001040500035000,11/23/2025 23:54,1,7,0
UNC,989.001040500035000,11/23/2025 23:48,1,7,0
UNC,989.001040500035000,11/23/2025 23:47,1,7,0
UNC,989.001040500035000,11/23/2025 23:42,1,7,0
UNC,989.001040500035000,11/23/2025 23:41,1,7,0
UNC,989.001040500035000,11/23/2025 23:35,1,7,0
UNC,989.001040500035000,11/23/2025 23:34,1,7,0
UNC,989.001040500035000,11/23/2025 23:33,1,7,0
UNC,989.001040500035000,11/23/2025 23:32,1,7,0
UNC,989.002028176996000,11/23/2025 23:32,1,3,0
UNC,989.001040500035000,11/23/2025 23:31,1,7,0
UNC,989.001040500035000,11/23/2025 23:30,1,7,0
UNC,989.001040500035000,11/23/2025 23:28,1,7,0
UNC,989.002028176996000,11/23/2025 23:24,1,3,0
UNC,989.001040500035000,11/23/2025 23:22,1,7,0
UNC,989.002028176996000,11/23/2025 23:20,1,2,0
UNC,989.001040500035000,11/23/2025 23:16,1,8,0
UNC,989.002028176996000,11/23/2025 23:06,1,3,0
UNC,989.002028176996000,11/23/2025 23:05,1,3,0
UNC,989.002028176996000,11/23/2025 23:04,1,3,0
UNC,989.002028176996000,11/23/2025 23:03,1,3,0
UNC,989.001040500035000,11/23/2025 23:02,1,8,0
UNC,989.001040500035000,11/23/2025 23:00,1,8,0
UNC,989.001040500035000,11/23/2025 22:59,1,8,0
UNC,989.001040500035000,11/23/2025 22:58,1,8,0
UNC,989.001040500035000,11/23/2025 22:57,1,8,0
UNC,989.001040500035000,11/23/2025 22:56,1,8,0
UNC,989.002028176996000,11/23/2025 22:56,1,3,0
UNC,989.001040500035000,11/23/2025 22:55,1,8,0
UNC,989.001040500035000,11/23/2025 22:54,1,8,0
UNC,989.001040500035000,11/23/2025 22:53,1,8,0
UNC,989.001040500035000,11/23/2025 22:48,1,8,0
UNC,989.001040500035000,11/23/2025 22:46,1,8,0
UNC,989.001030620186000,11/23/2025 22:40,1,8,0
UNC,989.001040500035000,11/23/2025 22:38,1,8,0
UNC,989.001040500035000,11/23/2025 22:37,1,8,0
UNC,989.001040500035000,11/23/2025 22:36,1,8,0
UNC,989.002028176996000,11/23/2025 22:36,1,2,0
UNC,989.001040500035000,11/23/2025 22:35,1,8,0
UNC,989.002028176996000,11/23/2025 22:34,1,2,0
UNC,989.002028176996000,11/23/2025 22:34,1,3,0
UNC,989.001040500035000,11/23/2025 22:34,1,8,0
UNC,989.002028176996000,11/23/2025 22:33,1,3,0
UNC,989.001040500035000,11/23/2025 22:33,1,8,0
UNC,989.001040500035000,11/23/2025 22:32,1,8,0
UNC,989.001040500035000,11/23/2025 22:30,1,8,0
UNC,989.001040500035000,11/23/2025 22:29,1,8,0
UNC,989.001040500035000,11/23/2025 22:28,1,8,0
UNC,989.001040500035000,11/23/2025 22:27,1,8,0
UNC,989.001040500035000,11/23/2025 22:26,1,8,0
UNC,989.001040500035000,11/23/2025 22:25,1,8,0
UNC,989.001040500035000,11/23/2025 22:24,1,8,0
UNC,989.001040500035000,11/23/2025 22:23,1,8,0
UNC,989.001030620782000,11/23/2025 22:22,1,1,0
UNC,989.001030620782000,11/23/2025 22:22,1,2,0
UNC,989.001040500035000,11/23/2025 22:22,1,8,0
UNC,989.001030620782000,11/23/2025 22:21,1,7,0
UNC,989.001040500035000,11/23/2025 22:21,1,8,0
UNC,989.002028176996000,11/23/2025 22:20,1,8,0
UNC,989.001030620186000,11/23/2025 22:19,1,9,0
UNC,989.002028176996000,11/23/2025 22:17,1,8,0
UNC,989.001030620782000,11/23/2025 22:06,1,1,0
UNC,989.001030620782000,11/23/2025 22:03,1,8,0
UNC,989.002028176996000,11/23/2025 21:58,1,8,0
UNC,989.001030620304000,11/23/2025 21:57,1,2,0
UNC,989.001030620304000,11/23/2025 21:55,1,7,0
UNC,989.002028176996000,11/23/2025 21:49,1,8,0
UNC,989.002028176996000,11/23/2025 21:48,1,7,0
UNC,989.002028176996000,11/23/2025 21:46,1,7,0
UNC,989.002028177108000,11/23/2025 21:44,1,2,0
UNC,989.002028176996000,11/23/2025 21:44,1,2,0
UNC,989.002028176996000,11/23/2025 21:43,1,2,0
UNC,989.002028177108000,11/23/2025 21:42,1,6,0
UNC,989.002028176996000,11/23/2025 21:42,1,2,0
UNC,989.002028176996000,11/23/2025 21:40,1,2,0
UNC,989.002028176996000,11/23/2025 21:39,1,2,0
UNC,989.001040500035000,11/23/2025 21:38,1,8,0
UNC,989.002028176996000,11/23/2025 21:38,1,2,0
UNC,989.002028176996000,11/23/2025 21:38,1,3,0
UNC,989.002028177108000,11/23/2025 21:33,1,8,0
UNC,989.002028176996000,11/23/2025 21:32,1,3,0
UNC,989.002028176996000,11/23/2025 21:26,1,2,0
UNC,989.002028176996000,11/23/2025 21:25,1,2,0
UNC,989.002028176996000,11/23/2025 21:24,1,2,0
UNC,989.001040500055000,11/23/2025 21:20,1,2,0
UNC,989.002028176996000,11/23/2025 21:19,1,2,0
UNC,989.002028176996000,11/23/2025 21:18,1,2,0
UNC,989.002028176996000,11/23/2025 21:16,1,2,0
UNC,989.001040500055000,11/23/2025 21:16,1,7,0
UNC,989.001040500055000,11/23/2025 21:15,1,6,0
UNC,989.002028176996000,11/23/2025 21:14,1,2,0
UNC,989.002028176996000,11/23/2025 21:13,1,2,0
UNC,989.002028176996000,11/23/2025 21:06,1,2,0
UNC,989.002028176996000,11/23/2025 21:06,1,1,0
UNC,989.002028176996000,11/23/2025 21:01,1,1,0
UNC,989.002028176996000,11/23/2025 21:00,1,2,0
UNC,989.002028176996000,11/23/2025 20:59,1,2,0
UNC,989.002028176996000,11/23/2025 20:58,1,2,0
UNC,989.002028176996000,11/23/2025 20:58,1,3,0
UNC,989.001040500035000,11/23/2025 20:50,1,7,0
UNC,989.002028176996000,11/23/2025 20:49,1,3,0
UNC,989.001040500035000,11/23/2025 20:47,1,7,0
UNC,989.001040500035000,11/23/2025 20:46,1,7,0
UNC,989.001040500035000,11/23/2025 20:44,1,7,0
UNC,989.001040500035000,11/23/2025 20:43,1,7,0
UNC,989.002028176996000,11/23/2025 20:38,1,3,0
UNC,989.002028176996000,11/23/2025 20:38,1,2,0
UNC,989.002028176996000,11/23/2025 20:37,1,2,0
UNC,989.002028176996000,11/23/2025 20:36,1,2,0
UNC,989.002028176996000,11/23/2025 20:34,1,2,0
UNC,989.002028176996000,11/23/2025 20:33,1,2,0
UNC,989.001040500035000,11/23/2025 20:33,1,8,0
UNC,989.002028176996000,11/23/2025 20:32,1,2,0
UNC,989.001040500035000,11/23/2025 20:31,1,8,0
UNC,989.002028176996000,11/23/2025 20:31,1,2,0
UNC,989.001040500035000,11/23/2025 20:30,1,8,0
UNC,989.002028176996000,11/23/2025 20:30,1,2,0
UNC,989.002028176996000,11/23/2025 20:29,1,2,0
UNC,989.002028176996000,11/23/2025 20:27,1,2,0
UNC,989.002028176831000,11/23/2025 20:27,1,1,0
UNC,989.001040500035000,11/23/2025 20:27,1,8,0
UNC,989.002028176996000,11/23/2025 20:26,1,2,0
UNC,989.002028176831000,11/23/2025 20:26,1,6,0
UNC,989.002028176996000,11/23/2025 20:25,1,2,0
UNC,989.002028176996000,11/23/2025 20:24,1,3,0
UNC,989.002028177108000,11/23/2025 20:16,1,1,0
UNC,989.002028177108000,11/23/2025 20:14,1,7,0
UNC,989.002028176996000,11/23/2025 20:11,1,3,0
UNC,989.002028176996000,11/23/2025 20:10,1,2,0
UNC,989.002028176996000,11/23/2025 20:09,1,2,0
UNC,989.002028177108000,11/23/2025 20:09,1,6,0
UNC,989.002028176996000,11/23/2025 20:08,1,3,0
UNC,989.002028176996000,11/23/2025 20:07,1,3,0
UNC,989.001040500035000,11/23/2025 20:07,1,8,0
UNC,989.002028176996000,11/23/2025 20:06,1,3,0
UNC,989.001040500035000,11/23/2025 20:06,1,8,0
UNC,989.001040500035000,11/23/2025 20:05,1,8,0
UNC,989.002028176996000,11/23/2025 20:04,1,3,0
UNC,989.001040500035000,11/23/2025 20:04,1,8,0
UNC,989.001040500035000,11/23/2025 20:03,1,8,0
UNC,989.002028176996000,11/23/2025 20:02,1,3,0
UNC,989.001040500035000,11/23/2025 20:02,1,8,0
UNC,989.002028176996000,11/23/2025 20:01,1,3,0
UNC,989.001040500035000,11/23/2025 20:01,1,8,0
UNC,989.001040500035000,11/23/2025 20:00,1,8,0
UNC,989.002028176996000,11/23/2025 19:59,1,3,0
UNC,989.001040500035000,11/23/2025 19:59,1,8,0
UNC,989.002028176996000,11/23/2025 19:58,1,3,0
UNC,989.001040500035000,11/23/2025 19:57,1,8,0
UNC,989.002028176996000,11/23/2025 19:57,1,3,0
UNC,989.001040500035000,11/23/2025 19:56,1,8,0
UNC,989.001040500035000,11/23/2025 19:55,1,8,0
UNC,989.002028176996000,11/23/2025 19:40,1,2,0
UNC,989.001040500035000,11/23/2025 19:32,1,8,0
UNC,989.001040500035000,11/23/2025 19:29,1,8,0
UNC,989.001040500035000,11/23/2025 19:28,1,8,0
UNC,989.001040500035000,11/23/2025 19:24,1,8,0
UNC,989.001040500035000,11/23/2025 19:22,1,8,0
UNC,989.001040500035000,11/23/2025 19:19,1,8,0
UNC,989.001040500035000,11/23/2025 19:15,1,8,0
UNC,989.002028176996000,11/23/2025 19:09,1,3,0
UNC,989.002028176996000,11/23/2025 19:01,1,2,0
UNC,989.002028176996000,11/23/2025 19:00,1,2,0
UNC,989.002028176996000,11/23/2025 18:58,1,2,0
UNC,989.002028176996000,11/23/2025 18:57,1,2,0
UNC,989.002028176996000,11/23/2025 18:56,1,2,0
UNC,989.002028176996000,11/23/2025 18:55,1,2,0
UNC,989.002028176996000,11/23/2025 18:54,1,2,0
UNC,989.002028176996000,11/23/2025 18:52,1,2,0
UNC,989.001030621497000,11/23/2025 18:52,1,1,0
UNC,989.001040500035000,11/23/2025 18:52,1,8,0
UNC,989.002028176996000,11/23/2025 18:51,1,2,0
UNC,989.001040500035000,11/23/2025 18:49,1,8,0
UNC,989.002028176996000,11/23/2025 18:44,1,2,0
UNC,989.001040500035000,11/23/2025 18:43,1,8,0
UNC,989.002028176996000,11/23/2025 18:43,1,2,0
UNC,989.002028176996000,11/23/2025 18:42,1,2,0
UNC,989.001040500035000,11/23/2025 18:40,1,8,0
UNC,989.002028176996000,11/23/2025 18:40,1,2,0
UNC,989.001040500035000,11/23/2025 18:39,1,8,0
UNC,989.002028176996000,11/23/2025 18:38,1,2,0
UNC,989.001040500035000,11/23/2025 18:38,1,8,0
UNC,989.002028176996000,11/23/2025 18:37,1,2,0
UNC,989.002028176996000,11/23/2025 18:34,1,2,0
UNC,989.002028176996000,11/23/2025 18:32,1,2,0
UNC,989.001040500035000,11/23/2025 18:31,1,8,0
UNC,989.002028176996000,11/23/2025 18:30,1,2,0
UNC,989.001040500035000,11/23/2025 18:30,1,8,0
UNC,989.001040500035000,11/23/2025 18:28,1,8,0
UNC,989.001040500035000,11/23/2025 18:27,1,8,0
UNC,989.002028176996000,11/23/2025 18:23,1,3,0
UNC,989.002028176996000,11/23/2025 18:15,1,3,0
UNC,989.001030620451000,11/23/2025 18:12,1,7,0
UNC,989.001030620451000,11/23/2025 18:12,1,2,0
UNC,989.002028176996000,11/23/2025 17:50,1,3,0
UNC,989.001040500035000,11/23/2025 17:47,1,7,0
UNC,989.001040500035000,11/23/2025 17:46,1,7,0
UNC,989.001030621167000,11/23/2025 17:45,1,2,0
UNC,989.001040500035000,11/23/2025 17:44,1,7,0
UNC,989.001030621167000,11/23/2025 17:44,1,7,0
UNC,989.001040500035000,11/23/2025 17:42,1,7,0
UNC,989.001040500035000,11/23/2025 17:40,1,7,0
UNC,989.001040500035000,11/23/2025 17:38,1,7,0
UNC,989.001030620553000,11/23/2025 17:38,1,3,0
UNC,989.001030620553000,11/23/2025 17:37,1,3,0
UNC,989.001040500035000,11/23/2025 17:37,1,7,0
UNC,989.001040500035000,11/23/2025 17:36,1,7,0
UNC,989.001030620553000,11/23/2025 17:35,1,7,0
UNC,989.001040500035000,11/23/2025 17:34,1,7,0
UNC,989.002028176996000,11/23/2025 17:34,1,3,0
UNC,989.001040500035000,11/23/2025 17:30,1,7,0
UNC,989.002028176996000,11/23/2025 17:29,1,2,0
UNC,989.002028176996000,11/23/2025 17:28,1,3,0
UNC,989.002028176996000,11/23/2025 17:26,1,3,0
UNC,989.001040500035000,11/23/2025 17:23,1,6,0
UNC,989.002028176996000,11/23/2025 17:22,1,3,0
UNC,989.001040500035000,11/23/2025 17:22,1,6,0
UNC,989.001040500035000,11/23/2025 17:21,1,6,0
UNC,989.001040500035000,11/23/2025 17:20,1,6,0
UNC,989.001040500035000,11/23/2025 17:19,1,6,0
UNC,989.001040500035000,11/23/2025 17:18,1,6,0
UNC,989.001040500035000,11/23/2025 17:17,1,6,0
UNC,989.001040500035000,11/23/2025 17:16,1,7,0
UNC,989.001040500035000,11/23/2025 17:16,1,6,0
UNC,989.001040500035000,11/23/2025 17:14,1,6,0
UNC,989.001040500035000,11/23/2025 17:13,1,6,0
UNC,989.001040500035000,11/23/2025 17:13,1,7,0
UNC,989.002028176996000,11/23/2025 17:13,1,3,0
UNC,989.001040500035000,11/23/2025 17:12,1,6,0
UNC,989.001040500035000,11/23/2025 17:12,1,7,0
UNC,989.001040500035000,11/23/2025 17:11,1,7,0
UNC,989.001040500035000,11/23/2025 17:00,1,6,0
UNC,989.002028176996000,11/23/2025 17:00,1,3,0
UNC,989.001040500035000,11/23/2025 16:59,1,7,0
UNC,989.002028176996000,11/23/2025 16:59,1,2,0
UNC,989.001040500035000,11/23/2025 16:58,1,7,0
UNC,989.001040500035000,11/23/2025 16:57,1,7,0
UNC,989.002028176996000,11/23/2025 16:56,1,3,0
UNC,989.002028176996000,11/23/2025 16:55,1,3,0
UNC,989.002028176996000,11/23/2025 16:53,1,3,0
UNC,989.001040500035000,11/23/2025 16:53,1,6,0
UNC,989.002028176996000,11/23/2025 16:52,1,3,0
UNC,989.001040500035000,11/23/2025 16:52,1,7,0
UNC,989.002028176996000,11/23/2025 16:51,1,2,0
UNC,989.001040500035000,11/23/2025 16:51,1,6,0
UNC,989.002028176996000,11/23/2025 16:50,1,2,0
UNC,989.001040500035000,11/23/2025 16:50,1,6,0
UNC,989.002028176996000,11/23/2025 16:49,1,3,0
UNC,989.001040500035000,11/23/2025 16:48,1,6,0
UNC,989.001040500035000,11/23/2025 16:47,1,7,0
UNC,989.001040500035000,11/23/2025 16:46,1,6,0
UNC,989.001040500035000,11/23/2025 16:45,1,6,0
UNC,989.001040500035000,11/23/2025 16:45,1,7,0
UNC,989.001040500035000,11/23/2025 16:44,1,7,0
UNC,989.002028176996000,11/23/2025 16:41,1,3,0
UNC,989.002028176996000,11/23/2025 16:40,1,3,0
UNC,989.001040500035000,11/23/2025 16:37,1,7,0
UNC,989.001040500035000,11/23/2025 16:36,1,7,0
UNC,989.001040500035000,11/23/2025 16:35,1,7,0
UNC,989.001040500035000,11/23/2025 16:34,1,7,0
UNC,989.001040500035000,11/23/2025 16:33,1,7,0
UNC,989.001040500035000,11/23/2025 16:31,1,7,0
UNC,989.001040500035000,11/23/2025 16:30,1,7,0
UNC,989.002028176996000,11/23/2025 12:19,1,2,0
UNC,989.002028176996000,11/23/2025 12:04,1,2,0
UNC,989.002028176996000,11/23/2025 12:03,1,2,0
UNC,989.002028176996000,11/23/2025 12:02,1,3,0
UNC,989.002028176996000,11/23/2025 12:02,1,2,0
UNC,989.002028176996000,11/23/2025 12:01,1,2,0
UNC,989.002028176996000,11/23/2025 11:04,1,3,0
UNC,989.002028176996000,11/23/2025 11:03,1,2,0
UNC,989.002028176695000,11/23/2025 8:19,1,2,0
UNC,989.002028176695000,11/23/2025 8:18,1,1,0
UNC,989.002028176695000,11/23/2025 8:17,1,2,0
UNC,989.002028176695000,11/23/2025 8:15,1,2,0
UNC,989.002028176695000,11/23/2025 8:14,1,1,0
UNC,989.002028176695000,11/23/2025 8:13,1,1,0
UNC,989.002028176695000,11/23/2025 8:12,1,1,0
UNC,989.002028176695000,11/23/2025 8:07,1,6,0
UNC,989.002028176996000,11/23/2025 8:07,1,3,0
UNC,989.002028176695000,11/23/2025 8:07,1,7,0
UNC,989.002028176695000,11/23/2025 8:06,1,6,0
UNC,989.002028176996000,11/23/2025 8:06,1,2,0
UNC,989.002028176996000,11/23/2025 8:05,1,2,0
UNC,989.002028176996000,11/23/2025 8:04,1,3,0
UNC,989.002028176695000,11/23/2025 8:03,1,7,0
UNC,989.002028176996000,11/23/2025 8:01,1,2,0
UNC,989.002028176996000,11/23/2025 8:00,1,2,0
UNC,989.002028176996000,11/23/2025 8:00,1,3,0
UNC,989.002028176695000,11/23/2025 7:59,1,7,0
UNC,989.002028176695000,11/23/2025 7:58,1,7,0
UNC,989.002028176695000,11/23/2025 7:57,1,6,0
UNC,989.002028176695000,11/23/2025 7:56,1,6,0
UNC,989.002028176695000,11/23/2025 7:56,1,7,0
UNC,989.002028176695000,11/23/2025 7:55,1,6,0
UNC,989.002028176695000,11/23/2025 7:54,1,7,0
UNC,989.002028176695000,11/23/2025 7:54,1,6,0
UNC,989.002028176695000,11/23/2025 7:52,1,1,0
UNC,989.002028176695000,11/23/2025 7:51,1,1,0
UNC,989.002028176695000,11/23/2025 7:50,1,1,0
UNC,989.002028176695000,11/23/2025 7:50,1,2,0
UNC,989.002028176695000,11/23/2025 7:49,1,2,0
UNC,989.002028176695000,11/23/2025 7:48,1,3,0
UNC,989.002028176695000,11/23/2025 7:46,1,2,0
UNC,989.002028176695000,11/23/2025 7:44,1,2,0
UNC,989.002028176996000,11/23/2025 7:44,1,2,0
UNC,989.002028176996000,11/23/2025 7:44,1,3,0
UNC,989.002028176695000,11/23/2025 7:43,1,3,0
UNC,989.002028176996000,11/23/2025 7:43,1,3,0
UNC,989.002028176996000,11/23/2025 7:42,1,2,0
UNC,989.002028176695000,11/23/2025 7:42,1,2,0
UNC,989.002028176996000,11/23/2025 7:41,1,2,0
UNC,989.002028176695000,11/23/2025 7:41,1,2,0
UNC,989.002028176695000,11/23/2025 7:41,1,1,0
UNC,989.002028176996000,11/23/2025 7:40,1,2,0
UNC,989.002028176695000,11/23/2025 7:37,1,1,0
UNC,989.002028176695000,11/23/2025 7:36,1,1,0
UNC,989.002028176695000,11/23/2025 7:35,1,1,0
UNC,989.002028176695000,11/23/2025 7:35,1,2,0
UNC,989.002028176695000,11/23/2025 7:34,1,2,0
UNC,989.002028176695000,11/23/2025 7:32,1,2,0
UNC,989.002028176695000,11/23/2025 7:31,1,2,0
UNC,989.002028176695000,11/23/2025 7:30,1,2,0
UNC,989.002028176695000,11/23/2025 7:30,1,3,0
UNC,989.002028176695000,11/23/2025 7:29,1,3,0
UNC,989.002028176695000,11/23/2025 7:28,1,2,0
UNC,989.002028176695000,11/23/2025 7:26,1,2,0
UNC,989.002028176695000,11/23/2025 7:25,1,3,0
UNC,989.002028176695000,11/23/2025 7:24,1,2,0
UNC,989.002028176695000,11/23/2025 7:23,1,2,0
UNC,989.002028176695000,11/23/2025 7:23,1,1,0
UNC,989.001040500055000,11/23/2025 7:22,1,6,0
UNC,989.002028176695000,11/23/2025 7:21,1,1,0
UNC,989.002028176996000,11/23/2025 7:21,1,2,0
UNC,989.001040500055000,11/23/2025 7:21,1,2,0
UNC,989.001040500055000,11/23/2025 7:20,1,3,0
UNC,989.002028176996000,11/23/2025 7:20,1,7,0
UNC,989.002028176996000,11/23/2025 7:20,1,6,0
UNC,989.002028176695000,11/23/2025 7:19,1,1,0
UNC,989.002028176996000,11/23/2025 7:19,1,2,0
UNC,989.002028176695000,11/23/2025 7:18,1,1,0
UNC,989.002028176695000,11/23/2025 7:17,1,1,0
UNC,989.002028176695000,11/23/2025 7:17,1,2,0
UNC,989.002028176695000,11/23/2025 7:16,1,1,0
UNC,989.002028176695000,11/23/2025 7:16,1,2,0
UNC,989.002028176695000,11/23/2025 7:15,1,2,0
UNC,989.002028176695000,11/23/2025 7:14,1,2,0
UNC,989.002028176695000,11/23/2025 7:13,1,2,0
UNC,989.002028176996000,11/23/2025 7:09,1,3,0
UNC,989.002028176695000,11/23/2025 7:08,1,7,0
UNC,989.002028176996000,11/23/2025 7:08,1,3,0
UNC,989.002028176695000,11/23/2025 7:07,1,7,0
UNC,989.002028176695000,11/23/2025 7:06,1,7,0
UNC,989.002028176996000,11/23/2025 7:06,1,2,0
UNC,989.002028176695000,11/23/2025 7:05,1,6,0
UNC,989.002028176996000,11/23/2025 7:05,1,3,0
UNC,989.002028176695000,11/23/2025 7:04,1,6,0
UNC,989.001030621497000,11/23/2025 7:04,1,1,0
UNC,989.002028176695000,11/23/2025 7:03,1,6,0
UNC,989.002028176695000,11/23/2025 7:03,1,7,0
UNC,989.002028176695000,11/23/2025 7:02,1,7,0
UNC,989.002028176695000,11/23/2025 7:01,1,7,0
UNC,989.002028176996000,11/23/2025 7:00,1,3,0
UNC,989.002028176695000,11/23/2025 7:00,1,6,0
UNC,989.002028176996000,11/23/2025 6:59,1,2,0
UNC,989.002028176695000,11/23/2025 6:59,1,7,0
UNC,989.002028176996000,11/23/2025 6:58,1,2,0
UNC,989.002028176695000,11/23/2025 6:58,1,7,0
UNC,989.002028176996000,11/23/2025 6:57,1,2,0
UNC,989.002028176695000,11/23/2025 6:57,1,7,0
UNC,989.002028176996000,11/23/2025 6:56,1,2,0
UNC,989.002028176695000,11/23/2025 6:56,1,6,0
UNC,989.002028176695000,11/23/2025 6:56,1,7,0
UNC,989.002028176996000,11/23/2025 6:55,1,2,0
UNC,989.002028176695000,11/23/2025 6:55,1,7,0
UNC,989.001040500035000,11/23/2025 6:54,1,7,0
UNC,989.002028176996000,11/23/2025 6:54,1,2,0
UNC,989.001040500035000,11/23/2025 6:53,1,7,0
UNC,989.002028176996000,11/23/2025 6:53,1,2,0
UNC,989.002028176695000,11/23/2025 6:53,1,6,0
UNC,989.002028176996000,11/23/2025 6:52,1,3,0
UNC,989.001040500035000,11/23/2025 6:52,1,7,0
UNC,989.002028176695000,11/23/2025 6:52,1,6,0
UNC,989.002028176695000,11/23/2025 6:51,1,6,0
UNC,989.002028176695000,11/23/2025 6:50,1,7,0
UNC,989.002028176695000,11/23/2025 6:49,1,7,0
UNC,989.002028176695000,11/23/2025 6:48,1,7,0
UNC,989.002028176695000,11/23/2025 6:47,1,7,0
UNC,989.002028176996000,11/23/2025 6:47,1,3,0
UNC,989.002028176695000,11/23/2025 6:47,1,6,0
UNC,989.002028176695000,11/23/2025 6:46,1,6,0
UNC,989.002028176695000,11/23/2025 6:45,1,6,0
UNC,989.002028176695000,11/23/2025 6:44,1,7,0
UNC,989.002028176695000,11/23/2025 6:42,1,6,0
UNC,989.001040500071000,11/23/2025 6:42,1,2,0
UNC,989.002028176695000,11/23/2025 6:41,1,6,0
UNC,989.002028176695000,11/23/2025 6:40,1,6,0
UNC,989.001040500071000,11/23/2025 6:40,1,1,0
UNC,989.001040500035000,11/23/2025 6:40,1,7,0
UNC,989.002028176695000,11/23/2025 6:39,1,6,0
UNC,989.001040500035000,11/23/2025 6:39,1,7,0
UNC,989.002028176695000,11/23/2025 6:37,1,7,0
UNC,989.001040500035000,11/23/2025 6:37,1,7,0
UNC,989.002028176695000,11/23/2025 6:36,1,7,0
UNC,989.001040500035000,11/23/2025 6:36,1,7,0
UNC,989.001030620553000,11/23/2025 6:36,1,6,0
UNC,989.001030620553000,11/23/2025 6:35,1,1,0
UNC,989.002028176695000,11/23/2025 6:35,1,6,0
UNC,989.001040500035000,11/23/2025 6:35,1,7,0
UNC,989.002028176695000,11/23/2025 6:34,1,6,0
UNC,989.002028176695000,11/23/2025 6:33,1,7,0
UNC,989.002028176695000,11/23/2025 6:32,1,7,0
UNC,989.001040500035000,11/23/2025 6:32,1,7,0
UNC,989.002028176695000,11/23/2025 6:31,1,6,0
UNC,989.001040500035000,11/23/2025 6:30,1,7,0
UNC,989.002028176695000,11/23/2025 6:30,1,6,0
UNC,989.001040500035000,11/23/2025 6:29,1,7,0
UNC,989.002028176695000,11/23/2025 6:29,1,6,0
UNC,989.002028176695000,11/23/2025 6:28,1,6,0
UNC,989.001040500035000,11/23/2025 6:27,1,7,0
UNC,989.001040500035000,11/23/2025 6:24,1,7,0
UNC,989.002028176695000,11/23/2025 6:23,1,2,0
UNC,989.001040500035000,11/23/2025 6:23,1,7,0
UNC,989.001030621167000,11/23/2025 6:23,1,7,0
UNC,989.002028176996000,11/23/2025 6:23,1,3,0
UNC,989.001040500035000,11/23/2025 6:22,1,7,0
UNC,989.001040500035000,11/23/2025 6:20,1,7,0
UNC,989.001040500035000,11/23/2025 6:17,1,7,0
UNC,989.001040500035000,11/23/2025 6:16,1,7,0
UNC,989.001040500035000,11/23/2025 6:16,1,8,0
UNC,989.002028176996000,11/23/2025 6:13,1,2,0
UNC,989.002028176996000,11/23/2025 6:13,1,3,0
UNC,989.001040500035000,11/23/2025 6:11,1,8,0
UNC,989.001040500035000,11/23/2025 6:10,1,8,0
UNC,989.001040500035000,11/23/2025 6:09,1,8,0
UNC,989.001040500035000,11/23/2025 6:08,1,8,0
UNC,989.001040500035000,11/23/2025 6:07,1,8,0
UNC,989.002028176996000,11/23/2025 6:07,1,3,0
UNC,989.001040500035000,11/23/2025 6:06,1,8,0
UNC,989.001040500035000,11/23/2025 6:05,1,8,0
UNC,989.001040500035000,11/23/2025 6:04,1,8,0
UNC,989.001040500035000,11/23/2025 6:03,1,8,0
UNC,989.002028176996000,11/23/2025 6:03,1,3,0
UNC,989.001040500035000,11/23/2025 6:02,1,8,0
UNC,989.002028176996000,11/23/2025 6:02,1,2,0
UNC,989.001040500035000,11/23/2025 6:01,1,8,0
UNC,989.001040500035000,11/23/2025 6:00,1,8,0
UNC,989.002028176996000,11/23/2025 6:00,1,2,0
UNC,989.002028176996000,11/23/2025 5:58,1,2,0
UNC,989.002028176996000,11/23/2025 5:54,1,2,0
UNC,989.002028176996000,11/23/2025 5:53,1,2,0
UNC,989.002028176996000,11/23/2025 5:44,1,1,0
UNC,989.002028176996000,11/23/2025 5:43,1,1,0
UNC,989.001040500035000,11/23/2025 5:42,1,7,0
UNC,989.002028176996000,11/23/2025 5:42,1,1,0
UNC,989.001040500035000,11/23/2025 5:41,1,7,0
UNC,989.002028176996000,11/23/2025 5:40,1,1,0
UNC,989.002028176996000,11/23/2025 5:39,1,1,0
UNC,989.001040500035000,11/23/2025 5:37,1,7,0
UNC,989.002028176996000,11/23/2025 5:37,1,1,0
UNC,989.002028176996000,11/23/2025 5:36,1,1,0
UNC,989.001040500035000,11/23/2025 5:36,1,7,0
UNC,989.002028176996000,11/23/2025 5:35,1,1,0
UNC,989.001040500035000,11/23/2025 5:34,1,7,0
UNC,989.002028176996000,11/23/2025 5:34,1,1,0
UNC,989.002028176996000,11/23/2025 5:32,1,1,0
UNC,989.002028176996000,11/23/2025 5:31,1,2,0
UNC,989.002028176996000,11/23/2025 5:30,1,2,0
UNC,989.001030620304000,11/23/2025 5:29,1,6,0
UNC,989.002028176996000,11/23/2025 5:29,1,2,0
UNC,989.001030620304000,11/23/2025 5:28,1,1,0
UNC,989.002028176996000,11/23/2025 5:27,1,2,0
UNC,989.002028176996000,11/23/2025 5:26,1,2,0
UNC,989.002028176996000,11/23/2025 5:25,1,2,0
UNC,989.002028176996000,11/23/2025 5:24,1,2,0
UNC,989.002028176996000,11/23/2025 5:23,1,2,0
UNC,989.002028176996000,11/23/2025 5:21,1,2,0
UNC,989.002028176996000,11/23/2025 5:20,1,2,0
UNC,989.002028176996000,11/23/2025 5:19,1,2,0
UNC,989.001030620186000,11/23/2025 5:18,1,9,0
UNC,989.002028176996000,11/23/2025 5:18,1,2,0
UNC,989.001030620186000,11/23/2025 5:17,1,9,0
UNC,989.002028176996000,11/23/2025 5:17,1,2,0
UNC,989.001030620186000,11/23/2025 5:16,1,9,0
UNC,989.002028176996000,11/23/2025 5:16,1,2,0
UNC,989.001030620186000,11/23/2025 5:15,1,9,0
UNC,989.002028176996000,11/23/2025 5:15,1,2,0
UNC,989.002028176996000,11/23/2025 5:14,1,2,0
UNC,989.002028176996000,11/23/2025 5:13,1,2,0
UNC,989.002028176996000,11/23/2025 5:11,1,2,0
UNC,989.002028176996000,11/23/2025 5:10,1,2,0
UNC,989.002028176996000,11/23/2025 5:09,1,2,0
UNC,989.002028176996000,11/23/2025 5:07,1,2,0
UNC,989.002028176996000,11/23/2025 5:06,1,2,0
UNC,989.002028176996000,11/23/2025 5:04,1,2,0
UNC,989.002028176996000,11/23/2025 5:03,1,2,0
UNC,989.002028176996000,11/23/2025 5:02,1,2,0
UNC,989.002028176996000,11/23/2025 5:02,1,3,0
UNC,989.002028176996000,11/23/2025 5:01,1,3,0
UNC,989.002028176996000,11/23/2025 4:49,1,2,0
UNC,989.001040500035000,11/23/2025 4:49,1,7,0
UNC,989.001040500035000,11/23/2025 4:49,1,8,0
UNC,989.001040500035000,11/23/2025 4:48,1,8,0
UNC,989.002028176996000,11/23/2025 4:47,1,2,0
UNC,989.002028176996000,11/23/2025 4:47,1,3,0
UNC,989.001040500035000,11/23/2025 4:47,1,8,0
UNC,989.001040500035000,11/23/2025 4:46,1,7,0
UNC,989.002028176996000,11/23/2025 4:46,1,3,0
UNC,989.001040500035000,11/23/2025 4:45,1,7,0
UNC,989.001040500035000,11/23/2025 4:44,1,7,0
UNC,989.002028176996000,11/23/2025 4:40,1,3,0
UNC,989.001040500035000,11/23/2025 4:29,1,7,0
UNC,989.001040500035000,11/23/2025 4:28,1,7,0
UNC,989.001030620668000,11/23/2025 4:26,1,7,0
UNC,989.001040500035000,11/23/2025 4:25,1,7,0
UNC,989.001040500035000,11/23/2025 4:23,1,7,0
UNC,989.001030620668000,11/23/2025 4:22,1,8,0
UNC,989.001040500035000,11/23/2025 4:22,1,7,0
UNC,989.001030620668000,11/23/2025 4:21,1,8,0
UNC,989.001030620668000,11/23/2025 4:20,1,8,0
UNC,989.001030620668000,11/23/2025 4:20,1,7,0
UNC,989.001040500035000,11/23/2025 4:19,1,8,0
UNC,989.002028176996000,11/23/2025 4:18,1,3,0
UNC,989.001030620668000,11/23/2025 4:12,1,7,0
UNC,989.001040500035000,11/23/2025 4:11,1,8,0
UNC,989.001040500035000,11/23/2025 4:09,1,8,0
UNC,989.002028176996000,11/23/2025 4:08,1,3,0
UNC,989.001040500035000,11/23/2025 4:08,1,8,0
UNC,989.001040500035000,11/23/2025 4:07,1,8,0
UNC,989.002028176996000,11/23/2025 4:07,1,3,0
UNC,989.001040500035000,11/23/2025 4:06,1,8,0
UNC,989.001040500035000,11/23/2025 4:04,1,8,0
UNC,989.001040500035000,11/23/2025 4:03,1,8,0
UNC,989.001040500035000,11/23/2025 4:03,1,7,0
UNC,989.002028176996000,11/23/2025 4:02,1,3,0
UNC,989.001040500035000,11/23/2025 4:02,1,7,0
UNC,989.002028176983000,11/23/2025 4:02,1,2,0
UNC,989.001040500035000,11/23/2025 4:00,1,7,0
UNC,989.001030620350000,11/23/2025 4:00,1,4,0
UNC,989.001040500035000,11/23/2025 3:59,1,7,0
UNC,989.001040500035000,11/23/2025 3:39,1,7,0
UNC,989.001040500035000,11/23/2025 3:36,1,7,0
UNC,989.001040500035000,11/23/2025 3:34,1,7,0
UNC,989.001040500035000,11/23/2025 3:33,1,7,0
UNC,989.001040500035000,11/23/2025 3:32,1,7,0
UNC,989.001040500035000,11/23/2025 3:31,1,7,0
UNC,989.001040500035000,11/23/2025 3:30,1,7,0
UNC,989.001040500035000,11/23/2025 3:25,1,7,0
UNC,989.001040500035000,11/23/2025 3:24,1,7,0
UNC,989.001040500035000,11/23/2025 3:23,1,7,0
UNC,989.001040500035000,11/23/2025 3:21,1,7,0
UNC,989.002028177108000,11/23/2025 3:21,1,3,0
UNC,989.002028177108000,11/23/2025 3:20,1,2,0
UNC,989.001040500035000,11/23/2025 3:20,1,7,0
UNC,989.002028176996000,11/23/2025 3:19,1,2,0
UNC,989.001040500035000,11/23/2025 3:19,1,7,0
UNC,989.001040500035000,11/23/2025 3:17,1,7,0
UNC,989.001040500035000,11/23/2025 3:16,1,7,0
UNC,989.001040500035000,11/23/2025 3:16,1,8,0
UNC,989.002028176996000,11/23/2025 3:16,1,3,0
UNC,989.002028177108000,11/23/2025 3:14,1,6,0
UNC,989.002028177108000,11/23/2025 3:09,1,6,0
UNC,989.002028176996000,11/23/2025 3:06,1,2,0
UNC,989.002028176996000,11/23/2025 3:04,1,2,0
UNC,989.002028176996000,11/23/2025 3:03,1,2,0
UNC,989.002028176996000,11/23/2025 3:02,1,3,0
UNC,989.001040500035000,11/23/2025 3:02,1,8,0
UNC,989.002028176996000,11/23/2025 2:54,1,2,0
UNC,989.002028176996000,11/23/2025 2:53,1,2,0
UNC,989.002028176996000,11/23/2025 2:51,1,2,0
UNC,989.002028176996000,11/23/2025 2:50,1,2,0
UNC,989.002028176996000,11/23/2025 2:50,1,3,0
UNC,989.002028176996000,11/23/2025 2:47,1,3,0
UNC,989.002028176996000,11/23/2025 2:41,1,3,0
UNC,989.002028176996000,11/23/2025 2:21,1,2,0
UNC,989.002028176996000,11/23/2025 2:20,1,2,0
UNC,989.002028176996000,11/23/2025 2:19,1,2,0
UNC,989.002028176996000,11/23/2025 2:18,1,3,0
UNC,989.002028176996000,11/23/2025 2:17,1,3,0
UNC,989.002028176996000,11/23/2025 2:16,1,3,0
UNC,989.002028176996000,11/23/2025 2:09,1,3,0
UNC,989.001040500035000,11/23/2025 2:06,1,8,0
UNC,989.001040500035000,11/23/2025 2:05,1,8,0
UNC,989.001040500035000,11/23/2025 2:04,1,8,0
UNC,989.001040500035000,11/23/2025 2:02,1,8,0
UNC,989.001040500035000,11/23/2025 1:57,1,8,0
UNC,989.001040500035000,11/23/2025 1:56,1,8,0
UNC,989.001040500035000,11/23/2025 1:55,1,8,0
UNC,989.001040500035000,11/23/2025 1:53,1,8,0
UNC,989.001040500035000,11/23/2025 1:52,1,8,0
UNC,989.001040500035000,11/23/2025 1:51,1,8,0
UNC,989.001040500035000,11/23/2025 1:50,1,8,0
UNC,989.001040500035000,11/23/2025 1:49,1,8,0
UNC,989.001040500035000,11/23/2025 1:48,1,8,0
UNC,989.001040500035000,11/23/2025 1:46,1,8,0
UNC,989.001040500035000,11/23/2025 1:45,1,8,0
UNC,989.001040500035000,11/23/2025 1:44,1,8,0
UNC,989.001040500035000,11/23/2025 1:43,1,8,0
UNC,989.001040500035000,11/23/2025 1:41,1,8,0
UNC,989.001040500035000,11/23/2025 1:40,1,8,0
UNC,989.002028176996000,11/23/2025 1:40,1,3,0
UNC,989.001040500035000,11/23/2025 1:39,1,8,0
UNC,989.002028176996000,11/23/2025 1:39,1,2,0
UNC,989.001040500035000,11/23/2025 1:38,1,8,0
UNC,989.002028176996000,11/23/2025 1:37,1,2,0
UNC,989.002028176996000,11/23/2025 1:36,1,2,0
UNC,989.002028176996000,11/23/2025 1:35,1,2,0
UNC,989.002028176996000,11/23/2025 1:34,1,2,0
UNC,989.002028176996000,11/23/2025 1:32,1,2,0
UNC,989.002028176996000,11/23/2025 1:30,1,2,0
UNC,989.002028176996000,11/23/2025 1:29,1,2,0
UNC,989.002028176996000,11/23/2025 1:27,1,2,0
UNC,989.002028176996000,11/23/2025 1:26,1,2,0
UNC,989.002028176996000,11/23/2025 1:25,1,2,0
UNC,989.002028176996000,11/23/2025 1:24,1,2,0
UNC,989.002028176996000,11/23/2025 1:23,1,2,0
UNC,989.002028176996000,11/23/2025 1:18,1,2,0
UNC,989.002028176996000,11/23/2025 1:16,1,2,0
UNC,989.002028176996000,11/23/2025 1:15,1,2,0
UNC,989.002028176996000,11/23/2025 1:14,1,2,0
UNC,989.002028176996000,11/23/2025 1:13,1,2,0
UNC,989.002028176996000,11/23/2025 1:12,1,2,0
UNC,989.002028176996000,11/23/2025 1:11,1,2,0
UNC,989.002028176996000,11/23/2025 1:11,1,1,0
UNC,989.002028176996000,11/23/2025 1:04,1,1,0
UNC,989.002028176996000,11/23/2025 1:01,1,1,0
UNC,989.002028176996000,11/23/2025 0:59,1,1,0
UNC,989.002028176996000,11/23/2025 0:54,1,1,0
UNC,989.002028176996000,11/23/2025 0:50,1,1,0
UNC,989.002028176996000,11/23/2025 0:45,1,1,0
UNC,989.002028176996000,11/23/2025 0:44,1,1,0
UNC,989.002028176996000,11/23/2025 0:43,1,2,0
UNC,989.002028176996000,11/23/2025 0:42,1,2,0
UNC,989.002028176996000,11/23/2025 0:41,1,2,0
UNC,989.002028176996000,11/23/2025 0:40,1,2,0
UNC,989.001040500035000,11/23/2025 0:40,1,8,0
UNC,989.002028176996000,11/23/2025 0:38,1,2,0
UNC,989.002028176996000,11/23/2025 0:37,1,2,0
UNC,989.002028176996000,11/23/2025 0:35,1,2,0
UNC,989.002028176996000,11/23/2025 0:34,1,2,0
UNC,989.002028176996000,11/23/2025 0:33,1,2,0
UNC,989.002028176996000,11/23/2025 0:32,1,2,0
UNC,989.002028176996000,11/23/2025 0:31,1,2,0
UNC,989.002028176996000,11/23/2025 0:30,1,2,0
UNC,989.002028176996000,11/23/2025 0:29,1,3,0
UNC,989.002028176996000,11/23/2025 0:08,1,3,0
UNC,989.002028176996000,11/23/2025 0:06,1,3,0
UNC,989.002028176996000,11/23/2025 0:04,1,3,0
UNC,989.001040500035000,11/22/2025 23:54,1,6,0
UNC,989.001040500035000,11/22/2025 23:53,1,6,0
UNC,989.001040500035000,11/22/2025 23:52,1,6,0
UNC,989.001040500035000,11/22/2025 23:51,1,6,0
UNC,989.001040500035000,11/22/2025 23:50,1,6,0
UNC,989.001040500035000,11/22/2025 23:49,1,6,0
UNC,989.001040500035000,11/22/2025 23:48,1,6,0
UNC,989.001040500035000,11/22/2025 23:47,1,6,0
UNC,989.001040500035000,11/22/2025 23:46,1,6,0
UNC,989.002028176996000,11/22/2025 23:45,1,3,0
UNC,989.001040500035000,11/22/2025 23:45,1,6,0
UNC,989.001040500035000,11/22/2025 23:43,1,6,0
UNC,989.001040500035000,11/22/2025 23:42,1,6,0
UNC,989.001040500035000,11/22/2025 23:41,1,6,0
UNC,989.001040500035000,11/22/2025 23:40,1,6,0
UNC,989.001040500035000,11/22/2025 23:39,1,6,0
UNC,989.001040500035000,11/22/2025 23:38,1,6,0
UNC,989.001040500035000,11/22/2025 23:37,1,6,0
UNC,989.001030621497000,11/22/2025 23:36,1,1,0
UNC,989.001040500035000,11/22/2025 23:35,1,6,0
UNC,989.001030621497000,11/22/2025 23:35,1,1,0
UNC,989.001040500035000,11/22/2025 23:34,1,6,0
UNC,989.001040500035000,11/22/2025 23:32,1,6,0
UNC,989.001040500035000,11/22/2025 23:31,1,6,0
UNC,989.001040500035000,11/22/2025 23:31,1,7,0
UNC,989.002028176996000,11/22/2025 23:30,1,3,0
UNC,989.001040500035000,11/22/2025 23:30,1,7,0
UNC,989.001040500035000,11/22/2025 23:28,1,7,0
UNC,989.001040500035000,11/22/2025 23:28,1,6,0
UNC,989.001030621497000,11/22/2025 23:28,1,1,0
UNC,989.001040500035000,11/22/2025 23:26,1,6,0
UNC,989.001040500035000,11/22/2025 23:26,1,7,0
UNC,989.001040500035000,11/22/2025 23:25,1,7,0
UNC,989.001040500035000,11/22/2025 23:23,1,7,0
UNC,989.001040500035000,11/22/2025 23:21,1,7,0
UNC,989.001040500035000,11/22/2025 23:20,1,7,0
UNC,989.002028176996000,11/22/2025 23:20,1,3,0
UNC,989.002028176996000,11/22/2025 23:19,1,3,0
UNC,989.001040500035000,11/22/2025 23:18,1,7,0
UNC,989.002028176996000,11/22/2025 23:17,1,3,0
UNC,989.001040500035000,11/22/2025 23:16,1,7,0
UNC,989.001040500035000,11/22/2025 23:14,1,7,0
UNC,989.001040500035000,11/22/2025 23:12,1,7,0
UNC,989.002028176996000,11/22/2025 23:11,1,3,0
UNC,989.001040500035000,11/22/2025 23:11,1,7,0
UNC,989.001040500035000,11/22/2025 23:09,1,7,0
UNC,989.001040500035000,11/22/2025 23:08,1,7,0
UNC,989.001040500035000,11/22/2025 23:05,1,7,0
UNC,989.002028176996000,11/22/2025 22:43,1,3,0
UNC,989.002028176996000,11/22/2025 22:42,1,2,0
UNC,989.002028176996000,11/22/2025 22:40,1,2,0
UNC,989.002028176996000,11/22/2025 22:39,1,2,0
UNC,989.001030620304000,11/22/2025 22:38,1,2,0
UNC,989.002028176996000,11/22/2025 22:38,1,2,0
UNC,989.002028176996000,11/22/2025 22:37,1,2,0
UNC,989.001030620304000,11/22/2025 22:37,1,7,0
UNC,989.002028176996000,11/22/2025 22:36,1,1,0
UNC,989.002028176996000,11/22/2025 22:33,1,2,0
UNC,989.002028176996000,11/22/2025 22:31,1,2,0
UNC,989.002028176996000,11/22/2025 22:30,1,2,0
UNC,989.002028176996000,11/22/2025 22:29,1,1,0
UNC,989.001040500035000,11/22/2025 22:29,1,8,0
UNC,989.001040500035000,11/22/2025 22:28,1,8,0
UNC,989.002028176996000,11/22/2025 22:27,1,1,0
UNC,989.001040500035000,11/22/2025 22:26,1,8,0
UNC,989.001040500035000,11/22/2025 22:25,1,8,0
UNC,989.002028176996000,11/22/2025 22:25,1,1,0
UNC,989.001040500035000,11/22/2025 22:24,1,8,0
UNC,989.001040500035000,11/22/2025 22:23,1,8,0
UNC,989.001040500035000,11/22/2025 22:22,1,8,0
UNC,989.002028176996000,11/22/2025 22:21,1,1,0
UNC,989.002028176996000,11/22/2025 22:21,1,2,0
UNC,989.002028176996000,11/22/2025 22:20,1,2,0
UNC,989.001040500035000,11/22/2025 22:20,1,8,0
UNC,989.002028176996000,11/22/2025 22:18,1,2,0
UNC,989.001040500035000,11/22/2025 22:17,1,8,0
UNC,989.002028176996000,11/22/2025 22:17,1,2,0
UNC,989.001040500035000,11/22/2025 22:16,1,8,0
UNC,989.002028176996000,11/22/2025 22:15,1,2,0
UNC,989.001040500035000,11/22/2025 22:15,1,8,0
UNC,989.002028176996000,11/22/2025 22:14,1,2,0
UNC,989.002028176996000,11/22/2025 22:14,1,3,0
UNC,989.001040500035000,11/22/2025 22:14,1,8,0
UNC,989.002028176996000,11/22/2025 22:13,1,3,0
UNC,989.002028176996000,11/22/2025 22:13,1,2,0
UNC,989.001040500035000,11/22/2025 22:13,1,8,0
UNC,989.001040500035000,11/22/2025 22:12,1,8,0
UNC,989.001040500035000,11/22/2025 22:10,1,8,0
UNC,989.001040500035000,11/22/2025 22:09,1,8,0
UNC,989.001040500035000,11/22/2025 22:08,1,8,0
UNC,989.001040500035000,11/22/2025 22:01,1,8,0
UNC,989.001040500035000,11/22/2025 22:00,1,8,0
UNC,989.001040500035000,11/22/2025 21:58,1,8,0
UNC,989.001040500035000,11/22/2025 21:57,1,8,0
UNC,989.001040500035000,11/22/2025 21:56,1,8,0
UNC,989.001040500035000,11/22/2025 21:55,1,8,0
UNC,989.001040500035000,11/22/2025 21:54,1,8,0
UNC,989.001040500035000,11/22/2025 21:53,1,8,0
UNC,989.001040500035000,11/22/2025 21:51,1,8,0
UNC,989.001040500035000,11/22/2025 21:50,1,8,0
UNC,989.001040500035000,11/22/2025 21:49,1,8,0
UNC,989.001040500035000,11/22/2025 21:48,1,8,0
UNC,989.001040500035000,11/22/2025 21:47,1,8,0
UNC,989.002028176996000,11/22/2025 21:44,1,2,0
UNC,989.002028176996000,11/22/2025 21:43,1,2,0
UNC,989.002028176996000,11/22/2025 21:42,1,2,0
UNC,989.002028176996000,11/22/2025 21:40,1,2,0
UNC,989.002028176996000,11/22/2025 21:39,1,2,0
UNC,989.002028176996000,11/22/2025 21:38,1,2,0
UNC,989.002028176996000,11/22/2025 21:37,1,2,0
UNC,989.002028176996000,11/22/2025 21:36,1,2,0
UNC,989.002028176996000,11/22/2025 21:34,1,2,0
UNC,989.002028176996000,11/22/2025 21:33,1,2,0
UNC,989.002028176996000,11/22/2025 21:32,1,2,0
UNC,989.002028176996000,11/22/2025 21:31,1,2,0
UNC,989.002028176996000,11/22/2025 21:30,1,2,0
UNC,989.002028176996000,11/22/2025 21:30,1,3,0
UNC,989.002028176996000,11/22/2025 21:22,1,3,0
UNC,989.002028176996000,11/22/2025 21:20,1,3,0
UNC,989.002028176996000,11/22/2025 21:19,1,2,0
UNC,989.002028176996000,11/22/2025 21:18,1,2,0
UNC,989.001040500035000,11/22/2025 21:17,1,8,0
UNC,989.002028176996000,11/22/2025 21:17,1,2,0
UNC,989.001040500035000,11/22/2025 21:16,1,8,0
UNC,989.002028176996000,11/22/2025 21:15,1,2,0
UNC,989.001040500035000,11/22/2025 21:15,1,8,0
UNC,989.002028176996000,11/22/2025 21:14,1,2,0
UNC,989.002028176996000,11/22/2025 21:14,1,3,0
UNC,989.001040500035000,11/22/2025 21:14,1,8,0
UNC,989.001040500035000,11/22/2025 21:13,1,8,0
UNC,989.001040500035000,11/22/2025 21:12,1,8,0
UNC,989.001040500035000,11/22/2025 21:11,1,7,0
UNC,989.001040500035000,11/22/2025 21:10,1,7,0
UNC,989.001040500035000,11/22/2025 21:09,1,7,0
UNC,989.001040500035000,11/22/2025 21:08,1,7,0
UNC,989.001040500035000,11/22/2025 21:07,1,7,0
UNC,989.001040500035000,11/22/2025 21:06,1,7,0
UNC,989.001040500035000,11/22/2025 21:05,1,7,0
UNC,989.001040500035000,11/22/2025 21:04,1,7,0
UNC,989.002028176996000,11/22/2025 20:50,1,2,0
UNC,989.002028176996000,11/22/2025 20:49,1,2,0
UNC,989.002028176996000,11/22/2025 20:48,1,2,0
UNC,989.002028176996000,11/22/2025 20:47,1,2,0
UNC,989.002028176996000,11/22/2025 20:45,1,2,0
UNC,989.002028176996000,11/22/2025 20:44,1,2,0
UNC,989.002028176996000,11/22/2025 20:43,1,2,0
UNC,989.002028176996000,11/22/2025 20:42,1,2,0
UNC,989.002028176996000,11/22/2025 20:41,1,2,0
UNC,989.002028176996000,11/22/2025 20:40,1,2,0
UNC,989.002028176996000,11/22/2025 20:40,1,3,0
UNC,989.002028176996000,11/22/2025 20:38,1,3,0
UNC,989.001040500035000,11/22/2025 20:19,1,7,0
UNC,989.001040500035000,11/22/2025 20:16,1,7,0
UNC,989.001040500035000,11/22/2025 20:15,1,7,0
UNC,989.001040500035000,11/22/2025 20:14,1,6,0
UNC,989.001040500035000,11/22/2025 20:13,1,7,0
UNC,989.001040500035000,11/22/2025 20:12,1,7,0
UNC,989.001040500035000,11/22/2025 20:11,1,7,0
UNC,989.001040500035000,11/22/2025 20:10,1,7,0
UNC,989.001040500035000,11/22/2025 20:09,1,7,0
UNC,989.001040500035000,11/22/2025 20:07,1,7,0
UNC,989.002028176996000,11/22/2025 20:07,1,2,0
UNC,989.002028176996000,11/22/2025 20:06,1,2,0
UNC,989.001040500035000,11/22/2025 20:05,1,7,0
UNC,989.002028176996000,11/22/2025 20:05,1,3,0
UNC,989.001040500035000,11/22/2025 20:04,1,7,0
UNC,989.002028176996000,11/22/2025 20:03,1,3,0
UNC,989.001040500035000,11/22/2025 20:03,1,7,0
UNC,989.002028176996000,11/22/2025 20:02,1,3,0
UNC,989.001040500035000,11/22/2025 20:01,1,8,0
UNC,989.002028176996000,11/22/2025 20:01,1,3,0
UNC,989.001040500035000,11/22/2025 20:00,1,8,0
UNC,989.001040500035000,11/22/2025 19:59,1,8,0
UNC,989.001040500035000,11/22/2025 19:58,1,8,0
UNC,989.002028176996000,11/22/2025 19:51,1,3,0
UNC,989.002028176996000,11/22/2025 19:38,1,2,0
UNC,989.002028176996000,11/22/2025 19:36,1,3,0
UNC,989.002028176996000,11/22/2025 19:33,1,3,0
UNC,989.002028176996000,11/22/2025 19:31,1,2,0
UNC,989.002028176996000,11/22/2025 19:30,1,2,0
UNC,989.002028176996000,11/22/2025 19:30,1,3,0
UNC,989.001040500035000,11/22/2025 19:26,1,8,0
UNC,989.001040500035000,11/22/2025 19:25,1,8,0
UNC,989.001040500035000,11/22/2025 19:24,1,8,0
UNC,989.001040500035000,11/22/2025 19:23,1,8,0
UNC,989.001040500035000,11/22/2025 19:22,1,8,0
UNC,989.002028176996000,11/22/2025 19:21,1,3,0
UNC,989.001040500035000,11/22/2025 19:20,1,8,0
UNC,989.001040500035000,11/22/2025 19:19,1,8,0
UNC,989.002028176996000,11/22/2025 19:14,1,3,0
UNC,989.002028177118000,11/22/2025 19:04,1,6,0
UNC,989.001040500035000,11/22/2025 19:00,1,8,0
UNC,989.001040500035000,11/22/2025 18:58,1,8,0
UNC,989.001040500035000,11/22/2025 18:56,1,8,0
UNC,989.001040500055000,11/22/2025 18:56,1,1,0
UNC,989.001040500035000,11/22/2025 18:55,1,8,0
UNC,989.002028176996000,11/22/2025 18:55,1,3,0
UNC,989.001040500055000,11/22/2025 18:53,1,1,0
UNC,989.001040500035000,11/22/2025 18:53,1,8,0
UNC,989.001040500035000,11/22/2025 18:52,1,8,0
UNC,989.001040500055000,11/22/2025 18:49,1,6,0
UNC,989.002028176996000,11/22/2025 18:44,1,2,0
UNC,989.002028176996000,11/22/2025 18:43,1,2,0
UNC,989.002028176996000,11/22/2025 18:42,1,2,0
UNC,989.002028176996000,11/22/2025 18:40,1,2,0
UNC,989.001030620186000,11/22/2025 18:38,1,9,0
UNC,989.001030620186000,11/22/2025 18:37,1,9,0
UNC,989.001030621167000,11/22/2025 18:36,1,2,0
UNC,989.001030621167000,11/22/2025 18:34,1,7,0
UNC,989.002028176996000,11/22/2025 18:33,1,2,0
UNC,989.002028176996000,11/22/2025 18:21,1,2,0
UNC,989.002028176996000,11/22/2025 18:20,1,2,0
UNC,989.002028176996000,11/22/2025 18:17,1,2,0
UNC,989.001030620186000,11/22/2025 18:14,1,9,0
UNC,989.001040500035000,11/22/2025 18:11,1,7,0
UNC,989.001040500035000,11/22/2025 18:10,1,7,0
UNC,989.001040500035000,11/22/2025 18:09,1,7,0
UNC,989.002028176996000,11/22/2025 18:07,1,2,0
UNC,989.001040500035000,11/22/2025 18:07,1,7,0
UNC,989.001030620186000,11/22/2025 18:06,1,9,0
UNC,989.001040500035000,11/22/2025 18:05,1,7,0
UNC,989.002028176996000,11/22/2025 18:05,1,2,0
UNC,989.001030620186000,11/22/2025 18:05,1,9,0
UNC,989.001040500035000,11/22/2025 18:04,1,7,0
UNC,989.002028176996000,11/22/2025 18:03,1,2,0
UNC,989.001040500035000,11/22/2025 18:02,1,7,0
UNC,989.002028176996000,11/22/2025 18:01,1,2,0
UNC,989.002028176996000,11/22/2025 18:01,1,1,0
UNC,989.001040500035000,11/22/2025 18:01,1,7,0
UNC,989.001040500035000,11/22/2025 18:00,1,7,0
UNC,989.002028176996000,11/22/2025 17:58,1,1,0
UNC,989.002028176996000,11/22/2025 17:58,1,2,0
UNC,989.001040500035000,11/22/2025 17:58,1,7,0
UNC,989.001040500035000,11/22/2025 17:57,1,7,0
UNC,989.002028176996000,11/22/2025 17:57,1,2,0
UNC,989.002028176996000,11/22/2025 17:56,1,2,0
UNC,989.002028176996000,11/22/2025 17:55,1,2,0
UNC,989.001040500035000,11/22/2025 17:55,1,7,0
UNC,989.001040500035000,11/22/2025 17:54,1,8,0
UNC,989.002028176996000,11/22/2025 17:54,1,2,0
UNC,989.001040500035000,11/22/2025 17:54,1,7,0
UNC,989.002028176996000,11/22/2025 17:53,1,2,0
UNC,989.001040500035000,11/22/2025 17:53,1,7,0
UNC,989.001040500035000,11/22/2025 17:52,1,7,0
UNC,989.001040500035000,11/22/2025 17:50,1,7,0
UNC,989.002028176996000,11/22/2025 17:50,1,2,0
UNC,989.002028176996000,11/22/2025 17:50,1,3,0
UNC,989.002028176996000,11/22/2025 17:48,1,3,0
UNC,989.002028176996000,11/22/2025 17:44,1,3,0
UNC,989.002028176996000,11/22/2025 17:44,1,2,0
UNC,989.001040500035000,11/22/2025 17:44,1,7,0
UNC,989.001030620684000,11/22/2025 17:43,1,1,0
UNC,989.002028176996000,11/22/2025 17:43,1,2,0
UNC,989.001030620684000,11/22/2025 17:42,1,6,0
UNC,989.002028176996000,11/22/2025 17:42,1,2,0
UNC,989.002028176996000,11/22/2025 17:41,1,2,0
UNC,989.002028176996000,11/22/2025 17:39,1,2,0
UNC,989.002028176996000,11/22/2025 17:38,1,2,0
UNC,989.002028176996000,11/22/2025 17:37,1,2,0
UNC,989.001030620553000,11/22/2025 17:37,1,2,0
UNC,989.001030620553000,11/22/2025 17:36,1,7,0
UNC,989.002028176996000,11/22/2025 17:34,1,2,0
UNC,989.002028176996000,11/22/2025 17:33,1,2,0
UNC,989.002028176996000,11/22/2025 17:32,1,2,0
UNC,989.001040500035000,11/22/2025 17:32,1,7,0
UNC,989.002028176996000,11/22/2025 17:31,1,2,0
UNC,989.001040500035000,11/22/2025 17:30,1,7,0
UNC,989.002028176996000,11/22/2025 17:30,1,2,0
UNC,989.002028176996000,11/22/2025 17:29,1,2,0
UNC,989.001040500035000,11/22/2025 17:28,1,7,0
UNC,989.002028176996000,11/22/2025 17:27,1,3,0
UNC,989.001040500035000,11/22/2025 17:27,1,7,0
UNC,989.002028176996000,11/22/2025 17:26,1,3,0
UNC,989.002028176996000,11/22/2025 17:25,1,3,0
UNC,989.001040500035000,11/22/2025 17:24,1,7,0
UNC,989.001040500035000,11/22/2025 17:23,1,7,0
UNC,989.002028176996000,11/22/2025 17:23,1,3,0
UNC,989.001040500035000,11/22/2025 17:22,1,7,0
UNC,989.002028176996000,11/22/2025 17:21,1,3,0
UNC,989.001040500035000,11/22/2025 17:21,1,7,0
UNC,989.001040500035000,11/22/2025 17:19,1,7,0
UNC,989.001040500035000,11/22/2025 17:18,1,6,0
UNC,989.001040500035000,11/22/2025 17:17,1,6,0
UNC,989.002028176996000,11/22/2025 17:16,1,3,0
UNC,989.001040500035000,11/22/2025 17:16,1,6,0
UNC,989.001040500035000,11/22/2025 17:15,1,7,0
UNC,989.001040500035000,11/22/2025 17:14,1,6,0
UNC,989.001040500035000,11/22/2025 17:14,1,7,0
UNC,989.001040500035000,11/22/2025 17:13,1,7,0
UNC,989.001040500035000,11/22/2025 17:12,1,7,0
UNC,989.001040500035000,11/22/2025 17:10,1,7,0
UNC,989.001040500035000,11/22/2025 17:09,1,7,0
UNC,989.001040500035000,11/22/2025 17:08,1,7,0
UNC,989.001040500035000,11/22/2025 17:07,1,7,0
UNC,989.002028176996000,11/22/2025 17:06,1,3,0
UNC,989.002028176996000,11/22/2025 17:05,1,3,0
UNC,989.002028176996000,11/22/2025 17:03,1,3,0
UNC,989.001040500035000,11/22/2025 17:03,1,7,0
UNC,989.001040500035000,11/22/2025 17:01,1,7,0
UNC,989.001040500035000,11/22/2025 17:00,1,7,0
UNC,989.002028176996000,11/22/2025 16:59,1,3,0
UNC,989.001040500035000,11/22/2025 16:59,1,7,0
UNC,989.002028176996000,11/22/2025 16:58,1,3,0
UNC,989.001040500035000,11/22/2025 16:58,1,7,0
UNC,989.002028176996000,11/22/2025 16:57,1,2,0
UNC,989.002028176996000,11/22/2025 16:48,1,3,0
UNC,989.002028176996000,11/22/2025 16:28,1,2,0
UNC,989.002028176996000,11/22/2025 16:28,1,3,0
UNC,989.002028176996000,11/22/2025 16:26,1,3,0
UNC,989.002028176996000,11/22/2025 16:25,1,2,0
UNC,989.002028176996000,11/22/2025 16:25,1,3,0
UNC,989.002028176996000,11/22/2025 15:45,1,3,0
UNC,989.002028176996000,11/22/2025 15:44,1,3,0
UNC,989.002028176996000,11/22/2025 15:43,1,2,0
UNC,989.002028176996000,11/22/2025 15:31,1,2,0
UNC,989.002028176996000,11/22/2025 15:30,1,3,0
UNC,989.002028176996000,11/22/2025 15:19,1,3,0
UNC,989.002028176996000,11/22/2025 15:19,1,2,0
UNC,989.002028176996000,11/22/2025 15:18,1,3,0
UNC,989.002028176996000,11/22/2025 15:17,1,3,0
UNC,989.002028176996000,11/22/2025 15:12,1,2,0
UNC,989.002028176996000,11/22/2025 15:11,1,2,0
UNC,989.002028176996000,11/22/2025 15:10,1,3,0
UNC,989.002028176996000,11/22/2025 15:07,1,3,0
UNC,989.002028176996000,11/22/2025 15:06,1,2,0
UNC,989.002028176996000,11/22/2025 15:06,1,3,0
UNC,989.002028176996000,11/22/2025 15:05,1,2,0
UNC,989.002028176996000,11/22/2025 15:04,1,2,0
UNC,989.002028176996000,11/22/2025 15:03,1,3,0
UNC,989.002028176996000,11/22/2025 15:02,1,3,0
UNC,989.002028176996000,11/22/2025 15:02,1,2,0
UNC,989.001040500070000,11/22/2025 13:07,1,1,0
UNC,989.002028176996000,11/22/2025 7:52,1,2,0
UNC,989.002028176996000,11/22/2025 7:32,1,2,0
UNC,989.002028176996000,11/22/2025 7:30,1,3,0
UNC,989.002028176996000,11/22/2025 7:29,1,3,0
UNC,989.002028176996000,11/22/2025 7:20,1,2,0
UNC,989.002028176695000,11/22/2025 7:19,1,2,0
UNC,989.002028176996000,11/22/2025 7:18,1,2,0
UNC,989.002028176996000,11/22/2025 7:17,1,2,0
UNC,989.002028176695000,11/22/2025 7:17,1,7,0
UNC,989.002028176996000,11/22/2025 7:16,1,2,0
UNC,989.002028176996000,11/22/2025 7:15,1,2,0
UNC,989.002028176695000,11/22/2025 7:15,1,7,0
UNC,989.002028176695000,11/22/2025 7:14,1,7,0
UNC,989.002028176996000,11/22/2025 7:13,1,2,0
UNC,989.002028176996000,11/22/2025 7:12,1,2,0
UNC,989.002028176695000,11/22/2025 7:12,1,6,0
UNC,989.002028176996000,11/22/2025 7:11,1,2,0
UNC,989.002028176695000,11/22/2025 7:11,1,6,0
UNC,989.002028176996000,11/22/2025 7:10,1,2,0
UNC,989.002028176996000,11/22/2025 7:09,1,2,0
UNC,989.002028176996000,11/22/2025 7:08,1,2,0
UNC,989.002028176996000,11/22/2025 7:07,1,2,0
UNC,989.002028176695000,11/22/2025 7:06,1,6,0
UNC,989.002028176996000,11/22/2025 7:06,1,2,0
UNC,989.002028176695000,11/22/2025 7:05,1,6,0
UNC,989.002028176996000,11/22/2025 7:05,1,2,0
UNC,989.002028176695000,11/22/2025 7:05,1,7,0
UNC,989.002028176996000,11/22/2025 7:04,1,2,0
UNC,989.002028176996000,11/22/2025 7:03,1,2,0
UNC,989.002028176996000,11/22/2025 7:02,1,2,0
UNC,989.002028176695000,11/22/2025 7:01,1,2,0
UNC,989.002028176695000,11/22/2025 7:00,1,3,0
UNC,989.001040500035000,11/22/2025 7:00,1,6,0
UNC,989.002028176996000,11/22/2025 7:00,1,3,0
UNC,989.001030620553000,11/22/2025 6:59,1,7,0
UNC,989.001040500035000,11/22/2025 6:59,1,6,0
UNC,989.001030620553000,11/22/2025 6:59,1,1,0
UNC,989.002028176996000,11/22/2025 6:58,1,3,0
UNC,989.001040500035000,11/22/2025 6:58,1,6,0
UNC,989.002028176695000,11/22/2025 6:58,1,2,0
UNC,989.002028176996000,11/22/2025 6:57,1,3,0
UNC,989.002028176695000,11/22/2025 6:57,1,3,0
UNC,989.001040500035000,11/22/2025 6:57,1,6,0
UNC,989.002028176996000,11/22/2025 6:56,1,3,0
UNC,989.002028176695000,11/22/2025 6:55,1,2,0
UNC,989.001040500035000,11/22/2025 6:54,1,7,0
UNC,989.002028176695000,11/22/2025 6:54,1,2,0
UNC,989.001040500035000,11/22/2025 6:53,1,7,0
UNC,989.002028176695000,11/22/2025 6:53,1,2,0
UNC,989.001040500035000,11/22/2025 6:52,1,7,0
UNC,989.002028176695000,11/22/2025 6:52,1,1,0
UNC,989.002028176695000,11/22/2025 6:51,1,1,0
UNC,989.001040500035000,11/22/2025 6:51,1,7,0
UNC,989.002028176695000,11/22/2025 6:50,1,1,0
UNC,989.001040500035000,11/22/2025 6:50,1,7,0
UNC,989.002028176996000,11/22/2025 6:50,1,3,0
UNC,989.001040500035000,11/22/2025 6:49,1,7,0
UNC,989.002028176996000,11/22/2025 6:49,1,3,0
UNC,989.001040500035000,11/22/2025 6:48,1,7,0
UNC,989.002028176996000,11/22/2025 6:47,1,3,0
UNC,989.001040500035000,11/22/2025 6:47,1,6,0
UNC,989.001040500035000,11/22/2025 6:47,1,7,0
UNC,989.001040500035000,11/22/2025 6:45,1,6,0
UNC,989.002028177050000,11/22/2025 6:45,1,1,0
UNC,989.001040500035000,11/22/2025 6:44,1,6,0
UNC,989.002028176695000,11/22/2025 6:44,1,7,0
UNC,989.001040500035000,11/22/2025 6:43,1,7,0
UNC,989.001040500035000,11/22/2025 6:42,1,7,0
UNC,989.001040500035000,11/22/2025 6:42,1,6,0
UNC,989.002028176695000,11/22/2025 6:42,1,6,0
UNC,989.002028176695000,11/22/2025 6:41,1,6,0
UNC,989.002028176695000,11/22/2025 6:40,1,7,0
UNC,989.001040500035000,11/22/2025 6:40,1,6,0
UNC,989.001040500035000,11/22/2025 6:40,1,7,0
UNC,989.002028176996000,11/22/2025 6:39,1,2,0
UNC,989.002028176695000,11/22/2025 6:39,1,6,0
UNC,989.001040500035000,11/22/2025 6:39,1,6,0
UNC,989.002028176996000,11/22/2025 6:38,1,2,0
UNC,989.002028176695000,11/22/2025 6:38,1,6,0
UNC,989.001040500035000,11/22/2025 6:38,1,6,0
UNC,989.001040500035000,11/22/2025 6:37,1,7,0
UNC,989.002028176996000,11/22/2025 6:37,1,3,0
UNC,989.002028176695000,11/22/2025 6:37,1,6,0
UNC,989.001040500035000,11/22/2025 6:37,1,6,0
UNC,989.001040500035000,11/22/2025 6:36,1,7,0
UNC,989.002028176695000,11/22/2025 6:36,1,7,0
UNC,989.002028177020000,11/22/2025 6:36,1,1,0
UNC,989.002028176996000,11/22/2025 6:36,1,3,0
UNC,989.001040500035000,11/22/2025 6:36,1,6,0
UNC,989.002028177020000,11/22/2025 6:35,1,2,0
UNC,989.002028176695000,11/22/2025 6:35,1,7,0
UNC,989.001040500035000,11/22/2025 6:35,1,6,0
UNC,989.002028176996000,11/22/2025 6:35,1,3,0
UNC,989.002028176695000,11/22/2025 6:34,1,7,0
UNC,989.001040500035000,11/22/2025 6:34,1,6,0
UNC,989.002028176996000,11/22/2025 6:33,1,2,0
UNC,989.001040500035000,11/22/2025 6:33,1,7,0
UNC,989.002028176996000,11/22/2025 6:32,1,2,0
UNC,989.002028176695000,11/22/2025 6:32,1,6,0
UNC,989.002028176695000,11/22/2025 6:32,1,7,0
UNC,989.001040500035000,11/22/2025 6:32,1,7,0
UNC,989.002028176695000,11/22/2025 6:31,1,7,0
UNC,989.002028176996000,11/22/2025 6:31,1,2,0
UNC,989.002028176695000,11/22/2025 6:30,1,7,0
UNC,989.002028177050000,11/22/2025 6:30,1,2,0
UNC,989.001040500035000,11/22/2025 6:30,1,7,0
UNC,989.002028176996000,11/22/2025 6:29,1,2,0
UNC,989.001040500035000,11/22/2025 6:29,1,7,0
UNC,989.002028176996000,11/22/2025 6:28,1,2,0
UNC,989.002028176695000,11/22/2025 6:28,1,6,0
UNC,989.002028176996000,11/22/2025 6:28,1,3,0
UNC,989.002028176695000,11/22/2025 6:27,1,6,0
UNC,989.002028176695000,11/22/2025 6:26,1,6,0
UNC,989.002028176695000,11/22/2025 6:25,1,6,0
UNC,989.002028176996000,11/22/2025 6:24,1,2,0
UNC,989.002028176695000,11/22/2025 6:24,1,6,0
UNC,989.002028176695000,11/22/2025 6:24,1,7,0
UNC,989.002028176996000,11/22/2025 6:23,1,3,0
UNC,989.002028176695000,11/22/2025 6:23,1,7,0
UNC,989.002028176996000,11/22/2025 6:22,1,3,0
UNC,989.002028176695000,11/22/2025 6:22,1,7,0
UNC,989.002028176695000,11/22/2025 6:20,1,6,0
UNC,989.002028176695000,11/22/2025 6:19,1,6,0
UNC,989.002028176695000,11/22/2025 6:19,1,7,0
UNC,989.002028176695000,11/22/2025 6:18,1,7,0
UNC,989.002028176996000,11/22/2025 6:17,1,3,0
UNC,989.002028176695000,11/22/2025 6:17,1,7,0
UNC,989.001040500035000,11/22/2025 6:16,1,7,0
UNC,989.002028176695000,11/22/2025 6:16,1,7,0
UNC,989.002028176695000,11/22/2025 6:15,1,7,0
UNC,989.002028176695000,11/22/2025 6:14,1,7,0
UNC,989.002028176695000,11/22/2025 6:13,1,7,0
UNC,989.002028176695000,11/22/2025 6:12,1,7,0
UNC,989.001040500035000,11/22/2025 6:11,1,7,0
UNC,989.002028176695000,11/22/2025 6:11,1,7,0
UNC,989.002028176695000,11/22/2025 6:10,1,7,0
UNC,989.002028176695000,11/22/2025 6:09,1,7,0
UNC,989.002028176996000,11/22/2025 6:08,1,3,0
UNC,989.002028176695000,11/22/2025 6:08,1,7,0
UNC,989.002028176996000,11/22/2025 6:07,1,3,0
UNC,989.002028176695000,11/22/2025 6:07,1,7,0
UNC,989.002028176996000,11/22/2025 6:06,1,3,0
UNC,989.002028176695000,11/22/2025 6:06,1,7,0
UNC,989.001030621167000,11/22/2025 6:01,1,6,0
UNC,989.001030621167000,11/22/2025 6:00,1,2,0
UNC,989.002028176996000,11/22/2025 5:48,1,3,0
UNC,989.002028176996000,11/22/2025 5:44,1,3,0
UNC,989.002028176996000,11/22/2025 5:38,1,3,0
UNC,989.001040500035000,11/22/2025 5:35,1,7,0
UNC,989.002028176996000,11/22/2025 5:33,1,3,0
UNC,989.001040500035000,11/22/2025 5:32,1,7,0
UNC,989.001040500035000,11/22/2025 5:30,1,7,0
UNC,989.001040500035000,11/22/2025 5:28,1,7,0
UNC,989.001040500035000,11/22/2025 5:26,1,7,0
UNC,989.001040500035000,11/22/2025 5:25,1,7,0
UNC,989.001040500035000,11/22/2025 5:23,1,8,0
UNC,989.001040500035000,11/22/2025 5:22,1,8,0
UNC,989.001040500035000,11/22/2025 5:21,1,8,0
UNC,989.001040500035000,11/22/2025 5:20,1,8,0
UNC,989.001040500035000,11/22/2025 5:18,1,8,0
UNC,989.001040500035000,11/22/2025 5:17,1,8,0
UNC,989.001040500035000,11/22/2025 5:16,1,8,0
UNC,989.001040500035000,11/22/2025 5:15,1,8,0
UNC,989.001040500035000,11/22/2025 5:14,1,8,0
UNC,989.001040500035000,11/22/2025 5:12,1,8,0
UNC,989.001040500035000,11/22/2025 5:11,1,8,0
UNC,989.001040500035000,11/22/2025 5:07,1,8,0
UNC,989.001040500035000,11/22/2025 5:06,1,8,0
UNC,989.001040500035000,11/22/2025 5:05,1,8,0
UNC,989.001040500035000,11/22/2025 5:04,1,8,0
UNC,989.002028176996000,11/22/2025 5:03,1,2,0
UNC,989.001040500035000,11/22/2025 5:02,1,8,0
UNC,989.002028176996000,11/22/2025 5:02,1,3,0
UNC,989.002028176996000,11/22/2025 5:01,1,3,0
UNC,989.002028176996000,11/22/2025 4:53,1,2,0
UNC,989.002028176996000,11/22/2025 4:52,1,1,0
UNC,989.002028176996000,11/22/2025 4:50,1,1,0
UNC,989.002028176996000,11/22/2025 4:50,1,2,0
UNC,989.002028176996000,11/22/2025 4:49,1,2,0
UNC,989.002028176996000,11/22/2025 4:48,1,2,0
UNC,989.002028176996000,11/22/2025 4:47,1,3,0
UNC,989.002028176996000,11/22/2025 4:44,1,3,0
UNC,989.002028176996000,11/22/2025 4:29,1,2,0
UNC,989.002028176996000,11/22/2025 4:28,1,2,0
UNC,989.002028176996000,11/22/2025 4:27,1,2,0
UNC,989.002028176996000,11/22/2025 4:26,1,2,0
UNC,989.002028176996000,11/22/2025 4:25,1,2,0
UNC,989.002028176996000,11/22/2025 4:23,1,2,0
UNC,989.002028176996000,11/22/2025 4:22,1,2,0
UNC,989.001040500035000,11/22/2025 4:22,1,7,0
UNC,989.001040500035000,11/22/2025 4:16,1,7,0
UNC,989.001040500035000,11/22/2025 4:15,1,7,0
UNC,989.002028176996000,11/22/2025 4:14,1,2,0
UNC,989.001040500035000,11/22/2025 4:14,1,7,0
UNC,989.002028176996000,11/22/2025 4:13,1,2,0
UNC,989.001040500035000,11/22/2025 4:12,1,7,0
UNC,989.002028176996000,11/22/2025 4:11,1,2,0
UNC,989.001040500035000,11/22/2025 4:11,1,7,0
UNC,989.001040500035000,11/22/2025 4:11,1,8,0
UNC,989.002028176996000,11/22/2025 4:10,1,2,0
UNC,989.002028176996000,11/22/2025 4:09,1,2,0
UNC,989.002028176996000,11/22/2025 4:08,1,2,0
UNC,989.002028176996000,11/22/2025 4:07,1,3,0
UNC,989.002028176996000,11/22/2025 4:06,1,3,0
UNC,989.002028176996000,11/22/2025 4:05,1,3,0
UNC,989.002028176996000,11/22/2025 4:03,1,3,0
UNC,989.002028176996000,11/22/2025 4:02,1,3,0
UNC,989.002028176996000,11/22/2025 4:01,1,3,0
UNC,989.002028176996000,11/22/2025 3:59,1,3,0
UNC,989.002028176996000,11/22/2025 3:58,1,3,0
UNC,989.002028176996000,11/22/2025 3:51,1,3,0
UNC,989.002028176996000,11/22/2025 3:50,1,3,0
UNC,989.002028176996000,11/22/2025 3:49,1,3,0
UNC,989.002028176996000,11/22/2025 3:48,1,3,0
UNC,989.002028176996000,11/22/2025 3:30,1,3,0
UNC,989.002028176996000,11/22/2025 3:26,1,2,0
UNC,989.002028176996000,11/22/2025 3:25,1,2,0
UNC,989.002028176996000,11/22/2025 3:24,1,2,0
UNC,989.002028176996000,11/22/2025 3:23,1,2,0
UNC,989.002028176996000,11/22/2025 3:22,1,2,0
UNC,989.002028176996000,11/22/2025 3:21,1,3,0
UNC,989.001040500035000,11/22/2025 3:14,1,8,0
UNC,989.001040500035000,11/22/2025 3:13,1,8,0
UNC,989.001040500035000,11/22/2025 3:12,1,8,0
UNC,989.001040500035000,11/22/2025 3:11,1,8,0
UNC,989.001040500035000,11/22/2025 3:10,1,8,0
UNC,989.001040500035000,11/22/2025 3:09,1,8,0
UNC,989.001040500035000,11/22/2025 3:08,1,8,0
UNC,989.001040500035000,11/22/2025 3:07,1,8,0
UNC,989.001040500035000,11/22/2025 3:06,1,8,0
UNC,989.001040500035000,11/22/2025 3:05,1,8,0
UNC,989.001040500035000,11/22/2025 3:04,1,8,0
UNC,989.001040500035000,11/22/2025 3:02,1,8,0
UNC,989.001040500035000,11/22/2025 3:01,1,7,0
UNC,989.002028176996000,11/22/2025 2:59,1,3,0
UNC,989.001040500035000,11/22/2025 2:59,1,7,0
UNC,989.001040500035000,11/22/2025 2:57,1,7,0
UNC,989.001040500035000,11/22/2025 2:55,1,7,0
UNC,989.001040500035000,11/22/2025 2:53,1,7,0
UNC,989.002028176996000,11/22/2025 2:52,1,3,0
UNC,989.001040500035000,11/22/2025 2:51,1,7,0
UNC,989.002028176996000,11/22/2025 2:49,1,3,0
UNC,989.002028176996000,11/22/2025 2:49,1,2,0
UNC,989.002028176996000,11/22/2025 2:48,1,2,0
UNC,989.002028176996000,11/22/2025 2:47,1,2,0
UNC,989.001040500035000,11/22/2025 2:43,1,7,0
UNC,989.002028176996000,11/22/2025 2:42,1,3,0
UNC,989.001040500035000,11/22/2025 2:41,1,7,0
UNC,989.001040500035000,11/22/2025 2:40,1,7,0
UNC,989.001040500035000,11/22/2025 2:39,1,7,0
UNC,989.001040500035000,11/22/2025 2:38,1,7,0
UNC,989.002028176996000,11/22/2025 2:36,1,3,0
UNC,989.001040500035000,11/22/2025 2:35,1,7,0
UNC,989.002028176996000,11/22/2025 2:34,1,3,0
UNC,989.002028176996000,11/22/2025 2:33,1,3,0
UNC,989.002028176996000,11/22/2025 2:33,1,2,0
UNC,989.002028176996000,11/22/2025 2:31,1,2,0
UNC,989.001040500035000,11/22/2025 2:30,1,7,0
UNC,989.002028176996000,11/22/2025 2:30,1,3,0
UNC,989.001030621386000,11/22/2025 2:28,1,2,0
UNC,989.001030621386000,11/22/2025 2:27,1,2,0
UNC,989.001030621386000,11/22/2025 2:25,1,2,0
UNC,989.001030621386000,11/22/2025 2:24,1,2,0
UNC,989.002028176996000,11/22/2025 2:23,1,3,0
UNC,989.001030621386000,11/22/2025 2:23,1,1,0
UNC,989.002028176996000,11/22/2025 2:21,1,2,0
UNC,989.001030621386000,11/22/2025 2:20,1,1,0
UNC,989.001030621386000,11/22/2025 2:20,1,2,0
UNC,989.002028176691000,11/22/2025 2:19,1,2,0
UNC,989.001030621386000,11/22/2025 2:18,1,2,0
UNC,989.002028176691000,11/22/2025 2:18,1,2,0
UNC,989.001030621386000,11/22/2025 2:17,1,2,0
UNC,989.001030621386000,11/22/2025 2:15,1,2,0
UNC,989.002028176996000,11/22/2025 2:15,1,3,0
UNC,989.001030621386000,11/22/2025 2:14,1,2,0
UNC,989.001030621386000,11/22/2025 2:12,1,2,0
UNC,989.001030621386000,11/22/2025 2:11,1,2,0
UNC,989.001030621386000,11/22/2025 2:11,1,1,0
UNC,989.002028176996000,11/22/2025 2:08,1,2,0
UNC,989.002028176996000,11/22/2025 2:07,1,2,0
UNC,989.002028176996000,11/22/2025 2:05,1,2,0
UNC,989.002028176996000,11/22/2025 2:04,1,1,0
UNC,989.002028176996000,11/22/2025 2:03,1,1,0
UNC,989.002028176996000,11/22/2025 2:02,1,1,0
UNC,989.001030620186000,11/22/2025 2:01,1,9,0
UNC,989.001030620186000,11/22/2025 2:00,1,9,0
UNC,989.001030620186000,11/22/2025 1:59,1,9,0
UNC,989.001030620186000,11/22/2025 1:58,1,9,0
UNC,989.001030620186000,11/22/2025 1:57,1,9,0
UNC,989.002028176996000,11/22/2025 1:57,1,1,0
UNC,989.001030620186000,11/22/2025 1:56,1,9,0
UNC,989.001030620186000,11/22/2025 1:55,1,9,0
UNC,989.001030620186000,11/22/2025 1:54,1,9,0
UNC,989.001030620186000,11/22/2025 1:53,1,9,0
UNC,989.002028176996000,11/22/2025 1:43,1,1,0
UNC,989.002028176996000,11/22/2025 1:42,1,1,0
UNC,989.002028176996000,11/22/2025 1:41,1,1,0
UNC,989.002028176996000,11/22/2025 1:41,1,2,0
UNC,989.002028176996000,11/22/2025 1:40,1,1,0
UNC,989.002028176996000,11/22/2025 1:40,1,2,0
UNC,989.002028176996000,11/22/2025 1:39,1,2,0
UNC,989.002028176996000,11/22/2025 1:37,1,2,0
UNC,989.002028176691000,11/22/2025 1:37,1,7,0
UNC,989.002028176996000,11/22/2025 1:36,1,2,0
UNC,989.002028176996000,11/22/2025 1:36,1,3,0
UNC,989.001030620186000,11/22/2025 1:33,1,9,0
UNC,989.002028176996000,11/22/2025 1:33,1,3,0
UNC,989.002028176996000,11/22/2025 1:30,1,3,0
UNC,989.002028176996000,11/22/2025 1:27,1,2,0
UNC,989.002028176996000,11/22/2025 1:26,1,2,0
UNC,989.001040500035000,11/22/2025 1:26,1,8,0
UNC,989.002028176996000,11/22/2025 1:25,1,2,0
UNC,989.001040500035000,11/22/2025 1:25,1,8,0
UNC,989.001040500035000,11/22/2025 1:24,1,8,0
UNC,989.002028176996000,11/22/2025 1:24,1,2,0
UNC,989.002028176996000,11/22/2025 1:23,1,3,0
UNC,989.001040500035000,11/22/2025 1:23,1,8,0
UNC,989.001040500035000,11/22/2025 1:22,1,8,0
UNC,989.001040500035000,11/22/2025 1:20,1,8,0
UNC,989.001040500035000,11/22/2025 1:19,1,8,0
UNC,989.001040500035000,11/22/2025 1:18,1,8,0
UNC,989.001040500035000,11/22/2025 1:17,1,8,0
UNC,989.002028176996000,11/22/2025 1:17,1,3,0
UNC,989.001040500035000,11/22/2025 1:16,1,8,0
UNC,989.001040500035000,11/22/2025 1:15,1,8,0
UNC,989.001040500035000,11/22/2025 1:14,1,8,0
UNC,989.001040500035000,11/22/2025 1:13,1,8,0
UNC,989.001040500035000,11/22/2025 1:12,1,8,0
UNC,989.001040500035000,11/22/2025 1:11,1,8,0
UNC,989.001040500035000,11/22/2025 1:10,1,8,0
UNC,989.001040500035000,11/22/2025 1:09,1,8,0
UNC,989.002028176996000,11/22/2025 1:07,1,3,0
UNC,989.002028176996000,11/22/2025 1:03,1,2,0
UNC,989.002028176996000,11/22/2025 1:01,1,2,0
UNC,989.002028176996000,11/22/2025 1:00,1,2,0
UNC,989.002028176996000,11/22/2025 1:00,1,3,0
UNC,989.002028176996000,11/22/2025 0:59,1,3,0
UNC,989.002028176996000,11/22/2025 0:53,1,3,0
UNC,989.002028176996000,11/22/2025 0:53,1,2,0
UNC,989.002028176996000,11/22/2025 0:52,1,2,0
UNC,989.002028176996000,11/22/2025 0:51,1,2,0
UNC,989.002028176996000,11/22/2025 0:50,1,2,0
UNC,989.002028176996000,11/22/2025 0:41,1,3,0
UNC,989.002028176996000,11/22/2025 0:39,1,3,0
UNC,989.002028176996000,11/22/2025 0:32,1,2,0
UNC,989.002028176996000,11/22/2025 0:31,1,2,0
UNC,989.002028176996000,11/22/2025 0:29,1,2,0
UNC,989.002028176996000,11/22/2025 0:28,1,2,0
UNC,989.002028176996000,11/22/2025 0:27,1,2,0
UNC,989.002028176996000,11/22/2025 0:26,1,3,0
UNC,989.002028176996000,11/22/2025 0:25,1,3,0
UNC,989.002028176996000,11/22/2025 0:22,1,3,0
UNC,989.002028176996000,11/22/2025 0:13,1,3,0
UNC,989.002028176996000,11/22/2025 0:07,1,2,0
UNC,989.002028176996000,11/22/2025 0:06,1,2,0
UNC,989.002028176996000,11/22/2025 0:05,1,2,0
UNC,989.002028176996000,11/22/2025 0:03,1,2,0
UNC,989.002028176996000,11/22/2025 0:01,1,2,0
UNC,989.002028176996000,11/22/2025 0:00,1,2,0
UNC,989.002028176996000,11/21/2025 23:58,1,2,0
UNC,989.002028176996000,11/21/2025 23:57,1,2,0
UNC,989.002028176996000,11/21/2025 23:56,1,2,0
UNC,989.002028176996000,11/21/2025 23:55,1,2,0
UNC,989.002028176996000,11/21/2025 23:54,1,2,0
UNC,989.002028176996000,11/21/2025 23:48,1,2,0
UNC,989.002028176996000,11/21/2025 23:47,1,2,0
UNC,989.002028176996000,11/21/2025 23:46,1,2,0
UNC,989.002028176996000,11/21/2025 23:45,1,2,0
UNC,989.002028176996000,11/21/2025 23:44,1,2,0
UNC,989.002028176996000,11/21/2025 23:43,1,2,0
UNC,989.002028176996000,11/21/2025 23:42,1,2,0
UNC,989.002028176996000,11/21/2025 23:41,1,2,0
UNC,989.002028176996000,11/21/2025 23:40,1,2,0
UNC,989.002028176996000,11/21/2025 23:39,1,2,0
UNC,989.002028176996000,11/21/2025 23:37,1,2,0
UNC,989.002028176996000,11/21/2025 23:36,1,2,0
UNC,989.001030620186000,11/21/2025 23:36,1,9,0
UNC,989.002028176996000,11/21/2025 23:35,1,2,0
UNC,989.002028176996000,11/21/2025 23:34,1,2,0
UNC,989.001030620186000,11/21/2025 23:33,1,9,0
UNC,989.002028176996000,11/21/2025 23:33,1,2,0
UNC,989.002028176996000,11/21/2025 23:31,1,2,0
UNC,989.001030620186000,11/21/2025 23:31,1,9,0
UNC,989.002028176996000,11/21/2025 23:30,1,2,0
UNC,989.002028176996000,11/21/2025 23:29,1,3,0
UNC,989.002028176996000,11/21/2025 23:00,1,3,0
UNC,989.002028176996000,11/21/2025 22:33,1,3,0
UNC,989.002028176996000,11/21/2025 22:29,1,2,0
UNC,989.002028176996000,11/21/2025 22:28,1,2,0
UNC,989.002028176996000,11/21/2025 22:26,1,2,0
UNC,989.002028176996000,11/21/2025 22:24,1,2,0
UNC,989.002028176996000,11/21/2025 22:23,1,2,0
UNC,989.002028176996000,11/21/2025 22:22,1,2,0
UNC,989.002028176996000,11/21/2025 22:20,1,2,0
UNC,989.002028176996000,11/21/2025 22:18,1,2,0
UNC,989.002028176996000,11/21/2025 22:17,1,2,0
UNC,989.002028176996000,11/21/2025 22:16,1,2,0
UNC,989.002028176996000,11/21/2025 22:15,1,2,0
UNC,989.002028176996000,11/21/2025 22:14,1,2,0
UNC,989.002028176996000,11/21/2025 22:13,1,2,0
UNC,989.002028176996000,11/21/2025 22:12,1,3,0
UNC,989.002028176996000,11/21/2025 22:08,1,3,0
UNC,989.002028176996000,11/21/2025 22:06,1,2,0
UNC,989.002028176996000,11/21/2025 22:05,1,2,0
UNC,989.002028176996000,11/21/2025 22:04,1,2,0
UNC,989.002028176996000,11/21/2025 22:03,1,2,0
UNC,989.002028176996000,11/21/2025 22:02,1,2,0
UNC,989.002028176996000,11/21/2025 22:00,1,2,0
UNC,989.002028176996000,11/21/2025 21:43,1,2,0
UNC,989.001030620186000,11/21/2025 21:42,1,9,0
UNC,989.002028176996000,11/21/2025 21:42,1,2,0
UNC,989.002028176996000,11/21/2025 21:40,1,2,0
UNC,989.002028176996000,11/21/2025 21:39,1,2,0
UNC,989.001030620186000,11/21/2025 21:39,1,9,0
UNC,989.002028176996000,11/21/2025 21:38,1,2,0
UNC,989.001030620186000,11/21/2025 21:35,1,9,0
UNC,989.002028176996000,11/21/2025 21:29,1,3,0
UNC,989.002028176996000,11/21/2025 21:22,1,3,0
UNC,989.002028176996000,11/21/2025 21:13,1,3,0
UNC,989.002028176996000,11/21/2025 21:05,1,3,0
UNC,989.001040500035000,11/21/2025 20:50,1,8,0
UNC,989.002028176996000,11/21/2025 20:46,1,2,0
UNC,989.002028176996000,11/21/2025 20:46,1,1,0
UNC,989.002028176996000,11/21/2025 20:35,1,2,0
UNC,989.002028176996000,11/21/2025 20:34,1,2,0
UNC,989.002028176996000,11/21/2025 20:33,1,2,0
UNC,989.002028176996000,11/21/2025 20:31,1,2,0
UNC,989.002028176996000,11/21/2025 20:30,1,2,0
UNC,989.002028176996000,11/21/2025 20:29,1,2,0
UNC,989.002028176996000,11/21/2025 20:28,1,2,0
UNC,989.002028176996000,11/21/2025 20:26,1,2,0
UNC,989.002028176996000,11/21/2025 20:25,1,2,0
UNC,989.002028176996000,11/21/2025 20:24,1,2,0
UNC,989.002028176996000,11/21/2025 20:23,1,2,0
UNC,989.002028176996000,11/21/2025 20:22,1,2,0
UNC,989.002028176996000,11/21/2025 20:21,1,2,0
UNC,989.002028176996000,11/21/2025 20:20,1,2,0
UNC,989.001030620186000,11/21/2025 20:19,1,9,0
UNC,989.002028176996000,11/21/2025 20:19,1,1,0
UNC,989.002028176996000,11/21/2025 20:19,1,2,0
UNC,989.002028176996000,11/21/2025 20:17,1,2,0
UNC,989.001030620186000,11/21/2025 20:17,1,9,0
UNC,989.002028176996000,11/21/2025 20:16,1,2,0
UNC,989.002028176996000,11/21/2025 20:15,1,2,0
UNC,989.001030620186000,11/21/2025 20:14,1,9,0
UNC,989.002028176996000,11/21/2025 20:14,1,2,0
UNC,989.002028176996000,11/21/2025 20:13,1,2,0
UNC,989.002028176996000,11/21/2025 20:11,1,2,0
UNC,989.002028176996000,11/21/2025 20:10,1,2,0
UNC,989.002028176996000,11/21/2025 20:09,1,2,0
UNC,989.002028176996000,11/21/2025 20:03,1,2,0
UNC,989.002028176996000,11/21/2025 20:00,1,1,0
UNC,989.002028176996000,11/21/2025 19:57,1,1,0
UNC,989.001030620186000,11/21/2025 19:43,1,9,0
UNC,989.001030620186000,11/21/2025 19:39,1,9,0
UNC,989.002028176996000,11/21/2025 19:35,1,2,0
UNC,989.002028176996000,11/21/2025 19:33,1,2,0
UNC,989.002028176996000,11/21/2025 19:32,1,2,0
UNC,989.001030620186000,11/21/2025 19:31,1,9,0
UNC,989.001030620186000,11/21/2025 19:29,1,9,0
UNC,989.002028176996000,11/21/2025 19:29,1,2,0
UNC,989.001030620186000,11/21/2025 19:28,1,9,0
UNC,989.001030620186000,11/21/2025 19:26,1,9,0
UNC,989.001030620186000,11/21/2025 19:25,1,9,0
UNC,989.002028176996000,11/21/2025 19:12,1,2,0
UNC,989.001030620186000,11/21/2025 19:04,1,9,0
UNC,989.001030620186000,11/21/2025 19:03,1,9,0
UNC,989.001030620186000,11/21/2025 19:02,1,9,0
UNC,989.001030620186000,11/21/2025 19:01,1,9,0
UNC,989.001030620186000,11/21/2025 19:00,1,9,0
UNC,989.002028176996000,11/21/2025 18:59,1,2,0
UNC,989.001030620186000,11/21/2025 18:59,1,9,0
UNC,989.001030620186000,11/21/2025 18:58,1,9,0
UNC,989.001030620186000,11/21/2025 18:56,1,9,0
UNC,989.001030620186000,11/21/2025 18:55,1,9,0
UNC,989.001030620186000,11/21/2025 18:54,1,9,0
UNC,989.001030620186000,11/21/2025 18:53,1,9,0
UNC,989.002028176996000,11/21/2025 18:53,1,2,0
UNC,989.002028176996000,11/21/2025 18:52,1,2,0
UNC,989.002028176996000,11/21/2025 18:49,1,2,0
UNC,989.002028176996000,11/21/2025 18:48,1,2,0
UNC,989.002028176996000,11/21/2025 18:46,1,2,0
UNC,989.002028176996000,11/21/2025 18:45,1,2,0
UNC,989.002028176996000,11/21/2025 18:42,1,2,0
UNC,989.002028176996000,11/21/2025 18:41,1,2,0
UNC,989.002028176996000,11/21/2025 18:40,1,2,0
UNC,989.001030621167000,11/21/2025 18:39,1,7,0
UNC,989.002028176996000,11/21/2025 18:39,1,2,0
UNC,989.002028176996000,11/21/2025 18:37,1,2,0
UNC,989.002028176996000,11/21/2025 18:36,1,2,0
UNC,989.002028176996000,11/21/2025 18:35,1,3,0
UNC,989.002028176996000,11/21/2025 18:34,1,3,0
UNC,989.002028176996000,11/21/2025 18:33,1,3,0
UNC,989.002028176996000,11/21/2025 18:30,1,2,0
UNC,989.002028176996000,11/21/2025 18:24,1,3,0
UNC,989.002028176996000,11/21/2025 18:18,1,2,0
UNC,989.002028176996000,11/21/2025 18:17,1,2,0
UNC,989.002028176996000,11/21/2025 18:16,1,2,0
UNC,989.002028176996000,11/21/2025 18:14,1,2,0
UNC,989.002028176996000,11/21/2025 18:11,1,3,0
UNC,989.002028176996000,11/21/2025 18:07,1,3,0
UNC,989.001040500035000,11/21/2025 18:05,1,8,0
UNC,989.002028176996000,11/21/2025 18:01,1,2,0
UNC,989.002028176996000,11/21/2025 18:00,1,2,0
UNC,989.002028176996000,11/21/2025 17:59,1,2,0
UNC,989.001040500035000,11/21/2025 17:59,1,7,0
UNC,989.002028176996000,11/21/2025 17:59,1,3,0
UNC,989.001030620684000,11/21/2025 17:58,1,2,0
UNC,989.001040500035000,11/21/2025 17:58,1,7,0
UNC,989.002028176996000,11/21/2025 17:58,1,3,0
UNC,989.001030620684000,11/21/2025 17:57,1,6,0
UNC,989.001040500035000,11/21/2025 17:56,1,7,0
UNC,989.001040500035000,11/21/2025 17:56,1,8,0
UNC,989.001040500035000,11/21/2025 17:55,1,7,0
UNC,989.001040500035000,11/21/2025 17:54,1,7,0
UNC,989.001040500035000,11/21/2025 17:53,1,7,0
UNC,989.002028176996000,11/21/2025 17:53,1,3,0
UNC,989.001040500035000,11/21/2025 17:51,1,7,0
UNC,989.001040500035000,11/21/2025 17:50,1,7,0
UNC,989.002028176996000,11/21/2025 17:49,1,3,0
UNC,989.001040500035000,11/21/2025 17:49,1,7,0
UNC,989.002028176996000,11/21/2025 17:48,1,3,0
UNC,989.002028176996000,11/21/2025 17:48,1,2,0
UNC,989.002028176996000,11/21/2025 17:47,1,2,0
UNC,989.001040500035000,11/21/2025 17:47,1,7,0
UNC,989.002028176996000,11/21/2025 17:45,1,2,0
UNC,989.001040500035000,11/21/2025 17:45,1,7,0
UNC,989.002028176996000,11/21/2025 17:44,1,2,0
UNC,989.002028176996000,11/21/2025 17:43,1,2,0
UNC,989.001040500035000,11/21/2025 17:42,1,7,0
UNC,989.002028176996000,11/21/2025 17:42,1,2,0
UNC,989.001040500035000,11/21/2025 17:41,1,7,0
UNC,989.002028176996000,11/21/2025 17:41,1,2,0
UNC,989.002028176996000,11/21/2025 17:40,1,2,0
UNC,989.001040500035000,11/21/2025 17:39,1,7,0
UNC,989.002028176996000,11/21/2025 17:38,1,2,0
UNC,989.001040500035000,11/21/2025 17:38,1,7,0
UNC,989.002028176996000,11/21/2025 17:37,1,2,0
UNC,989.001040500055000,11/21/2025 17:37,1,2,0
UNC,989.002028176996000,11/21/2025 17:36,1,2,0
UNC,989.001040500035000,11/21/2025 17:35,1,7,0
UNC,989.001040500035000,11/21/2025 17:34,1,7,0
UNC,989.001040500035000,11/21/2025 17:33,1,7,0
UNC,989.001040500055000,11/21/2025 17:32,1,7,0
UNC,989.001040500035000,11/21/2025 17:31,1,7,0
UNC,989.001040500035000,11/21/2025 17:30,1,7,0
UNC,989.002028176695000,11/21/2025 17:29,1,2,0
UNC,989.002028176996000,11/21/2025 17:28,1,3,0
UNC,989.002028176695000,11/21/2025 17:27,1,2,0
UNC,989.002028176695000,11/21/2025 17:26,1,2,0
UNC,989.002028176695000,11/21/2025 17:25,1,2,0
UNC,989.001030620553000,11/21/2025 17:25,1,2,0
UNC,989.002028176695000,11/21/2025 17:24,1,2,0
UNC,989.001030620553000,11/21/2025 17:24,1,7,0
UNC,989.002028176695000,11/21/2025 17:23,1,2,0
UNC,989.002028176996000,11/21/2025 17:23,1,3,0
UNC,989.002028176695000,11/21/2025 17:22,1,2,0
UNC,989.002028176695000,11/21/2025 17:21,1,2,0
UNC,989.002028176996000,11/21/2025 17:21,1,3,0
UNC,989.002028176695000,11/21/2025 17:20,1,1,0
UNC,989.002028176695000,11/21/2025 17:20,1,2,0
UNC,989.002028176695000,11/21/2025 17:19,1,1,0
UNC,989.002028176695000,11/21/2025 17:18,1,1,0
UNC,989.002028176996000,11/21/2025 17:17,1,2,0
UNC,989.002028176695000,11/21/2025 17:16,1,1,0
UNC,989.002028176996000,11/21/2025 17:16,1,2,0
UNC,989.002028176695000,11/21/2025 17:15,1,2,0
UNC,989.002028176996000,11/21/2025 17:14,1,2,0
UNC,989.002028176996000,11/21/2025 17:14,1,3,0
UNC,989.002028176695000,11/21/2025 17:14,1,3,0
UNC,989.002028176695000,11/21/2025 17:13,1,3,0
UNC,989.002028176695000,11/21/2025 17:12,1,3,0
UNC,989.002028176996000,11/21/2025 17:12,1,3,0
UNC,989.002028176695000,11/21/2025 17:11,1,3,0
UNC,989.002028176996000,11/21/2025 17:09,1,2,0
UNC,989.002028176695000,11/21/2025 17:08,1,2,0
UNC,989.001030620668000,11/21/2025 17:07,1,7,0
UNC,989.002028176695000,11/21/2025 17:07,1,2,0
UNC,989.001030620668000,11/21/2025 17:07,1,8,0
UNC,989.002028176996000,11/21/2025 16:45,1,3,0
UNC,989.002028176996000,11/21/2025 16:44,1,3,0
UNC,989.002028176996000,11/21/2025 16:36,1,2,0
UNC,989.002028176996000,11/21/2025 16:35,1,2,0
UNC,989.002028176996000,11/21/2025 16:33,1,3,0
UNC,989.002028176996000,11/21/2025 16:27,1,2,0
UNC,989.002028176996000,11/21/2025 16:26,1,2,0
UNC,989.002028176996000,11/21/2025 16:25,1,2,0
UNC,989.002028176996000,11/21/2025 16:25,1,3,0
UNC,989.002028176996000,11/21/2025 16:18,1,3,0
UNC,989.002028176996000,11/21/2025 16:17,1,2,0
UNC,989.002028176996000,11/21/2025 16:16,1,3,0
UNC,989.002028176996000,11/21/2025 16:10,1,2,0
UNC,989.002028176996000,11/21/2025 16:09,1,2,0
UNC,989.002028176996000,11/21/2025 16:07,1,2,0
UNC,989.002028176996000,11/21/2025 16:06,1,2,0
UNC,989.002028176996000,11/21/2025 16:05,1,2,0
UNC,989.002028176996000,11/21/2025 16:04,1,2,0
UNC,989.002028176996000,11/21/2025 16:03,1,2,0
UNC,989.001030620668000,11/21/2025 15:11,1,8,0
UNC,989.001030620678000,11/21/2025 13:54,1,3,0
UNC,989.001030621167000,11/21/2025 8:01,1,6,0
UNC,989.001040500035000,11/21/2025 7:24,1,7,0
UNC,989.001040500035000,11/21/2025 7:23,1,7,0
UNC,989.001040500035000,11/21/2025 7:22,1,7,0
UNC,989.001040500035000,11/21/2025 7:21,1,7,0
UNC,989.001040500035000,11/21/2025 7:20,1,7,0
UNC,989.001040500035000,11/21/2025 7:19,1,6,0
UNC,989.002028176695000,11/21/2025 7:18,1,2,0
UNC,989.002028176695000,11/21/2025 7:17,1,3,0
UNC,989.002028176695000,11/21/2025 7:17,1,2,0
UNC,989.001040500035000,11/21/2025 7:16,1,7,0
UNC,989.002028176695000,11/21/2025 7:16,1,3,0
UNC,989.002028176695000,11/21/2025 7:15,1,2,0
UNC,989.002028176695000,11/21/2025 7:15,1,3,0
UNC,989.001040500035000,11/21/2025 7:14,1,7,0
UNC,989.002028176695000,11/21/2025 7:14,1,2,0
UNC,989.001040500035000,11/21/2025 7:13,1,7,0
UNC,989.002028176695000,11/21/2025 7:12,1,1,0
UNC,989.002028176695000,11/21/2025 7:11,1,1,0
UNC,989.002028176695000,11/21/2025 7:11,1,2,0
UNC,989.002028176695000,11/21/2025 7:10,1,2,0
UNC,989.001040500035000,11/21/2025 7:09,1,7,0
UNC,989.001040500035000,11/21/2025 7:08,1,7,0
UNC,989.002028176996000,11/21/2025 7:07,1,3,0
UNC,989.001040500035000,11/21/2025 7:06,1,7,0
UNC,989.002028176695000,11/21/2025 7:05,1,7,0
UNC,989.002028176695000,11/21/2025 7:04,1,6,0
UNC,989.002028176695000,11/21/2025 6:59,1,6,0
UNC,989.002028176695000,11/21/2025 6:58,1,6,0
UNC,989.002028176695000,11/21/2025 6:57,1,7,0
UNC,989.002028176695000,11/21/2025 6:57,1,6,0
UNC,989.002028176695000,11/21/2025 6:56,1,6,0
UNC,989.001040500035000,11/21/2025 6:55,1,6,0
UNC,989.002028176695000,11/21/2025 6:55,1,7,0
UNC,989.001040500035000,11/21/2025 6:54,1,6,0
UNC,989.001040500035000,11/21/2025 6:53,1,6,0
UNC,989.001040500035000,11/21/2025 6:52,1,6,0
UNC,989.001040500035000,11/21/2025 6:52,1,7,0
UNC,989.002028176695000,11/21/2025 6:52,1,6,0
UNC,989.002028176695000,11/21/2025 6:52,1,7,0
UNC,989.001040500035000,11/21/2025 6:51,1,7,0
UNC,989.002028176695000,11/21/2025 6:51,1,7,0
UNC,989.001040500035000,11/21/2025 6:50,1,7,0
UNC,989.002028176695000,11/21/2025 6:49,1,7,0
UNC,989.001040500035000,11/21/2025 6:49,1,7,0
UNC,989.001040500035000,11/21/2025 6:48,1,7,0
UNC,989.002028176695000,11/21/2025 6:47,1,6,0
UNC,989.002028176996000,11/21/2025 6:47,1,2,0
UNC,989.001040500035000,11/21/2025 6:47,1,7,0
UNC,989.002028176695000,11/21/2025 6:46,1,6,0
UNC,989.002028176996000,11/21/2025 6:46,1,3,0
UNC,989.001030620553000,11/21/2025 6:46,1,7,0
UNC,989.002028176996000,11/21/2025 6:46,1,2,0
UNC,989.001030620553000,11/21/2025 6:46,1,2,0
UNC,989.002028176695000,11/21/2025 6:45,1,6,0
UNC,989.002028176996000,11/21/2025 6:45,1,3,0
UNC,989.002028176695000,11/21/2025 6:45,1,7,0
UNC,989.002028176695000,11/21/2025 6:44,1,7,0
UNC,989.002028176695000,11/21/2025 6:43,1,6,0
UNC,989.002028176695000,11/21/2025 6:42,1,6,0
UNC,989.002028176996000,11/21/2025 6:42,1,2,0
UNC,989.002028176695000,11/21/2025 6:42,1,7,0
UNC,989.002028176996000,11/21/2025 6:42,1,3,0
UNC,989.002028176996000,11/21/2025 6:41,1,3,0
UNC,989.002028176695000,11/21/2025 6:41,1,7,0
UNC,989.002028176695000,11/21/2025 6:40,1,7,0
UNC,989.002028176996000,11/21/2025 6:40,1,3,0
UNC,989.002028176695000,11/21/2025 6:39,1,6,0
UNC,989.002028176695000,11/21/2025 6:38,1,6,0
UNC,989.002028176695000,11/21/2025 6:38,1,7,0
UNC,989.002028176695000,11/21/2025 6:37,1,7,0
UNC,989.002028176996000,11/21/2025 6:37,1,3,0
UNC,989.001040500035000,11/21/2025 6:36,1,7,0
UNC,989.002028176695000,11/21/2025 6:36,1,7,0
UNC,989.001040500035000,11/21/2025 6:35,1,7,0
UNC,989.002028176695000,11/21/2025 6:34,1,6,0
UNC,989.002028176695000,11/21/2025 6:33,1,1,0
UNC,989.002028176695000,11/21/2025 6:32,1,1,0
UNC,989.002028176695000,11/21/2025 6:31,1,2,0
UNC,989.002028176695000,11/21/2025 6:30,1,2,0
UNC,989.002028176996000,11/21/2025 6:29,1,2,0
UNC,989.002028176695000,11/21/2025 6:28,1,1,0
UNC,989.002028176996000,11/21/2025 6:28,1,2,0
UNC,989.002028176695000,11/21/2025 6:27,1,2,0
UNC,989.001030620684000,11/21/2025 6:27,1,6,0
UNC,989.001030620684000,11/21/2025 6:27,1,1,0
UNC,989.002028176695000,11/21/2025 6:27,1,1,0
UNC,989.002028176996000,11/21/2025 6:26,1,2,0
UNC,989.002028176996000,11/21/2025 6:25,1,3,0
UNC,989.002028176996000,11/21/2025 6:24,1,3,0
UNC,989.002028176996000,11/21/2025 6:22,1,2,0
UNC,989.002028176996000,11/21/2025 6:21,1,2,0
UNC,989.002028176996000,11/21/2025 6:20,1,2,0
UNC,989.002028176996000,11/21/2025 6:19,1,2,0
UNC,989.002028176996000,11/21/2025 6:18,1,3,0
UNC,989.002028176996000,11/21/2025 6:17,1,3,0
UNC,989.002028176996000,11/21/2025 6:16,1,3,0
UNC,989.001040500035000,11/21/2025 6:15,1,7,0
UNC,989.001040500035000,11/21/2025 6:14,1,7,0
UNC,989.001040500035000,11/21/2025 6:12,1,7,0
UNC,989.002028176996000,11/21/2025 6:10,1,2,0
UNC,989.001040500035000,11/21/2025 6:09,1,7,0
UNC,989.002028176996000,11/21/2025 6:09,1,2,0
UNC,989.001040500035000,11/21/2025 6:08,1,7,0
UNC,989.002028176996000,11/21/2025 6:07,1,2,0
UNC,989.001040500035000,11/21/2025 6:07,1,7,0
UNC,989.002028176996000,11/21/2025 6:06,1,2,0
UNC,989.001040500035000,11/21/2025 6:06,1,7,0
UNC,989.001040500035000,11/21/2025 6:05,1,7,0
UNC,989.002028176996000,11/21/2025 6:05,1,2,0
UNC,989.002028176996000,11/21/2025 6:04,1,2,0
UNC,989.002028176996000,11/21/2025 6:03,1,3,0
UNC,989.002028176996000,11/21/2025 6:02,1,3,0
UNC,989.002028176996000,11/21/2025 6:01,1,3,0
UNC,989.002028176996000,11/21/2025 6:00,1,3,0
UNC,989.001040500035000,11/21/2025 6:00,1,7,0
UNC,989.002028176996000,11/21/2025 5:26,1,1,0
UNC,989.002028176996000,11/21/2025 5:23,1,1,0
UNC,989.002028176996000,11/21/2025 5:22,1,1,0
UNC,989.001040500084000,11/21/2025 5:21,1,2,0
UNC,989.001040500084000,11/21/2025 5:20,1,7,0
UNC,989.001030620186000,11/21/2025 5:20,1,9,0
UNC,989.002028176996000,11/21/2025 5:19,1,2,0
UNC,989.002028176996000,11/21/2025 5:18,1,1,0
UNC,989.002028176996000,11/21/2025 5:17,1,1,0
UNC,989.002028176996000,11/21/2025 5:17,1,2,0
UNC,989.002028176996000,11/21/2025 5:16,1,2,0
UNC,989.002028176996000,11/21/2025 5:15,1,2,0
UNC,989.002028176996000,11/21/2025 5:14,1,2,0
UNC,989.002028176996000,11/21/2025 5:13,1,2,0
UNC,989.002028176996000,11/21/2025 5:11,1,2,0
UNC,989.002028176996000,11/21/2025 5:10,1,2,0
UNC,989.002028176996000,11/21/2025 5:09,1,2,0
UNC,989.002028176996000,11/21/2025 5:08,1,2,0
UNC,989.002028176996000,11/21/2025 5:04,1,1,0
UNC,989.002028176996000,11/21/2025 5:02,1,1,0
UNC,989.002028176996000,11/21/2025 4:59,1,1,0
UNC,989.002028176996000,11/21/2025 4:57,1,1,0
UNC,989.002028176996000,11/21/2025 4:56,1,1,0
UNC,989.002028176996000,11/21/2025 4:56,1,2,0
UNC,989.001040500084000,11/21/2025 4:47,1,8,0
UNC,989.001040500084000,11/21/2025 4:47,1,7,0
UNC,989.001040500084000,11/21/2025 4:47,1,1,0
UNC,989.001030620186000,11/21/2025 4:20,1,9,0
UNC,989.001030620186000,11/21/2025 4:19,1,9,0
UNC,989.001030620186000,11/21/2025 4:18,1,9,0
UNC,989.001030620186000,11/21/2025 4:17,1,9,0
UNC,989.001030620186000,11/21/2025 4:16,1,9,0
UNC,989.001030620186000,11/21/2025 4:15,1,9,0
UNC,989.001030620186000,11/21/2025 4:14,1,9,0
UNC,989.001030620186000,11/21/2025 4:13,1,9,0
UNC,989.001030620186000,11/21/2025 4:12,1,9,0
UNC,989.001030620186000,11/21/2025 4:11,1,9,0
UNC,989.001030620186000,11/21/2025 4:10,1,9,0
UNC,989.001030620186000,11/21/2025 4:09,1,9,0
UNC,989.001030620186000,11/21/2025 4:08,1,9,0
UNC,989.002028176996000,11/21/2025 4:07,1,3,0
UNC,989.001030620186000,11/21/2025 4:07,1,9,0
UNC,989.001030620186000,11/21/2025 4:06,1,9,0
UNC,989.001030620186000,11/21/2025 4:05,1,9,0
UNC,989.001030620186000,11/21/2025 4:04,1,9,0
UNC,989.001030620186000,11/21/2025 4:03,1,9,0
UNC,989.001030620186000,11/21/2025 4:02,1,9,0
UNC,989.001030620186000,11/21/2025 4:01,1,9,0
UNC,989.001030620186000,11/21/2025 4:00,1,9,0
UNC,989.002028176996000,11/21/2025 3:59,1,3,0
UNC,989.001030620186000,11/21/2025 3:59,1,9,0
UNC,989.001030620186000,11/21/2025 3:58,1,9,0
UNC,989.002028176996000,11/21/2025 3:57,1,3,0
UNC,989.001030620186000,11/21/2025 3:57,1,9,0
UNC,989.001030620186000,11/21/2025 3:56,1,9,0
UNC,989.001030620186000,11/21/2025 3:54,1,9,0
UNC,989.001030620186000,11/21/2025 3:53,1,9,0
UNC,989.001030620186000,11/21/2025 3:52,1,9,0
UNC,989.001030620186000,11/21/2025 3:51,1,9,0
UNC,989.002028176996000,11/21/2025 3:51,1,3,0
UNC,989.001030620186000,11/21/2025 3:50,1,9,0
UNC,989.001030620186000,11/21/2025 3:49,1,9,0
UNC,989.001030620186000,11/21/2025 3:48,1,9,0
UNC,989.001030620186000,11/21/2025 3:47,1,9,0
UNC,989.001030620186000,11/21/2025 3:46,1,9,0
UNC,989.001040500035000,11/21/2025 3:35,1,7,0
UNC,989.001040500035000,11/21/2025 3:31,1,7,0
UNC,989.001040500035000,11/21/2025 3:30,1,7,0
UNC,989.001040500035000,11/21/2025 3:29,1,7,0
UNC,989.001040500035000,11/21/2025 3:28,1,7,0
UNC,989.001040500035000,11/21/2025 3:27,1,7,0
UNC,989.001040500035000,11/21/2025 3:25,1,7,0
UNC,989.001040500035000,11/21/2025 3:24,1,7,0
UNC,989.001040500035000,11/21/2025 3:23,1,7,0
UNC,989.001040500035000,11/21/2025 3:22,1,7,0
UNC,989.002028176996000,11/21/2025 3:22,1,2,0
UNC,989.001040500035000,11/21/2025 3:20,1,7,0
UNC,989.001040500035000,11/21/2025 3:19,1,7,0
UNC,989.001040500035000,11/21/2025 3:18,1,7,0
UNC,989.002028176996000,11/21/2025 3:17,1,1,0
UNC,989.001040500035000,11/21/2025 3:17,1,7,0
UNC,989.002028176996000,11/21/2025 3:15,1,1,0
UNC,989.002028176996000,11/21/2025 3:14,1,1,0
UNC,989.002028176996000,11/21/2025 3:13,1,1,0
UNC,989.002028176996000,11/21/2025 3:12,1,1,0
UNC,989.001040500035000,11/21/2025 3:12,1,7,0
UNC,989.002028176996000,11/21/2025 3:11,1,1,0
UNC,989.002028176996000,11/21/2025 3:09,1,1,0
UNC,989.001040500035000,11/21/2025 3:09,1,7,0
UNC,989.001030620186000,11/21/2025 3:09,1,9,0
UNC,989.002028176996000,11/21/2025 3:08,1,1,0
UNC,989.001040500035000,11/21/2025 3:08,1,7,0
UNC,989.002028176996000,11/21/2025 3:07,1,1,0
UNC,989.001040500035000,11/21/2025 3:07,1,7,0
UNC,989.002028176996000,11/21/2025 3:06,1,1,0
UNC,989.001030620186000,11/21/2025 3:05,1,9,0
UNC,989.001040500035000,11/21/2025 3:05,1,7,0
UNC,989.002028176996000,11/21/2025 3:04,1,1,0
UNC,989.001040500035000,11/21/2025 3:04,1,7,0
UNC,989.002028176996000,11/21/2025 3:03,1,1,0
UNC,989.001040500035000,11/21/2025 3:03,1,7,0
UNC,989.001040500035000,11/21/2025 3:02,1,7,0
UNC,989.002028176996000,11/21/2025 3:01,1,1,0
UNC,989.001030620186000,11/21/2025 3:01,1,9,0
UNC,989.002028176996000,11/21/2025 3:00,1,1,0
UNC,989.002028176996000,11/21/2025 2:59,1,1,0
UNC,989.002028176996000,11/21/2025 2:59,1,2,0
UNC,989.001040500035000,11/21/2025 2:59,1,7,0
UNC,989.002028176996000,11/21/2025 2:58,1,2,0
UNC,989.002028176996000,11/21/2025 2:57,1,2,0
UNC,989.002028176996000,11/21/2025 2:56,1,2,0
UNC,989.002028176996000,11/21/2025 2:55,1,2,0
UNC,989.002028176996000,11/21/2025 2:53,1,2,0
UNC,989.002028176996000,11/21/2025 2:52,1,2,0
UNC,989.002028176996000,11/21/2025 2:51,1,2,0
UNC,989.002028176996000,11/21/2025 2:50,1,2,0
UNC,989.002028176996000,11/21/2025 2:49,1,2,0
UNC,989.002028176996000,11/21/2025 2:48,1,2,0
UNC,989.002028176996000,11/21/2025 2:47,1,2,0
UNC,989.002028176996000,11/21/2025 2:45,1,2,0
UNC,989.002028176996000,11/21/2025 2:44,1,2,0
UNC,989.002028176996000,11/21/2025 2:43,1,2,0
UNC,989.002028176996000,11/21/2025 2:42,1,2,0
UNC,989.002028176996000,11/21/2025 2:40,1,2,0
UNC,989.002028176996000,11/21/2025 2:39,1,2,0
UNC,989.002028176996000,11/21/2025 2:38,1,2,0
UNC,989.002028176996000,11/21/2025 2:36,1,2,0
UNC,989.002028176996000,11/21/2025 2:35,1,2,0
UNC,989.002028176996000,11/21/2025 2:34,1,2,0
UNC,989.002028176996000,11/21/2025 2:33,1,2,0
UNC,989.002028176996000,11/21/2025 2:32,1,2,0
UNC,989.002028176996000,11/21/2025 2:30,1,2,0
UNC,989.002028176996000,11/21/2025 2:29,1,2,0
UNC,989.002028176996000,11/21/2025 2:28,1,2,0
UNC,989.002028176996000,11/21/2025 2:27,1,2,0
UNC,989.002028176996000,11/21/2025 2:25,1,2,0
UNC,989.001030620186000,11/21/2025 2:23,1,9,0
UNC,989.002028176996000,11/21/2025 2:23,1,2,0
UNC,989.002028176996000,11/21/2025 2:22,1,3,0
UNC,989.001030620186000,11/21/2025 2:21,1,9,0
UNC,989.002028176996000,11/21/2025 2:21,1,2,0
UNC,989.002028176996000,11/21/2025 2:20,1,2,0
UNC,989.002028176996000,11/21/2025 2:19,1,2,0
UNC,989.002028176996000,11/21/2025 2:17,1,2,0
UNC,989.002028176996000,11/21/2025 2:16,1,2,0
UNC,989.002028176996000,11/21/2025 2:14,1,2,0
UNC,989.001030620186000,11/21/2025 2:13,1,9,0
UNC,989.002028176996000,11/21/2025 2:13,1,2,0
UNC,989.001030620186000,11/21/2025 2:12,1,9,0
UNC,989.002028176996000,11/21/2025 2:11,1,2,0
UNC,989.002028176996000,11/21/2025 2:10,1,2,0
UNC,989.002028176996000,11/21/2025 2:07,1,2,0
UNC,989.002028176996000,11/21/2025 2:05,1,2,0
UNC,989.002028176996000,11/21/2025 2:04,1,2,0
UNC,989.002028176996000,11/21/2025 2:03,1,2,0
UNC,989.002028176996000,11/21/2025 2:01,1,2,0
UNC,989.002028176996000,11/21/2025 2:00,1,2,0
UNC,989.002028176996000,11/21/2025 1:59,1,2,0
UNC,989.002028176996000,11/21/2025 1:57,1,2,0
UNC,989.002028176996000,11/21/2025 1:56,1,2,0
UNC,989.002028176996000,11/21/2025 1:55,1,3,0
UNC,989.002028176691000,11/21/2025 1:53,1,7,0
UNC,989.002028176996000,11/21/2025 1:51,1,3,0
UNC,989.002028176996000,11/21/2025 1:41,1,3,0
UNC,989.002028176996000,11/21/2025 1:26,1,3,0
UNC,989.002028176996000,11/21/2025 1:21,1,2,0
UNC,989.002028176996000,11/21/2025 1:21,1,3,0
UNC,989.002028176996000,11/21/2025 1:16,1,3,0
UNC,989.002028176996000,11/21/2025 1:10,1,2,0
UNC,989.002028176996000,11/21/2025 1:09,1,2,0
UNC,989.002028176996000,11/21/2025 1:07,1,3,0
UNC,989.001030620186000,11/21/2025 1:03,1,9,0
UNC,989.001030620186000,11/21/2025 1:02,1,9,0
UNC,989.001030620186000,11/21/2025 1:01,1,9,0
UNC,989.002028176996000,11/21/2025 1:00,1,2,0
UNC,989.001030620186000,11/21/2025 1:00,1,9,0
UNC,989.002028176996000,11/21/2025 1:00,1,3,0
UNC,989.001030620186000,11/21/2025 0:59,1,9,0
UNC,989.001030620186000,11/21/2025 0:38,1,9,0
UNC,989.001030620186000,11/21/2025 0:37,1,9,0
UNC,989.001030620282000,11/21/2025 0:36,1,6,0
UNC,989.001030620282000,11/21/2025 0:35,1,2,0
UNC,989.002028176996000,11/20/2025 23:57,1,3,0
UNC,989.002028176996000,11/20/2025 23:55,1,3,0
UNC,989.002028176996000,11/20/2025 23:54,1,3,0
UNC,989.002028176996000,11/20/2025 23:48,1,2,0
UNC,989.002028176996000,11/20/2025 23:47,1,2,0
UNC,989.002028176996000,11/20/2025 23:45,1,2,0
UNC,989.002028176996000,11/20/2025 23:44,1,2,0
UNC,989.002028176996000,11/20/2025 23:43,1,2,0
UNC,989.002028176996000,11/20/2025 23:40,1,2,0
UNC,989.002028176996000,11/20/2025 23:39,1,2,0
UNC,989.002028176996000,11/20/2025 23:36,1,2,0
UNC,989.002028176996000,11/20/2025 23:35,1,2,0
UNC,989.002028176996000,11/20/2025 23:34,1,2,0
UNC,989.002028176996000,11/20/2025 23:32,1,2,0
UNC,989.002028176996000,11/20/2025 23:25,1,2,0
UNC,989.002028176996000,11/20/2025 23:24,1,2,0
UNC,989.002028176996000,11/20/2025 23:23,1,2,0
UNC,989.002028176996000,11/20/2025 23:22,1,2,0
UNC,989.002028176996000,11/20/2025 23:19,1,2,0
UNC,989.002028176996000,11/20/2025 23:18,1,2,0
UNC,989.002028176996000,11/20/2025 23:17,1,2,0
UNC,989.002028176996000,11/20/2025 23:16,1,2,0
UNC,989.001030620186000,11/20/2025 23:15,1,8,0
UNC,989.002028176996000,11/20/2025 23:13,1,2,0
UNC,989.001030620186000,11/20/2025 23:11,1,9,0
UNC,989.002028176996000,11/20/2025 23:09,1,3,0
UNC,989.002028176996000,11/20/2025 22:56,1,3,0
UNC,989.002028176996000,11/20/2025 22:54,1,3,0
UNC,989.002028176996000,11/20/2025 22:47,1,2,0
UNC,989.002028176996000,11/20/2025 22:45,1,2,0
UNC,989.002028176996000,11/20/2025 22:44,1,2,0
UNC,989.002028176996000,11/20/2025 22:42,1,2,0
UNC,989.002028176996000,11/20/2025 22:41,1,2,0
UNC,989.002028176996000,11/20/2025 22:40,1,2,0
UNC,989.002028176996000,11/20/2025 22:39,1,2,0
UNC,989.002028176996000,11/20/2025 22:38,1,2,0
UNC,989.002028176996000,11/20/2025 22:37,1,2,0
UNC,989.002028176996000,11/20/2025 22:35,1,2,0
UNC,989.002028176996000,11/20/2025 22:34,1,2,0
UNC,989.002028176996000,11/20/2025 22:33,1,2,0
UNC,989.002028176996000,11/20/2025 22:32,1,2,0
UNC,989.002028176996000,11/20/2025 22:31,1,3,0
UNC,989.002028176996000,11/20/2025 22:17,1,3,0
UNC,989.002028176996000,11/20/2025 22:15,1,3,0
UNC,989.002028176996000,11/20/2025 22:12,1,3,0
UNC,989.002028176996000,11/20/2025 22:11,1,3,0
UNC,989.002028176996000,11/20/2025 22:10,1,3,0
UNC,989.002028176996000,11/20/2025 22:09,1,3,0
UNC,989.002028176996000,11/20/2025 22:05,1,3,0
UNC,989.002028176996000,11/20/2025 22:04,1,3,0
UNC,989.002028176996000,11/20/2025 21:42,1,3,0
UNC,989.001030621493000,11/20/2025 21:40,1,2,0
UNC,989.001030621493000,11/20/2025 21:38,1,7,0
UNC,989.002028176996000,11/20/2025 21:38,1,2,0
UNC,989.002028176996000,11/20/2025 21:36,1,2,0
UNC,989.002028176996000,11/20/2025 21:35,1,2,0
UNC,989.002028176996000,11/20/2025 21:34,1,2,0
UNC,989.002028176996000,11/20/2025 21:32,1,2,0
UNC,989.002028176996000,11/20/2025 21:31,1,2,0
UNC,989.002028176996000,11/20/2025 21:29,1,2,0
UNC,989.002028176996000,11/20/2025 21:28,1,3,0
UNC,989.002028176996000,11/20/2025 21:25,1,3,0
UNC,989.002028176996000,11/20/2025 21:24,1,3,0
UNC,989.001040500035000,11/20/2025 21:24,1,6,0
UNC,989.001040500035000,11/20/2025 21:23,1,6,0
UNC,989.001040500035000,11/20/2025 21:22,1,6,0
UNC,989.001040500035000,11/20/2025 21:21,1,6,0
UNC,989.001040500035000,11/20/2025 21:20,1,6,0
UNC,989.001040500035000,11/20/2025 21:19,1,6,0
UNC,989.001040500035000,11/20/2025 21:18,1,6,0
UNC,989.001040500035000,11/20/2025 21:17,1,6,0
UNC,989.002028176996000,11/20/2025 21:17,1,3,0
UNC,989.001040500035000,11/20/2025 21:16,1,6,0
UNC,989.001040500035000,11/20/2025 21:15,1,7,0
UNC,989.001040500035000,11/20/2025 21:13,1,7,0
UNC,989.001040500035000,11/20/2025 21:11,1,7,0
UNC,989.001040500035000,11/20/2025 21:07,1,7,0
UNC,989.001040500035000,11/20/2025 21:06,1,7,0
UNC,989.001040500035000,11/20/2025 21:05,1,7,0
UNC,989.001040500035000,11/20/2025 21:04,1,7,0
UNC,989.001040500035000,11/20/2025 21:03,1,7,0
UNC,989.001040500035000,11/20/2025 21:02,1,7,0
UNC,989.001040500035000,11/20/2025 21:00,1,7,0
UNC,989.001040500035000,11/20/2025 21:00,1,8,0
UNC,989.001040500035000,11/20/2025 20:59,1,8,0
UNC,989.001040500035000,11/20/2025 20:57,1,8,0
UNC,989.001040500035000,11/20/2025 20:56,1,8,0
UNC,989.001040500035000,11/20/2025 20:55,1,8,0
UNC,989.001040500035000,11/20/2025 20:54,1,7,0
UNC,989.001040500035000,11/20/2025 20:53,1,7,0
UNC,989.001040500035000,11/20/2025 20:52,1,7,0
UNC,989.001040500035000,11/20/2025 20:50,1,7,0
UNC,989.001040500035000,11/20/2025 20:49,1,7,0
UNC,989.002028176996000,11/20/2025 20:49,1,3,0
UNC,989.001040500035000,11/20/2025 20:48,1,7,0
UNC,989.001040500035000,11/20/2025 20:47,1,7,0
UNC,989.002028176996000,11/20/2025 20:47,1,3,0
UNC,989.001040500035000,11/20/2025 20:46,1,7,0
UNC,989.002028176996000,11/20/2025 20:46,1,3,0
UNC,989.001040500035000,11/20/2025 20:43,1,7,0
UNC,989.002028176996000,11/20/2025 20:34,1,3,0
UNC,989.002028176996000,11/20/2025 20:30,1,3,0
UNC,989.001040500035000,11/20/2025 20:29,1,8,0
UNC,989.001030620394000,11/20/2025 20:29,1,7,0
UNC,989.001030620394000,11/20/2025 20:28,1,2,0
UNC,989.001040500035000,11/20/2025 20:28,1,8,0
UNC,989.001040500035000,11/20/2025 20:27,1,8,0
UNC,989.002028176996000,11/20/2025 20:19,1,3,0
UNC,989.002028176996000,11/20/2025 20:17,1,2,0
UNC,989.002028176996000,11/20/2025 20:15,1,2,0
UNC,989.002028176996000,11/20/2025 20:08,1,3,0
UNC,989.001040500035000,11/20/2025 20:02,1,8,0
UNC,989.001040500035000,11/20/2025 20:01,1,8,0
UNC,989.002028176996000,11/20/2025 19:59,1,3,0
UNC,989.002028176996000,11/20/2025 19:53,1,2,0
UNC,989.002028176996000,11/20/2025 19:52,1,2,0
UNC,989.002028176996000,11/20/2025 19:51,1,2,0
UNC,989.002028176996000,11/20/2025 19:50,1,2,0
UNC,989.002028176996000,11/20/2025 19:48,1,2,0
UNC,989.002028176996000,11/20/2025 19:46,1,2,0
UNC,989.002028176996000,11/20/2025 19:45,1,2,0
UNC,989.002028176996000,11/20/2025 19:44,1,2,0
UNC,989.002028176996000,11/20/2025 19:42,1,2,0
UNC,989.002028176996000,11/20/2025 19:41,1,2,0
UNC,989.002028176996000,11/20/2025 19:39,1,2,0
UNC,989.002028176996000,11/20/2025 19:38,1,2,0
UNC,989.002028176996000,11/20/2025 19:37,1,2,0
UNC,989.002028176996000,11/20/2025 19:36,1,2,0
UNC,989.002028176996000,11/20/2025 19:35,1,2,0
UNC,989.002028176996000,11/20/2025 19:33,1,2,0
UNC,989.002028176996000,11/20/2025 19:32,1,2,0
UNC,989.001040500035000,11/20/2025 19:31,1,8,0
UNC,989.002028176996000,11/20/2025 19:31,1,2,0
UNC,989.001040500035000,11/20/2025 19:30,1,8,0
UNC,989.002028176996000,11/20/2025 19:30,1,2,0
UNC,989.001040500035000,11/20/2025 19:29,1,8,0
UNC,989.002028176996000,11/20/2025 19:29,1,2,0
UNC,989.001040500035000,11/20/2025 19:28,1,8,0
UNC,989.002028176996000,11/20/2025 19:27,1,2,0
UNC,989.001040500035000,11/20/2025 19:27,1,8,0
UNC,989.001040500035000,11/20/2025 19:26,1,8,0
UNC,989.002028176996000,11/20/2025 19:26,1,2,0
UNC,989.001040500035000,11/20/2025 19:25,1,8,0
UNC,989.002028176996000,11/20/2025 19:24,1,2,0
UNC,989.001040500035000,11/20/2025 19:24,1,8,0
UNC,989.001040500035000,11/20/2025 19:23,1,8,0
UNC,989.002028176996000,11/20/2025 19:23,1,2,0
UNC,989.001040500035000,11/20/2025 19:22,1,8,0
UNC,989.002028176996000,11/20/2025 19:21,1,2,0
UNC,989.001040500035000,11/20/2025 19:21,1,8,0
UNC,989.002028176996000,11/20/2025 19:20,1,2,0
UNC,989.001040500035000,11/20/2025 19:20,1,8,0
UNC,989.001040500035000,11/20/2025 19:19,1,8,0
UNC,989.002028176996000,11/20/2025 19:19,1,2,0
UNC,989.002028176996000,11/20/2025 19:18,1,2,0
UNC,989.001040500035000,11/20/2025 19:18,1,8,0
UNC,989.002028176996000,11/20/2025 19:17,1,2,0
UNC,989.001040500035000,11/20/2025 19:17,1,8,0
UNC,989.002028176996000,11/20/2025 19:16,1,3,0
UNC,989.001040500035000,11/20/2025 19:16,1,8,0
UNC,989.001040500035000,11/20/2025 19:14,1,8,0
UNC,989.001040500035000,11/20/2025 19:13,1,8,0
UNC,989.001040500035000,11/20/2025 19:12,1,8,0
UNC,989.002028176996000,11/20/2025 19:11,1,3,0
UNC,989.001040500035000,11/20/2025 19:11,1,8,0
UNC,989.001040500035000,11/20/2025 19:10,1,8,0
UNC,989.001040500035000,11/20/2025 19:08,1,8,0
UNC,989.002028176996000,11/20/2025 19:08,1,2,0
UNC,989.002028176996000,11/20/2025 19:07,1,2,0
UNC,989.002028176996000,11/20/2025 19:06,1,2,0
UNC,989.001040500035000,11/20/2025 19:06,1,8,0
UNC,989.002028176996000,11/20/2025 19:05,1,2,0
UNC,989.001040500035000,11/20/2025 19:05,1,8,0
UNC,989.002028176996000,11/20/2025 19:04,1,2,0
UNC,989.001040500035000,11/20/2025 19:03,1,8,0
UNC,989.002028176996000,11/20/2025 19:03,1,2,0
UNC,989.001040500035000,11/20/2025 19:02,1,8,0
UNC,989.001040500035000,11/20/2025 19:01,1,8,0
UNC,989.001040500035000,11/20/2025 19:00,1,8,0
UNC,989.001040500035000,11/20/2025 18:59,1,8,0
UNC,989.001040500035000,11/20/2025 18:58,1,8,0
UNC,989.001040500035000,11/20/2025 18:57,1,8,0
UNC,989.001040500035000,11/20/2025 18:56,1,8,0
UNC,989.001040500035000,11/20/2025 18:55,1,8,0
UNC,989.001040500035000,11/20/2025 18:54,1,8,0
UNC,989.001040500035000,11/20/2025 18:52,1,8,0
UNC,989.001040500035000,11/20/2025 18:51,1,8,0
UNC,989.001040500035000,11/20/2025 18:50,1,8,0
UNC,989.001040500035000,11/20/2025 18:49,1,8,0
UNC,989.001040500035000,11/20/2025 18:47,1,8,0
UNC,989.001040500035000,11/20/2025 18:46,1,8,0
UNC,989.001030620668000,11/20/2025 18:46,1,9,0
UNC,989.001040500035000,11/20/2025 18:45,1,8,0
UNC,989.001030620668000,11/20/2025 18:45,1,9,0
UNC,989.001030620668000,11/20/2025 18:43,1,9,0
UNC,989.001030620668000,11/20/2025 18:42,1,9,0
UNC,989.001030620668000,11/20/2025 18:41,1,9,0
UNC,989.001030620668000,11/20/2025 18:40,1,8,0
UNC,989.001040500035000,11/20/2025 18:23,1,8,0
UNC,989.002028176996000,11/20/2025 18:17,1,3,0
UNC,989.001040500035000,11/20/2025 17:44,1,7,0
UNC,989.002028176996000,11/20/2025 17:40,1,2,0
UNC,989.002028176695000,11/20/2025 17:39,1,2,0
UNC,989.001040500035000,11/20/2025 17:39,1,7,0
UNC,989.002028176996000,11/20/2025 17:38,1,2,0
UNC,989.001030621167000,11/20/2025 17:38,1,2,0
UNC,989.001040500035000,11/20/2025 17:37,1,7,0
UNC,989.001030621167000,11/20/2025 17:37,1,7,0
UNC,989.001040500035000,11/20/2025 17:35,1,7,0
UNC,989.002028176996000,11/20/2025 17:34,1,2,0
UNC,989.002028176996000,11/20/2025 17:33,1,2,0
UNC,989.001030620684000,11/20/2025 17:32,1,2,0
UNC,989.002028176996000,11/20/2025 17:31,1,2,0
UNC,989.001040500035000,11/20/2025 17:31,1,7,0
UNC,989.001030620684000,11/20/2025 17:31,1,6,0
UNC,989.002028176996000,11/20/2025 17:30,1,3,0
UNC,989.002028176996000,11/20/2025 17:29,1,3,0
UNC,989.002028176996000,11/20/2025 17:28,1,3,0
UNC,989.002028176996000,11/20/2025 17:26,1,3,0
UNC,989.002028176996000,11/20/2025 17:23,1,2,0
UNC,989.002028176695000,11/20/2025 17:16,1,7,0
UNC,989.002028176695000,11/20/2025 17:15,1,7,0
UNC,989.002028176996000,11/20/2025 17:15,1,3,0
UNC,989.001040500035000,11/20/2025 17:14,1,7,0
UNC,989.001040500035000,11/20/2025 17:13,1,7,0
UNC,989.001040500035000,11/20/2025 17:12,1,7,0
UNC,989.002028176996000,11/20/2025 17:12,1,2,0
UNC,989.001040500035000,11/20/2025 17:11,1,7,0
UNC,989.002028176996000,11/20/2025 17:11,1,2,0
UNC,989.002028176695000,11/20/2025 17:10,1,7,0
UNC,989.002028176695000,11/20/2025 17:09,1,7,0
UNC,989.001040500035000,11/20/2025 17:08,1,7,0
UNC,989.002028176695000,11/20/2025 17:08,1,7,0
UNC,989.002028176695000,11/20/2025 17:08,1,6,0
UNC,989.001040500035000,11/20/2025 17:07,1,7,0
UNC,989.002028176695000,11/20/2025 17:07,1,6,0
UNC,989.002028176695000,11/20/2025 17:06,1,6,0
UNC,989.002028176695000,11/20/2025 17:06,1,7,0
UNC,989.002028176996000,11/20/2025 17:05,1,2,0
UNC,989.001040500035000,11/20/2025 17:05,1,7,0
UNC,989.001040500035000,11/20/2025 17:04,1,7,0
UNC,989.002028176996000,11/20/2025 17:04,1,2,0
UNC,989.001040500035000,11/20/2025 17:03,1,7,0
UNC,989.002028176996000,11/20/2025 17:02,1,2,0
UNC,989.002028176695000,11/20/2025 17:02,1,7,0
UNC,989.001030620668000,11/20/2025 17:02,1,8,0
UNC,989.002028176996000,11/20/2025 17:01,1,2,0
UNC,989.002028176695000,11/20/2025 17:01,1,7,0
UNC,989.002028176996000,11/20/2025 17:00,1,2,0
UNC,989.002028176695000,11/20/2025 17:00,1,7,0
UNC,989.002028176695000,11/20/2025 16:59,1,7,0
UNC,989.002028176695000,11/20/2025 16:58,1,7,0
UNC,989.002028176996000,11/20/2025 16:57,1,2,0
UNC,989.002028176695000,11/20/2025 16:57,1,7,0
UNC,989.002028176996000,11/20/2025 16:56,1,2,0
UNC,989.002028176695000,11/20/2025 16:56,1,7,0
UNC,989.002028176996000,11/20/2025 16:55,1,2,0
UNC,989.002028176695000,11/20/2025 16:55,1,7,0
UNC,989.002028176996000,11/20/2025 16:54,1,2,0
UNC,989.002028176695000,11/20/2025 16:54,1,7,0
UNC,989.002028176695000,11/20/2025 16:53,1,7,0
UNC,989.002028176996000,11/20/2025 16:53,1,2,0
UNC,989.002028176695000,11/20/2025 16:52,1,7,0
UNC,989.002028176996000,11/20/2025 16:52,1,2,0
UNC,989.002028176695000,11/20/2025 16:51,1,7,0
UNC,989.002028176996000,11/20/2025 16:51,1,2,0
UNC,989.002028176695000,11/20/2025 16:50,1,7,0
UNC,989.002028176996000,11/20/2025 16:50,1,2,0
UNC,989.002028176695000,11/20/2025 16:49,1,7,0
UNC,989.001040500035000,11/20/2025 16:49,1,7,0
UNC,989.002028176996000,11/20/2025 16:49,1,2,0
UNC,989.002028176695000,11/20/2025 16:48,1,7,0
UNC,989.002028176996000,11/20/2025 16:47,1,2,0
UNC,989.002028176695000,11/20/2025 16:47,1,7,0
UNC,989.002028176996000,11/20/2025 16:46,1,2,0
UNC,989.002028176695000,11/20/2025 16:46,1,7,0
UNC,989.002028176695000,11/20/2025 16:45,1,7,0
UNC,989.002028176996000,11/20/2025 16:45,1,2,0
UNC,989.002028176695000,11/20/2025 16:44,1,7,0
UNC,989.002028176996000,11/20/2025 16:44,1,2,0
UNC,989.002028176695000,11/20/2025 16:43,1,7,0
UNC,989.002028176996000,11/20/2025 16:43,1,2,0
UNC,989.002028176695000,11/20/2025 16:42,1,7,0
UNC,989.002028176996000,11/20/2025 16:41,1,2,0
UNC,989.002028176695000,11/20/2025 16:41,1,7,0
UNC,989.002028176695000,11/20/2025 16:40,1,7,0
UNC,989.002028176996000,11/20/2025 16:40,1,3,0
UNC,989.002028176695000,11/20/2025 16:39,1,7,0
UNC,989.002028176695000,11/20/2025 16:38,1,7,0
UNC,989.002028176695000,11/20/2025 16:37,1,7,0
UNC,989.002028176695000,11/20/2025 16:36,1,7,0
UNC,989.002028176695000,11/20/2025 16:35,1,7,0
UNC,989.002028176695000,11/20/2025 16:34,1,7,0
UNC,989.002028176695000,11/20/2025 16:33,1,7,0
UNC,989.002028176695000,11/20/2025 16:32,1,7,0
UNC,989.002028176695000,11/20/2025 16:31,1,7,0
UNC,989.002028176695000,11/20/2025 16:30,1,7,0
UNC,989.002028176695000,11/20/2025 16:29,1,7,0
UNC,989.002028176695000,11/20/2025 16:28,1,7,0
UNC,989.002028176695000,11/20/2025 16:27,1,7,0
UNC,989.002028176695000,11/20/2025 16:26,1,7,0
UNC,989.002028176695000,11/20/2025 16:25,1,7,0
UNC,989.002028176695000,11/20/2025 16:24,1,7,0
UNC,989.002028176695000,11/20/2025 16:23,1,7,0
UNC,989.002028176695000,11/20/2025 16:22,1,7,0
UNC,989.002028176695000,11/20/2025 16:21,1,7,0
UNC,989.002028176695000,11/20/2025 16:20,1,7,0
UNC,989.002028176695000,11/20/2025 16:19,1,7,0
UNC,989.002028176695000,11/20/2025 16:18,1,7,0
UNC,989.002028176695000,11/20/2025 16:17,1,7,0
UNC,989.002028176695000,11/20/2025 16:16,1,7,0
UNC,989.002028176695000,11/20/2025 16:15,1,7,0
UNC,989.002028176695000,11/20/2025 16:14,1,7,0
UNC,989.002028176695000,11/20/2025 16:13,1,7,0
UNC,989.002028176695000,11/20/2025 16:12,1,7,0
UNC,989.002028176695000,11/20/2025 16:11,1,7,0
UNC,989.002028176695000,11/20/2025 16:10,1,7,0
UNC,989.002028176695000,11/20/2025 16:09,1,7,0
UNC,989.002028176695000,11/20/2025 16:08,1,7,0
UNC,989.002028176695000,11/20/2025 16:07,1,7,0
UNC,989.002028176695000,11/20/2025 16:06,1,7,0
UNC,989.002028176695000,11/20/2025 16:05,1,7,0
UNC,989.002028176695000,11/20/2025 16:04,1,7,0
UNC,989.002028176695000,11/20/2025 16:03,1,7,0
UNC,989.002028176695000,11/20/2025 15:51,1,7,0
UNC,989.002028176695000,11/20/2025 15:50,1,7,0
UNC,989.002028176695000,11/20/2025 15:49,1,7,0
UNC,989.002028176695000,11/20/2025 15:48,1,7,0
UNC,989.002028176695000,11/20/2025 15:48,1,6,0
UNC,989.002028176695000,11/20/2025 15:47,1,6,0
UNC,989.002028176695000,11/20/2025 15:46,1,6,0
UNC,989.002028176695000,11/20/2025 15:46,1,7,0
UNC,989.002028176695000,11/20/2025 15:44,1,6,0
UNC,989.002028176695000,11/20/2025 15:44,1,7,0
UNC,989.002028176695000,11/20/2025 15:43,1,7,0
UNC,989.002028176695000,11/20/2025 15:42,1,7,0
UNC,989.002028176695000,11/20/2025 15:41,1,6,0
UNC,989.002028176695000,11/20/2025 15:40,1,6,0
UNC,989.002028176996000,11/20/2025 15:39,1,3,0
UNC,989.002028176695000,11/20/2025 15:39,1,6,0
UNC,989.002028176695000,11/20/2025 15:39,1,7,0
UNC,989.002028176695000,11/20/2025 15:37,1,7,0
UNC,989.002028176695000,11/20/2025 15:36,1,7,0
UNC,989.002028176996000,11/20/2025 15:35,1,3,0
UNC,989.002028176996000,11/20/2025 15:33,1,3,0
UNC,989.002028176695000,11/20/2025 15:32,1,1,0
UNC,989.002028176695000,11/20/2025 15:31,1,1,0
UNC,989.002028176695000,11/20/2025 15:30,1,1,0
UNC,989.002028176996000,11/20/2025 15:28,1,3,0
UNC,989.002028176996000,11/20/2025 15:28,1,2,0
UNC,989.002028176996000,11/20/2025 15:27,1,2,0
UNC,989.002028176996000,11/20/2025 15:26,1,2,0
UNC,989.002028176996000,11/20/2025 15:25,1,2,0
UNC,989.002028176996000,11/20/2025 15:24,1,2,0
UNC,989.002028176695000,11/20/2025 15:23,1,7,0
UNC,989.002028176695000,11/20/2025 15:22,1,7,0
UNC,989.002028176695000,11/20/2025 15:22,1,6,0
UNC,989.002028176695000,11/20/2025 15:21,1,6,0
UNC,989.002028176695000,11/20/2025 15:20,1,6,0
UNC,989.002028176695000,11/20/2025 15:19,1,6,0
UNC,989.002028176695000,11/20/2025 15:18,1,6,0
UNC,989.002028176695000,11/20/2025 15:17,1,6,0
UNC,989.002028176695000,11/20/2025 15:16,1,7,0
UNC,989.002028176695000,11/20/2025 15:15,1,7,0
UNC,989.002028176695000,11/20/2025 15:14,1,7,0
UNC,989.002028176695000,11/20/2025 15:13,1,7,0
UNC,989.002028176695000,11/20/2025 14:44,1,1,0
UNC,989.002028176695000,11/20/2025 14:42,1,1,0
UNC,989.002028176996000,11/20/2025 14:26,1,2,0
UNC,989.002028176996000,11/20/2025 14:24,1,2,0
UNC,989.002028176996000,11/20/2025 14:23,1,2,0
UNC,989.002028176996000,11/20/2025 14:21,1,2,0
UNC,989.002028176996000,11/20/2025 14:21,1,3,0
UNC,989.002028176996000,11/20/2025 14:20,1,3,0
UNC,989.002028176996000,11/20/2025 14:18,1,2,0
UNC,989.002028176996000,11/20/2025 14:16,1,2,0
UNC,989.002028176996000,11/20/2025 13:29,1,2,0
UNC,989.002028176996000,11/20/2025 13:22,1,3,0
UNC,989.002028176996000,11/20/2025 13:15,1,2,0
UNC,989.002028176996000,11/20/2025 13:14,1,2,0
UNC,989.002028176996000,11/20/2025 13:13,1,2,0
UNC,989.002028176996000,11/20/2025 13:12,1,2,0
UNC,989.002028176996000,11/20/2025 13:10,1,2,0
UNC,989.002028176996000,11/20/2025 13:09,1,2,0
UNC,989.002028176996000,11/20/2025 13:08,1,2,0
UNC,989.002028176996000,11/20/2025 13:07,1,2,0
UNC,989.002028176996000,11/20/2025 13:07,1,3,0
UNC,989.002028176996000,11/20/2025 13:04,1,2,0
UNC,989.002028176996000,11/20/2025 13:03,1,2,0
UNC,989.002028176996000,11/20/2025 13:02,1,2,0
UNC,989.002028176996000,11/20/2025 13:01,1,2,0
UNC,989.002028176996000,11/20/2025 13:01,1,3,0
UNC,989.002028176996000,11/20/2025 12:59,1,3,0
UNC,989.002028176996000,11/20/2025 7:18,1,2,0
UNC,989.002028176695000,11/20/2025 7:13,1,2,0
UNC,989.002028176695000,11/20/2025 7:12,1,3,0
UNC,989.002028176695000,11/20/2025 7:12,1,2,0
UNC,989.002028176695000,11/20/2025 7:09,1,7,0
UNC,989.001040500035000,11/20/2025 7:07,1,6,0
UNC,989.001040500035000,11/20/2025 7:06,1,6,0
UNC,989.001040500035000,11/20/2025 7:05,1,6,0
UNC,989.002028176695000,11/20/2025 7:05,1,7,0
UNC,989.001040500035000,11/20/2025 7:04,1,6,0
UNC,989.002028176695000,11/20/2025 7:04,1,7,0
UNC,989.001040500035000,11/20/2025 7:03,1,6,0
UNC,989.002028176695000,11/20/2025 7:03,1,7,0
UNC,989.001040500035000,11/20/2025 7:02,1,6,0
UNC,989.002028176695000,11/20/2025 7:02,1,7,0
UNC,989.001040500035000,11/20/2025 7:01,1,6,0
UNC,989.001040500035000,11/20/2025 7:00,1,6,0
UNC,989.001040500035000,11/20/2025 6:59,1,6,0
UNC,989.002028176695000,11/20/2025 6:59,1,7,0
UNC,989.001040500035000,11/20/2025 6:58,1,6,0
UNC,989.002028176695000,11/20/2025 6:58,1,7,0
UNC,989.001040500035000,11/20/2025 6:57,1,6,0
UNC,989.002028176695000,11/20/2025 6:57,1,7,0
UNC,989.001040500035000,11/20/2025 6:56,1,6,0
UNC,989.002028176695000,11/20/2025 6:56,1,6,0
UNC,989.001040500035000,11/20/2025 6:55,1,6,0
UNC,989.002028176695000,11/20/2025 6:55,1,6,0
UNC,989.001040500035000,11/20/2025 6:54,1,6,0
UNC,989.001040500035000,11/20/2025 6:54,1,7,0
UNC,989.002028176695000,11/20/2025 6:53,1,7,0
UNC,989.002028176695000,11/20/2025 6:53,1,8,0
UNC,989.002028176695000,11/20/2025 6:52,1,7,0
UNC,989.001040500035000,11/20/2025 6:52,1,7,0
UNC,989.002028176695000,11/20/2025 6:51,1,8,0
UNC,989.002028176695000,11/20/2025 6:51,1,7,0
UNC,989.002028176695000,11/20/2025 6:49,1,7,0
UNC,989.002028176996000,11/20/2025 6:49,1,2,0
UNC,989.002028176695000,11/20/2025 6:49,1,6,0
UNC,989.002028176996000,11/20/2025 6:49,1,3,0
UNC,989.002028176695000,11/20/2025 6:48,1,7,0
UNC,989.002028176996000,11/20/2025 6:47,1,3,0
UNC,989.002028176695000,11/20/2025 6:47,1,7,0
UNC,989.002028176695000,11/20/2025 6:46,1,7,0
UNC,989.002028176695000,11/20/2025 6:46,1,6,0
UNC,989.002028176695000,11/20/2025 6:45,1,7,0
UNC,989.002028176695000,11/20/2025 6:44,1,7,0
UNC,989.001040500035000,11/20/2025 6:44,1,7,0
UNC,989.002028176996000,11/20/2025 6:44,1,2,0
UNC,989.002028176695000,11/20/2025 6:43,1,2,0
UNC,989.001040500035000,11/20/2025 6:42,1,7,0
UNC,989.002028176996000,11/20/2025 6:42,1,3,0
UNC,989.002028176695000,11/20/2025 6:42,1,1,0
UNC,989.001030620684000,11/20/2025 6:41,1,1,0
UNC,989.001040500035000,11/20/2025 6:41,1,7,0
UNC,989.002028176695000,11/20/2025 6:41,1,2,0
UNC,989.002028176695000,11/20/2025 6:40,1,3,0
UNC,989.002028176996000,11/20/2025 6:40,1,2,0
UNC,989.002028176695000,11/20/2025 6:39,1,3,0
UNC,989.002028176695000,11/20/2025 6:39,1,2,0
UNC,989.001040500035000,11/20/2025 6:39,1,7,0
UNC,989.002028176996000,11/20/2025 6:39,1,3,0
UNC,989.002028176695000,11/20/2025 6:38,1,2,0
UNC,989.002028176996000,11/20/2025 6:37,1,2,0
UNC,989.002028176695000,11/20/2025 6:37,1,2,0
UNC,989.002028176996000,11/20/2025 6:36,1,3,0
UNC,989.002028176996000,11/20/2025 6:35,1,3,0
UNC,989.001040500035000,11/20/2025 6:35,1,7,0
UNC,989.001040500035000,11/20/2025 6:34,1,7,0
UNC,989.002028176695000,11/20/2025 6:33,1,6,0
UNC,989.002028176695000,11/20/2025 6:32,1,6,0
UNC,989.001040500035000,11/20/2025 6:32,1,7,0
UNC,989.002028176695000,11/20/2025 6:31,1,6,0
UNC,989.001040500035000,11/20/2025 6:31,1,7,0
UNC,989.002028176695000,11/20/2025 6:30,1,6,0
UNC,989.001040500035000,11/20/2025 6:30,1,7,0
UNC,989.002028176695000,11/20/2025 6:29,1,6,0
UNC,989.001040500035000,11/20/2025 6:28,1,7,0
UNC,989.002028176695000,11/20/2025 6:27,1,7,0
UNC,989.002028176695000,11/20/2025 6:26,1,7,0
UNC,989.001040500035000,11/20/2025 6:26,1,8,0
UNC,989.001040500035000,11/20/2025 6:26,1,7,0
UNC,989.002028176695000,11/20/2025 6:25,1,7,0
UNC,989.002028176996000,11/20/2025 6:25,1,3,0
UNC,989.002028176695000,11/20/2025 6:24,1,7,0
UNC,989.002028176996000,11/20/2025 6:24,1,3,0
UNC,989.001040500035000,11/20/2025 6:23,1,7,0
UNC,989.002028176695000,11/20/2025 6:23,1,7,0
UNC,989.002028176695000,11/20/2025 6:22,1,7,0
UNC,989.002028176996000,11/20/2025 6:21,1,3,0
UNC,989.001030620304000,11/20/2025 6:20,1,7,0
UNC,989.002028176996000,11/20/2025 6:19,1,3,0
UNC,989.002028176996000,11/20/2025 6:19,1,2,0
UNC,989.002028176996000,11/20/2025 6:18,1,2,0
UNC,989.002028176996000,11/20/2025 6:17,1,2,0
UNC,989.002028176695000,11/20/2025 6:16,1,2,0
UNC,989.002028176996000,11/20/2025 6:15,1,2,0
UNC,989.002028176996000,11/20/2025 6:15,1,3,0
UNC,989.002028176996000,11/20/2025 6:14,1,3,0
UNC,989.002028176996000,11/20/2025 6:09,1,2,0
UNC,989.002028176996000,11/20/2025 6:06,1,2,0
UNC,989.002028176996000,11/20/2025 6:06,1,3,0
UNC,989.002028176996000,11/20/2025 6:05,1,3,0
UNC,989.001040500035000,11/20/2025 6:02,1,7,0
UNC,989.002028176996000,11/20/2025 6:01,1,3,0
UNC,989.002028176996000,11/20/2025 6:01,1,2,0
UNC,989.001040500035000,11/20/2025 6:00,1,7,0
UNC,989.001040500035000,11/20/2025 5:59,1,7,0
UNC,989.002028176996000,11/20/2025 5:58,1,2,0
UNC,989.001040500035000,11/20/2025 5:58,1,7,0
UNC,989.002028176996000,11/20/2025 5:57,1,2,0
UNC,989.001040500035000,11/20/2025 5:57,1,7,0
UNC,989.001040500035000,11/20/2025 5:56,1,7,0
UNC,989.001040500035000,11/20/2025 5:55,1,7,0
UNC,989.001040500035000,11/20/2025 5:50,1,7,0
UNC,989.002028176996000,11/20/2025 5:49,1,2,0
UNC,989.001030621167000,11/20/2025 5:46,1,6,0
UNC,989.001030621167000,11/20/2025 5:45,1,1,0
UNC,989.002028176996000,11/20/2025 5:38,1,2,0
UNC,989.002028176996000,11/20/2025 5:37,1,2,0
UNC,989.002028176996000,11/20/2025 5:35,1,2,0
UNC,989.002028176996000,11/20/2025 5:34,1,2,0
UNC,989.002028176996000,11/20/2025 5:20,1,3,0
UNC,989.002028176996000,11/20/2025 5:18,1,3,0
UNC,989.002028176996000,11/20/2025 5:17,1,2,0
UNC,989.002028176996000,11/20/2025 5:16,1,2,0
UNC,989.002028176996000,11/20/2025 5:15,1,2,0
UNC,989.002028176996000,11/20/2025 5:14,1,2,0
UNC,989.002028176996000,11/20/2025 5:13,1,2,0
UNC,989.002028176996000,11/20/2025 5:11,1,2,0
UNC,989.002028176996000,11/20/2025 5:10,1,2,0
UNC,989.002028176996000,11/20/2025 5:08,1,2,0
UNC,989.002028176996000,11/20/2025 4:54,1,3,0
UNC,989.002028176996000,11/20/2025 4:49,1,2,0
UNC,989.002028176996000,11/20/2025 4:48,1,2,0
UNC,989.002028176996000,11/20/2025 4:47,1,3,0
UNC,989.002028176996000,11/20/2025 4:25,1,3,0
UNC,989.002028176996000,11/20/2025 4:20,1,3,0
UNC,989.002028176996000,11/20/2025 4:16,1,3,0
UNC,989.002028176996000,11/20/2025 4:15,1,3,0
UNC,989.002028176996000,11/20/2025 4:14,1,3,0
UNC,989.002028176996000,11/20/2025 4:13,1,3,0
UNC,989.002028176996000,11/20/2025 4:07,1,3,0
UNC,989.002028176996000,11/20/2025 3:47,1,3,0
UNC,989.002028176996000,11/20/2025 3:35,1,3,0
UNC,989.002028176996000,11/20/2025 3:30,1,3,0
UNC,989.002028176996000,11/20/2025 3:09,1,3,0
UNC,989.001030621497000,11/20/2025 2:30,1,2,0
UNC,989.001030621497000,11/20/2025 2:29,1,2,0
UNC,989.001030620186000,11/20/2025 2:29,1,9,0
UNC,989.001030621497000,11/20/2025 2:27,1,2,0
UNC,989.001030620186000,11/20/2025 2:27,1,9,0
UNC,989.001030621497000,11/20/2025 2:26,1,2,0
UNC,989.001030620186000,11/20/2025 2:25,1,9,0
UNC,989.001030621497000,11/20/2025 2:24,1,2,0
UNC,989.001030620186000,11/20/2025 2:24,1,9,0
UNC,989.001030621497000,11/20/2025 2:23,1,2,0
UNC,989.001030620186000,11/20/2025 2:22,1,9,0
UNC,989.001030621497000,11/20/2025 2:22,1,2,0
UNC,989.001030621497000,11/20/2025 2:21,1,2,0
UNC,989.001030620186000,11/20/2025 2:20,1,9,0
UNC,989.001030621497000,11/20/2025 2:19,1,2,0
UNC,989.001030620186000,11/20/2025 2:19,1,9,0
UNC,989.001030621497000,11/20/2025 2:18,1,2,0
UNC,989.001030621497000,11/20/2025 2:16,1,2,0
UNC,989.001030621497000,11/20/2025 2:15,1,2,0
UNC,989.001030621497000,11/20/2025 2:14,1,2,0
UNC,989.001030621497000,11/20/2025 2:13,1,2,0
UNC,989.001030621497000,11/20/2025 2:12,1,2,0
UNC,989.001030621497000,11/20/2025 2:10,1,2,0
UNC,989.001030621497000,11/20/2025 2:08,1,2,0
UNC,989.001030621497000,11/20/2025 2:07,1,2,0
UNC,989.001030621497000,11/20/2025 2:05,1,2,0
UNC,989.002028177108000,11/20/2025 1:56,1,2,0
UNC,989.002028177108000,11/20/2025 1:55,1,6,0
UNC,989.001040500035000,11/20/2025 1:52,1,8,0
UNC,989.001040500035000,11/20/2025 1:51,1,8,0
UNC,989.001040500035000,11/20/2025 1:50,1,8,0
UNC,989.001040500035000,11/20/2025 1:49,1,8,0
UNC,989.001040500035000,11/20/2025 1:48,1,8,0
UNC,989.001040500035000,11/20/2025 1:47,1,8,0
UNC,989.002028176996000,11/20/2025 1:47,1,3,0
UNC,989.001040500035000,11/20/2025 1:46,1,8,0
UNC,989.002028176996000,11/20/2025 1:45,1,3,0
UNC,989.001040500035000,11/20/2025 1:45,1,8,0
UNC,989.002028176996000,11/20/2025 1:44,1,3,0
UNC,989.001030621497000,11/20/2025 1:44,1,1,0
UNC,989.001040500035000,11/20/2025 1:43,1,8,0
UNC,989.001030621497000,11/20/2025 1:43,1,1,0
UNC,989.001040500035000,11/20/2025 1:42,1,8,0
UNC,989.001040500035000,11/20/2025 1:41,1,8,0
UNC,989.002028176996000,11/20/2025 1:40,1,3,0
UNC,989.001040500035000,11/20/2025 1:40,1,8,0
UNC,989.001040500035000,11/20/2025 1:39,1,8,0
UNC,989.001030621497000,11/20/2025 1:39,1,1,0
UNC,989.001040500035000,11/20/2025 1:38,1,8,0
UNC,989.001030621497000,11/20/2025 1:38,1,1,0
UNC,989.001040500035000,11/20/2025 1:37,1,8,0
UNC,989.001040500035000,11/20/2025 1:36,1,8,0
UNC,989.001040500035000,11/20/2025 1:35,1,8,0
UNC,989.001040500035000,11/20/2025 1:34,1,8,0
UNC,989.001040500035000,11/20/2025 1:33,1,8,0
UNC,989.001040500035000,11/20/2025 1:32,1,8,0
UNC,989.001040500035000,11/20/2025 1:31,1,8,0
UNC,989.001040500035000,11/20/2025 1:30,1,8,0
UNC,989.001040500035000,11/20/2025 1:29,1,8,0
UNC,989.001040500035000,11/20/2025 1:28,1,8,0
UNC,989.001040500035000,11/20/2025 1:27,1,8,0
UNC,989.001040500035000,11/20/2025 1:26,1,8,0
UNC,989.001040500035000,11/20/2025 1:25,1,8,0
UNC,989.001030621497000,11/20/2025 1:24,1,1,0
UNC,989.001040500035000,11/20/2025 1:24,1,8,0
UNC,989.001040500035000,11/20/2025 1:23,1,8,0
UNC,989.001030621497000,11/20/2025 1:22,1,1,0
UNC,989.001040500035000,11/20/2025 1:22,1,8,0
UNC,989.001030621497000,11/20/2025 1:21,1,1,0
UNC,989.001030621497000,11/20/2025 1:20,1,1,0
UNC,989.001030621497000,11/20/2025 1:18,1,1,0
UNC,989.001030621497000,11/20/2025 1:17,1,1,0
UNC,989.001040500035000,11/20/2025 1:16,1,8,0
UNC,989.001030621497000,11/20/2025 1:15,1,1,0
UNC,989.001030621497000,11/20/2025 1:13,1,1,0
UNC,989.001030621497000,11/20/2025 1:08,1,1,0
UNC,989.001040500035000,11/20/2025 1:07,1,8,0
UNC,989.001040500035000,11/20/2025 1:07,1,7,0
UNC,989.001040500035000,11/20/2025 1:02,1,7,0
UNC,989.001040500035000,11/20/2025 1:00,1,7,0
UNC,989.001040500035000,11/20/2025 0:59,1,7,0
UNC,989.001040500035000,11/20/2025 0:58,1,7,0
UNC,989.001040500035000,11/20/2025 0:54,1,7,0
UNC,989.001040500035000,11/20/2025 0:49,1,7,0
UNC,989.001040500035000,11/20/2025 0:48,1,7,0
UNC,989.001040500035000,11/20/2025 0:47,1,7,0
UNC,989.001030620186000,11/20/2025 0:44,1,9,0
UNC,989.001030621497000,11/20/2025 0:34,1,1,0
UNC,989.001030621497000,11/20/2025 0:29,1,1,0
UNC,989.001030621497000,11/20/2025 0:28,1,1,0
UNC,989.001030621497000,11/20/2025 0:25,1,1,0
UNC,989.001030621497000,11/20/2025 0:20,1,1,0
UNC,989.001030621497000,11/20/2025 0:15,1,1,0
UNC,989.001030621497000,11/20/2025 0:12,1,1,0
UNC,989.001030621497000,11/20/2025 0:08,1,1,0
UNC,989.001030621497000,11/20/2025 0:04,1,1,0
UNC,989.001030621497000,11/20/2025 0:02,1,1,0
UNC,989.001040500035000,11/20/2025 0:02,1,7,0
UNC,989.001040500035000,11/20/2025 0:00,1,7,0
UNC,989.001040500035000,11/19/2025 23:59,1,7,0
UNC,989.001030621497000,11/19/2025 23:58,1,1,0
UNC,989.001030621497000,11/19/2025 23:57,1,1,0
UNC,989.001030621497000,11/19/2025 23:55,1,1,0
UNC,989.001030621497000,11/19/2025 23:53,1,1,0
UNC,989.001040500035000,11/19/2025 23:48,1,7,0
UNC,989.001040500035000,11/19/2025 23:46,1,7,0
UNC,989.001040500035000,11/19/2025 23:45,1,7,0
UNC,989.001040500035000,11/19/2025 23:44,1,8,0
UNC,989.001040500035000,11/19/2025 23:42,1,8,0
UNC,989.001040500035000,11/19/2025 23:41,1,8,0
UNC,989.001040500035000,11/19/2025 23:40,1,8,0
UNC,989.001040500035000,11/19/2025 23:39,1,8,0
UNC,989.001040500035000,11/19/2025 23:36,1,8,0
UNC,989.001040500035000,11/19/2025 23:35,1,8,0
UNC,989.001040500035000,11/19/2025 23:34,1,8,0
UNC,989.001040500035000,11/19/2025 23:33,1,8,0
UNC,989.001030620186000,11/19/2025 23:26,1,9,0
UNC,989.001030621497000,11/19/2025 23:12,1,1,0
UNC,989.001030621497000,11/19/2025 22:51,1,1,0
UNC,989.001030621497000,11/19/2025 22:28,1,1,0
UNC,989.001040500035000,11/19/2025 21:35,1,8,0
UNC,989.001040500035000,11/19/2025 21:34,1,8,0
UNC,989.001040500035000,11/19/2025 21:32,1,8,0
UNC,989.001040500035000,11/19/2025 21:31,1,8,0
UNC,989.001040500035000,11/19/2025 21:30,1,8,0
UNC,989.001040500035000,11/19/2025 21:29,1,8,0
UNC,989.001040500035000,11/19/2025 21:28,1,8,0
UNC,989.001040500035000,11/19/2025 21:27,1,8,0
UNC,989.001040500035000,11/19/2025 21:26,1,8,0
UNC,989.001040500035000,11/19/2025 21:25,1,8,0
UNC,989.001040500035000,11/19/2025 21:23,1,8,0
UNC,989.001040500035000,11/19/2025 21:22,1,8,0
UNC,989.001040500035000,11/19/2025 21:21,1,8,0
UNC,989.001040500035000,11/19/2025 21:20,1,8,0
UNC,989.001040500035000,11/19/2025 21:19,1,8,0
UNC,989.001040500035000,11/19/2025 21:17,1,8,0
UNC,989.001040500035000,11/19/2025 21:15,1,8,0
UNC,989.001040500035000,11/19/2025 21:14,1,8,0
UNC,989.001040500035000,11/19/2025 21:13,1,8,0
UNC,989.001040500035000,11/19/2025 21:12,1,8,0
UNC,989.001040500035000,11/19/2025 21:11,1,8,0
UNC,989.001040500035000,11/19/2025 21:10,1,8,0
UNC,989.001040500035000,11/19/2025 21:09,1,8,0
UNC,989.001040500035000,11/19/2025 21:07,1,8,0
UNC,989.001040500035000,11/19/2025 21:06,1,8,0
UNC,989.001040500035000,11/19/2025 21:05,1,8,0
UNC,989.001040500035000,11/19/2025 21:04,1,8,0
UNC,989.001040500035000,11/19/2025 21:03,1,8,0
UNC,989.001040500035000,11/19/2025 21:02,1,8,0
UNC,989.001040500035000,11/19/2025 21:01,1,8,0
UNC,989.001040500035000,11/19/2025 20:59,1,8,0
UNC,989.001040500035000,11/19/2025 20:58,1,8,0
UNC,989.001040500035000,11/19/2025 20:57,1,8,0
UNC,989.001030620186000,11/19/2025 20:15,1,8,0
UNC,989.001030620186000,11/19/2025 20:14,1,8,0
UNC,989.001030620186000,11/19/2025 20:14,1,7,0
UNC,989.001030621497000,11/19/2025 20:03,1,1,0
UNC,989.001030621497000,11/19/2025 19:54,1,1,0
UNC,989.001030620304000,11/19/2025 19:46,1,2,0
UNC,989.001030620304000,11/19/2025 19:45,1,7,0
UNC,989.002028176996000,11/19/2025 19:43,1,2,0
UNC,989.002028176996000,11/19/2025 19:42,1,2,0
UNC,989.002028176996000,11/19/2025 19:40,1,2,0
UNC,989.002028176996000,11/19/2025 19:39,1,2,0
UNC,989.002028176996000,11/19/2025 19:38,1,2,0
UNC,989.002028176996000,11/19/2025 19:37,1,2,0
UNC,989.002028176996000,11/19/2025 19:36,1,2,0
UNC,989.002028176996000,11/19/2025 19:35,1,3,0
UNC,989.002028176996000,11/19/2025 19:32,1,3,0
UNC,989.002028176996000,11/19/2025 19:15,1,3,0
UNC,989.002028176996000,11/19/2025 19:13,1,3,0
UNC,989.002028176996000,11/19/2025 19:10,1,3,0
UNC,989.002028176831000,11/19/2025 19:09,1,6,0
UNC,989.002028176831000,11/19/2025 19:08,1,2,0
UNC,989.001040500071000,11/19/2025 19:06,1,2,0
UNC,989.001040500071000,11/19/2025 19:04,1,7,0
UNC,989.002028176996000,11/19/2025 18:43,1,3,0
UNC,989.002028176996000,11/19/2025 18:42,1,3,0
UNC,989.002028177168000,11/19/2025 18:41,1,1,0
UNC,989.002028176996000,11/19/2025 18:40,1,3,0
UNC,989.002028176996000,11/19/2025 18:39,1,3,0
UNC,989.002028176996000,11/19/2025 18:38,1,3,0
UNC,989.002028176996000,11/19/2025 18:38,1,2,0
UNC,989.002028176996000,11/19/2025 18:37,1,2,0
UNC,989.002028176996000,11/19/2025 18:34,1,2,0
UNC,989.002028176996000,11/19/2025 18:29,1,2,0
UNC,989.001040500035000,11/19/2025 18:27,1,8,0
UNC,989.001040500035000,11/19/2025 18:26,1,8,0
UNC,989.002028176996000,11/19/2025 18:26,1,2,0
UNC,989.002028176996000,11/19/2025 18:24,1,2,0
UNC,989.002028176996000,11/19/2025 18:22,1,2,0
UNC,989.001040500035000,11/19/2025 18:21,1,7,0
UNC,989.001040500035000,11/19/2025 18:20,1,7,0
UNC,989.001040500035000,11/19/2025 18:19,1,7,0
UNC,989.002028176996000,11/19/2025 18:19,1,2,0
UNC,989.001040500035000,11/19/2025 18:17,1,7,0
UNC,989.001040500035000,11/19/2025 18:16,1,7,0
UNC,989.001040500035000,11/19/2025 18:15,1,7,0
UNC,989.002028176996000,11/19/2025 18:13,1,2,0
UNC,989.002028176996000,11/19/2025 18:11,1,2,0
UNC,989.001040500035000,11/19/2025 18:10,1,7,0
UNC,989.001030620553000,11/19/2025 18:06,1,7,0
UNC,989.002028176996000,11/19/2025 18:03,1,2,0
UNC,989.002028176996000,11/19/2025 18:00,1,2,0
UNC,989.002028176996000,11/19/2025 17:59,1,2,0
UNC,989.001030621167000,11/19/2025 17:59,1,7,0
UNC,989.002028176996000,11/19/2025 17:52,1,2,0
UNC,989.002028176996000,11/19/2025 17:50,1,2,0
UNC,989.002028176996000,11/19/2025 17:49,1,2,0
UNC,989.001030620684000,11/19/2025 17:48,1,6,0
UNC,989.002028176996000,11/19/2025 17:48,1,2,0
UNC,989.002028176996000,11/19/2025 17:46,1,2,0
UNC,989.002028176996000,11/19/2025 17:43,1,2,0
UNC,989.002028176996000,11/19/2025 17:42,1,2,0
UNC,989.002028176996000,11/19/2025 17:41,1,2,0
UNC,989.002028176996000,11/19/2025 17:40,1,2,0
UNC,989.002028176996000,11/19/2025 17:38,1,2,0
UNC,989.002028176996000,11/19/2025 17:37,1,2,0
UNC,989.002028176996000,11/19/2025 17:36,1,2,0
UNC,989.002028176996000,11/19/2025 17:35,1,2,0
UNC,989.002028176996000,11/19/2025 17:34,1,2,0
UNC,989.002028176996000,11/19/2025 17:30,1,2,0
UNC,989.002028176996000,11/19/2025 17:10,1,3,0
UNC,989.002028176996000,11/19/2025 17:09,1,3,0
UNC,989.002028176695000,11/19/2025 14:33,1,2,0
UNC,989.002028176695000,11/19/2025 14:31,1,1,0
UNC,989.002028176695000,11/19/2025 14:18,1,1,0
UNC,989.002028176695000,11/19/2025 14:17,1,1,0
UNC,989.002028176695000,11/19/2025 13:58,1,1,0
UNC,989.002028176695000,11/19/2025 13:45,1,2,0
UNC,989.002028176695000,11/19/2025 8:16,1,7,0
UNC,989.002028176695000,11/19/2025 8:15,1,7,0
UNC,989.002028176695000,11/19/2025 8:14,1,7,0
UNC,989.002028176695000,11/19/2025 8:08,1,7,0
UNC,989.002028176695000,11/19/2025 8:07,1,7,0
UNC,989.002028176695000,11/19/2025 8:06,1,7,0
UNC,989.002028176695000,11/19/2025 7:57,1,2,0
UNC,989.002028176695000,11/19/2025 7:56,1,2,0
UNC,989.002028176695000,11/19/2025 7:56,1,3,0
UNC,989.002028176695000,11/19/2025 7:55,1,3,0
UNC,989.002028176695000,11/19/2025 7:53,1,2,0
UNC,989.002028176695000,11/19/2025 7:46,1,1,0
UNC,989.002028176695000,11/19/2025 7:45,1,1,0
UNC,989.002028176695000,11/19/2025 7:44,1,1,0
UNC,989.002028176695000,11/19/2025 7:41,1,1,0
UNC,989.002028176695000,11/19/2025 7:40,1,1,0
UNC,989.002028176695000,11/19/2025 7:39,1,1,0
UNC,989.002028176695000,11/19/2025 7:38,1,1,0
UNC,989.002028176695000,11/19/2025 7:37,1,2,0
UNC,989.002028176695000,11/19/2025 7:36,1,2,0
UNC,989.002028176695000,11/19/2025 7:33,1,2,0
UNC,989.002028176695000,11/19/2025 7:32,1,2,0
UNC,989.002028176695000,11/19/2025 7:31,1,2,0
UNC,989.002028176695000,11/19/2025 7:17,1,7,0
UNC,989.002028176695000,11/19/2025 7:16,1,7,0
UNC,989.002028176695000,11/19/2025 7:15,1,7,0
UNC,989.001040500071000,11/19/2025 7:14,1,6,0
UNC,989.001040500071000,11/19/2025 7:14,1,7,0
UNC,989.002028176695000,11/19/2025 7:14,1,7,0
UNC,989.002028176695000,11/19/2025 7:13,1,6,0
UNC,989.001040500071000,11/19/2025 7:13,1,2,0
UNC,989.001030620668000,11/19/2025 7:13,1,7,0
UNC,989.002028176695000,11/19/2025 6:59,1,7,0
UNC,989.002028176695000,11/19/2025 6:58,1,7,0
UNC,989.002028176695000,11/19/2025 6:57,1,7,0
UNC,989.002028176695000,11/19/2025 6:56,1,7,0
UNC,989.002028176695000,11/19/2025 6:55,1,7,0
UNC,989.002028176695000,11/19/2025 6:54,1,7,0
UNC,989.001040500035000,11/19/2025 6:52,1,7,0
UNC,989.001040500035000,11/19/2025 6:49,1,7,0
UNC,989.002028176695000,11/19/2025 6:49,1,6,0
UNC,989.001040500035000,11/19/2025 6:48,1,7,0
UNC,989.002028176695000,11/19/2025 6:48,1,7,0
UNC,989.002028176695000,11/19/2025 6:47,1,8,0
UNC,989.002028176695000,11/19/2025 6:46,1,7,0
UNC,989.001040500035000,11/19/2025 6:46,1,7,0
UNC,989.001030620668000,11/19/2025 6:45,1,7,0
UNC,989.002028176695000,11/19/2025 6:45,1,8,0
UNC,989.002028176695000,11/19/2025 6:45,1,7,0
UNC,989.001030620668000,11/19/2025 6:44,1,7,0
UNC,989.002028176695000,11/19/2025 6:44,1,7,0
UNC,989.002028176695000,11/19/2025 6:43,1,7,0
UNC,989.002028176695000,11/19/2025 6:42,1,7,0
UNC,989.002028176695000,11/19/2025 6:41,1,6,0
UNC,989.002028176695000,11/19/2025 6:41,1,7,0
UNC,989.002028176695000,11/19/2025 6:40,1,6,0
UNC,989.002028176695000,11/19/2025 6:38,1,6,0
UNC,989.002028176695000,11/19/2025 6:35,1,6,0
UNC,989.002028176996000,11/19/2025 6:34,1,2,0
UNC,989.002028176695000,11/19/2025 6:34,1,6,0
UNC,989.002028176996000,11/19/2025 6:33,1,3,0
UNC,989.001030620684000,11/19/2025 6:33,1,6,0
UNC,989.001030620684000,11/19/2025 6:33,1,1,0
UNC,989.001040500035000,11/19/2025 6:33,1,7,0
UNC,989.002028176695000,11/19/2025 6:32,1,7,0
UNC,989.001040500035000,11/19/2025 6:31,1,7,0
UNC,989.002028176695000,11/19/2025 6:31,1,7,0
UNC,989.001040500035000,11/19/2025 6:30,1,7,0
UNC,989.002028176695000,11/19/2025 6:29,1,6,0
UNC,989.001040500035000,11/19/2025 6:29,1,7,0
UNC,989.002028176695000,11/19/2025 6:28,1,6,0
UNC,989.002028176695000,11/19/2025 6:27,1,7,0
UNC,989.002028176695000,11/19/2025 6:26,1,7,0
UNC,989.002028176996000,11/19/2025 6:21,1,2,0
UNC,989.001040500035000,11/19/2025 6:17,1,7,0
UNC,989.001030620304000,11/19/2025 6:16,1,6,0
UNC,989.001040500035000,11/19/2025 6:16,1,7,0
UNC,989.001030620304000,11/19/2025 6:16,1,1,0
UNC,989.001040500035000,11/19/2025 6:15,1,7,0
UNC,989.001040500035000,11/19/2025 6:14,1,7,0
UNC,989.001040500035000,11/19/2025 6:13,1,7,0
UNC,989.001040500035000,11/19/2025 6:12,1,7,0
UNC,989.001040500035000,11/19/2025 6:11,1,7,0
UNC,989.001040500035000,11/19/2025 6:09,1,7,0
UNC,989.001040500035000,11/19/2025 6:08,1,7,0
UNC,989.001040500035000,11/19/2025 6:07,1,7,0
UNC,989.001040500035000,11/19/2025 6:06,1,7,0
UNC,989.001040500035000,11/19/2025 6:05,1,7,0
UNC,989.001040500035000,11/19/2025 6:04,1,7,0
UNC,989.001040500035000,11/19/2025 6:01,1,7,0
UNC,989.001040500035000,11/19/2025 6:00,1,7,0
UNC,989.001040500035000,11/19/2025 5:59,1,7,0
UNC,989.001030621167000,11/19/2025 5:46,1,7,0
UNC,989.002028177009000,11/19/2025 4:37,1,6,0
UNC,989.001030620553000,11/19/2025 4:34,1,7,0
UNC,989.001030620553000,11/19/2025 4:33,1,2,0
UNC,989.001030621493000,11/19/2025 4:20,1,7,0
UNC,989.001030621493000,11/19/2025 4:18,1,7,0
UNC,989.001040500035000,11/19/2025 4:13,1,8,0
UNC,989.001040500035000,11/19/2025 4:02,1,8,0
UNC,989.001040500035000,11/19/2025 4:01,1,7,0
UNC,989.001040500035000,11/19/2025 4:00,1,7,0
UNC,989.001040500035000,11/19/2025 3:58,1,7,0
UNC,989.001040500035000,11/19/2025 3:56,1,7,0
UNC,989.001040500035000,11/19/2025 3:55,1,7,0
UNC,989.001040500035000,11/19/2025 3:53,1,7,0
UNC,989.001040500035000,11/19/2025 3:51,1,7,0
UNC,989.001040500035000,11/19/2025 3:50,1,7,0
UNC,989.001040500035000,11/19/2025 3:47,1,7,0
UNC,989.001040500035000,11/19/2025 3:39,1,7,0
UNC,989.001030620668000,11/19/2025 3:34,1,7,0
UNC,989.001030620668000,11/19/2025 3:34,1,8,0
UNC,989.001030620668000,11/19/2025 3:29,1,8,0
UNC,989.001030620668000,11/19/2025 3:28,1,7,0
UNC,989.001030620668000,11/19/2025 3:27,1,7,0
UNC,989.001030620668000,11/19/2025 3:24,1,8,0
UNC,989.001030620668000,11/19/2025 3:21,1,3,0
UNC,989.002028176996000,11/19/2025 3:21,1,3,0
UNC,989.001030620668000,11/19/2025 3:19,1,8,0
UNC,989.002028176996000,11/19/2025 3:19,1,3,0
UNC,989.002028176996000,11/19/2025 3:18,1,3,0
UNC,989.002028176996000,11/19/2025 3:17,1,3,0
UNC,989.002028176996000,11/19/2025 3:16,1,3,0
UNC,989.001030620668000,11/19/2025 3:08,1,8,0
UNC,989.001030620668000,11/19/2025 3:07,1,8,0
UNC,989.001030620668000,11/19/2025 3:06,1,8,0
UNC,989.001040500035000,11/19/2025 2:51,1,8,0
UNC,989.002028176996000,11/19/2025 2:31,1,3,0
UNC,989.001040500035000,11/19/2025 2:31,1,8,0
UNC,989.002028176996000,11/19/2025 2:30,1,2,0
UNC,989.002028176996000,11/19/2025 2:28,1,2,0
UNC,989.002028176996000,11/19/2025 2:26,1,2,0
UNC,989.002028176996000,11/19/2025 2:25,1,2,0
UNC,989.002028176996000,11/19/2025 2:24,1,2,0
UNC,989.002028176996000,11/19/2025 2:23,1,2,0
UNC,989.002028176996000,11/19/2025 2:22,1,2,0
UNC,989.001040500035000,11/19/2025 2:21,1,8,0
UNC,989.002028176996000,11/19/2025 2:21,1,2,0
UNC,989.001040500035000,11/19/2025 2:20,1,8,0
UNC,989.002028176996000,11/19/2025 2:19,1,2,0
UNC,989.001040500035000,11/19/2025 2:19,1,8,0
UNC,989.002028176996000,11/19/2025 2:18,1,2,0
UNC,989.001040500035000,11/19/2025 2:18,1,8,0
UNC,989.001040500035000,11/19/2025 2:17,1,8,0
UNC,989.002028176996000,11/19/2025 2:17,1,2,0
UNC,989.001040500035000,11/19/2025 2:16,1,8,0
UNC,989.002028176996000,11/19/2025 2:16,1,2,0
UNC,989.001040500035000,11/19/2025 2:15,1,8,0
UNC,989.002028176996000,11/19/2025 2:14,1,2,0
UNC,989.001040500035000,11/19/2025 2:14,1,8,0
UNC,989.001040500035000,11/19/2025 2:13,1,8,0
UNC,989.002028176996000,11/19/2025 2:12,1,2,0
UNC,989.001040500035000,11/19/2025 2:12,1,8,0
UNC,989.001040500035000,11/19/2025 2:11,1,7,0
UNC,989.002028176996000,11/19/2025 2:10,1,2,0
UNC,989.001040500035000,11/19/2025 2:09,1,7,0
UNC,989.002028176996000,11/19/2025 2:08,1,2,0
UNC,989.001040500035000,11/19/2025 2:08,1,7,0
UNC,989.002028176996000,11/19/2025 2:07,1,2,0
UNC,989.001040500035000,11/19/2025 2:07,1,7,0
UNC,989.001040500035000,11/19/2025 2:06,1,7,0
UNC,989.002028176996000,11/19/2025 2:06,1,2,0
UNC,989.001040500035000,11/19/2025 2:05,1,7,0
UNC,989.002028176996000,11/19/2025 2:04,1,2,0
UNC,989.001040500088000,11/19/2025 2:04,1,7,0
UNC,989.001040500088000,11/19/2025 2:04,1,2,0
UNC,989.002028176996000,11/19/2025 2:03,1,2,0
UNC,989.002028176996000,11/19/2025 2:02,1,2,0
UNC,989.002028176996000,11/19/2025 2:01,1,2,0
UNC,989.002028176996000,11/19/2025 2:00,1,2,0
UNC,989.002028176996000,11/19/2025 1:59,1,2,0
UNC,989.002028176996000,11/19/2025 1:58,1,2,0
UNC,989.002028176996000,11/19/2025 1:56,1,2,0
UNC,989.002028176996000,11/19/2025 1:55,1,2,0
UNC,989.001040500035000,11/19/2025 1:55,1,1,0
UNC,989.001040500035000,11/19/2025 1:54,1,1,0
UNC,989.002028176996000,11/19/2025 1:54,1,2,0
UNC,989.001040500035000,11/19/2025 1:53,1,1,0
UNC,989.002028176996000,11/19/2025 1:53,1,2,0
UNC,989.001040500035000,11/19/2025 1:52,1,2,0
UNC,989.001040500035000,11/19/2025 1:52,1,1,0
UNC,989.002028176996000,11/19/2025 1:51,1,2,0
UNC,989.001040500035000,11/19/2025 1:51,1,1,0
UNC,989.002028176996000,11/19/2025 1:51,1,3,0
UNC,989.002028176996000,11/19/2025 1:49,1,3,0
UNC,989.001040500035000,11/19/2025 1:49,1,1,0
UNC,989.002028176996000,11/19/2025 1:48,1,3,0
UNC,989.002028176996000,11/19/2025 1:47,1,3,0
UNC,989.001040500035000,11/19/2025 1:47,1,1,0
UNC,989.002028176996000,11/19/2025 1:46,1,3,0
UNC,989.001040500035000,11/19/2025 1:46,1,1,0
UNC,989.001040500035000,11/19/2025 1:45,1,1,0
UNC,989.002028176996000,11/19/2025 1:45,1,3,0
UNC,989.002028176996000,11/19/2025 1:44,1,3,0
UNC,989.001040500035000,11/19/2025 1:43,1,1,0
UNC,989.002028176996000,11/19/2025 1:42,1,3,0
UNC,989.002028176996000,11/19/2025 1:41,1,3,0
UNC,989.002028176996000,11/19/2025 1:40,1,3,0
UNC,989.002028176996000,11/19/2025 1:39,1,3,0
UNC,989.002028176996000,11/19/2025 1:37,1,3,0
UNC,989.002028176996000,11/19/2025 1:36,1,3,0
UNC,989.002028176996000,11/19/2025 1:27,1,3,0
UNC,989.002028176996000,11/19/2025 1:04,1,2,0
UNC,989.002028176996000,11/19/2025 1:03,1,2,0
UNC,989.002028176996000,11/19/2025 1:02,1,2,0
UNC,989.002028176996000,11/19/2025 1:01,1,2,0
UNC,989.002028176996000,11/19/2025 0:59,1,2,0
UNC,989.002028176996000,11/19/2025 0:58,1,2,0
UNC,989.002028176996000,11/19/2025 0:57,1,2,0
UNC,989.002028176996000,11/19/2025 0:56,1,2,0
UNC,989.002028176996000,11/19/2025 0:55,1,2,0
UNC,989.002028176996000,11/19/2025 0:52,1,2,0
UNC,989.001040500035000,11/19/2025 0:52,1,2,0
UNC,989.002028176996000,11/19/2025 0:51,1,2,0
UNC,989.001040500035000,11/19/2025 0:51,1,1,0
UNC,989.002028176996000,11/19/2025 0:50,1,2,0
UNC,989.001040500035000,11/19/2025 0:50,1,1,0
UNC,989.002028176996000,11/19/2025 0:49,1,2,0
UNC,989.001040500035000,11/19/2025 0:49,1,1,0
UNC,989.001040500035000,11/19/2025 0:48,1,1,0
UNC,989.002028176996000,11/19/2025 0:47,1,2,0
UNC,989.001040500035000,11/19/2025 0:46,1,1,0
UNC,989.002028176996000,11/19/2025 0:46,1,2,0
UNC,989.001040500035000,11/19/2025 0:45,1,1,0
UNC,989.002028176996000,11/19/2025 0:45,1,2,0
UNC,989.001040500035000,11/19/2025 0:44,1,1,0
UNC,989.002028176996000,11/19/2025 0:43,1,2,0
UNC,989.002028176996000,11/19/2025 0:42,1,2,0
UNC,989.001040500035000,11/19/2025 0:42,1,1,0
UNC,989.001040500035000,11/19/2025 0:41,1,1,0
UNC,989.001040500035000,11/19/2025 0:40,1,1,0
UNC,989.002028176996000,11/19/2025 0:39,1,2,0
UNC,989.001040500035000,11/19/2025 0:38,1,1,0
UNC,989.002028176996000,11/19/2025 0:38,1,2,0
UNC,989.002028176996000,11/19/2025 0:37,1,2,0
UNC,989.001040500035000,11/19/2025 0:37,1,1,0
UNC,989.002028176996000,11/19/2025 0:36,1,2,0
UNC,989.002028176996000,11/19/2025 0:35,1,2,0
UNC,989.002028176996000,11/19/2025 0:34,1,2,0
UNC,989.002028176996000,11/19/2025 0:33,1,2,0
UNC,989.002028176996000,11/19/2025 0:31,1,2,0
UNC,989.002028176996000,11/18/2025 23:40,1,2,0
UNC,989.002028176996000,11/18/2025 23:39,1,2,0
UNC,989.002028176996000,11/18/2025 23:37,1,2,0
UNC,989.002028176996000,11/18/2025 23:36,1,2,0
UNC,989.002028176996000,11/18/2025 23:35,1,2,0
UNC,989.002028176996000,11/18/2025 23:33,1,2,0
UNC,989.002028176996000,11/18/2025 23:32,1,2,0
UNC,989.002028176996000,11/18/2025 23:31,1,2,0
UNC,989.002028176996000,11/18/2025 23:30,1,2,0
UNC,989.001030621167000,11/18/2025 23:27,1,1,0
UNC,989.001040500035000,11/18/2025 23:20,1,8,0
UNC,989.001040500035000,11/18/2025 23:18,1,8,0
UNC,989.001040500035000,11/18/2025 23:17,1,8,0
UNC,989.001040500035000,11/18/2025 23:09,1,8,0
UNC,989.001040500035000,11/18/2025 23:08,1,8,0
UNC,989.001030621167000,11/18/2025 23:02,1,7,0
UNC,989.001030621167000,11/18/2025 23:01,1,7,0
UNC,989.002028176996000,11/18/2025 22:59,1,2,0
UNC,989.001030621167000,11/18/2025 22:59,1,6,0
UNC,989.002028176996000,11/18/2025 22:55,1,2,0
UNC,989.002028176996000,11/18/2025 22:53,1,2,0
UNC,989.002028176996000,11/18/2025 22:52,1,3,0
UNC,989.002028176996000,11/18/2025 22:52,1,2,0
UNC,989.001040500035000,11/18/2025 22:51,1,8,0
UNC,989.001040500035000,11/18/2025 22:50,1,8,0
UNC,989.001040500035000,11/18/2025 22:49,1,8,0
UNC,989.001040500035000,11/18/2025 22:48,1,8,0
UNC,989.001040500035000,11/18/2025 22:47,1,8,0
UNC,989.001040500035000,11/18/2025 22:45,1,8,0
UNC,989.001040500035000,11/18/2025 22:44,1,8,0
UNC,989.001040500035000,11/18/2025 22:43,1,8,0
UNC,989.001040500035000,11/18/2025 22:42,1,8,0
UNC,989.001040500035000,11/18/2025 22:41,1,8,0
UNC,989.001040500035000,11/18/2025 22:40,1,8,0
UNC,989.001040500035000,11/18/2025 22:39,1,8,0
UNC,989.001040500035000,11/18/2025 22:38,1,8,0
UNC,989.002028176996000,11/18/2025 21:59,1,3,0
UNC,989.002028176996000,11/18/2025 21:33,1,3,0
UNC,989.002028176996000,11/18/2025 21:32,1,2,0
UNC,989.002028176996000,11/18/2025 21:30,1,2,0
UNC,989.002028176996000,11/18/2025 21:29,1,2,0
UNC,989.002028176996000,11/18/2025 21:28,1,3,0
UNC,989.002028176996000,11/18/2025 21:27,1,3,0
UNC,989.001030621167000,11/18/2025 21:21,1,3,0
UNC,989.001030621167000,11/18/2025 21:20,1,3,0
UNC,989.001030621167000,11/18/2025 21:18,1,3,0
UNC,989.001030621167000,11/18/2025 21:07,1,3,0
UNC,989.002028176996000,11/18/2025 20:55,1,3,0
UNC,989.001030621167000,11/18/2025 20:55,1,2,0
UNC,989.002028176996000,11/18/2025 20:48,1,3,0
UNC,989.001030621167000,11/18/2025 20:39,1,2,0
UNC,989.002028176996000,11/18/2025 20:38,1,3,0
UNC,989.002028176996000,11/18/2025 20:34,1,3,0
UNC,989.002028176996000,11/18/2025 20:34,1,2,0
UNC,989.001040500035000,11/18/2025 20:34,1,8,0
UNC,989.002028176996000,11/18/2025 20:33,1,2,0
UNC,989.002028176996000,11/18/2025 20:32,1,2,0
UNC,989.002028176996000,11/18/2025 20:31,1,2,0
UNC,989.002028176996000,11/18/2025 20:30,1,2,0
UNC,989.002028176996000,11/18/2025 20:29,1,2,0
UNC,989.002028176996000,11/18/2025 20:27,1,2,0
UNC,989.002028176996000,11/18/2025 20:26,1,2,0
UNC,989.002028176996000,11/18/2025 20:25,1,2,0
UNC,989.002028176996000,11/18/2025 20:24,1,2,0
UNC,989.002028176996000,11/18/2025 20:23,1,2,0
UNC,989.002028176996000,11/18/2025 20:22,1,2,0
UNC,989.002028176996000,11/18/2025 20:21,1,2,0
UNC,989.002028176996000,11/18/2025 20:19,1,2,0
UNC,989.001040500035000,11/18/2025 20:19,1,7,0
UNC,989.002028176996000,11/18/2025 20:18,1,2,0
UNC,989.001040500035000,11/18/2025 20:18,1,7,0
UNC,989.001040500035000,11/18/2025 20:17,1,7,0
UNC,989.002028176996000,11/18/2025 20:17,1,2,0
UNC,989.001040500035000,11/18/2025 20:16,1,7,0
UNC,989.002028176996000,11/18/2025 20:15,1,2,0
UNC,989.002028176996000,11/18/2025 20:14,1,2,0
UNC,989.001040500035000,11/18/2025 20:13,1,7,0
UNC,989.002028176996000,11/18/2025 20:13,1,2,0
UNC,989.002028176996000,11/18/2025 20:12,1,3,0
UNC,989.001040500035000,11/18/2025 20:12,1,7,0
UNC,989.002028176996000,11/18/2025 20:11,1,3,0
UNC,989.001040500035000,11/18/2025 20:11,1,7,0
UNC,989.002028176996000,11/18/2025 20:10,1,3,0
UNC,989.001040500035000,11/18/2025 20:09,1,7,0
UNC,989.002028176996000,11/18/2025 20:09,1,3,0
UNC,989.002028176996000,11/18/2025 20:08,1,3,0
UNC,989.001040500035000,11/18/2025 20:07,1,7,0
UNC,989.001040500035000,11/18/2025 20:05,1,7,0
UNC,989.001040500035000,11/18/2025 20:00,1,7,0
UNC,989.002028176996000,11/18/2025 20:00,1,3,0
UNC,989.001040500035000,11/18/2025 19:59,1,7,0
UNC,989.001040500035000,11/18/2025 19:58,1,7,0
UNC,989.001040500035000,11/18/2025 19:57,1,7,0
UNC,989.001040500035000,11/18/2025 19:55,1,7,0
UNC,989.001040500035000,11/18/2025 19:53,1,7,0
UNC,989.001040500035000,11/18/2025 19:52,1,8,0
UNC,989.001040500035000,11/18/2025 19:51,1,8,0
UNC,989.001030620553000,11/18/2025 19:44,1,1,0
UNC,989.001030620553000,11/18/2025 19:38,1,7,0
UNC,989.001030621167000,11/18/2025 19:27,1,3,0
UNC,989.001030620304000,11/18/2025 19:22,1,2,0
UNC,989.001030621167000,11/18/2025 19:20,1,7,0
UNC,989.001030620304000,11/18/2025 19:20,1,7,0
UNC,989.002028176996000,11/18/2025 19:20,1,3,0
UNC,989.001040500035000,11/18/2025 19:15,1,8,0
UNC,989.001040500035000,11/18/2025 19:02,1,8,0
UNC,989.001040500035000,11/18/2025 19:01,1,8,0
UNC,989.001040500035000,11/18/2025 19:00,1,8,0
UNC,989.001040500035000,11/18/2025 18:59,1,8,0
UNC,989.001040500035000,11/18/2025 18:58,1,8,0
UNC,989.001040500035000,11/18/2025 18:57,1,8,0
UNC,989.001040500035000,11/18/2025 18:56,1,8,0
UNC,989.001040500035000,11/18/2025 18:54,1,8,0
UNC,989.001040500035000,11/18/2025 18:53,1,8,0
UNC,989.001040500035000,11/18/2025 18:52,1,8,0
UNC,989.002028176996000,11/18/2025 18:52,1,3,0
UNC,989.001040500035000,11/18/2025 18:51,1,8,0
UNC,989.001040500035000,11/18/2025 18:50,1,8,0
UNC,989.001040500035000,11/18/2025 18:49,1,8,0
UNC,989.001040500035000,11/18/2025 18:47,1,8,0
UNC,989.001040500035000,11/18/2025 18:46,1,8,0
UNC,989.001040500035000,11/18/2025 18:45,1,8,0
UNC,989.001040500071000,11/18/2025 18:45,1,2,0
UNC,989.002028176996000,11/18/2025 18:44,1,2,0
UNC,989.001040500035000,11/18/2025 18:44,1,8,0
UNC,989.002028176996000,11/18/2025 18:43,1,2,0
UNC,989.002028177108000,11/18/2025 18:43,1,6,0
UNC,989.002028176996000,11/18/2025 18:42,1,2,0
UNC,989.002028177108000,11/18/2025 18:42,1,1,0
UNC,989.001040500071000,11/18/2025 18:42,1,7,0
UNC,989.002028176996000,11/18/2025 18:41,1,2,0
UNC,989.001040500035000,11/18/2025 18:40,1,8,0
UNC,989.002028176996000,11/18/2025 18:40,1,2,0
UNC,989.001040500035000,11/18/2025 18:39,1,8,0
UNC,989.002028176996000,11/18/2025 18:38,1,2,0
UNC,989.002028176996000,11/18/2025 18:37,1,2,0
UNC,989.002028176996000,11/18/2025 18:36,1,3,0
UNC,989.002028177108000,11/18/2025 18:35,1,2,0
UNC,989.002028176996000,11/18/2025 18:35,1,3,0
UNC,989.002028177108000,11/18/2025 18:33,1,7,0
UNC,989.002028176996000,11/18/2025 18:33,1,3,0
UNC,989.002028176996000,11/18/2025 18:32,1,3,0
UNC,989.002028177108000,11/18/2025 18:26,1,8,0
UNC,989.002028177145000,11/18/2025 18:23,1,7,0
UNC,989.002028177108000,11/18/2025 18:23,1,2,0
UNC,989.002028176996000,11/18/2025 18:04,1,2,0
UNC,989.002028176996000,11/18/2025 17:59,1,3,0
UNC,989.001040500035000,11/18/2025 17:52,1,7,0
UNC,989.002028176996000,11/18/2025 17:48,1,3,0
UNC,989.001040500035000,11/18/2025 17:47,1,7,0
UNC,989.001040500035000,11/18/2025 17:46,1,7,0
UNC,989.001040500035000,11/18/2025 17:45,1,7,0
UNC,989.001040500035000,11/18/2025 17:44,1,7,0
UNC,989.001040500035000,11/18/2025 17:43,1,7,0
UNC,989.001040500035000,11/18/2025 17:41,1,7,0
UNC,989.002028176695000,11/18/2025 17:40,1,2,0
UNC,989.001040500035000,11/18/2025 17:40,1,7,0
UNC,989.001030620684000,11/18/2025 17:32,1,2,0
UNC,989.001030620684000,11/18/2025 17:31,1,6,0
UNC,989.002028176996000,11/18/2025 17:29,1,3,0
UNC,989.001040500035000,11/18/2025 17:28,1,7,0
UNC,989.001040500035000,11/18/2025 17:24,1,7,0
UNC,989.001040500035000,11/18/2025 17:23,1,7,0
UNC,989.001040500035000,11/18/2025 17:22,1,7,0
UNC,989.002028176996000,11/18/2025 17:21,1,3,0
UNC,989.001040500035000,11/18/2025 17:21,1,7,0
UNC,989.001040500035000,11/18/2025 17:20,1,7,0
UNC,989.002028176996000,11/18/2025 17:20,1,3,0
UNC,989.001040500035000,11/18/2025 17:18,1,7,0
UNC,989.002028176996000,11/18/2025 17:17,1,3,0
UNC,989.001040500035000,11/18/2025 17:17,1,7,0
UNC,989.001040500035000,11/18/2025 17:16,1,7,0
UNC,989.001040500035000,11/18/2025 17:14,1,7,0
UNC,989.001040500035000,11/18/2025 17:13,1,7,0
UNC,989.002028176996000,11/18/2025 17:13,1,3,0
UNC,989.001040500035000,11/18/2025 17:12,1,7,0
UNC,989.002028176996000,11/18/2025 17:12,1,3,0
UNC,989.001040500035000,11/18/2025 17:11,1,7,0
UNC,989.002028176695000,11/18/2025 17:11,1,7,0
UNC,989.002028176996000,11/18/2025 17:11,1,3,0
UNC,989.002028176695000,11/18/2025 17:10,1,6,0
UNC,989.001040500035000,11/18/2025 17:10,1,7,0
UNC,989.002028176695000,11/18/2025 17:09,1,6,0
UNC,989.002028176695000,11/18/2025 17:09,1,7,0
UNC,989.002028176695000,11/18/2025 17:07,1,7,0
UNC,989.002028176695000,11/18/2025 17:06,1,6,0
UNC,989.002028176695000,11/18/2025 17:06,1,7,0
UNC,989.002028176996000,11/18/2025 17:06,1,3,0
UNC,989.002028176996000,11/18/2025 17:05,1,3,0
UNC,989.001040500035000,11/18/2025 17:04,1,7,0
UNC,989.002028176996000,11/18/2025 17:03,1,3,0
UNC,989.001040500035000,11/18/2025 17:03,1,7,0
UNC,989.002028176996000,11/18/2025 17:02,1,2,0
UNC,989.001040500035000,11/18/2025 17:02,1,7,0
UNC,989.002028176996000,11/18/2025 17:00,1,2,0
UNC,989.001030620186000,11/18/2025 16:59,1,7,0
UNC,989.002028176695000,11/18/2025 16:57,1,2,0
UNC,989.002028176996000,11/18/2025 16:56,1,6,0
UNC,989.002028176996000,11/18/2025 16:56,1,7,0
UNC,989.002028176695000,11/18/2025 16:56,1,2,0
UNC,989.002028176996000,11/18/2025 16:55,1,7,0
UNC,989.002028176695000,11/18/2025 16:55,1,2,0
UNC,989.002028176996000,11/18/2025 16:54,1,7,0
UNC,989.002028176695000,11/18/2025 16:54,1,2,0
UNC,989.002028176996000,11/18/2025 16:53,1,7,0
UNC,989.002028176695000,11/18/2025 16:53,1,2,0
UNC,989.002028176996000,11/18/2025 16:52,1,7,0
UNC,989.002028176695000,11/18/2025 16:51,1,3,0
UNC,989.002028176996000,11/18/2025 16:51,1,7,0
UNC,989.002028176695000,11/18/2025 16:50,1,2,0
UNC,989.002028176996000,11/18/2025 16:50,1,7,0
UNC,989.002028176996000,11/18/2025 16:49,1,7,0
UNC,989.002028176996000,11/18/2025 16:48,1,7,0
UNC,989.002028176996000,11/18/2025 16:47,1,7,0
UNC,989.002028176695000,11/18/2025 16:47,1,2,0
UNC,989.002028176996000,11/18/2025 16:46,1,7,0
UNC,989.002028176695000,11/18/2025 16:46,1,2,0
UNC,989.002028176996000,11/18/2025 16:45,1,7,0
UNC,989.002028176695000,11/18/2025 16:45,1,2,0
UNC,989.002028176996000,11/18/2025 16:44,1,7,0
UNC,989.002028176695000,11/18/2025 16:44,1,2,0
UNC,989.002028176996000,11/18/2025 16:43,1,7,0
UNC,989.002028176695000,11/18/2025 16:42,1,2,0
UNC,989.002028176996000,11/18/2025 16:42,1,7,0
UNC,989.002028176996000,11/18/2025 16:41,1,7,0
UNC,989.002028176996000,11/18/2025 16:40,1,7,0
UNC,989.002028176996000,11/18/2025 16:39,1,7,0
UNC,989.002028176996000,11/18/2025 16:38,1,7,0
UNC,989.002028176996000,11/18/2025 16:37,1,7,0
UNC,989.002028176996000,11/18/2025 16:36,1,7,0
UNC,989.002028176996000,11/18/2025 16:35,1,7,0
UNC,989.002028176996000,11/18/2025 16:34,1,7,0
UNC,989.002028176695000,11/18/2025 16:32,1,6,0
UNC,989.002028176695000,11/18/2025 16:31,1,6,0
UNC,989.002028176695000,11/18/2025 16:30,1,6,0
UNC,989.002028176695000,11/18/2025 16:29,1,6,0
UNC,989.002028176695000,11/18/2025 16:28,1,6,0
UNC,989.002028176695000,11/18/2025 16:26,1,7,0
UNC,989.002028176695000,11/18/2025 16:25,1,7,0
UNC,989.002028176695000,11/18/2025 16:21,1,1,0
UNC,989.002028176695000,11/18/2025 16:20,1,2,0
UNC,989.002028176996000,11/18/2025 16:20,1,7,0
UNC,989.002028176695000,11/18/2025 16:19,1,3,0
UNC,989.002028177081000,11/18/2025 16:19,1,2,0
UNC,989.002028176695000,11/18/2025 16:18,1,2,0
UNC,989.002028176695000,11/18/2025 16:17,1,2,0
UNC,989.002028176695000,11/18/2025 16:17,1,1,0
UNC,989.002028177081000,11/18/2025 16:16,1,6,0
UNC,989.002028176695000,11/18/2025 16:16,1,1,0
UNC,989.002028176996000,11/18/2025 16:12,1,7,0
UNC,989.002028176996000,11/18/2025 16:11,1,7,0
UNC,989.002028176695000,11/18/2025 16:10,1,7,0
UNC,989.002028176996000,11/18/2025 16:10,1,6,0
UNC,989.002028176695000,11/18/2025 16:09,1,6,0
UNC,989.002028176996000,11/18/2025 16:09,1,7,0
UNC,989.002028176695000,11/18/2025 16:09,1,7,0
UNC,989.002028176996000,11/18/2025 16:08,1,7,0
UNC,989.002028176695000,11/18/2025 16:07,1,7,0
UNC,989.002028176996000,11/18/2025 16:07,1,7,0
UNC,989.002028176695000,11/18/2025 16:06,1,7,0
UNC,989.002028176996000,11/18/2025 16:06,1,7,0
UNC,989.002028176695000,11/18/2025 16:05,1,7,0
UNC,989.002028176695000,11/18/2025 16:05,1,6,0
UNC,989.002028176996000,11/18/2025 16:04,1,2,0
UNC,989.002028176695000,11/18/2025 16:04,1,6,0
UNC,989.002028176695000,11/18/2025 16:03,1,7,0
UNC,989.002028176996000,11/18/2025 16:03,1,3,0
UNC,989.002028176695000,11/18/2025 16:02,1,7,0
UNC,989.002028176996000,11/18/2025 16:01,1,2,0
UNC,989.002028176996000,11/18/2025 15:59,1,2,0
UNC,989.002028176695000,11/18/2025 15:58,1,1,0
UNC,989.002028176695000,11/18/2025 15:57,1,1,0
UNC,989.002028176695000,11/18/2025 15:57,1,2,0
UNC,989.002028176695000,11/18/2025 15:56,1,2,0
UNC,989.002028176695000,11/18/2025 15:54,1,2,0
UNC,989.002028176695000,11/18/2025 15:53,1,2,0
UNC,989.002028176695000,11/18/2025 15:51,1,2,0
UNC,989.002028176695000,11/18/2025 15:51,1,1,0
UNC,989.002028176695000,11/18/2025 15:50,1,1,0
UNC,989.002028176695000,11/18/2025 15:49,1,2,0
UNC,989.002028176695000,11/18/2025 15:47,1,2,0
UNC,989.002028176695000,11/18/2025 15:46,1,2,0
UNC,989.002028176695000,11/18/2025 15:45,1,2,0
UNC,989.002028176695000,11/18/2025 15:44,1,3,0
UNC,989.002028176695000,11/18/2025 15:43,1,2,0
UNC,989.002028176695000,11/18/2025 15:41,1,2,0
UNC,989.002028176695000,11/18/2025 15:40,1,2,0
UNC,989.002028176695000,11/18/2025 15:40,1,3,0
UNC,989.002028176996000,11/18/2025 15:39,1,3,0
UNC,989.002028176695000,11/18/2025 15:38,1,2,0
UNC,989.002028176695000,11/18/2025 15:38,1,1,0
UNC,989.002028176695000,11/18/2025 15:37,1,1,0
UNC,989.002028176695000,11/18/2025 15:36,1,1,0
UNC,989.002028176695000,11/18/2025 15:35,1,1,0
UNC,989.002028176996000,11/18/2025 15:31,1,2,0
UNC,989.002028176996000,11/18/2025 15:30,1,3,0
UNC,989.002028176695000,11/18/2025 15:27,1,6,0
UNC,989.002028176695000,11/18/2025 15:27,1,7,0
UNC,989.002028176996000,11/18/2025 15:27,1,3,0
UNC,989.002028176695000,11/18/2025 15:24,1,6,0
UNC,989.002028176695000,11/18/2025 15:23,1,7,0
UNC,989.002028176695000,11/18/2025 15:22,1,7,0
UNC,989.002028176996000,11/18/2025 15:21,1,2,0
UNC,989.002028176695000,11/18/2025 15:21,1,7,0
UNC,989.002028176996000,11/18/2025 15:20,1,2,0
UNC,989.002028176695000,11/18/2025 15:20,1,7,0
UNC,989.002028176996000,11/18/2025 15:19,1,2,0
UNC,989.002028176695000,11/18/2025 15:17,1,7,0
UNC,989.002028176695000,11/18/2025 15:16,1,7,0
UNC,989.002028176695000,11/18/2025 15:15,1,6,0
UNC,989.002028176996000,11/18/2025 15:14,1,3,0
UNC,989.002028176695000,11/18/2025 15:14,1,7,0
UNC,989.002028176695000,11/18/2025 15:13,1,7,0
UNC,989.002028176695000,11/18/2025 15:12,1,7,0
UNC,989.002028176695000,11/18/2025 15:11,1,7,0
UNC,989.002028176695000,11/18/2025 15:10,1,6,0
UNC,989.002028176695000,11/18/2025 15:10,1,7,0
UNC,989.002028176996000,11/18/2025 15:08,1,7,0
UNC,989.002028176996000,11/18/2025 15:07,1,7,0
UNC,989.002028176996000,11/18/2025 15:07,1,6,0
UNC,989.002028176996000,11/18/2025 15:06,1,6,0
UNC,989.002028176996000,11/18/2025 15:05,1,6,0
UNC,989.002028176996000,11/18/2025 15:04,1,7,0
UNC,989.002028176996000,11/18/2025 15:03,1,7,0
UNC,989.002028176996000,11/18/2025 15:00,1,7,0
UNC,989.002028176996000,11/18/2025 14:57,1,2,0
UNC,989.002028176996000,11/18/2025 14:57,1,3,0
UNC,989.002028176996000,11/18/2025 14:50,1,3,0
UNC,989.002028176996000,11/18/2025 14:49,1,2,0
UNC,989.002028176996000,11/18/2025 14:48,1,2,0
UNC,989.002028176996000,11/18/2025 14:47,1,3,0
UNC,989.002028176996000,11/18/2025 14:45,1,3,0
UNC,989.002028176996000,11/18/2025 14:44,1,3,0
UNC,989.002028176996000,11/18/2025 14:43,1,2,0
UNC,989.002028176996000,11/18/2025 14:42,1,2,0
UNC,989.002028176996000,11/18/2025 14:31,1,2,0
UNC,989.002028176996000,11/18/2025 14:30,1,2,0
UNC,989.002028176996000,11/18/2025 8:05,1,3,0
UNC,989.002028176996000,11/18/2025 8:03,1,2,0
UNC,989.002028176996000,11/18/2025 8:03,1,3,0
UNC,989.002028176996000,11/18/2025 8:02,1,2,0
UNC,989.001030620667000,11/18/2025 7:31,1,3,0
UNC,989.001030620667000,11/18/2025 7:31,1,2,0
UNC,989.002028176695000,11/18/2025 7:23,1,2,0
UNC,989.002028176695000,11/18/2025 7:22,1,1,0
UNC,989.002028176695000,11/18/2025 7:21,1,1,0
UNC,989.002028176695000,11/18/2025 7:20,1,1,0
UNC,989.002028176695000,11/18/2025 7:10,1,3,0
UNC,989.002028176695000,11/18/2025 7:09,1,2,0
UNC,989.002028176695000,11/18/2025 7:08,1,3,0
UNC,989.002028176695000,11/18/2025 7:06,1,2,0
UNC,989.002028176695000,11/18/2025 7:05,1,1,0
UNC,989.002028176996000,11/18/2025 7:04,1,3,0
UNC,989.002028176695000,11/18/2025 7:04,1,1,0
UNC,989.002028176996000,11/18/2025 7:03,1,3,0
UNC,989.002028176695000,11/18/2025 7:03,1,1,0
UNC,989.002028176695000,11/18/2025 7:02,1,1,0
UNC,989.002028176695000,11/18/2025 7:01,1,2,0
UNC,989.002028176996000,11/18/2025 6:58,1,2,0
UNC,989.002028176996000,11/18/2025 6:57,1,2,0
UNC,989.002028176996000,11/18/2025 6:57,1,3,0
UNC,989.002028176695000,11/18/2025 6:56,1,6,0
UNC,989.002028176695000,11/18/2025 6:55,1,7,0
UNC,989.002028176695000,11/18/2025 6:54,1,7,0
UNC,989.002028176695000,11/18/2025 6:53,1,7,0
UNC,989.002028176996000,11/18/2025 6:52,1,2,0
UNC,989.002028176695000,11/18/2025 6:52,1,6,0
UNC,989.002028176695000,11/18/2025 6:51,1,7,0
UNC,989.002028176996000,11/18/2025 6:51,1,3,0
UNC,989.002028176695000,11/18/2025 6:50,1,7,0
UNC,989.002028176996000,11/18/2025 6:49,1,3,0
UNC,989.002028176996000,11/18/2025 6:49,1,2,0
UNC,989.002028176996000,11/18/2025 6:48,1,2,0
UNC,989.002028176695000,11/18/2025 6:47,1,6,0
UNC,989.002028176695000,11/18/2025 6:47,1,7,0
UNC,989.002028176695000,11/18/2025 6:46,1,6,0
UNC,989.002028176695000,11/18/2025 6:46,1,7,0
UNC,989.002028176996000,11/18/2025 6:45,1,3,0
UNC,989.002028176695000,11/18/2025 6:45,1,7,0
UNC,989.002028176996000,11/18/2025 6:44,1,3,0
UNC,989.002028176996000,11/18/2025 6:44,1,2,0
UNC,989.002028176695000,11/18/2025 6:43,1,7,0
UNC,989.002028176996000,11/18/2025 6:43,1,2,0
UNC,989.002028176695000,11/18/2025 6:42,1,7,0
UNC,989.002028176996000,11/18/2025 6:42,1,2,0
UNC,989.002028176695000,11/18/2025 6:41,1,7,0
UNC,989.002028176695000,11/18/2025 6:40,1,7,0
UNC,989.002028176695000,11/18/2025 6:39,1,7,0
UNC,989.002028176695000,11/18/2025 6:39,1,6,0
UNC,989.002028176695000,11/18/2025 6:38,1,6,0
UNC,989.002028176695000,11/18/2025 6:36,1,6,0
UNC,989.002028176695000,11/18/2025 6:32,1,2,0
UNC,989.001030620684000,11/18/2025 6:27,1,7,0
UNC,989.001030620667000,11/18/2025 6:26,1,3,0
UNC,989.001030620667000,11/18/2025 6:25,1,2,0
UNC,989.002028176996000,11/18/2025 6:24,1,2,0
UNC,989.002028176996000,11/18/2025 6:23,1,2,0
UNC,989.002028176996000,11/18/2025 6:22,1,2,0
UNC,989.002028176996000,11/18/2025 6:21,1,2,0
UNC,989.002028176996000,11/18/2025 6:20,1,2,0
UNC,989.002028176996000,11/18/2025 6:18,1,2,0
UNC,989.002028176996000,11/18/2025 6:17,1,2,0
UNC,989.002028176996000,11/18/2025 6:17,1,3,0
UNC,989.002028176996000,11/18/2025 6:16,1,3,0
UNC,989.001030620615000,11/18/2025 6:13,1,2,0
UNC,989.001030620615000,11/18/2025 6:12,1,2,0
UNC,989.002028176996000,11/18/2025 6:11,1,2,0
UNC,989.002028176996000,11/18/2025 6:10,1,2,0
UNC,989.002028176996000,11/18/2025 6:10,1,3,0
UNC,989.001030620304000,11/18/2025 6:08,1,7,0
UNC,989.002028176996000,11/18/2025 6:08,1,3,0
UNC,989.001030620304000,11/18/2025 6:08,1,6,0
UNC,989.001030620304000,11/18/2025 6:07,1,2,0
UNC,989.002028176996000,11/18/2025 6:05,1,3,0
UNC,989.002028176996000,11/18/2025 6:04,1,3,0
UNC,989.002028176996000,11/18/2025 6:02,1,3,0
UNC,989.002028176996000,11/18/2025 6:01,1,3,0
UNC,989.002028176996000,11/18/2025 6:00,1,3,0
UNC,989.002028176996000,11/18/2025 5:59,1,3,0
UNC,989.002028176996000,11/18/2025 5:57,1,3,0
UNC,989.002028176996000,11/18/2025 5:53,1,3,0
UNC,989.002028176996000,11/18/2025 5:51,1,3,0
UNC,989.002028176996000,11/18/2025 5:50,1,2,0
UNC,989.002028176996000,11/18/2025 5:49,1,3,0
UNC,989.002028176996000,11/18/2025 5:48,1,3,0
UNC,989.002028176996000,11/18/2025 5:35,1,3,0
UNC,989.001030621167000,11/18/2025 4:27,1,6,0
UNC,989.001030621167000,11/18/2025 4:27,1,7,0
UNC,989.001030621167000,11/18/2025 4:26,1,7,0
UNC,989.001030621167000,11/18/2025 4:25,1,7,0
UNC,989.001030621167000,11/18/2025 4:24,1,7,0
UNC,989.001030621167000,11/18/2025 4:23,1,7,0
UNC,989.001030621167000,11/18/2025 4:22,1,7,0
UNC,989.001030621167000,11/18/2025 4:21,1,7,0
UNC,989.002028176996000,11/18/2025 4:18,1,3,0
UNC,989.002028176996000,11/18/2025 3:39,1,2,0
UNC,989.002028176996000,11/18/2025 3:38,1,2,0
UNC,989.002028176996000,11/18/2025 3:37,1,2,0
UNC,989.002028176996000,11/18/2025 3:35,1,2,0
UNC,989.002028176996000,11/18/2025 3:33,1,2,0
UNC,989.002028176996000,11/18/2025 3:32,1,2,0
UNC,989.002028176996000,11/18/2025 3:30,1,2,0
UNC,989.002028176996000,11/18/2025 3:29,1,2,0
UNC,989.002028176996000,11/18/2025 2:09,1,3,0
UNC,989.001040499549000,11/18/2025 2:07,1,1,0
UNC,989.002028176996000,11/18/2025 2:05,1,3,0
UNC,989.001040499549000,11/18/2025 2:05,1,7,0
UNC,989.002028176996000,11/18/2025 1:37,1,2,0
UNC,989.002028176996000,11/18/2025 1:32,1,2,0
UNC,989.002028176996000,11/18/2025 1:30,1,2,0
UNC,989.002028176996000,11/18/2025 1:29,1,2,0
UNC,989.001040500035000,11/18/2025 1:29,1,8,0
UNC,989.002028176996000,11/18/2025 1:28,1,2,0
UNC,989.002028176996000,11/18/2025 1:27,1,2,0
UNC,989.002028176996000,11/18/2025 1:25,1,2,0
UNC,989.001030620304000,11/18/2025 1:24,1,3,0
UNC,989.002028176996000,11/18/2025 1:24,1,2,0
UNC,989.001030620304000,11/18/2025 1:23,1,3,0
UNC,989.001030620304000,11/18/2025 1:22,1,2,0
UNC,989.001030620304000,11/18/2025 1:21,1,2,0
UNC,989.001030620667000,11/18/2025 1:20,1,2,0
UNC,989.001030620304000,11/18/2025 1:20,1,2,0
UNC,989.001040500035000,11/18/2025 1:20,1,8,0
UNC,989.001030620304000,11/18/2025 1:19,1,2,0
UNC,989.001040500035000,11/18/2025 1:19,1,8,0
UNC,989.001030620304000,11/18/2025 1:18,1,2,0
UNC,989.002028176996000,11/18/2025 1:17,1,3,0
UNC,989.001030620304000,11/18/2025 1:17,1,2,0
UNC,989.001030620667000,11/18/2025 1:17,1,2,0
UNC,989.001030620304000,11/18/2025 1:16,1,2,0
UNC,989.001030620304000,11/18/2025 1:15,1,2,0
UNC,989.001030620304000,11/18/2025 1:14,1,2,0
UNC,989.001030620304000,11/18/2025 1:13,1,2,0
UNC,989.001040500035000,11/18/2025 1:12,1,8,0
UNC,989.001030620304000,11/18/2025 1:12,1,2,0
UNC,989.001030620304000,11/18/2025 1:11,1,2,0
UNC,989.001030620304000,11/18/2025 1:10,1,2,0
UNC,989.001030620304000,11/18/2025 1:09,1,2,0
UNC,989.001030620304000,11/18/2025 1:08,1,2,0
UNC,989.001030620304000,11/18/2025 1:07,1,2,0
UNC,989.001030620304000,11/18/2025 1:06,1,2,0
UNC,989.001030620304000,11/18/2025 1:05,1,2,0
UNC,989.001030620304000,11/18/2025 1:04,1,2,0
UNC,989.001030620304000,11/18/2025 1:03,1,2,0
UNC,989.001030620304000,11/18/2025 1:02,1,2,0
UNC,989.001030620304000,11/18/2025 1:01,1,2,0
UNC,989.001030620304000,11/18/2025 1:00,1,2,0
UNC,989.001030620304000,11/18/2025 0:58,1,2,0
UNC,989.001030620304000,11/18/2025 0:57,1,2,0
UNC,989.001030620304000,11/18/2025 0:56,1,2,0
UNC,989.001030620304000,11/18/2025 0:55,1,2,0
UNC,989.001030620304000,11/18/2025 0:54,1,2,0
UNC,989.001030620304000,11/18/2025 0:53,1,2,0
UNC,989.001030620304000,11/18/2025 0:52,1,2,0
UNC,989.001030620304000,11/18/2025 0:51,1,2,0
UNC,989.001030620304000,11/18/2025 0:50,1,2,0
UNC,989.001030620304000,11/18/2025 0:49,1,2,0
UNC,989.001030620304000,11/18/2025 0:48,1,2,0
UNC,989.001030620304000,11/18/2025 0:47,1,2,0
UNC,989.001030620304000,11/18/2025 0:46,1,2,0
UNC,989.001030620304000,11/18/2025 0:45,1,2,0
UNC,989.001030620304000,11/18/2025 0:44,1,2,0
UNC,989.001030620304000,11/18/2025 0:43,1,2,0
UNC,989.001030620304000,11/18/2025 0:42,1,2,0
UNC,989.001030620304000,11/18/2025 0:41,1,2,0
UNC,989.001030620304000,11/18/2025 0:40,1,2,0
UNC,989.001030620304000,11/18/2025 0:39,1,2,0
UNC,989.001030620304000,11/18/2025 0:38,1,2,0
UNC,989.001030620304000,11/18/2025 0:37,1,2,0
UNC,989.001030620304000,11/18/2025 0:36,1,2,0
UNC,989.002028176996000,11/18/2025 0:35,1,3,0
UNC,989.002028176996000,11/18/2025 0:32,1,3,0
UNC,989.002028176996000,11/18/2025 0:30,1,3,0
UNC,989.002028176996000,11/18/2025 0:26,1,3,0
UNC,989.001030620304000,11/18/2025 0:22,1,7,0
UNC,989.001040500035000,11/17/2025 23:53,1,8,0
UNC,989.001040500035000,11/17/2025 23:52,1,8,0
UNC,989.001040500035000,11/17/2025 23:51,1,8,0
UNC,989.001040500035000,11/17/2025 23:50,1,8,0
UNC,989.001040500035000,11/17/2025 23:49,1,8,0
UNC,989.001040500035000,11/17/2025 23:48,1,8,0
UNC,989.001040500035000,11/17/2025 23:47,1,8,0
UNC,989.001040500035000,11/17/2025 23:46,1,8,0
UNC,989.001040500035000,11/17/2025 23:45,1,8,0
UNC,989.002028176996000,11/17/2025 23:45,1,3,0
UNC,989.001040500035000,11/17/2025 23:44,1,8,0
UNC,989.001040500035000,11/17/2025 23:43,1,8,0
UNC,989.001040500035000,11/17/2025 23:42,1,8,0
UNC,989.001040500035000,11/17/2025 23:41,1,8,0
UNC,989.001040500035000,11/17/2025 23:40,1,8,0
UNC,989.001040500035000,11/17/2025 23:39,1,8,0
UNC,989.001040500035000,11/17/2025 23:38,1,8,0
UNC,989.001040500035000,11/17/2025 23:36,1,8,0
UNC,989.001040500035000,11/17/2025 23:35,1,8,0
UNC,989.001040500035000,11/17/2025 23:34,1,8,0
UNC,989.001040500035000,11/17/2025 23:33,1,8,0
UNC,989.001040500035000,11/17/2025 23:32,1,8,0
UNC,989.001040500035000,11/17/2025 23:31,1,8,0
UNC,989.001040500035000,11/17/2025 23:30,1,8,0
UNC,989.001040500035000,11/17/2025 23:29,1,8,0
UNC,989.001040500035000,11/17/2025 23:28,1,8,0
UNC,989.001040500035000,11/17/2025 23:27,1,8,0
UNC,989.001040500035000,11/17/2025 23:26,1,8,0
UNC,989.001040500035000,11/17/2025 23:25,1,8,0
UNC,989.001040500035000,11/17/2025 23:24,1,8,0
UNC,989.001040500035000,11/17/2025 23:23,1,8,0
UNC,989.001040500035000,11/17/2025 23:17,1,8,0
UNC,989.001040500035000,11/17/2025 23:13,1,8,0
UNC,989.001040500035000,11/17/2025 23:12,1,8,0
UNC,989.001040500035000,11/17/2025 23:11,1,8,0
UNC,989.001040500035000,11/17/2025 23:10,1,8,0
UNC,989.001040500035000,11/17/2025 23:09,1,8,0
UNC,989.001040500035000,11/17/2025 23:07,1,8,0
UNC,989.001040500035000,11/17/2025 23:06,1,8,0
UNC,989.001040500035000,11/17/2025 23:05,1,8,0
UNC,989.001040500035000,11/17/2025 23:04,1,8,0
UNC,989.001040500035000,11/17/2025 23:03,1,8,0
UNC,989.001040500035000,11/17/2025 23:02,1,8,0
UNC,989.001040500035000,11/17/2025 23:01,1,8,0
UNC,989.001040500035000,11/17/2025 22:59,1,8,0
UNC,989.001040500035000,11/17/2025 22:58,1,8,0
UNC,989.001040500035000,11/17/2025 22:58,1,7,0
UNC,989.001040500035000,11/17/2025 22:56,1,7,0
UNC,989.001040500035000,11/17/2025 22:55,1,7,0
UNC,989.001040500035000,11/17/2025 22:53,1,7,0
UNC,989.001040500035000,11/17/2025 22:52,1,7,0
UNC,989.001040500035000,11/17/2025 22:50,1,7,0
UNC,989.001040500035000,11/17/2025 22:49,1,7,0
UNC,989.002028176996000,11/17/2025 22:48,1,3,0
UNC,989.002028176996000,11/17/2025 22:40,1,3,0
UNC,989.002028176996000,11/17/2025 22:38,1,3,0
UNC,989.001040500035000,11/17/2025 22:37,1,7,0
UNC,989.001040500035000,11/17/2025 22:28,1,7,0
UNC,989.002028176996000,11/17/2025 22:23,1,2,0
UNC,989.002028176996000,11/17/2025 22:22,1,2,0
UNC,989.002028176996000,11/17/2025 22:20,1,2,0
UNC,989.002028176996000,11/17/2025 22:19,1,2,0
UNC,989.001040500035000,11/17/2025 22:19,1,7,0
UNC,989.002028176996000,11/17/2025 22:17,1,2,0
UNC,989.001040500035000,11/17/2025 22:15,1,7,0
UNC,989.001030620186000,11/17/2025 22:09,1,8,0
UNC,989.001030620186000,11/17/2025 22:08,1,9,0
UNC,989.001030620186000,11/17/2025 22:04,1,9,0
UNC,989.001030620186000,11/17/2025 22:03,1,9,0
UNC,989.002028176996000,11/17/2025 22:01,1,3,0
UNC,989.001040500081000,11/17/2025 21:59,1,1,0
UNC,989.001040500081000,11/17/2025 21:58,1,7,0
UNC,989.002028176996000,11/17/2025 21:53,1,3,0
UNC,989.001040500035000,11/17/2025 21:52,1,8,0
UNC,989.001040500081000,11/17/2025 21:51,1,6,0
UNC,989.001040500035000,11/17/2025 21:51,1,8,0
UNC,989.001040500081000,11/17/2025 21:51,1,7,0
UNC,989.001040500081000,11/17/2025 21:50,1,1,0
UNC,989.002028177108000,11/17/2025 21:48,1,1,0
UNC,989.002028177108000,11/17/2025 21:47,1,1,0
UNC,989.001040500035000,11/17/2025 21:30,1,8,0
UNC,989.002028177108000,11/17/2025 21:27,1,1,0
UNC,989.002028176996000,11/17/2025 21:09,1,2,0
UNC,989.002028176996000,11/17/2025 21:04,1,2,0
UNC,989.002028176996000,11/17/2025 21:02,1,2,0
UNC,989.002028176996000,11/17/2025 21:01,1,2,0
UNC,989.002028176996000,11/17/2025 21:00,1,2,0
UNC,989.002028176996000,11/17/2025 20:59,1,2,0
UNC,989.002028176996000,11/17/2025 20:58,1,2,0
UNC,989.002028176996000,11/17/2025 20:56,1,2,0
UNC,989.002028177050000,11/17/2025 20:52,1,2,0
UNC,989.002028176996000,11/17/2025 20:51,1,3,0
UNC,989.002028177050000,11/17/2025 20:45,1,7,0
UNC,989.002028177050000,11/17/2025 20:43,1,7,0
UNC,989.001030620186000,11/17/2025 20:42,1,9,0
UNC,989.002028177050000,11/17/2025 20:42,1,7,0
UNC,989.002028177050000,11/17/2025 20:41,1,7,0
UNC,989.001030620186000,11/17/2025 20:41,1,9,0
UNC,989.002028177050000,11/17/2025 20:40,1,7,0
UNC,989.002028176996000,11/17/2025 20:34,1,3,0
UNC,989.002028176996000,11/17/2025 20:30,1,3,0
UNC,989.002028176996000,11/17/2025 20:29,1,2,0
UNC,989.002028176996000,11/17/2025 20:28,1,2,0
UNC,989.002028176996000,11/17/2025 20:26,1,2,0
UNC,989.002028176996000,11/17/2025 20:25,1,2,0
UNC,989.002028176996000,11/17/2025 20:24,1,2,0
UNC,989.001030621103000,11/17/2025 20:24,1,2,0
UNC,989.002028176996000,11/17/2025 20:22,1,2,0
UNC,989.001030621103000,11/17/2025 20:22,1,7,0
UNC,989.002028176996000,11/17/2025 20:13,1,3,0
UNC,989.002028176996000,11/17/2025 20:03,1,3,0
UNC,989.001030620271000,11/17/2025 19:55,1,1,0
UNC,989.001030620271000,11/17/2025 19:54,1,7,0
UNC,989.001030620186000,11/17/2025 19:18,1,9,0
UNC,989.002028176996000,11/17/2025 19:17,1,2,0
UNC,989.002028176996000,11/17/2025 19:17,1,3,0
UNC,989.001040500035000,11/17/2025 19:10,1,7,0
UNC,989.002028177108000,11/17/2025 19:02,1,3,0
UNC,989.001030621167000,11/17/2025 19:00,1,7,0
UNC,989.002028176996000,11/17/2025 18:59,1,3,0
UNC,989.001030621167000,11/17/2025 18:58,1,8,0
UNC,989.001030621167000,11/17/2025 18:58,1,7,0
UNC,989.002028176996000,11/17/2025 18:57,1,3,0
UNC,989.001030621222000,11/17/2025 18:57,1,7,0
UNC,989.001030621222000,11/17/2025 18:56,1,2,0
UNC,989.001030620271000,11/17/2025 18:52,1,7,0
UNC,989.002028176996000,11/17/2025 18:46,1,3,0
UNC,989.002028176996000,11/17/2025 18:44,1,3,0
UNC,989.002028176996000,11/17/2025 18:39,1,3,0
UNC,989.001040500035000,11/17/2025 18:37,1,7,0
UNC,989.001040500035000,11/17/2025 18:36,1,7,0
UNC,989.001040500035000,11/17/2025 18:35,1,8,0
UNC,989.001040500035000,11/17/2025 18:34,1,8,0
UNC,989.001040500035000,11/17/2025 18:33,1,8,0
UNC,989.001040500035000,11/17/2025 18:32,1,7,0
UNC,989.001040500035000,11/17/2025 18:30,1,7,0
UNC,989.001040500035000,11/17/2025 18:29,1,7,0
UNC,989.002028176996000,11/17/2025 18:27,1,3,0
UNC,989.002028176996000,11/17/2025 18:25,1,3,0
UNC,989.001030620615000,11/17/2025 18:24,1,1,0
UNC,989.001030620615000,11/17/2025 18:23,1,1,0
UNC,989.001040500035000,11/17/2025 18:20,1,7,0
UNC,989.001040500035000,11/17/2025 18:18,1,7,0
UNC,989.002028176996000,11/17/2025 18:14,1,3,0
UNC,989.001030621201000,11/17/2025 18:12,1,2,0
UNC,989.001040500035000,11/17/2025 18:11,1,7,0
UNC,989.001030621201000,11/17/2025 18:11,1,7,0
UNC,989.001040500035000,11/17/2025 18:10,1,7,0
UNC,989.001040500035000,11/17/2025 18:09,1,7,0
UNC,989.001040500035000,11/17/2025 18:08,1,7,0
UNC,989.001040500035000,11/17/2025 18:08,1,8,0
UNC,989.001040500035000,11/17/2025 18:06,1,8,0
UNC,989.001040500035000,11/17/2025 18:05,1,8,0
UNC,989.002028176996000,11/17/2025 18:05,1,3,0
UNC,989.001040500035000,11/17/2025 18:04,1,8,0
UNC,989.001040500035000,11/17/2025 17:59,1,8,0
UNC,989.001040500035000,11/17/2025 17:58,1,8,0
UNC,989.001040500035000,11/17/2025 17:57,1,8,0
UNC,989.001040500035000,11/17/2025 17:55,1,8,0
UNC,989.001040500035000,11/17/2025 17:54,1,8,0
UNC,989.001040500035000,11/17/2025 17:53,1,7,0
UNC,989.001040500035000,11/17/2025 17:52,1,7,0
UNC,989.001040500035000,11/17/2025 17:51,1,7,0
UNC,989.001040500035000,11/17/2025 17:50,1,7,0
UNC,989.001040500035000,11/17/2025 17:49,1,7,0
UNC,989.001040500035000,11/17/2025 17:48,1,7,0
UNC,989.001040500035000,11/17/2025 17:47,1,7,0
UNC,989.001040500035000,11/17/2025 17:46,1,7,0
UNC,989.001040500035000,11/17/2025 17:45,1,7,0
UNC,989.001040500035000,11/17/2025 17:43,1,7,0
UNC,989.001040500035000,11/17/2025 17:41,1,7,0
UNC,989.001030620684000,11/17/2025 17:39,1,2,0
UNC,989.001030620684000,11/17/2025 17:38,1,6,0
UNC,989.002028176996000,11/17/2025 17:24,1,3,0
UNC,989.002028176996000,11/17/2025 17:22,1,3,0
UNC,989.002028176996000,11/17/2025 17:10,1,3,0
UNC,989.002028176996000,11/17/2025 17:09,1,3,0
UNC,989.002028176996000,11/17/2025 16:53,1,3,0
UNC,989.002028176996000,11/17/2025 16:50,1,3,0
UNC,989.002028176996000,11/17/2025 16:41,1,3,0
UNC,989.002028176996000,11/17/2025 16:40,1,3,0
UNC,989.002028176996000,11/17/2025 16:39,1,3,0
UNC,989.002028176996000,11/17/2025 16:37,1,3,0
UNC,989.002028176996000,11/17/2025 16:36,1,3,0
UNC,989.002028176996000,11/17/2025 16:31,1,3,0
UNC,989.002028176996000,11/17/2025 16:19,1,2,0
UNC,989.002028176996000,11/17/2025 16:17,1,2,0
UNC,989.002028176996000,11/17/2025 16:16,1,3,0
UNC,989.002028176996000,11/17/2025 16:05,1,7,0
UNC,989.002028176996000,11/17/2025 16:04,1,7,0
UNC,989.002028176996000,11/17/2025 16:03,1,7,0
UNC,989.002028176996000,11/17/2025 16:02,1,7,0
UNC,989.002028176996000,11/17/2025 16:01,1,7,0
UNC,989.002028176996000,11/17/2025 15:53,1,3,0
UNC,989.002028176996000,11/17/2025 15:50,1,2,0
UNC,989.002028176996000,11/17/2025 15:48,1,2,0
UNC,989.002028176996000,11/17/2025 15:48,1,3,0
UNC,989.002028176996000,11/17/2025 15:44,1,3,0
UNC,989.002028176996000,11/17/2025 15:43,1,3,0
UNC,989.002028176996000,11/17/2025 15:41,1,3,0
UNC,989.002028176996000,11/17/2025 15:38,1,3,0
UNC,989.002028176996000,11/17/2025 15:37,1,2,0
UNC,989.002028176996000,11/17/2025 15:35,1,2,0
UNC,989.002028176996000,11/17/2025 15:34,1,2,0
UNC,989.002028176996000,11/17/2025 15:33,1,2,0
UNC,989.002028176996000,11/17/2025 15:33,1,3,0
UNC,989.002028176996000,11/17/2025 15:19,1,3,0
UNC,989.002028176996000,11/17/2025 15:16,1,3,0
UNC,989.002028176996000,11/17/2025 15:14,1,2,0
UNC,989.002028176996000,11/17/2025 15:13,1,2,0
UNC,989.002028176996000,11/17/2025 15:12,1,2,0
UNC,989.002028176996000,11/17/2025 15:06,1,3,0
UNC,989.002028176996000,11/17/2025 15:06,1,2,0
UNC,989.002028176996000,11/17/2025 15:04,1,2,0
UNC,989.002028176996000,11/17/2025 15:03,1,2,0
UNC,989.002028176996000,11/17/2025 15:02,1,2,0
UNC,989.002028176996000,11/17/2025 15:01,1,3,0
UNC,989.002028176996000,11/17/2025 15:00,1,3,0
UNC,989.002028176996000,11/17/2025 14:56,1,2,0
UNC,989.002028176996000,11/17/2025 14:55,1,3,0
UNC,989.002028176996000,11/17/2025 12:49,1,3,0
UNC,989.002028176996000,11/17/2025 12:48,1,2,0
UNC,989.002028176996000,11/17/2025 12:47,1,2,0
UNC,989.002028176996000,11/17/2025 12:46,1,3,0
UNC,989.002028176996000,11/17/2025 12:44,1,3,0
UNC,989.002028176996000,11/17/2025 12:43,1,2,0
UNC,989.002028176996000,11/17/2025 12:41,1,2,0
UNC,989.002028176996000,11/17/2025 12:40,1,3,0
UNC,989.002028176996000,11/17/2025 12:39,1,3,0
UNC,989.002028176996000,11/17/2025 12:32,1,3,0
UNC,989.002028176996000,11/17/2025 12:31,1,2,0
UNC,989.002028176996000,11/17/2025 12:30,1,3,0
UNC,989.002028176996000,11/17/2025 12:29,1,2,0
UNC,989.002028176996000,11/17/2025 12:27,1,2,0
UNC,989.002028176996000,11/17/2025 12:26,1,2,0
UNC,989.002028176996000,11/17/2025 12:26,1,3,0
UNC,989.002028176996000,11/17/2025 12:24,1,3,0
UNC,989.002028176996000,11/17/2025 12:24,1,2,0
UNC,989.002028176996000,11/17/2025 12:23,1,2,0
UNC,989.002028176996000,11/17/2025 12:22,1,2,0
UNC,989.002028176996000,11/17/2025 12:21,1,3,0
UNC,989.002028176996000,11/17/2025 12:20,1,3,0
UNC,989.002028176996000,11/17/2025 8:53,1,3,0
UNC,989.002028176996000,11/17/2025 8:52,1,2,0
UNC,989.002028176996000,11/17/2025 8:52,1,3,0
UNC,989.002028176996000,11/17/2025 8:36,1,3,0
UNC,989.002028176996000,11/17/2025 8:34,1,2,0
UNC,989.002028176996000,11/17/2025 8:33,1,2,0
UNC,989.002028176996000,11/17/2025 8:31,1,2,0
UNC,989.002028176996000,11/17/2025 8:31,1,3,0
UNC,989.002028176996000,11/17/2025 8:30,1,3,0
UNC,989.002028176996000,11/17/2025 8:25,1,3,0
UNC,989.002028176996000,11/17/2025 8:24,1,3,0
UNC,989.002028176996000,11/17/2025 8:23,1,3,0
UNC,989.002028176996000,11/17/2025 8:21,1,3,0
UNC,989.002028176996000,11/17/2025 8:20,1,3,0
UNC,989.002028176996000,11/17/2025 8:07,1,3,0
UNC,989.002028176996000,11/17/2025 8:05,1,3,0
UNC,989.002028176996000,11/17/2025 8:04,1,3,0
UNC,989.002028176996000,11/17/2025 8:03,1,2,0
UNC,989.002028176996000,11/17/2025 8:02,1,2,0
UNC,989.002028176996000,11/17/2025 8:00,1,2,0
UNC,989.002028176996000,11/17/2025 7:59,1,3,0
UNC,989.002028177122000,11/17/2025 7:57,1,2,0
UNC,989.002028177122000,11/17/2025 7:56,1,7,0
UNC,989.002028176996000,11/17/2025 7:47,1,3,0
UNC,989.002028176996000,11/17/2025 7:43,1,3,0
UNC,989.002028176996000,11/17/2025 7:42,1,3,0
UNC,989.002028176996000,11/17/2025 7:41,1,3,0
UNC,989.002028176996000,11/17/2025 7:40,1,2,0
UNC,989.002028176996000,11/17/2025 7:39,1,2,0
UNC,989.002028176996000,11/17/2025 7:37,1,2,0
UNC,989.002028176996000,11/17/2025 7:37,1,3,0
UNC,989.002028176996000,11/17/2025 7:35,1,2,0
UNC,989.002028176996000,11/17/2025 7:33,1,2,0
UNC,989.002028176996000,11/17/2025 7:32,1,2,0
UNC,989.002028176996000,11/17/2025 7:15,1,2,0
UNC,989.002028176996000,11/17/2025 7:13,1,2,0
UNC,989.002028176996000,11/17/2025 7:12,1,2,0
UNC,989.002028176996000,11/17/2025 7:11,1,2,0
UNC,989.002028176996000,11/17/2025 7:10,1,2,0
UNC,989.002028176996000,11/17/2025 7:09,1,2,0
UNC,989.002028176996000,11/17/2025 7:08,1,2,0
UNC,989.002028176996000,11/17/2025 7:07,1,3,0
UNC,989.002028176695000,11/17/2025 7:06,1,2,0
UNC,989.002028176695000,11/17/2025 7:05,1,2,0
UNC,989.002028176695000,11/17/2025 7:05,1,1,0
UNC,989.002028176695000,11/17/2025 7:04,1,1,0
UNC,989.002028176695000,11/17/2025 7:03,1,1,0
UNC,989.002028176996000,11/17/2025 7:01,1,2,0
UNC,989.002028176996000,11/17/2025 7:00,1,3,0
UNC,989.002028176695000,11/17/2025 6:59,1,6,0
UNC,989.002028176695000,11/17/2025 6:58,1,6,0
UNC,989.002028176695000,11/17/2025 6:58,1,7,0
UNC,989.002028176695000,11/17/2025 6:57,1,7,0
UNC,989.002028176996000,11/17/2025 6:55,1,2,0
UNC,989.002028176996000,11/17/2025 6:54,1,2,0
UNC,989.002028176996000,11/17/2025 6:53,1,2,0
UNC,989.001040500060000,11/17/2025 6:52,1,2,0
UNC,989.002028176695000,11/17/2025 6:52,1,6,0
UNC,989.001040500060000,11/17/2025 6:52,1,6,0
UNC,989.002028176996000,11/17/2025 6:52,1,3,0
UNC,989.002028176695000,11/17/2025 6:51,1,6,0
UNC,989.002028176695000,11/17/2025 6:50,1,6,0
UNC,989.002028176695000,11/17/2025 6:50,1,7,0
UNC,989.001040500035000,11/17/2025 6:49,1,7,0
UNC,989.002028176695000,11/17/2025 6:49,1,7,0
UNC,989.002028176695000,11/17/2025 6:48,1,7,0
UNC,989.002028176695000,11/17/2025 6:47,1,6,0
UNC,989.001040500060000,11/17/2025 6:47,1,7,0
UNC,989.001040500060000,11/17/2025 6:47,1,6,0
UNC,989.002028176695000,11/17/2025 6:46,1,6,0
UNC,989.002028176695000,11/17/2025 6:45,1,7,0
UNC,989.002028176695000,11/17/2025 6:44,1,7,0
UNC,989.002028176695000,11/17/2025 6:43,1,7,0
UNC,989.002028176996000,11/17/2025 6:41,1,3,0
UNC,989.001030620615000,11/17/2025 6:40,1,2,0
UNC,989.002028176695000,11/17/2025 6:40,1,6,0
UNC,989.001030620615000,11/17/2025 6:39,1,2,0
UNC,989.001030620615000,11/17/2025 6:38,1,2,0
UNC,989.002028176996000,11/17/2025 6:37,1,3,0
UNC,989.002028176695000,11/17/2025 6:37,1,6,0
UNC,989.002028176695000,11/17/2025 6:37,1,7,0
UNC,989.002028176996000,11/17/2025 6:36,1,3,0
UNC,989.001030620615000,11/17/2025 6:36,1,2,0
UNC,989.002028176695000,11/17/2025 6:36,1,7,0
UNC,989.002028176996000,11/17/2025 6:35,1,3,0
UNC,989.002028176695000,11/17/2025 6:35,1,7,0
UNC,989.001030620615000,11/17/2025 6:34,1,2,0
UNC,989.002028176996000,11/17/2025 6:34,1,3,0
UNC,989.002028176695000,11/17/2025 6:34,1,7,0
UNC,989.001030620615000,11/17/2025 6:33,1,2,0
UNC,989.002028176996000,11/17/2025 6:33,1,3,0
UNC,989.002028176695000,11/17/2025 6:32,1,7,0
UNC,989.001030620615000,11/17/2025 6:32,1,2,0
UNC,989.002028176996000,11/17/2025 6:32,1,3,0
UNC,989.002028176695000,11/17/2025 6:31,1,6,0
UNC,989.002028176996000,11/17/2025 6:31,1,3,0
UNC,989.002028176695000,11/17/2025 6:30,1,1,0
UNC,989.002028176695000,11/17/2025 6:29,1,1,0
UNC,989.002028176695000,11/17/2025 6:28,1,1,0
UNC,989.002028176695000,11/17/2025 6:26,1,2,0
UNC,989.002028176996000,11/17/2025 6:24,1,2,0
UNC,989.002028176996000,11/17/2025 6:22,1,2,0
UNC,989.002028176996000,11/17/2025 6:21,1,3,0
UNC,989.002028176996000,11/17/2025 6:20,1,3,0
UNC,989.002028177108000,11/17/2025 6:20,1,1,0
UNC,989.002028177108000,11/17/2025 6:19,1,6,0
UNC,989.002028176996000,11/17/2025 6:18,1,3,0
UNC,989.001030620684000,11/17/2025 6:18,1,6,0
UNC,989.002028176996000,11/17/2025 6:16,1,3,0
UNC,989.002028176996000,11/17/2025 6:15,1,3,0
UNC,989.002028176996000,11/17/2025 6:14,1,3,0
UNC,989.002028176996000,11/17/2025 6:12,1,3,0
UNC,989.002028176996000,11/17/2025 6:11,1,3,0
UNC,989.001030620304000,11/17/2025 6:10,1,6,0
UNC,989.001030620304000,11/17/2025 6:10,1,1,0
UNC,989.001040500071000,11/17/2025 6:10,1,6,0
UNC,989.001040500071000,11/17/2025 6:09,1,1,0
UNC,989.001040500035000,11/17/2025 5:56,1,7,0
UNC,989.001040500035000,11/17/2025 5:54,1,7,0
UNC,989.001040500035000,11/17/2025 5:53,1,7,0
UNC,989.001040500035000,11/17/2025 5:49,1,7,0
UNC,989.001040500035000,11/17/2025 5:48,1,7,0
UNC,989.001040500035000,11/17/2025 5:47,1,7,0
UNC,989.001040500035000,11/17/2025 5:46,1,7,0
UNC,989.001040500035000,11/17/2025 5:45,1,7,0
UNC,989.002028176996000,11/17/2025 5:45,1,3,0
UNC,989.001040500035000,11/17/2025 5:44,1,7,0
UNC,989.001040500035000,11/17/2025 5:43,1,7,0
UNC,989.001040500035000,11/17/2025 5:41,1,7,0
UNC,989.001040500035000,11/17/2025 5:40,1,7,0
UNC,989.001040500035000,11/17/2025 5:39,1,7,0
UNC,989.001040500035000,11/17/2025 5:38,1,7,0
UNC,989.001030620615000,11/17/2025 5:37,1,6,0
UNC,989.001040500035000,11/17/2025 5:37,1,7,0
UNC,989.001030620615000,11/17/2025 5:36,1,6,0
UNC,989.001040500035000,11/17/2025 5:36,1,7,0
UNC,989.002028177108000,11/17/2025 5:33,1,7,0
UNC,989.002028177108000,11/17/2025 5:32,1,3,0
UNC,989.001040500035000,11/17/2025 5:32,1,7,0
UNC,989.002028177108000,11/17/2025 5:32,1,2,0
UNC,989.001040500035000,11/17/2025 5:29,1,7,0
UNC,989.002028176996000,11/17/2025 5:27,1,3,0
UNC,989.001040500035000,11/17/2025 5:25,1,7,0
UNC,989.002028177122000,11/17/2025 5:10,1,7,0
UNC,989.002028177122000,11/17/2025 5:09,1,1,0
UNC,989.001040500035000,11/17/2025 4:55,1,7,0
UNC,989.001040500035000,11/17/2025 4:54,1,7,0
UNC,989.001040500035000,11/17/2025 4:51,1,7,0
UNC,989.001040500035000,11/17/2025 4:45,1,7,0
UNC,989.001040500035000,11/17/2025 4:38,1,7,0
UNC,989.001040500035000,11/17/2025 4:37,1,7,0
UNC,989.001040500035000,11/17/2025 4:35,1,8,0
UNC,989.001040500035000,11/17/2025 4:34,1,8,0
UNC,989.002028176996000,11/17/2025 4:34,1,3,0
UNC,989.001040500035000,11/17/2025 4:33,1,8,0
UNC,989.001040500035000,11/17/2025 4:32,1,8,0
UNC,989.001040500035000,11/17/2025 4:31,1,8,0
UNC,989.001040500035000,11/17/2025 4:30,1,8,0
UNC,989.001030620615000,11/17/2025 4:29,1,1,0
UNC,989.001040500035000,11/17/2025 4:29,1,8,0
UNC,989.001040500035000,11/17/2025 4:27,1,8,0
UNC,989.001030620615000,11/17/2025 4:27,1,1,0
UNC,989.001030620615000,11/17/2025 4:26,1,1,0
UNC,989.001030620615000,11/17/2025 4:25,1,1,0
UNC,989.001030620615000,11/17/2025 4:24,1,1,0
UNC,989.001030620615000,11/17/2025 4:23,1,1,0
UNC,989.001030620615000,11/17/2025 4:22,1,1,0
UNC,989.001030620615000,11/17/2025 4:21,1,1,0
UNC,989.001030620615000,11/17/2025 4:20,1,1,0
UNC,989.001030620615000,11/17/2025 4:19,1,1,0
UNC,989.001030620615000,11/17/2025 4:18,1,1,0
UNC,989.001030620615000,11/17/2025 4:17,1,1,0
UNC,989.001030620615000,11/17/2025 4:16,1,1,0
UNC,989.001030620615000,11/17/2025 4:14,1,1,0
UNC,989.001030620615000,11/17/2025 4:13,1,1,0
UNC,989.001030620615000,11/17/2025 4:12,1,1,0
UNC,989.001030620615000,11/17/2025 4:11,1,1,0
UNC,989.001030620615000,11/17/2025 4:10,1,1,0
UNC,989.001030620615000,11/17/2025 4:09,1,1,0
UNC,989.001030620615000,11/17/2025 4:08,1,1,0
UNC,989.001030620615000,11/17/2025 4:07,1,1,0
UNC,989.001030620615000,11/17/2025 4:06,1,1,0
UNC,989.001030620615000,11/17/2025 4:05,1,1,0
UNC,989.001030620615000,11/17/2025 4:04,1,1,0
UNC,989.001030620615000,11/17/2025 4:03,1,1,0
UNC,989.001030620615000,11/17/2025 4:02,1,1,0
UNC,989.001030620615000,11/17/2025 4:01,1,1,0
UNC,989.001030620615000,11/17/2025 4:00,1,1,0
UNC,989.001030620615000,11/17/2025 3:59,1,1,0
UNC,989.001030620615000,11/17/2025 3:58,1,1,0
UNC,989.001030620615000,11/17/2025 3:56,1,1,0
UNC,989.001030620615000,11/17/2025 3:55,1,1,0
UNC,989.001030620615000,11/17/2025 3:54,1,1,0
UNC,989.001030620615000,11/17/2025 3:53,1,1,0
UNC,989.001030620615000,11/17/2025 3:52,1,1,0
UNC,989.001030620615000,11/17/2025 3:51,1,1,0
UNC,989.001030620615000,11/17/2025 3:50,1,1,0
UNC,989.001030620615000,11/17/2025 3:49,1,1,0
UNC,989.001030620615000,11/17/2025 3:48,1,1,0
UNC,989.001030620615000,11/17/2025 3:47,1,1,0
UNC,989.001030620615000,11/17/2025 3:46,1,1,0
UNC,989.001030620615000,11/17/2025 3:45,1,1,0
UNC,989.001030620615000,11/17/2025 3:44,1,1,0
UNC,989.001030620615000,11/17/2025 3:43,1,1,0
UNC,989.001030620615000,11/17/2025 3:42,1,1,0
UNC,989.001030620615000,11/17/2025 3:41,1,1,0
UNC,989.001030620615000,11/17/2025 3:40,1,1,0
UNC,989.001030620615000,11/17/2025 3:39,1,1,0
UNC,989.001030620615000,11/17/2025 3:38,1,1,0
UNC,989.001030620615000,11/17/2025 3:36,1,1,0
UNC,989.001030620615000,11/17/2025 3:35,1,1,0
UNC,989.001030620615000,11/17/2025 3:34,1,1,0
UNC,989.001030620615000,11/17/2025 3:33,1,1,0
UNC,989.001030620615000,11/17/2025 3:32,1,1,0
UNC,989.001030620615000,11/17/2025 3:31,1,1,0
UNC,989.001030620615000,11/17/2025 3:30,1,1,0
UNC,989.001030620615000,11/17/2025 3:29,1,1,0
UNC,989.001030620615000,11/17/2025 3:28,1,1,0
UNC,989.001030620615000,11/17/2025 3:27,1,1,0
UNC,989.001030620615000,11/17/2025 3:26,1,1,0
UNC,989.001030620615000,11/17/2025 3:25,1,1,0
UNC,989.001040500035000,11/17/2025 3:25,1,7,0
UNC,989.001030620615000,11/17/2025 3:24,1,1,0
UNC,989.001030620615000,11/17/2025 3:23,1,1,0
UNC,989.001040500035000,11/17/2025 3:22,1,7,0
UNC,989.001030620615000,11/17/2025 3:22,1,1,0
UNC,989.001040500035000,11/17/2025 3:21,1,7,0
UNC,989.001030620615000,11/17/2025 3:21,1,1,0
UNC,989.001030620615000,11/17/2025 3:20,1,1,0
UNC,989.001040500035000,11/17/2025 3:19,1,7,0
UNC,989.001030620615000,11/17/2025 3:19,1,1,0
UNC,989.001040500035000,11/17/2025 3:18,1,7,0
UNC,989.001030620615000,11/17/2025 3:18,1,1,0
UNC,989.001040500035000,11/17/2025 3:17,1,7,0
UNC,989.001030620615000,11/17/2025 3:17,1,1,0
UNC,989.001040500035000,11/17/2025 3:16,1,7,0
UNC,989.001030620615000,11/17/2025 3:16,1,1,0
UNC,989.001040500035000,11/17/2025 3:15,1,7,0
UNC,989.001030620615000,11/17/2025 3:15,1,1,0
UNC,989.001040500035000,11/17/2025 3:14,1,8,0
UNC,989.001030620615000,11/17/2025 3:13,1,1,0
UNC,989.001040500035000,11/17/2025 3:13,1,8,0
UNC,989.001030620615000,11/17/2025 3:12,1,1,0
UNC,989.001040500035000,11/17/2025 3:11,1,8,0
UNC,989.001030620615000,11/17/2025 3:11,1,1,0
UNC,989.001030620615000,11/17/2025 3:10,1,1,0
UNC,989.001030620615000,11/17/2025 3:09,1,1,0
UNC,989.001030620615000,11/17/2025 3:08,1,1,0
UNC,989.001030620615000,11/17/2025 3:07,1,1,0
UNC,989.001030620615000,11/17/2025 3:06,1,1,0
UNC,989.002028176996000,11/17/2025 3:05,1,3,0
UNC,989.001030620615000,11/17/2025 3:05,1,1,0
UNC,989.001040500035000,11/17/2025 3:05,1,8,0
UNC,989.001030620615000,11/17/2025 3:04,1,1,0
UNC,989.001040500035000,11/17/2025 3:04,1,8,0
UNC,989.001030620615000,11/17/2025 3:03,1,1,0
UNC,989.001040500035000,11/17/2025 3:03,1,8,0
UNC,989.001030620615000,11/17/2025 3:02,1,1,0
UNC,989.001030620615000,11/17/2025 3:01,1,1,0
UNC,989.001030620615000,11/17/2025 3:00,1,1,0
UNC,989.001030620615000,11/17/2025 2:59,1,1,0
UNC,989.001030620615000,11/17/2025 2:58,1,1,0
UNC,989.001030620615000,11/17/2025 2:57,1,1,0
UNC,989.001030620615000,11/17/2025 2:56,1,1,0
UNC,989.002028176996000,11/17/2025 2:55,1,3,0
UNC,989.001030620615000,11/17/2025 2:55,1,1,0
UNC,989.001030620615000,11/17/2025 2:54,1,1,0
UNC,989.001040500071000,11/17/2025 2:53,1,3,0
UNC,989.001030620615000,11/17/2025 2:53,1,1,0
UNC,989.002028176996000,11/17/2025 2:52,1,3,0
UNC,989.001030620615000,11/17/2025 2:51,1,1,0
UNC,989.001030620615000,11/17/2025 2:50,1,1,0
UNC,989.002028176996000,11/17/2025 2:50,1,3,0
UNC,989.001030620615000,11/17/2025 2:49,1,1,0
UNC,989.001030620615000,11/17/2025 2:48,1,1,0
UNC,989.001040500071000,11/17/2025 2:48,1,6,0
UNC,989.001030620615000,11/17/2025 2:47,1,1,0
UNC,989.001030620615000,11/17/2025 2:46,1,1,0
UNC,989.001030620615000,11/17/2025 2:45,1,1,0
UNC,989.001030620615000,11/17/2025 2:44,1,1,0
UNC,989.001030620615000,11/17/2025 2:43,1,1,0
UNC,989.001030620615000,11/17/2025 2:42,1,1,0
UNC,989.001030620615000,11/17/2025 2:41,1,1,0
UNC,989.002028176996000,11/17/2025 2:40,1,3,0
UNC,989.001030620615000,11/17/2025 2:40,1,1,0
UNC,989.001030620615000,11/17/2025 2:39,1,1,0
UNC,989.001030620615000,11/17/2025 2:38,1,1,0
UNC,989.001030620615000,11/17/2025 2:37,1,1,0
UNC,989.002028176996000,11/17/2025 2:37,1,3,0
UNC,989.001030620615000,11/17/2025 2:36,1,1,0
UNC,989.001030620615000,11/17/2025 2:35,1,1,0
UNC,989.001030620615000,11/17/2025 2:34,1,1,0
UNC,989.001030620615000,11/17/2025 2:33,1,1,0
UNC,989.001030620615000,11/17/2025 2:32,1,1,0
UNC,989.002028176996000,11/17/2025 2:30,1,3,0
UNC,989.002028176996000,11/17/2025 2:25,1,3,0
UNC,989.002028176996000,11/17/2025 2:24,1,3,0
UNC,989.001030620668000,11/17/2025 2:19,1,7,0
UNC,989.002028176996000,11/17/2025 2:18,1,3,0
UNC,989.001030620668000,11/17/2025 2:17,1,7,0
UNC,989.001030620304000,11/17/2025 2:16,1,1,0
UNC,989.001030620668000,11/17/2025 2:14,1,6,0
UNC,989.001030620304000,11/17/2025 2:14,1,7,0
UNC,989.001040500035000,11/17/2025 2:06,1,8,0
UNC,989.001040500035000,11/17/2025 2:05,1,8,0
UNC,989.001040500035000,11/17/2025 2:04,1,8,0
UNC,989.002028176996000,11/17/2025 2:04,1,3,0
UNC,989.001040500035000,11/17/2025 2:03,1,8,0
UNC,989.001040500035000,11/17/2025 2:01,1,8,0
UNC,989.002028176996000,11/17/2025 1:59,1,3,0
UNC,989.002028176996000,11/17/2025 1:57,1,3,0
UNC,989.002028176996000,11/17/2025 1:56,1,3,0
UNC,989.002028176996000,11/17/2025 1:55,1,3,0
UNC,989.002028176996000,11/17/2025 1:54,1,2,0
UNC,989.002028176996000,11/17/2025 1:53,1,2,0
UNC,989.001030620615000,11/17/2025 1:53,1,1,0
UNC,989.001040500035000,11/17/2025 1:52,1,8,0
UNC,989.001030620615000,11/17/2025 1:52,1,1,0
UNC,989.002028176996000,11/17/2025 1:51,1,2,0
UNC,989.001040500035000,11/17/2025 1:51,1,8,0
UNC,989.001030620615000,11/17/2025 1:51,1,1,0
UNC,989.001040500035000,11/17/2025 1:50,1,8,0
UNC,989.001030620615000,11/17/2025 1:49,1,1,0
UNC,989.001040500035000,11/17/2025 1:49,1,8,0
UNC,989.002028176996000,11/17/2025 1:49,1,2,0
UNC,989.001030620615000,11/17/2025 1:48,1,1,0
UNC,989.001040500035000,11/17/2025 1:48,1,8,0
UNC,989.001030620615000,11/17/2025 1:47,1,1,0
UNC,989.001040500035000,11/17/2025 1:47,1,8,0
UNC,989.001040500035000,11/17/2025 1:46,1,8,0
UNC,989.001040500035000,11/17/2025 1:45,1,8,0
UNC,989.001040500035000,11/17/2025 1:44,1,8,0
UNC,989.001040500035000,11/17/2025 1:42,1,8,0
UNC,989.001040500035000,11/17/2025 1:41,1,8,0
UNC,989.001040500035000,11/17/2025 1:40,1,8,0
UNC,989.001040500035000,11/17/2025 1:39,1,8,0
UNC,989.001040500035000,11/17/2025 1:38,1,8,0
UNC,989.001040500035000,11/17/2025 1:36,1,8,0
UNC,989.001040500035000,11/17/2025 0:54,1,8,0
UNC,989.001040500035000,11/17/2025 0:53,1,8,0
UNC,989.001040500035000,11/17/2025 0:52,1,8,0
UNC,989.001040500035000,11/17/2025 0:50,1,8,0
UNC,989.001040500035000,11/17/2025 0:49,1,8,0
UNC,989.001040500035000,11/17/2025 0:48,1,8,0
UNC,989.001040500035000,11/17/2025 0:47,1,8,0
UNC,989.001040500035000,11/17/2025 0:45,1,8,0
UNC,989.001040500035000,11/17/2025 0:44,1,8,0
UNC,989.001040500035000,11/17/2025 0:43,1,8,0
UNC,989.001040500035000,11/17/2025 0:42,1,8,0
UNC,989.001040500035000,11/17/2025 0:41,1,8,0
UNC,989.001040500035000,11/17/2025 0:40,1,8,0
UNC,989.001040500035000,11/17/2025 0:39,1,8,0
UNC,989.002028176996000,11/17/2025 0:33,1,3,0
UNC,989.002028176996000,11/17/2025 0:32,1,3,0
UNC,989.002028176996000,11/17/2025 0:26,1,3,0
UNC,989.001030620615000,11/17/2025 0:15,1,7,0
UNC,989.001040500035000,11/17/2025 0:04,1,8,0
UNC,989.001030620271000,11/16/2025 23:50,1,1,0
UNC,989.001030620271000,11/16/2025 23:46,1,2,0
UNC,989.001030620271000,11/16/2025 23:45,1,2,0
UNC,989.001030620271000,11/16/2025 23:43,1,2,0
UNC,989.001030620271000,11/16/2025 23:42,1,2,0
UNC,989.001030620271000,11/16/2025 23:41,1,2,0
UNC,989.002028176996000,11/16/2025 23:40,1,2,0
UNC,989.001030620271000,11/16/2025 23:40,1,1,0
UNC,989.002028176996000,11/16/2025 23:37,1,2,0
UNC,989.002028176996000,11/16/2025 23:34,1,3,0
UNC,989.001030620186000,11/16/2025 23:28,1,8,0
UNC,989.001030620186000,11/16/2025 23:24,1,9,0
UNC,989.001030620186000,11/16/2025 23:23,1,8,0
UNC,989.002028176996000,11/16/2025 23:07,1,7,0
UNC,989.002028176996000,11/16/2025 23:06,1,7,0
UNC,989.002028176996000,11/16/2025 23:05,1,7,0
UNC,989.001040500035000,11/16/2025 23:05,1,7,0
UNC,989.002028176996000,11/16/2025 23:04,1,7,0
UNC,989.002028176996000,11/16/2025 23:03,1,7,0
UNC,989.002028176996000,11/16/2025 23:02,1,7,0
UNC,989.002028176996000,11/16/2025 23:01,1,7,0
UNC,989.001040500035000,11/16/2025 23:00,1,7,0
UNC,989.001030621167000,11/16/2025 22:55,1,8,0
UNC,989.001030621167000,11/16/2025 22:40,1,8,0
UNC,989.002028177129000,11/16/2025 22:36,1,2,0
UNC,989.002028177129000,11/16/2025 22:35,1,2,0
UNC,989.002028177129000,11/16/2025 22:34,1,2,0
UNC,989.001040500035000,11/16/2025 22:32,1,8,0
UNC,989.001040500035000,11/16/2025 22:31,1,8,0
UNC,989.002028176996000,11/16/2025 22:23,1,8,0
UNC,989.001030620271000,11/16/2025 22:18,1,2,0
UNC,989.001030620271000,11/16/2025 22:17,1,7,0
UNC,989.002028177129000,11/16/2025 22:15,1,2,0
UNC,989.001040500035000,11/16/2025 22:07,1,8,0
UNC,989.002028176996000,11/16/2025 22:06,1,2,0
UNC,989.001040500035000,11/16/2025 22:06,1,8,0
UNC,989.001040500035000,11/16/2025 22:05,1,8,0
UNC,989.002028176996000,11/16/2025 22:05,1,2,0
UNC,989.001040500035000,11/16/2025 22:04,1,8,0
UNC,989.002028176996000,11/16/2025 22:04,1,2,0
UNC,989.001040500035000,11/16/2025 22:03,1,8,0
UNC,989.002028176996000,11/16/2025 22:03,1,2,0
UNC,989.001040500035000,11/16/2025 22:02,1,8,0
UNC,989.002028176996000,11/16/2025 22:02,1,2,0
UNC,989.001040500035000,11/16/2025 22:01,1,8,0
UNC,989.002028176996000,11/16/2025 22:00,1,2,0
UNC,989.001040500035000,11/16/2025 22:00,1,8,0
UNC,989.002028176996000,11/16/2025 21:59,1,2,0
UNC,989.002028176996000,11/16/2025 21:59,1,3,0
UNC,989.001040500035000,11/16/2025 21:59,1,8,0
UNC,989.001040500035000,11/16/2025 21:58,1,8,0
UNC,989.002028176996000,11/16/2025 21:58,1,3,0
UNC,989.001040500035000,11/16/2025 21:57,1,8,0
UNC,989.001040500035000,11/16/2025 21:56,1,8,0
UNC,989.001040500035000,11/16/2025 21:54,1,8,0
UNC,989.001040500035000,11/16/2025 21:53,1,8,0
UNC,989.002028177072000,11/16/2025 21:52,1,7,0
UNC,989.002028176996000,11/16/2025 21:52,1,3,0
UNC,989.001040500035000,11/16/2025 21:52,1,8,0
UNC,989.002028177072000,11/16/2025 21:52,1,2,0
UNC,989.001040500035000,11/16/2025 21:51,1,8,0
UNC,989.001040500035000,11/16/2025 21:50,1,8,0
UNC,989.001040500035000,11/16/2025 21:49,1,8,0
UNC,989.002028176996000,11/16/2025 21:48,1,3,0
UNC,989.001040500035000,11/16/2025 21:47,1,8,0
UNC,989.001040500035000,11/16/2025 21:46,1,8,0
UNC,989.001040500035000,11/16/2025 21:45,1,8,0
UNC,989.001040500035000,11/16/2025 21:43,1,8,0
UNC,989.002028176996000,11/16/2025 21:43,1,3,0
UNC,989.001040500035000,11/16/2025 21:42,1,8,0
UNC,989.001040500035000,11/16/2025 21:41,1,8,0
UNC,989.001040500035000,11/16/2025 21:40,1,8,0
UNC,989.001040500035000,11/16/2025 21:39,1,8,0
UNC,989.001040500035000,11/16/2025 21:38,1,8,0
UNC,989.001040500035000,11/16/2025 21:37,1,8,0
UNC,989.001040500035000,11/16/2025 21:36,1,8,0
UNC,989.001040500035000,11/16/2025 21:35,1,8,0
UNC,989.001040500035000,11/16/2025 21:34,1,8,0
UNC,989.002028176996000,11/16/2025 21:33,1,2,0
UNC,989.001040500035000,11/16/2025 21:33,1,8,0
UNC,989.001040500035000,11/16/2025 21:32,1,8,0
UNC,989.001040500035000,11/16/2025 21:31,1,8,0
UNC,989.002028176996000,11/16/2025 21:31,1,2,0
UNC,989.001040500035000,11/16/2025 21:29,1,8,0
UNC,989.001040500035000,11/16/2025 21:28,1,8,0
UNC,989.002028176996000,11/16/2025 21:28,1,2,0
UNC,989.001040500035000,11/16/2025 21:27,1,8,0
UNC,989.001040500035000,11/16/2025 21:26,1,8,0
UNC,989.001040500035000,11/16/2025 21:25,1,8,0
UNC,989.001040500035000,11/16/2025 21:20,1,8,0
UNC,989.001040500035000,11/16/2025 21:19,1,8,0
UNC,989.001040500035000,11/16/2025 21:12,1,8,0
UNC,989.001040500035000,11/16/2025 21:01,1,8,0
UNC,989.001040500035000,11/16/2025 20:55,1,8,0
UNC,989.001040500035000,11/16/2025 20:45,1,8,0
UNC,989.002028176996000,11/16/2025 20:30,1,7,0
UNC,989.002028177129000,11/16/2025 20:29,1,1,0
UNC,989.002028176996000,11/16/2025 20:29,1,6,0
UNC,989.002028176996000,11/16/2025 20:29,1,7,0
UNC,989.002028176996000,11/16/2025 20:28,1,6,0
UNC,989.002028176996000,11/16/2025 20:28,1,7,0
UNC,989.002028176996000,11/16/2025 20:25,1,7,0
UNC,989.002028176996000,11/16/2025 20:25,1,8,0
UNC,989.002028177129000,11/16/2025 20:24,1,8,0
UNC,989.001040500035000,11/16/2025 20:24,1,8,0
UNC,989.002028177129000,11/16/2025 20:23,1,8,0
UNC,989.001040500035000,11/16/2025 20:23,1,8,0
UNC,989.001040500035000,11/16/2025 20:22,1,8,0
UNC,989.001040500035000,11/16/2025 20:20,1,8,0
UNC,989.002028177129000,11/16/2025 20:20,1,6,0
UNC,989.001040500035000,11/16/2025 20:19,1,8,0
UNC,989.001040500035000,11/16/2025 20:18,1,8,0
UNC,989.001040500035000,11/16/2025 20:17,1,8,0
UNC,989.001040500035000,11/16/2025 20:16,1,8,0
UNC,989.001040500035000,11/16/2025 20:15,1,8,0
UNC,989.002028177129000,11/16/2025 20:15,1,2,0
UNC,989.001040500035000,11/16/2025 20:14,1,8,0
UNC,989.002028177129000,11/16/2025 20:13,1,2,0
UNC,989.001040500035000,11/16/2025 20:13,1,8,0
UNC,989.002028176996000,11/16/2025 20:12,1,8,0
UNC,989.001040500035000,11/16/2025 20:12,1,8,0
UNC,989.002028176996000,11/16/2025 20:11,1,8,0
UNC,989.002028176996000,11/16/2025 20:09,1,8,0
UNC,989.002028177129000,11/16/2025 20:08,1,2,0
UNC,989.002028176996000,11/16/2025 20:08,1,8,0
UNC,989.001040500035000,11/16/2025 20:07,1,8,0
UNC,989.001040500035000,11/16/2025 20:06,1,8,0
UNC,989.001040500035000,11/16/2025 20:05,1,8,0
UNC,989.001040500035000,11/16/2025 20:04,1,8,0
UNC,989.001040500035000,11/16/2025 20:03,1,8,0
UNC,989.001040500035000,11/16/2025 20:02,1,8,0
UNC,989.001040500035000,11/16/2025 20:01,1,8,0
UNC,989.001040500035000,11/16/2025 19:59,1,8,0
UNC,989.001040500035000,11/16/2025 19:58,1,8,0
UNC,989.001040500035000,11/16/2025 19:57,1,8,0
UNC,989.001040500035000,11/16/2025 19:56,1,8,0
UNC,989.001040500035000,11/16/2025 19:55,1,8,0
UNC,989.001040500035000,11/16/2025 19:54,1,8,0
UNC,989.001040500035000,11/16/2025 19:53,1,8,0
UNC,989.001040500035000,11/16/2025 19:52,1,8,0
UNC,989.001040500035000,11/16/2025 19:51,1,8,0
UNC,989.001040500035000,11/16/2025 19:50,1,7,0
UNC,989.001040500035000,11/16/2025 19:46,1,7,0
UNC,989.001030620684000,11/16/2025 19:45,1,1,0
UNC,989.001030620684000,11/16/2025 19:44,1,7,0
UNC,989.002028176996000,11/16/2025 19:43,1,3,0
UNC,989.002028176996000,11/16/2025 19:41,1,3,0
UNC,989.001040500035000,11/16/2025 19:40,1,7,0
UNC,989.001040500035000,11/16/2025 19:38,1,7,0
UNC,989.001030620684000,11/16/2025 19:38,1,1,0
UNC,989.001040500035000,11/16/2025 19:37,1,7,0
UNC,989.001040500035000,11/16/2025 19:35,1,7,0
UNC,989.002028177129000,11/16/2025 19:34,1,7,0
UNC,989.002028177129000,11/16/2025 19:33,1,8,0
UNC,989.001040500035000,11/16/2025 19:33,1,7,0
UNC,989.001040500035000,11/16/2025 19:32,1,7,0
UNC,989.001040500035000,11/16/2025 19:30,1,7,0
UNC,989.001040500035000,11/16/2025 19:29,1,7,0
UNC,989.002028176831000,11/16/2025 19:29,1,1,0
UNC,989.001040500035000,11/16/2025 19:28,1,7,0
UNC,989.001040500035000,11/16/2025 19:27,1,7,0
UNC,989.001040500035000,11/16/2025 19:26,1,7,0
UNC,989.002028176831000,11/16/2025 19:26,1,3,0
UNC,989.001040500035000,11/16/2025 19:25,1,7,0
UNC,989.001040500035000,11/16/2025 19:24,1,7,0
UNC,989.001040500035000,11/16/2025 19:23,1,7,0
UNC,989.001040500035000,11/16/2025 19:21,1,7,0
UNC,989.001040500035000,11/16/2025 19:20,1,7,0
UNC,989.001040500035000,11/16/2025 19:19,1,7,0
UNC,989.001040500035000,11/16/2025 19:18,1,7,0
UNC,989.001040500035000,11/16/2025 19:17,1,7,0
UNC,989.001040500035000,11/16/2025 19:16,1,7,0
UNC,989.001030620615000,11/16/2025 19:16,1,6,0
UNC,989.001030620615000,11/16/2025 19:15,1,2,0
UNC,989.001040500035000,11/16/2025 19:15,1,7,0
UNC,989.001040500035000,11/16/2025 19:14,1,7,0
UNC,989.001040500035000,11/16/2025 19:12,1,7,0
UNC,989.001040500035000,11/16/2025 19:11,1,7,0
UNC,989.001040500035000,11/16/2025 19:10,1,7,0
UNC,989.001040500035000,11/16/2025 19:09,1,7,0
UNC,989.001040500035000,11/16/2025 19:08,1,7,0
UNC,989.001040500035000,11/16/2025 19:07,1,7,0
UNC,989.001040500035000,11/16/2025 19:06,1,7,0
UNC,989.001040500035000,11/16/2025 19:05,1,7,0
UNC,989.001030620615000,11/16/2025 19:05,1,2,0
UNC,989.001040500035000,11/16/2025 19:04,1,7,0
UNC,989.001040500035000,11/16/2025 19:03,1,7,0
UNC,989.001030620615000,11/16/2025 19:03,1,2,0
UNC,989.001040500035000,11/16/2025 19:02,1,7,0
UNC,989.001040500035000,11/16/2025 19:01,1,7,0
UNC,989.001040500035000,11/16/2025 19:00,1,7,0
UNC,989.001040500035000,11/16/2025 18:59,1,7,0
UNC,989.002028176831000,11/16/2025 18:58,1,3,0
UNC,989.001040500035000,11/16/2025 18:57,1,7,0
UNC,989.001040500035000,11/16/2025 18:56,1,7,0
UNC,989.001040500035000,11/16/2025 18:55,1,7,0
UNC,989.001040500035000,11/16/2025 18:54,1,7,0
UNC,989.001040500035000,11/16/2025 18:53,1,7,0
UNC,989.001040500035000,11/16/2025 18:50,1,7,0
UNC,989.001040500035000,11/16/2025 18:49,1,7,0
UNC,989.001030620615000,11/16/2025 18:48,1,2,0
UNC,989.001040500035000,11/16/2025 18:48,1,7,0
UNC,989.001030620615000,11/16/2025 18:47,1,2,0
UNC,989.001040500035000,11/16/2025 18:46,1,7,0
UNC,989.001030620615000,11/16/2025 18:46,1,2,0
UNC,989.001040500035000,11/16/2025 18:45,1,7,0
UNC,989.001040500035000,11/16/2025 18:44,1,7,0
UNC,989.001030620615000,11/16/2025 18:43,1,2,0
UNC,989.001040500035000,11/16/2025 18:43,1,7,0
UNC,989.001040500035000,11/16/2025 18:41,1,7,0
UNC,989.001030620615000,11/16/2025 18:41,1,2,0
UNC,989.001040500035000,11/16/2025 18:40,1,7,0
UNC,989.001040500035000,11/16/2025 18:39,1,7,0
UNC,989.001030620261000,11/16/2025 18:39,1,1,0
UNC,989.001030620615000,11/16/2025 18:38,1,2,0
UNC,989.001040500035000,11/16/2025 18:38,1,7,0
UNC,989.001040500035000,11/16/2025 18:37,1,7,0
UNC,989.001030620615000,11/16/2025 18:36,1,2,0
UNC,989.001040500035000,11/16/2025 18:36,1,7,0
UNC,989.001040500035000,11/16/2025 18:35,1,7,0
UNC,989.001040500035000,11/16/2025 18:33,1,7,0
UNC,989.002028177253000,11/16/2025 18:29,1,7,0
UNC,989.001040500035000,11/16/2025 18:29,1,7,0
UNC,989.002028176996000,11/16/2025 18:28,1,3,0
UNC,989.001040500035000,11/16/2025 18:28,1,7,0
UNC,989.001040500035000,11/16/2025 18:26,1,7,0
UNC,989.001040500035000,11/16/2025 18:25,1,7,0
UNC,989.001040500035000,11/16/2025 18:24,1,7,0
UNC,989.001040500035000,11/16/2025 18:24,1,8,0
UNC,989.001040500035000,11/16/2025 18:23,1,8,0
UNC,989.001040500035000,11/16/2025 18:22,1,8,0
UNC,989.001030620668000,11/16/2025 18:21,1,7,0
UNC,989.001040500035000,11/16/2025 18:20,1,8,0
UNC,989.001040500035000,11/16/2025 18:19,1,8,0
UNC,989.001040500035000,11/16/2025 18:18,1,8,0
UNC,989.001040500035000,11/16/2025 18:17,1,8,0
UNC,989.001040500035000,11/16/2025 18:16,1,8,0
UNC,989.001040500035000,11/16/2025 18:15,1,8,0
UNC,989.001040500035000,11/16/2025 18:13,1,8,0
UNC,989.001040500035000,11/16/2025 18:13,1,7,0
UNC,989.001040500035000,11/16/2025 18:12,1,7,0
UNC,989.001040500035000,11/16/2025 18:11,1,7,0
UNC,989.001040500035000,11/16/2025 18:10,1,7,0
UNC,989.001040500035000,11/16/2025 18:08,1,7,0
UNC,989.001040500035000,11/16/2025 18:07,1,7,0
UNC,989.001040500035000,11/16/2025 18:06,1,7,0
UNC,989.001040500035000,11/16/2025 18:04,1,7,0
UNC,989.001040500035000,11/16/2025 18:03,1,7,0
UNC,989.002028176996000,11/16/2025 18:02,1,3,0
UNC,989.001040500035000,11/16/2025 18:02,1,7,0
UNC,989.001040500035000,11/16/2025 18:00,1,7,0
UNC,989.001040500035000,11/16/2025 17:59,1,7,0
UNC,989.002028176996000,11/16/2025 17:58,1,3,0
UNC,989.002028176996000,11/16/2025 17:58,1,2,0
UNC,989.002028176996000,11/16/2025 17:57,1,3,0
UNC,989.002028176996000,11/16/2025 17:56,1,2,0
UNC,989.001040500035000,11/16/2025 17:55,1,7,0
UNC,989.002028176996000,11/16/2025 17:55,1,3,0
UNC,989.001030620684000,11/16/2025 17:54,1,1,0
UNC,989.001040500035000,11/16/2025 17:54,1,7,0
UNC,989.001030620684000,11/16/2025 17:53,1,6,0
UNC,989.001040500035000,11/16/2025 17:53,1,7,0
UNC,989.001040500035000,11/16/2025 17:50,1,7,0
UNC,989.001040500035000,11/16/2025 17:48,1,7,0
UNC,989.001030621201000,11/16/2025 17:48,1,1,0
UNC,989.001030621201000,11/16/2025 17:48,1,2,0
UNC,989.001030621201000,11/16/2025 17:47,1,7,0
UNC,989.001040500035000,11/16/2025 17:46,1,7,0
UNC,989.001040500035000,11/16/2025 17:45,1,7,0
UNC,989.002028176996000,11/16/2025 17:23,1,3,0
UNC,989.002028176996000,11/16/2025 17:19,1,3,0
UNC,989.002028176996000,11/16/2025 17:18,1,3,0
UNC,989.002028176996000,11/16/2025 17:18,1,2,0
UNC,989.002028176996000,11/16/2025 17:16,1,2,0
UNC,989.002028176996000,11/16/2025 17:15,1,2,0
UNC,989.002028176996000,11/16/2025 17:14,1,3,0
UNC,989.002028176996000,11/16/2025 17:12,1,3,0
UNC,989.002028176996000,11/16/2025 17:07,1,3,0
UNC,989.002028176996000,11/16/2025 17:06,1,3,0
UNC,989.002028176996000,11/16/2025 17:05,1,3,0
UNC,989.002028176996000,11/16/2025 17:04,1,2,0
UNC,989.002028176996000,11/16/2025 17:02,1,2,0
UNC,989.002028176996000,11/16/2025 17:01,1,2,0
UNC,989.002028176996000,11/16/2025 17:01,1,3,0
UNC,989.002028176996000,11/16/2025 17:00,1,3,0
UNC,989.002028176996000,11/16/2025 16:56,1,2,0
UNC,989.002028176996000,11/16/2025 16:54,1,2,0
UNC,989.002028176996000,11/16/2025 16:53,1,2,0
UNC,989.002028176996000,11/16/2025 16:52,1,2,0
UNC,989.002028176996000,11/16/2025 16:44,1,3,0
UNC,989.002028176996000,11/16/2025 16:43,1,3,0
UNC,989.002028176996000,11/16/2025 16:39,1,3,0
UNC,989.002028176996000,11/16/2025 16:38,1,3,0
UNC,989.002028176996000,11/16/2025 16:37,1,3,0
UNC,989.002028176996000,11/16/2025 16:37,1,2,0
UNC,989.002028176996000,11/16/2025 16:34,1,2,0
UNC,989.002028176996000,11/16/2025 16:15,1,3,0
UNC,989.002028176996000,11/16/2025 16:15,1,2,0
UNC,989.002028176996000,11/16/2025 16:13,1,2,0
UNC,989.002028176996000,11/16/2025 16:12,1,2,0
UNC,989.002028176996000,11/16/2025 16:11,1,2,0
UNC,989.002028176996000,11/16/2025 16:11,1,3,0
UNC,989.002028176996000,11/16/2025 16:10,1,3,0
UNC,989.002028176996000,11/16/2025 16:09,1,3,0
UNC,989.001040500060000,11/16/2025 16:06,1,2,0
UNC,989.002028176996000,11/16/2025 16:06,1,3,0
UNC,989.001040500060000,11/16/2025 16:06,1,7,0
UNC,989.002028176996000,11/16/2025 16:05,1,3,0
UNC,989.002028176996000,11/16/2025 15:52,1,3,0
UNC,989.002028176996000,11/16/2025 15:46,1,2,0
UNC,989.002028176996000,11/16/2025 15:45,1,2,0
UNC,989.002028176996000,11/16/2025 15:44,1,3,0
UNC,989.002028176996000,11/16/2025 15:39,1,3,0
UNC,989.002028176996000,11/16/2025 15:36,1,3,0
UNC,989.002028176996000,11/16/2025 15:35,1,2,0
UNC,989.002028176996000,11/16/2025 15:35,1,3,0
UNC,989.002028176996000,11/16/2025 15:34,1,3,0
UNC,989.002028176996000,11/16/2025 15:33,1,3,0
UNC,989.002028176996000,11/16/2025 15:31,1,3,0
UNC,989.002028176996000,11/16/2025 15:30,1,3,0
UNC,989.002028176996000,11/16/2025 15:28,1,3,0
UNC,989.002028176695000,11/16/2025 14:53,1,2,0
UNC,989.002028176695000,11/16/2025 14:52,1,2,0
UNC,989.002028176695000,11/16/2025 14:51,1,2,0
UNC,989.002028176695000,11/16/2025 14:50,1,2,0
UNC,989.002028176695000,11/16/2025 14:49,1,2,0
UNC,989.002028176695000,11/16/2025 14:48,1,2,0
UNC,989.002028176996000,11/16/2025 14:47,1,3,0
UNC,989.002028176695000,11/16/2025 14:47,1,2,0
UNC,989.002028176695000,11/16/2025 14:46,1,2,0
UNC,989.002028176996000,11/16/2025 14:45,1,2,0
UNC,989.002028176695000,11/16/2025 14:45,1,2,0
UNC,989.002028176695000,11/16/2025 14:44,1,2,0
UNC,989.002028176695000,11/16/2025 14:42,1,2,0
UNC,989.002028176996000,11/16/2025 14:37,1,3,0
UNC,989.002028176996000,11/16/2025 14:33,1,3,0
UNC,989.002028176996000,11/16/2025 14:31,1,3,0
UNC,989.002028176996000,11/16/2025 14:29,1,3,0
UNC,989.001040500060000,11/16/2025 14:01,1,6,0
UNC,989.001040500060000,11/16/2025 14:00,1,1,0
UNC,989.001040500060000,11/16/2025 13:59,1,7,0
UNC,989.001030621201000,11/16/2025 13:07,1,6,0
UNC,989.001030621201000,11/16/2025 13:06,1,6,0
UNC,989.001030621201000,11/16/2025 13:03,1,3,0
UNC,989.001030620668000,11/16/2025 12:40,1,2,0
UNC,989.001030620668000,11/16/2025 12:39,1,7,0
UNC,989.001030620668000,11/16/2025 12:35,1,6,0
UNC,989.001030620668000,11/16/2025 12:35,1,7,0
UNC,989.002028176996000,11/16/2025 6:57,1,3,0
UNC,989.002028176996000,11/16/2025 6:55,1,3,0
UNC,989.002028176695000,11/16/2025 6:53,1,3,0
UNC,989.002028176996000,11/16/2025 6:53,1,3,0
UNC,989.002028176695000,11/16/2025 6:52,1,2,0
UNC,989.002028176996000,11/16/2025 6:52,1,3,0
UNC,989.002028176695000,11/16/2025 6:51,1,2,0
UNC,989.002028176996000,11/16/2025 6:50,1,3,0
UNC,989.002028176996000,11/16/2025 6:48,1,3,0
UNC,989.002028176996000,11/16/2025 6:47,1,3,0
UNC,989.002028176996000,11/16/2025 6:46,1,3,0
UNC,989.002028176996000,11/16/2025 6:44,1,3,0
UNC,989.002028176996000,11/16/2025 6:42,1,3,0
UNC,989.002028176695000,11/16/2025 6:39,1,6,0
UNC,989.002028176695000,11/16/2025 6:38,1,6,0
UNC,989.001040500060000,11/16/2025 6:38,1,2,0
UNC,989.002028176695000,11/16/2025 6:37,1,7,0
UNC,989.002028176695000,11/16/2025 6:36,1,7,0
UNC,989.002028176695000,11/16/2025 6:35,1,6,0
UNC,989.002028176695000,11/16/2025 6:35,1,7,0
UNC,989.002028176695000,11/16/2025 6:34,1,6,0
UNC,989.002028176695000,11/16/2025 6:33,1,7,0
UNC,989.002028176695000,11/16/2025 6:32,1,7,0
UNC,989.002028176695000,11/16/2025 6:31,1,7,0
UNC,989.001040500035000,11/16/2025 6:30,1,7,0
UNC,989.002028176695000,11/16/2025 6:30,1,6,0
UNC,989.002028176996000,11/16/2025 6:29,1,3,0
UNC,989.002028176695000,11/16/2025 6:29,1,6,0
UNC,989.002028176695000,11/16/2025 6:28,1,7,0
UNC,989.001040500035000,11/16/2025 6:28,1,7,0
UNC,989.002028176996000,11/16/2025 6:27,1,2,0
UNC,989.002028176695000,11/16/2025 6:27,1,7,0
UNC,989.002028176695000,11/16/2025 6:27,1,6,0
UNC,989.002028176996000,11/16/2025 6:26,1,3,0
UNC,989.002028176996000,11/16/2025 6:25,1,3,0
UNC,989.001040500035000,11/16/2025 6:25,1,7,0
UNC,989.002028176996000,11/16/2025 6:24,1,3,0
UNC,989.001040500035000,11/16/2025 6:24,1,7,0
UNC,989.002028176996000,11/16/2025 6:23,1,3,0
UNC,989.001040500035000,11/16/2025 6:23,1,7,0
UNC,989.001030620684000,11/16/2025 6:23,1,6,0
UNC,989.001030620684000,11/16/2025 6:22,1,1,0
UNC,989.001040500035000,11/16/2025 6:22,1,7,0
UNC,989.001040500035000,11/16/2025 6:20,1,7,0
UNC,989.001040500035000,11/16/2025 6:19,1,7,0
UNC,989.002028176695000,11/16/2025 6:17,1,2,0
UNC,989.001040500035000,11/16/2025 6:17,1,7,0
UNC,989.002028176996000,11/16/2025 6:16,1,3,0
UNC,989.002028176996000,11/16/2025 6:15,1,3,0
UNC,989.001040500035000,11/16/2025 6:14,1,7,0
UNC,989.001030620615000,11/16/2025 6:06,1,1,0
UNC,989.001030620615000,11/16/2025 6:05,1,7,0
UNC,989.001040500035000,11/16/2025 5:53,1,7,0
UNC,989.001040500035000,11/16/2025 5:52,1,7,0
UNC,989.001040500035000,11/16/2025 5:51,1,7,0
UNC,989.001040500035000,11/16/2025 5:49,1,7,0
UNC,989.001040500035000,11/16/2025 5:47,1,7,0
UNC,989.001030620304000,11/16/2025 5:46,1,6,0
UNC,989.001030620304000,11/16/2025 5:46,1,1,0
UNC,989.001040500035000,11/16/2025 5:43,1,7,0
UNC,989.001040500035000,11/16/2025 5:41,1,7,0
UNC,989.001040500035000,11/16/2025 5:38,1,7,0
UNC,989.001040500035000,11/16/2025 5:36,1,7,0
UNC,989.001040500035000,11/16/2025 5:35,1,7,0
UNC,989.001040500035000,11/16/2025 5:34,1,7,0
UNC,989.001040500035000,11/16/2025 5:33,1,7,0
UNC,989.001040500035000,11/16/2025 5:31,1,7,0
UNC,989.001030620735000,11/16/2025 5:29,1,7,0
UNC,989.002028176996000,11/16/2025 5:29,1,3,0
UNC,989.001030620735000,11/16/2025 5:29,1,2,0
UNC,989.002028176996000,11/16/2025 5:28,1,3,0
UNC,989.002028176996000,11/16/2025 5:26,1,3,0
UNC,989.002028176996000,11/16/2025 5:23,1,3,0
UNC,989.002028176996000,11/16/2025 5:22,1,3,0
UNC,989.002028176996000,11/16/2025 5:22,1,2,0
UNC,989.002028176996000,11/16/2025 5:20,1,2,0
UNC,989.002028176996000,11/16/2025 5:19,1,3,0
UNC,989.002028176996000,11/16/2025 5:18,1,3,0
UNC,989.002028176996000,11/16/2025 5:17,1,3,0
UNC,989.002028176996000,11/16/2025 5:16,1,3,0
UNC,989.002028176996000,11/16/2025 5:12,1,3,0
UNC,989.001040500071000,11/16/2025 5:10,1,7,0
UNC,989.001040500071000,11/16/2025 5:08,1,2,0
UNC,989.001040500071000,11/16/2025 5:07,1,1,0
UNC,989.002028176996000,11/16/2025 5:06,1,3,0
UNC,989.002028176996000,11/16/2025 5:04,1,3,0
UNC,989.001030621303000,11/16/2025 4:42,1,2,0
UNC,989.001030621303000,11/16/2025 4:40,1,7,0
UNC,989.002028176996000,11/16/2025 4:17,1,3,0
UNC,989.001030620186000,11/16/2025 4:01,1,8,0
UNC,989.001030620186000,11/16/2025 4:00,1,7,0
UNC,989.001030620186000,11/16/2025 4:00,1,8,0
UNC,989.001030620186000,11/16/2025 3:51,1,9,0
UNC,989.001040500035000,11/16/2025 3:39,1,7,0
UNC,989.001040500035000,11/16/2025 3:38,1,8,0
UNC,989.001040500035000,11/16/2025 3:37,1,8,0
UNC,989.001040500035000,11/16/2025 3:37,1,7,0
UNC,989.001040500035000,11/16/2025 3:36,1,7,0
UNC,989.001040500035000,11/16/2025 3:35,1,7,0
UNC,989.001040500035000,11/16/2025 3:33,1,7,0
UNC,989.001040500035000,11/16/2025 3:32,1,7,0
UNC,989.001040500035000,11/16/2025 3:31,1,7,0
UNC,989.001040500035000,11/16/2025 3:29,1,7,0
UNC,989.001040500035000,11/16/2025 3:28,1,7,0
UNC,989.001040500035000,11/16/2025 3:26,1,7,0
UNC,989.001040500035000,11/16/2025 3:25,1,7,0
UNC,989.001040500035000,11/16/2025 3:24,1,7,0
UNC,989.001030620312000,11/16/2025 3:22,1,6,0
UNC,989.001030620312000,11/16/2025 3:21,1,1,0
UNC,989.001040500035000,11/16/2025 3:21,1,7,0
UNC,989.001040500035000,11/16/2025 3:20,1,7,0
UNC,989.001040500035000,11/16/2025 3:19,1,7,0
UNC,989.001040500035000,11/16/2025 3:17,1,7,0
UNC,989.001040500035000,11/16/2025 3:15,1,7,0
UNC,989.002028176996000,11/16/2025 3:15,1,2,0
UNC,989.001040500035000,11/16/2025 3:14,1,7,0
UNC,989.002028176996000,11/16/2025 3:14,1,2,0
UNC,989.002028176996000,11/16/2025 3:13,1,3,0
UNC,989.001040500035000,11/16/2025 3:12,1,7,0
UNC,989.001040500035000,11/16/2025 3:07,1,7,0
UNC,989.001040500035000,11/16/2025 3:03,1,7,0
UNC,989.001040500035000,11/16/2025 3:02,1,7,0
UNC,989.001040500035000,11/16/2025 3:01,1,7,0
UNC,989.001040500035000,11/16/2025 3:00,1,7,0
UNC,989.001040500035000,11/16/2025 2:59,1,7,0
UNC,989.001040500035000,11/16/2025 2:57,1,7,0
UNC,989.001040500035000,11/16/2025 2:56,1,7,0
UNC,989.002028177009000,11/16/2025 2:56,1,2,0
UNC,989.001040500035000,11/16/2025 2:55,1,7,0
UNC,989.002028177009000,11/16/2025 2:55,1,8,0
UNC,989.001040500035000,11/16/2025 2:54,1,7,0
UNC,989.002028177009000,11/16/2025 2:54,1,1,0
UNC,989.001040500035000,11/16/2025 2:50,1,7,0
UNC,989.001040500035000,11/16/2025 2:46,1,7,0
UNC,989.002028176996000,11/16/2025 2:38,1,3,0
UNC,989.002028176996000,11/16/2025 2:36,1,3,0
UNC,989.002028176996000,11/16/2025 2:35,1,3,0
UNC,989.001040500035000,11/16/2025 2:35,1,7,0
UNC,989.002028176996000,11/16/2025 2:34,1,2,0
UNC,989.001040500035000,11/16/2025 2:33,1,7,0
UNC,989.002028176996000,11/16/2025 2:33,1,2,0
UNC,989.002028176996000,11/16/2025 2:32,1,2,0
UNC,989.001040500035000,11/16/2025 2:31,1,7,0
UNC,989.002028176996000,11/16/2025 2:26,1,3,0
UNC,989.001040500035000,11/16/2025 2:20,1,7,0
UNC,989.001040500035000,11/16/2025 2:18,1,7,0
UNC,989.001040500035000,11/16/2025 2:17,1,7,0
UNC,989.001040500035000,11/16/2025 2:16,1,7,0
UNC,989.002028176996000,11/16/2025 2:00,1,2,0
UNC,989.001040500035000,11/16/2025 1:59,1,7,0
UNC,989.002028176996000,11/16/2025 1:59,1,2,0
UNC,989.002028176996000,11/16/2025 1:58,1,2,0
UNC,989.001040500035000,11/16/2025 1:57,1,7,0
UNC,989.002028176996000,11/16/2025 1:56,1,2,0
UNC,989.002028176996000,11/16/2025 1:55,1,2,0
UNC,989.002028176996000,11/16/2025 1:44,1,3,0
UNC,989.002028176996000,11/16/2025 1:42,1,3,0
UNC,989.001040500035000,11/16/2025 1:34,1,7,0
UNC,989.001040500035000,11/16/2025 1:33,1,7,0
UNC,989.001040500035000,11/16/2025 1:31,1,7,0
UNC,989.002028176996000,11/16/2025 1:31,1,2,0
UNC,989.001040500035000,11/16/2025 1:30,1,7,0
UNC,989.002028176996000,11/16/2025 1:30,1,2,0
UNC,989.002028176996000,11/16/2025 1:29,1,2,0
UNC,989.001040500035000,11/16/2025 1:28,1,7,0
UNC,989.002028176996000,11/16/2025 1:28,1,2,0
UNC,989.002028176996000,11/16/2025 1:27,1,2,0
UNC,989.001040500035000,11/16/2025 1:25,1,7,0
UNC,989.002028176996000,11/16/2025 1:25,1,2,0
UNC,989.001040500035000,11/16/2025 1:24,1,7,0
UNC,989.002028176996000,11/16/2025 1:24,1,2,0
UNC,989.002028176996000,11/16/2025 1:23,1,2,0
UNC,989.002028176996000,11/16/2025 1:22,1,2,0
UNC,989.002028176996000,11/16/2025 1:21,1,2,0
UNC,989.001040500035000,11/16/2025 1:19,1,7,0
UNC,989.001040500071000,11/16/2025 1:19,1,2,0
UNC,989.002028176996000,11/16/2025 1:19,1,2,0
UNC,989.002028176996000,11/16/2025 1:18,1,2,0
UNC,989.001040500035000,11/16/2025 1:18,1,7,0
UNC,989.002028176996000,11/16/2025 1:16,1,2,0
UNC,989.001040500035000,11/16/2025 1:16,1,7,0
UNC,989.002028176996000,11/16/2025 1:15,1,2,0
UNC,989.001040500035000,11/16/2025 1:15,1,7,0
UNC,989.002028176996000,11/16/2025 1:14,1,2,0
UNC,989.001040500035000,11/16/2025 1:14,1,7,0
UNC,989.002028176996000,11/16/2025 1:13,1,2,0
UNC,989.001040500035000,11/16/2025 1:13,1,7,0
UNC,989.001040500035000,11/16/2025 1:11,1,7,0
UNC,989.002028176996000,11/16/2025 1:11,1,2,0
UNC,989.002028176996000,11/16/2025 1:10,1,2,0
UNC,989.001040500035000,11/16/2025 1:10,1,7,0
UNC,989.001040500035000,11/16/2025 1:09,1,7,0
UNC,989.002028176996000,11/16/2025 1:09,1,2,0
UNC,989.002028177122000,11/16/2025 1:09,1,1,0
UNC,989.001040500035000,11/16/2025 1:08,1,7,0
UNC,989.002028176996000,11/16/2025 1:08,1,2,0
UNC,989.001040500035000,11/16/2025 1:07,1,7,0
UNC,989.002028176996000,11/16/2025 1:07,1,2,0
UNC,989.002028177122000,11/16/2025 1:06,1,6,0
UNC,989.001040500035000,11/16/2025 1:05,1,7,0
UNC,989.002028176996000,11/16/2025 1:05,1,2,0
UNC,989.002028177122000,11/16/2025 1:05,1,6,0
UNC,989.002028176996000,11/16/2025 1:04,1,2,0
UNC,989.001040500035000,11/16/2025 1:04,1,7,0
UNC,989.002028177122000,11/16/2025 1:03,1,2,0
UNC,989.002028176996000,11/16/2025 1:03,1,2,0
UNC,989.002028176996000,11/16/2025 1:02,1,2,0
UNC,989.002028177122000,11/16/2025 1:01,1,2,0
UNC,989.002028177122000,11/16/2025 1:00,1,2,0
UNC,989.002028177122000,11/16/2025 0:59,1,2,0
UNC,989.002028176996000,11/16/2025 0:58,1,2,0
UNC,989.002028176996000,11/16/2025 0:57,1,2,0
UNC,989.002028177122000,11/16/2025 0:57,1,2,0
UNC,989.002028177122000,11/16/2025 0:55,1,2,0
UNC,989.002028177122000,11/16/2025 0:53,1,2,0
UNC,989.002028177122000,11/16/2025 0:52,1,2,0
UNC,989.001040500035000,11/16/2025 0:52,1,7,0
UNC,989.002028177122000,11/16/2025 0:51,1,2,0
UNC,989.002028177122000,11/16/2025 0:50,1,2,0
UNC,989.002028177122000,11/16/2025 0:49,1,2,0
UNC,989.001040500035000,11/16/2025 0:48,1,7,0
UNC,989.002028177122000,11/16/2025 0:48,1,2,0
UNC,989.002028177122000,11/16/2025 0:47,1,2,0
UNC,989.002028177122000,11/16/2025 0:45,1,2,0
UNC,989.002028177122000,11/16/2025 0:44,1,2,0
UNC,989.002028177122000,11/16/2025 0:43,1,2,0
UNC,989.002028176996000,11/16/2025 0:42,1,3,0
UNC,989.002028177122000,11/16/2025 0:42,1,2,0
UNC,989.002028177122000,11/16/2025 0:41,1,2,0
UNC,989.002028177122000,11/16/2025 0:39,1,2,0
UNC,989.002028177122000,11/16/2025 0:38,1,2,0
UNC,989.002028176996000,11/16/2025 0:37,1,2,0
UNC,989.002028177122000,11/16/2025 0:33,1,2,0
UNC,989.002028176996000,11/16/2025 0:31,1,2,0
UNC,989.002028177122000,11/16/2025 0:31,1,2,0
UNC,989.002028177122000,11/16/2025 0:30,1,2,0
UNC,989.002028176996000,11/16/2025 0:29,1,2,0
UNC,989.002028176996000,11/16/2025 0:28,1,2,0
UNC,989.002028177122000,11/16/2025 0:28,1,2,0
UNC,989.002028176996000,11/16/2025 0:27,1,2,0
UNC,989.002028177122000,11/16/2025 0:26,1,2,0
UNC,989.002028177122000,11/16/2025 0:25,1,2,0
UNC,989.002028177122000,11/16/2025 0:24,1,2,0
UNC,989.002028177122000,11/16/2025 0:23,1,2,0
UNC,989.002028177122000,11/16/2025 0:22,1,2,0
UNC,989.002028177122000,11/16/2025 0:20,1,2,0
UNC,989.001040500035000,11/16/2025 0:20,1,7,0
UNC,989.002028177122000,11/16/2025 0:19,1,2,0
UNC,989.002028177122000,11/16/2025 0:18,1,2,0
UNC,989.001040500035000,11/16/2025 0:17,1,7,0
UNC,989.002028177122000,11/16/2025 0:15,1,2,0
UNC,989.001040500035000,11/16/2025 0:15,1,7,0
UNC,989.002028177122000,11/16/2025 0:14,1,2,0
UNC,989.001040500035000,11/16/2025 0:14,1,7,0
UNC,989.002028177122000,11/16/2025 0:13,1,2,0
UNC,989.002028177122000,11/16/2025 0:12,1,2,0
UNC,989.001040500035000,11/16/2025 0:12,1,7,0
UNC,989.002028177122000,11/16/2025 0:11,1,2,0
UNC,989.002028177122000,11/16/2025 0:10,1,2,0
UNC,989.002028176996000,11/16/2025 0:09,1,2,0
UNC,989.002028177122000,11/16/2025 0:09,1,2,0
UNC,989.002028177122000,11/16/2025 0:08,1,2,0
UNC,989.001040500035000,11/16/2025 0:07,1,7,0
UNC,989.002028177122000,11/16/2025 0:06,1,2,0
UNC,989.001040500035000,11/16/2025 0:06,1,7,0
UNC,989.002028177122000,11/16/2025 0:05,1,2,0
UNC,989.001040500035000,11/16/2025 0:04,1,7,0
UNC,989.002028177122000,11/16/2025 0:04,1,2,0
UNC,989.002028177122000,11/16/2025 0:02,1,2,0
UNC,989.001030620615000,11/16/2025 0:02,1,6,0
UNC,989.002028177122000,11/16/2025 0:01,1,2,0
UNC,989.001040500035000,11/16/2025 0:01,1,7,0
UNC,989.001030620615000,11/16/2025 0:01,1,1,0
UNC,989.002028177122000,11/16/2025 0:00,1,2,0
UNC,989.002028177122000,11/15/2025 23:59,1,2,0
UNC,989.001040500071000,11/15/2025 23:59,1,8,0
UNC,989.001040500071000,11/15/2025 23:58,1,7,0
UNC,989.002028177122000,11/15/2025 23:58,1,2,0
UNC,989.002028176996000,11/15/2025 23:57,1,2,0
UNC,989.002028176996000,11/15/2025 23:56,1,2,0
UNC,989.002028176996000,11/15/2025 23:55,1,2,0
UNC,989.001040500035000,11/15/2025 23:55,1,7,0
UNC,989.002028176996000,11/15/2025 23:53,1,2,0
UNC,989.002028176996000,11/15/2025 23:52,1,3,0
UNC,989.001040500035000,11/15/2025 23:52,1,7,0
UNC,989.001040500035000,11/15/2025 23:50,1,7,0
UNC,989.002028177122000,11/15/2025 23:50,1,2,0
UNC,989.002028176996000,11/15/2025 23:49,1,3,0
UNC,989.002028177122000,11/15/2025 23:49,1,2,0
UNC,989.001040500035000,11/15/2025 23:49,1,7,0
UNC,989.001040500035000,11/15/2025 23:48,1,7,0
UNC,989.002028177122000,11/15/2025 23:47,1,2,0
UNC,989.002028176996000,11/15/2025 23:47,1,3,0
UNC,989.001040500035000,11/15/2025 23:46,1,7,0
UNC,989.002028177122000,11/15/2025 23:46,1,2,0
UNC,989.001040500035000,11/15/2025 23:45,1,7,0
UNC,989.002028176996000,11/15/2025 23:45,1,3,0
UNC,989.002028177122000,11/15/2025 23:45,1,2,0
UNC,989.002028176996000,11/15/2025 23:45,1,2,0
UNC,989.001040500035000,11/15/2025 23:44,1,7,0
UNC,989.002028177122000,11/15/2025 23:43,1,2,0
UNC,989.001040500035000,11/15/2025 23:43,1,7,0
UNC,989.001040500035000,11/15/2025 23:42,1,7,0
UNC,989.002028176996000,11/15/2025 23:41,1,2,0
UNC,989.002028177122000,11/15/2025 23:41,1,2,0
UNC,989.001040500035000,11/15/2025 23:41,1,8,0
UNC,989.001040500035000,11/15/2025 23:41,1,7,0
UNC,989.002028177122000,11/15/2025 23:40,1,2,0
UNC,989.001040500035000,11/15/2025 23:40,1,8,0
UNC,989.001040500035000,11/15/2025 23:39,1,8,0
UNC,989.001040500035000,11/15/2025 23:38,1,8,0
UNC,989.001040500035000,11/15/2025 23:37,1,8,0
UNC,989.002028177122000,11/15/2025 23:36,1,2,0
UNC,989.001040500035000,11/15/2025 23:35,1,8,0
UNC,989.001040500035000,11/15/2025 23:34,1,8,0
UNC,989.002028176996000,11/15/2025 23:34,1,2,0
UNC,989.001040500035000,11/15/2025 23:33,1,8,0
UNC,989.002028177122000,11/15/2025 23:33,1,2,0
UNC,989.001040500035000,11/15/2025 23:32,1,8,0
UNC,989.002028177122000,11/15/2025 23:31,1,2,0
UNC,989.002028177122000,11/15/2025 23:29,1,2,0
UNC,989.002028176996000,11/15/2025 23:27,1,2,0
UNC,989.002028177122000,11/15/2025 23:26,1,2,0
UNC,989.002028177122000,11/15/2025 23:25,1,2,0
UNC,989.002028177122000,11/15/2025 23:24,1,2,0
UNC,989.002028177122000,11/15/2025 23:23,1,2,0
UNC,989.002028177122000,11/15/2025 23:22,1,2,0
UNC,989.002028177122000,11/15/2025 23:21,1,2,0
UNC,989.002028177122000,11/15/2025 23:19,1,2,0
UNC,989.002028177122000,11/15/2025 23:18,1,2,0
UNC,989.002028177122000,11/15/2025 23:16,1,2,0
UNC,989.002028177122000,11/15/2025 23:12,1,2,0
UNC,989.002028176996000,11/15/2025 22:52,1,3,0
UNC,989.002028177122000,11/15/2025 22:52,1,2,0
UNC,989.002028177122000,11/15/2025 22:49,1,2,0
UNC,989.002028177122000,11/15/2025 22:47,1,2,0
UNC,989.002028177122000,11/15/2025 22:45,1,2,0
UNC,989.002028177122000,11/15/2025 22:43,1,2,0
UNC,989.002028177122000,11/15/2025 22:40,1,2,0
UNC,989.002028177122000,11/15/2025 22:35,1,2,0
UNC,989.002028176996000,11/15/2025 22:20,1,3,0
UNC,989.002028177122000,11/15/2025 22:15,1,2,0
UNC,989.002028176996000,11/15/2025 22:03,1,3,0
UNC,989.002028176996000,11/15/2025 22:00,1,3,0
UNC,989.002028176996000,11/15/2025 21:46,1,2,0
UNC,989.002028176996000,11/15/2025 21:44,1,2,0
UNC,989.002028176996000,11/15/2025 21:43,1,2,0
UNC,989.002028176996000,11/15/2025 21:42,1,2,0
UNC,989.002028176996000,11/15/2025 21:40,1,2,0
UNC,989.002028176996000,11/15/2025 21:39,1,2,0
UNC,989.002028176996000,11/15/2025 21:38,1,2,0
UNC,989.002028176996000,11/15/2025 21:37,1,3,0
UNC,989.002028176996000,11/15/2025 21:20,1,2,0
UNC,989.002028176996000,11/15/2025 21:19,1,3,0
UNC,989.002028176996000,11/15/2025 21:18,1,3,0
UNC,989.002028176996000,11/15/2025 21:14,1,3,0
UNC,989.002028176996000,11/15/2025 21:11,1,3,0
UNC,989.002028176996000,11/15/2025 21:07,1,3,0
UNC,989.002028176996000,11/15/2025 21:06,1,3,0
UNC,989.002028176996000,11/15/2025 21:05,1,3,0
UNC,989.002028176996000,11/15/2025 21:03,1,3,0
UNC,989.002028176996000,11/15/2025 21:02,1,3,0
UNC,989.002028176996000,11/15/2025 21:01,1,3,0
UNC,989.002028176996000,11/15/2025 21:01,1,2,0
UNC,989.002028176996000,11/15/2025 21:00,1,2,0
UNC,989.001040500035000,11/15/2025 20:59,1,8,0
UNC,989.002028176996000,11/15/2025 20:58,1,2,0
UNC,989.002028176996000,11/15/2025 20:57,1,2,0
UNC,989.002028176996000,11/15/2025 20:55,1,2,0
UNC,989.002028176996000,11/15/2025 20:54,1,2,0
UNC,989.002028176996000,11/15/2025 20:51,1,2,0
UNC,989.002028176996000,11/15/2025 20:50,1,2,0
UNC,989.002028176996000,11/15/2025 20:47,1,3,0
UNC,989.002028176996000,11/15/2025 20:46,1,3,0
UNC,989.002028176996000,11/15/2025 20:45,1,3,0
UNC,989.002028176996000,11/15/2025 20:44,1,3,0
UNC,989.002028176996000,11/15/2025 20:43,1,3,0
UNC,989.002028176996000,11/15/2025 20:41,1,3,0
UNC,989.002028176996000,11/15/2025 20:37,1,3,0
UNC,989.002028176996000,11/15/2025 20:36,1,3,0
UNC,989.002028176996000,11/15/2025 20:32,1,3,0
UNC,989.002028176875000,11/15/2025 20:26,1,2,0
UNC,989.002028176875000,11/15/2025 20:26,1,3,0
UNC,989.002028176996000,11/15/2025 20:26,1,2,0
UNC,989.002028176996000,11/15/2025 20:25,1,3,0
UNC,989.002028176875000,11/15/2025 20:24,1,1,0
UNC,989.002028176996000,11/15/2025 20:24,1,3,0
UNC,989.002028176996000,11/15/2025 20:22,1,3,0
UNC,989.001040500035000,11/15/2025 20:22,1,8,0
UNC,989.002028176875000,11/15/2025 20:22,1,2,0
UNC,989.001040500035000,11/15/2025 20:21,1,8,0
UNC,989.002028176996000,11/15/2025 20:21,1,3,0
UNC,989.001040500035000,11/15/2025 20:20,1,8,0
UNC,989.001040500035000,11/15/2025 20:19,1,8,0
UNC,989.002028176875000,11/15/2025 20:19,1,2,0
UNC,989.001040500035000,11/15/2025 20:18,1,8,0
UNC,989.002028176875000,11/15/2025 20:17,1,7,0
UNC,989.001040500035000,11/15/2025 20:17,1,8,0
UNC,989.001040500035000,11/15/2025 20:16,1,8,0
UNC,989.001040500035000,11/15/2025 20:15,1,8,0
UNC,989.001030620668000,11/15/2025 20:14,1,7,0
UNC,989.002028176996000,11/15/2025 20:14,1,3,0
UNC,989.001040500035000,11/15/2025 20:14,1,8,0
UNC,989.001040500035000,11/15/2025 20:13,1,8,0
UNC,989.001030620668000,11/15/2025 20:12,1,7,0
UNC,989.001040500035000,11/15/2025 20:12,1,8,0
UNC,989.001030620668000,11/15/2025 20:11,1,7,0
UNC,989.001040500035000,11/15/2025 20:11,1,8,0
UNC,989.002028176996000,11/15/2025 20:10,1,3,0
UNC,989.001030620668000,11/15/2025 20:10,1,7,0
UNC,989.001040500035000,11/15/2025 20:10,1,8,0
UNC,989.001040500035000,11/15/2025 20:08,1,8,0
UNC,989.001040500035000,11/15/2025 20:07,1,8,0
UNC,989.001030620668000,11/15/2025 20:07,1,2,0
UNC,989.001040500035000,11/15/2025 20:06,1,8,0
UNC,989.001040500035000,11/15/2025 20:05,1,8,0
UNC,989.001040500035000,11/15/2025 20:04,1,8,0
UNC,989.002028176996000,11/15/2025 20:04,1,3,0
UNC,989.001040500035000,11/15/2025 20:03,1,8,0
UNC,989.001040500035000,11/15/2025 20:02,1,8,0
UNC,989.001040500035000,11/15/2025 20:01,1,8,0
UNC,989.001040500035000,11/15/2025 20:00,1,8,0
UNC,989.001040500035000,11/15/2025 19:59,1,8,0
UNC,989.001040500035000,11/15/2025 19:57,1,8,0
UNC,989.001040500035000,11/15/2025 19:56,1,8,0
UNC,989.002028176996000,11/15/2025 19:55,1,2,0
UNC,989.001040500035000,11/15/2025 19:55,1,8,0
UNC,989.001040500035000,11/15/2025 19:54,1,8,0
UNC,989.002028176996000,11/15/2025 19:54,1,2,0
UNC,989.001040500035000,11/15/2025 19:53,1,8,0
UNC,989.002028176996000,11/15/2025 19:53,1,2,0
UNC,989.001040500035000,11/15/2025 19:52,1,8,0
UNC,989.002028176996000,11/15/2025 19:52,1,2,0
UNC,989.002028176996000,11/15/2025 19:50,1,2,0
UNC,989.002028176996000,11/15/2025 19:49,1,2,0
UNC,989.002028176996000,11/15/2025 19:48,1,2,0
UNC,989.002028176996000,11/15/2025 19:47,1,2,0
UNC,989.002028176996000,11/15/2025 19:46,1,2,0
UNC,989.002028176996000,11/15/2025 19:45,1,2,0
UNC,989.002028176996000,11/15/2025 19:44,1,2,0
UNC,989.002028176996000,11/15/2025 19:42,1,2,0
UNC,989.002028176996000,11/15/2025 19:40,1,2,0
UNC,989.002028176996000,11/15/2025 19:39,1,2,0
UNC,989.002028176996000,11/15/2025 19:38,1,2,0
UNC,989.002028176996000,11/15/2025 19:37,1,2,0
UNC,989.002028176996000,11/15/2025 19:36,1,2,0
UNC,989.002028176996000,11/15/2025 19:35,1,2,0
UNC,989.002028176996000,11/15/2025 19:33,1,2,0
UNC,989.002028176996000,11/15/2025 19:32,1,2,0
UNC,989.002028176996000,11/15/2025 19:31,1,2,0
UNC,989.002028176996000,11/15/2025 19:30,1,2,0
UNC,989.002028176996000,11/15/2025 19:28,1,2,0
UNC,989.002028176996000,11/15/2025 19:28,1,3,0
UNC,989.001040500035000,11/15/2025 19:26,1,7,0
UNC,989.001040500035000,11/15/2025 19:25,1,7,0
UNC,989.001040500035000,11/15/2025 19:23,1,7,0
UNC,989.001040500035000,11/15/2025 19:22,1,7,0
UNC,989.001040500035000,11/15/2025 19:21,1,7,0
UNC,989.001040500035000,11/15/2025 19:19,1,7,0
UNC,989.002028177051000,11/15/2025 19:18,1,2,0
UNC,989.002028177051000,11/15/2025 19:17,1,3,0
UNC,989.001040500035000,11/15/2025 19:17,1,7,0
UNC,989.002028177051000,11/15/2025 19:16,1,3,0
UNC,989.001040500035000,11/15/2025 19:16,1,7,0
UNC,989.002028177051000,11/15/2025 19:15,1,3,0
UNC,989.001040500035000,11/15/2025 19:15,1,7,0
UNC,989.002028177051000,11/15/2025 19:14,1,3,0
UNC,989.001040500035000,11/15/2025 19:14,1,7,0
UNC,989.001040500035000,11/15/2025 19:12,1,7,0
UNC,989.002028177051000,11/15/2025 19:12,1,3,0
UNC,989.001040500035000,11/15/2025 19:11,1,7,0
UNC,989.002028177051000,11/15/2025 19:11,1,3,0
UNC,989.002028177051000,11/15/2025 19:10,1,2,0
UNC,989.001040500035000,11/15/2025 19:10,1,7,0
UNC,989.002028177051000,11/15/2025 19:10,1,3,0
UNC,989.002028176996000,11/15/2025 19:09,1,3,0
UNC,989.001040500035000,11/15/2025 19:09,1,7,0
UNC,989.002028176996000,11/15/2025 19:08,1,3,0
UNC,989.001040500035000,11/15/2025 19:07,1,7,0
UNC,989.002028176996000,11/15/2025 19:07,1,3,0
UNC,989.002028177051000,11/15/2025 19:07,1,2,0
UNC,989.001040500035000,11/15/2025 19:06,1,7,0
UNC,989.002028176996000,11/15/2025 19:06,1,3,0
UNC,989.002028177051000,11/15/2025 19:06,1,7,0
UNC,989.001040500035000,11/15/2025 19:05,1,7,0
UNC,989.002028176996000,11/15/2025 19:05,1,3,0
UNC,989.002028176996000,11/15/2025 19:04,1,3,0
UNC,989.001040500035000,11/15/2025 19:03,1,7,0
UNC,989.002028176996000,11/15/2025 19:03,1,3,0
UNC,989.001040500035000,11/15/2025 19:02,1,7,0
UNC,989.001040500035000,11/15/2025 19:01,1,7,0
UNC,989.002028176996000,11/15/2025 19:01,1,3,0
UNC,989.001040500035000,11/15/2025 19:00,1,7,0
UNC,989.002028176996000,11/15/2025 19:00,1,3,0
UNC,989.002028176996000,11/15/2025 18:59,1,3,0
UNC,989.001040500035000,11/15/2025 18:59,1,7,0
UNC,989.001040500035000,11/15/2025 18:58,1,7,0
UNC,989.001040500035000,11/15/2025 18:57,1,7,0
UNC,989.001040500035000,11/15/2025 18:56,1,7,0
UNC,989.001040500035000,11/15/2025 18:55,1,7,0
UNC,989.001040500035000,11/15/2025 18:54,1,7,0
UNC,989.001040500035000,11/15/2025 18:53,1,7,0
UNC,989.001040500035000,11/15/2025 18:51,1,7,0
UNC,989.001040500035000,11/15/2025 18:50,1,7,0
UNC,989.001040500035000,11/15/2025 18:49,1,7,0
UNC,989.001040500035000,11/15/2025 18:48,1,7,0
UNC,989.001040500035000,11/15/2025 18:46,1,7,0
UNC,989.001040500035000,11/15/2025 18:45,1,7,0
UNC,989.002028176996000,11/15/2025 18:44,1,3,0
UNC,989.001040500035000,11/15/2025 18:44,1,7,0
UNC,989.002028176996000,11/15/2025 18:43,1,3,0
UNC,989.001040500035000,11/15/2025 18:43,1,7,0
UNC,989.001040500035000,11/15/2025 18:42,1,7,0
UNC,989.001040500035000,11/15/2025 18:41,1,7,0
UNC,989.001040500035000,11/15/2025 18:40,1,7,0
UNC,989.001040500035000,11/15/2025 18:38,1,7,0
UNC,989.001040500035000,11/15/2025 18:37,1,7,0
UNC,989.001040500035000,11/15/2025 18:34,1,7,0
UNC,989.001040500035000,11/15/2025 18:33,1,7,0
UNC,989.001040500035000,11/15/2025 18:32,1,7,0
UNC,989.001040500035000,11/15/2025 18:30,1,7,0
UNC,989.001030620907000,11/15/2025 18:24,1,6,0
UNC,989.001030620907000,11/15/2025 18:24,1,2,0
UNC,989.001040500035000,11/15/2025 18:21,1,7,0
UNC,989.001030620684000,11/15/2025 18:21,1,2,0
UNC,989.001030620684000,11/15/2025 18:20,1,6,0
UNC,989.001040500035000,11/15/2025 18:19,1,7,0
UNC,989.001040500035000,11/15/2025 18:14,1,7,0
UNC,989.001040500035000,11/15/2025 18:12,1,7,0
UNC,989.002028176996000,11/15/2025 18:11,1,3,0
UNC,989.001040500035000,11/15/2025 18:10,1,7,0
UNC,989.001040500035000,11/15/2025 18:08,1,7,0
UNC,989.002028176996000,11/15/2025 18:06,1,3,0
UNC,989.001040500035000,11/15/2025 18:05,1,7,0
UNC,989.002028176996000,11/15/2025 18:04,1,2,0
UNC,989.001040500035000,11/15/2025 18:04,1,7,0
UNC,989.002028176996000,11/15/2025 18:03,1,2,0
UNC,989.002028176996000,11/15/2025 18:02,1,2,0
UNC,989.002028176996000,11/15/2025 18:01,1,3,0
UNC,989.002028176996000,11/15/2025 18:00,1,3,0
UNC,989.001040500035000,11/15/2025 17:59,1,7,0
UNC,989.001030620906000,11/15/2025 17:59,1,2,0
UNC,989.002028176996000,11/15/2025 17:59,1,3,0
UNC,989.001030620906000,11/15/2025 17:58,1,2,0
UNC,989.002028176996000,11/15/2025 17:56,1,3,0
UNC,989.001030620906000,11/15/2025 17:54,1,1,0
UNC,989.001040500035000,11/15/2025 17:54,1,7,0
UNC,989.001030620709000,11/15/2025 17:52,1,2,0
UNC,989.001030620906000,11/15/2025 17:52,1,1,0
UNC,989.002028176695000,11/15/2025 17:52,1,2,0
UNC,989.001040500035000,11/15/2025 17:51,1,7,0
UNC,989.002028176996000,11/15/2025 17:50,1,3,0
UNC,989.001030620906000,11/15/2025 17:50,1,1,0
UNC,989.001040500035000,11/15/2025 17:49,1,7,0
UNC,989.001030620906000,11/15/2025 17:49,1,1,0
UNC,989.001030620906000,11/15/2025 17:48,1,1,0
UNC,989.002028176996000,11/15/2025 17:35,1,3,0
UNC,989.002028176996000,11/15/2025 17:25,1,3,0
UNC,989.002028176996000,11/15/2025 17:24,1,3,0
UNC,989.002028176695000,11/15/2025 17:23,1,1,0
UNC,989.001040500060000,11/15/2025 17:22,1,2,0
UNC,989.001040500060000,11/15/2025 17:22,1,7,0
UNC,989.001030620304000,11/15/2025 17:21,1,1,0
UNC,989.002028176996000,11/15/2025 17:20,1,3,0
UNC,989.001030620304000,11/15/2025 17:19,1,7,0
UNC,989.002028176996000,11/15/2025 17:19,1,3,0
UNC,989.002028176996000,11/15/2025 17:17,1,3,0
UNC,989.002028176996000,11/15/2025 17:12,1,3,0
UNC,989.002028176996000,11/15/2025 17:11,1,3,0
UNC,989.002028176695000,11/15/2025 16:39,1,7,0
UNC,989.002028176996000,11/15/2025 16:33,1,3,0
UNC,989.002028176695000,11/15/2025 16:30,1,7,0
UNC,989.002028176695000,11/15/2025 16:30,1,6,0
UNC,989.002028176695000,11/15/2025 16:29,1,6,0
UNC,989.002028176695000,11/15/2025 16:28,1,6,0
UNC,989.002028176695000,11/15/2025 16:27,1,6,0
UNC,989.002028176695000,11/15/2025 16:26,1,6,0
UNC,989.002028176996000,11/15/2025 16:25,1,7,0
UNC,989.002028176695000,11/15/2025 16:25,1,6,0
UNC,989.002028176996000,11/15/2025 16:24,1,7,0
UNC,989.002028176695000,11/15/2025 16:23,1,6,0
UNC,989.002028176695000,11/15/2025 16:22,1,6,0
UNC,989.002028176695000,11/15/2025 16:21,1,6,0
UNC,989.002028176695000,11/15/2025 16:20,1,7,0
UNC,989.001030620906000,11/15/2025 16:19,1,7,0
UNC,989.002028176695000,11/15/2025 16:18,1,7,0
UNC,989.002028176695000,11/15/2025 16:17,1,6,0
UNC,989.002028176695000,11/15/2025 16:15,1,2,0
UNC,989.002028176996000,11/15/2025 16:13,1,7,0
UNC,989.002028176996000,11/15/2025 16:12,1,7,0
UNC,989.002028176695000,11/15/2025 16:11,1,3,0
UNC,989.002028176996000,11/15/2025 16:11,1,6,0
UNC,989.001030620906000,11/15/2025 16:10,1,6,0
UNC,989.002028176996000,11/15/2025 16:10,1,7,0
UNC,989.002028176695000,11/15/2025 16:10,1,3,0
UNC,989.002028176996000,11/15/2025 16:09,1,7,0
UNC,989.002028176695000,11/15/2025 16:08,1,2,0
UNC,989.002028176996000,11/15/2025 16:08,1,7,0
UNC,989.002028176695000,11/15/2025 16:07,1,2,0
UNC,989.002028176996000,11/15/2025 16:07,1,7,0
UNC,989.002028176695000,11/15/2025 16:07,1,3,0
UNC,989.002028176695000,11/15/2025 16:06,1,2,0
UNC,989.001030620709000,11/15/2025 16:06,1,8,0
UNC,989.002028176695000,11/15/2025 16:06,1,3,0
UNC,989.001030620709000,11/15/2025 16:05,1,8,0
UNC,989.002028176695000,11/15/2025 16:05,1,3,0
UNC,989.002028176695000,11/15/2025 16:03,1,3,0
UNC,989.002028176695000,11/15/2025 16:01,1,2,0
UNC,989.002028176695000,11/15/2025 16:00,1,2,0
UNC,989.002028176695000,11/15/2025 15:59,1,1,0
UNC,989.002028176695000,11/15/2025 15:59,1,2,0
UNC,989.002028176695000,11/15/2025 15:58,1,2,0
UNC,989.002028176695000,11/15/2025 15:57,1,2,0
UNC,989.002028176695000,11/15/2025 15:57,1,1,0
UNC,989.002028176695000,11/15/2025 15:56,1,1,0
UNC,989.002028176695000,11/15/2025 15:55,1,1,0
UNC,989.002028177080000,11/15/2025 15:54,1,2,0
UNC,989.001030620906000,11/15/2025 15:54,1,7,0
UNC,989.002028176695000,11/15/2025 15:54,1,1,0
UNC,989.002028177080000,11/15/2025 15:53,1,6,0
UNC,989.001030620906000,11/15/2025 15:53,1,7,0
UNC,989.001030620906000,11/15/2025 15:51,1,7,0
UNC,989.001030620906000,11/15/2025 15:51,1,6,0
UNC,989.002028176695000,11/15/2025 15:51,1,6,0
UNC,989.001030620709000,11/15/2025 15:50,1,3,0
UNC,989.002028176695000,11/15/2025 15:50,1,6,0
UNC,989.002028176695000,11/15/2025 15:49,1,7,0
UNC,989.001030620709000,11/15/2025 15:49,1,3,0
UNC,989.002028176996000,11/15/2025 15:49,1,3,0
UNC,989.002028176695000,11/15/2025 15:48,1,7,0
UNC,989.001030620709000,11/15/2025 15:48,1,3,0
UNC,989.002028176695000,11/15/2025 15:47,1,7,0
UNC,989.001030620709000,11/15/2025 15:47,1,3,0
UNC,989.001030620709000,11/15/2025 15:46,1,3,0
UNC,989.001030620709000,11/15/2025 15:45,1,3,0
UNC,989.001030620709000,11/15/2025 15:44,1,3,0
UNC,989.002028176695000,11/15/2025 15:44,1,6,0
UNC,989.001030620906000,11/15/2025 15:43,1,6,0
UNC,989.001030620906000,11/15/2025 15:43,1,7,0
UNC,989.001030620906000,11/15/2025 15:42,1,7,0
UNC,989.002028176695000,11/15/2025 15:41,1,3,0
UNC,989.002028176695000,11/15/2025 15:40,1,2,0
UNC,989.001030620709000,11/15/2025 15:40,1,3,0
UNC,989.002028176695000,11/15/2025 15:40,1,1,0
UNC,989.002028176695000,11/15/2025 15:39,1,1,0
UNC,989.001030620709000,11/15/2025 15:38,1,3,0
UNC,989.002028176695000,11/15/2025 15:38,1,1,0
UNC,989.002028176695000,11/15/2025 15:37,1,1,0
UNC,989.001030620709000,11/15/2025 15:37,1,3,0
UNC,989.002028176695000,11/15/2025 15:37,1,2,0
UNC,989.001030620709000,11/15/2025 15:36,1,3,0
UNC,989.002028176695000,11/15/2025 15:36,1,2,0
UNC,989.002028176695000,11/15/2025 15:35,1,2,0
UNC,989.001030620709000,11/15/2025 15:34,1,3,0
UNC,989.002028176695000,11/15/2025 15:33,1,3,0
UNC,989.001030620709000,11/15/2025 15:32,1,3,0
UNC,989.002028176695000,11/15/2025 15:32,1,2,0
UNC,989.002028176695000,11/15/2025 15:32,1,1,0
UNC,989.002028176695000,11/15/2025 15:31,1,1,0
UNC,989.001030620709000,11/15/2025 15:30,1,3,0
UNC,989.002028176695000,11/15/2025 15:30,1,1,0
UNC,989.002028176695000,11/15/2025 15:29,1,1,0
UNC,989.001030620709000,11/15/2025 15:28,1,3,0
UNC,989.002028176695000,11/15/2025 15:28,1,1,0
UNC,989.002028176695000,11/15/2025 15:27,1,2,0
UNC,989.002028176996000,11/15/2025 15:27,1,3,0
UNC,989.001030620709000,11/15/2025 15:26,1,3,0
UNC,989.001030620709000,11/15/2025 15:24,1,3,0
UNC,989.001030620709000,11/15/2025 15:23,1,3,0
UNC,989.002028176695000,11/15/2025 15:23,1,7,0
UNC,989.002028176996000,11/15/2025 15:22,1,3,0
UNC,989.002028176833000,11/15/2025 15:22,1,0B,0
UNC,989.002028176695000,11/15/2025 15:22,1,7,0
UNC,989.001030620709000,11/15/2025 15:21,1,3,0
UNC,989.002028176833000,11/15/2025 15:21,1,0B,0
UNC,989.001030620709000,11/15/2025 15:20,1,3,0
UNC,989.001030620709000,11/15/2025 15:18,1,3,0
UNC,989.002028176695000,11/15/2025 15:17,1,7,0
UNC,989.001030620906000,11/15/2025 15:14,1,7,0
UNC,989.001030620709000,11/15/2025 15:14,1,2,0
UNC,989.002028176695000,11/15/2025 15:13,1,7,0
UNC,989.001030620906000,11/15/2025 15:12,1,2,0
UNC,989.002028176695000,11/15/2025 15:12,1,6,0
UNC,989.002028176695000,11/15/2025 15:11,1,6,0
UNC,989.002028176695000,11/15/2025 15:10,1,6,0
UNC,989.001030620735000,11/15/2025 15:10,1,2,0
UNC,989.002028176833000,11/15/2025 15:09,1,0B,0
UNC,989.002028176695000,11/15/2025 15:09,1,7,0
UNC,989.001030620735000,11/15/2025 15:08,1,7,0
UNC,989.002028176833000,11/15/2025 15:08,1,0B,0
UNC,989.002028176695000,11/15/2025 15:08,1,7,0
UNC,989.002028176996000,11/15/2025 15:07,1,2,0
UNC,989.002028176833000,11/15/2025 15:07,1,0B,0
UNC,989.002028176996000,11/15/2025 15:07,1,3,0
UNC,989.002028176695000,11/15/2025 15:07,1,7,0
UNC,989.002028176833000,11/15/2025 15:06,1,0B,0
UNC,989.002028176695000,11/15/2025 15:06,1,7,0
UNC,989.002028176996000,11/15/2025 15:06,1,3,0
UNC,989.002028176833000,11/15/2025 15:05,1,0B,0
UNC,989.002028176695000,11/15/2025 15:05,1,7,0
UNC,989.002028176996000,11/15/2025 15:05,1,3,0
UNC,989.002028176833000,11/15/2025 15:04,1,0B,0
UNC,989.002028176695000,11/15/2025 15:02,1,6,0
UNC,989.002028176695000,11/15/2025 15:01,1,6,0
UNC,989.002028176695000,11/15/2025 15:00,1,6,0
UNC,989.002028176695000,11/15/2025 14:59,1,6,0
UNC,989.002028176695000,11/15/2025 14:59,1,7,0
UNC,989.002028176695000,11/15/2025 14:58,1,7,0
UNC,989.002028176695000,11/15/2025 14:57,1,7,0
UNC,989.002028176695000,11/15/2025 14:56,1,6,0
UNC,989.002028176695000,11/15/2025 14:54,1,6,0
UNC,989.002028176695000,11/15/2025 14:53,1,6,0
UNC,989.002028176695000,11/15/2025 14:52,1,6,0
UNC,989.002028176695000,11/15/2025 14:51,1,6,0
UNC,989.002028176695000,11/15/2025 14:50,1,7,0
UNC,989.002028176695000,11/15/2025 14:49,1,7,0
UNC,989.002028176695000,11/15/2025 14:48,1,7,0
UNC,989.002028176695000,11/15/2025 14:43,1,2,0
UNC,989.002028176996000,11/15/2025 14:40,1,2,0
UNC,989.002028176833000,11/15/2025 12:30,1,0B,0
UNC,989.002028176833000,11/15/2025 12:29,1,0B,0
UNC,989.001030620709000,11/15/2025 11:24,1,2,0
UNC,989.002028176996000,11/15/2025 11:09,1,3,0
UNC,989.002028176996000,11/15/2025 11:07,1,3,0
UNC,989.001030620709000,11/15/2025 10:27,1,6,0
UNC,989.001030620709000,11/15/2025 10:27,1,7,0
UNC,989.001030620709000,11/15/2025 10:23,1,6,0
UNC,989.001030620709000,11/15/2025 10:23,1,7,0
UNC,989.002028176996000,11/15/2025 10:14,1,3,0
UNC,989.002028176996000,11/15/2025 10:10,1,3,0
UNC,989.002028176996000,11/15/2025 9:54,1,3,0
UNC,989.002028176996000,11/15/2025 9:53,1,3,0
UNC,989.002028176996000,11/15/2025 9:52,1,3,0
UNC,989.002028176996000,11/15/2025 9:51,1,3,0
UNC,989.002028176996000,11/15/2025 9:50,1,3,0
UNC,989.002028176996000,11/15/2025 9:49,1,3,0
UNC,989.002028176996000,11/15/2025 9:48,1,3,0
UNC,989.002028176996000,11/15/2025 9:47,1,3,0
UNC,989.002028176996000,11/15/2025 9:45,1,3,0
UNC,989.002028176996000,11/15/2025 9:44,1,3,0
UNC,989.002028176996000,11/15/2025 9:39,1,3,0
UNC,989.002028176996000,11/15/2025 9:38,1,3,0
UNC,989.002028176996000,11/15/2025 9:30,1,2,0
UNC,989.002028176996000,11/15/2025 9:30,1,3,0
UNC,989.002028176996000,11/15/2025 9:29,1,3,0
UNC,989.002028176996000,11/15/2025 9:27,1,3,0
UNC,989.002028176996000,11/15/2025 9:26,1,3,0
UNC,989.002028176996000,11/15/2025 9:24,1,3,0
UNC,989.002028176996000,11/15/2025 9:17,1,3,0
UNC,989.002028176996000,11/15/2025 9:15,1,3,0
UNC,989.002028176996000,11/15/2025 9:10,1,3,0
UNC,989.002028176996000,11/15/2025 9:08,1,3,0
UNC,989.002028176695000,11/15/2025 8:54,1,2,0
UNC,989.002028176996000,11/15/2025 8:54,1,3,0
UNC,989.002028176996000,11/15/2025 8:53,1,3,0
UNC,989.002028176695000,11/15/2025 8:51,1,6,0
UNC,989.002028176695000,11/15/2025 8:50,1,6,0
UNC,989.002028176695000,11/15/2025 8:49,1,6,0
UNC,989.002028176695000,11/15/2025 8:48,1,6,0
UNC,989.002028176695000,11/15/2025 8:47,1,6,0
UNC,989.002028176695000,11/15/2025 8:46,1,6,0
UNC,989.002028176695000,11/15/2025 8:45,1,7,0
UNC,989.002028176695000,11/15/2025 8:44,1,7,0
UNC,989.002028176695000,11/15/2025 8:43,1,7,0
UNC,989.002028176695000,11/15/2025 8:42,1,7,0
UNC,989.002028176695000,11/15/2025 8:41,1,7,0
UNC,989.002028176695000,11/15/2025 8:40,1,7,0
UNC,989.002028176695000,11/15/2025 8:39,1,7,0
UNC,989.002028176695000,11/15/2025 8:38,1,6,0
UNC,989.002028176695000,11/15/2025 8:38,1,7,0
UNC,989.002028176996000,11/15/2025 8:36,1,3,0
UNC,989.002028176996000,11/15/2025 8:36,1,2,0
UNC,989.002028176695000,11/15/2025 8:36,1,7,0
UNC,989.002028176996000,11/15/2025 8:35,1,2,0
UNC,989.002028176996000,11/15/2025 8:35,1,3,0
UNC,989.002028176695000,11/15/2025 8:35,1,6,0
UNC,989.002028176996000,11/15/2025 8:34,1,3,0
UNC,989.002028176695000,11/15/2025 8:34,1,6,0
UNC,989.002028176695000,11/15/2025 8:33,1,6,0
UNC,989.002028176695000,11/15/2025 8:32,1,6,0
UNC,989.002028176695000,11/15/2025 8:32,1,7,0
UNC,989.002028176695000,11/15/2025 8:30,1,7,0
UNC,989.002028176695000,11/15/2025 8:29,1,7,0
UNC,989.002028176695000,11/15/2025 8:28,1,7,0
UNC,989.002028176695000,11/15/2025 8:27,1,7,0
UNC,989.002028176695000,11/15/2025 8:20,1,2,0
UNC,989.002028176695000,11/15/2025 8:19,1,2,0
UNC,989.002028176695000,11/15/2025 8:18,1,2,0
UNC,989.002028176695000,11/15/2025 8:16,1,1,0
UNC,989.002028176695000,11/15/2025 8:12,1,1,0
UNC,989.002028176695000,11/15/2025 8:10,1,1,0
UNC,989.002028176695000,11/15/2025 8:09,1,2,0
UNC,989.002028176695000,11/15/2025 8:09,1,1,0
UNC,989.002028176695000,11/15/2025 8:08,1,2,0
UNC,989.002028176695000,11/15/2025 8:07,1,2,0
UNC,989.002028176996000,11/15/2025 8:07,1,2,0
UNC,989.002028176695000,11/15/2025 8:06,1,2,0
UNC,989.001030620709000,11/15/2025 8:06,1,6,0
UNC,989.002028176695000,11/15/2025 8:05,1,2,0
UNC,989.002028176695000,11/15/2025 8:04,1,2,0
UNC,989.001030620709000,11/15/2025 8:03,1,7,0
UNC,989.001030620709000,11/15/2025 8:02,1,7,0
UNC,989.002028176695000,11/15/2025 8:02,1,2,0
UNC,989.001030620709000,11/15/2025 8:01,1,7,0
UNC,989.001030620709000,11/15/2025 8:00,1,7,0
UNC,989.002028176695000,11/15/2025 7:55,1,6,0
UNC,989.002028176695000,11/15/2025 7:54,1,6,0
UNC,989.002028176695000,11/15/2025 7:53,1,6,0
UNC,989.001030620709000,11/15/2025 7:53,1,6,0
UNC,989.002028176695000,11/15/2025 7:52,1,7,0
UNC,989.001030620709000,11/15/2025 7:52,1,7,0
UNC,989.002028176695000,11/15/2025 7:50,1,7,0
UNC,989.002028176695000,11/15/2025 7:49,1,7,0
UNC,989.002028176695000,11/15/2025 7:48,1,7,0
UNC,989.002028176695000,11/15/2025 7:47,1,7,0
UNC,989.002028176695000,11/15/2025 7:46,1,6,0
UNC,989.002028176695000,11/15/2025 7:41,1,6,0
UNC,989.002028176695000,11/15/2025 7:40,1,7,0
UNC,989.002028176695000,11/15/2025 7:38,1,1,0
UNC,989.002028176695000,11/15/2025 7:37,1,2,0
UNC,989.002028176695000,11/15/2025 7:36,1,3,0
UNC,989.002028176695000,11/15/2025 7:35,1,2,0
UNC,989.002028176695000,11/15/2025 7:34,1,1,0
UNC,989.002028176695000,11/15/2025 7:33,1,1,0
UNC,989.002028176695000,11/15/2025 7:32,1,2,0
UNC,989.002028176695000,11/15/2025 7:32,1,3,0
UNC,989.002028176695000,11/15/2025 7:30,1,2,0
UNC,989.002028176695000,11/15/2025 7:29,1,3,0
UNC,989.002028176996000,11/15/2025 7:28,1,2,0
UNC,989.002028176695000,11/15/2025 7:28,1,3,0
UNC,989.002028176695000,11/15/2025 7:28,1,2,0
UNC,989.002028176996000,11/15/2025 7:27,1,3,0
UNC,989.002028176695000,11/15/2025 7:27,1,2,0
UNC,989.002028176695000,11/15/2025 7:27,1,1,0
UNC,989.002028176996000,11/15/2025 7:26,1,3,0
UNC,989.002028176695000,11/15/2025 7:22,1,6,0
UNC,989.002028176695000,11/15/2025 7:22,1,7,0
UNC,989.002028176695000,11/15/2025 7:21,1,6,0
UNC,989.002028176695000,11/15/2025 7:21,1,7,0
UNC,989.002028176695000,11/15/2025 7:19,1,7,0
UNC,989.002028176695000,11/15/2025 7:18,1,7,0
UNC,989.002028176695000,11/15/2025 7:17,1,7,0
UNC,989.002028176695000,11/15/2025 7:16,1,6,0
UNC,989.002028176695000,11/15/2025 7:15,1,6,0
UNC,989.002028176695000,11/15/2025 7:14,1,7,0
UNC,989.002028176695000,11/15/2025 7:13,1,7,0
UNC,989.002028176695000,11/15/2025 7:13,1,6,0
UNC,989.002028176695000,11/15/2025 7:12,1,6,0
UNC,989.002028176996000,11/15/2025 7:11,1,3,0
UNC,989.002028176996000,11/15/2025 7:10,1,3,0
UNC,989.002028176996000,11/15/2025 7:09,1,2,0
UNC,989.002028176695000,11/15/2025 7:09,1,6,0
UNC,989.002028176695000,11/15/2025 7:08,1,7,0
UNC,989.002028176695000,11/15/2025 7:07,1,7,0
UNC,989.002028176996000,11/15/2025 7:07,1,2,0
UNC,989.002028176695000,11/15/2025 7:06,1,6,0
UNC,989.002028176996000,11/15/2025 7:06,1,2,0
UNC,989.002028176695000,11/15/2025 7:04,1,2,0
UNC,989.002028176695000,11/15/2025 6:59,1,1,0
UNC,989.002028176695000,11/15/2025 6:58,1,1,0
UNC,989.002028176695000,11/15/2025 6:57,1,2,0
UNC,989.001030620667000,11/15/2025 6:56,1,3,0
UNC,989.002028176695000,11/15/2025 6:55,1,3,0
UNC,989.002028176996000,11/15/2025 6:55,1,3,0
UNC,989.001030620667000,11/15/2025 6:55,1,7,0
UNC,989.002028176996000,11/15/2025 6:54,1,2,0
UNC,989.002028176695000,11/15/2025 6:54,1,3,0
UNC,989.002028176695000,11/15/2025 6:54,1,2,0
UNC,989.002028176996000,11/15/2025 6:53,1,2,0
UNC,989.001030620667000,11/15/2025 6:53,1,6,0
UNC,989.002028176695000,11/15/2025 6:52,1,3,0
UNC,989.001030620667000,11/15/2025 6:51,1,1,0
UNC,989.002028176695000,11/15/2025 6:51,1,2,0
UNC,989.002028176695000,11/15/2025 6:50,1,1,0
UNC,989.002028176996000,11/15/2025 6:49,1,2,0
UNC,989.002028176695000,11/15/2025 6:49,1,1,0
UNC,989.002028176695000,11/15/2025 6:48,1,2,0
UNC,989.002028176996000,11/15/2025 6:47,1,3,0
UNC,989.002028176695000,11/15/2025 6:47,1,3,0
UNC,989.002028176695000,11/15/2025 6:47,1,2,0
UNC,989.002028176996000,11/15/2025 6:46,1,2,0
UNC,989.002028176695000,11/15/2025 6:46,1,1,0
UNC,989.002028176695000,11/15/2025 6:46,1,2,0
UNC,989.002028176996000,11/15/2025 6:45,1,3,0
UNC,989.002028176996000,11/15/2025 6:44,1,2,0
UNC,989.002028176996000,11/15/2025 6:44,1,3,0
UNC,989.002028176996000,11/15/2025 6:43,1,2,0
UNC,989.002028176695000,11/15/2025 6:43,1,6,0
UNC,989.002028176695000,11/15/2025 6:42,1,6,0
UNC,989.002028176996000,11/15/2025 6:42,1,3,0
UNC,989.002028176996000,11/15/2025 6:41,1,2,0
UNC,989.002028176695000,11/15/2025 6:41,1,7,0
UNC,989.002028176996000,11/15/2025 6:40,1,2,0
UNC,989.002028176695000,11/15/2025 6:40,1,6,0
UNC,989.002028176996000,11/15/2025 6:39,1,2,0
UNC,989.002028176695000,11/15/2025 6:39,1,6,0
UNC,989.002028176695000,11/15/2025 6:39,1,7,0
UNC,989.002028176996000,11/15/2025 6:38,1,3,0
UNC,989.002028176695000,11/15/2025 6:38,1,7,0
UNC,989.002028176695000,11/15/2025 6:37,1,6,0
UNC,989.002028176695000,11/15/2025 6:37,1,7,0
UNC,989.002028176695000,11/15/2025 6:36,1,7,0
UNC,989.002028176695000,11/15/2025 6:34,1,7,0
UNC,989.002028176695000,11/15/2025 6:34,1,6,0
UNC,989.002028176695000,11/15/2025 6:33,1,6,0
UNC,989.002028176695000,11/15/2025 6:32,1,6,0
UNC,989.002028176695000,11/15/2025 6:31,1,7,0
UNC,989.002028176695000,11/15/2025 6:29,1,7,0
UNC,989.002028176695000,11/15/2025 6:29,1,6,0
UNC,989.001040500035000,11/15/2025 6:29,1,7,0
UNC,989.002028176695000,11/15/2025 6:28,1,7,0
UNC,989.002028176695000,11/15/2025 6:28,1,6,0
UNC,989.002028176695000,11/15/2025 6:27,1,7,0
UNC,989.002028176695000,11/15/2025 6:27,1,6,0
UNC,989.001040500035000,11/15/2025 6:26,1,7,0
UNC,989.002028177080000,11/15/2025 6:26,1,7,0
UNC,989.002028176695000,11/15/2025 6:25,1,7,0
UNC,989.001040500035000,11/15/2025 6:25,1,7,0
UNC,989.002028176695000,11/15/2025 6:24,1,7,0
UNC,989.001040500035000,11/15/2025 6:23,1,7,0
UNC,989.001030620684000,11/15/2025 6:22,1,6,0
UNC,989.001040500035000,11/15/2025 6:22,1,7,0
UNC,989.001030620684000,11/15/2025 6:22,1,1,0
UNC,989.002028176695000,11/15/2025 6:21,1,6,0
UNC,989.002028176695000,11/15/2025 6:21,1,7,0
UNC,989.002028176695000,11/15/2025 6:20,1,7,0
UNC,989.001040500035000,11/15/2025 6:19,1,7,0
UNC,989.002028176695000,11/15/2025 6:19,1,7,0
UNC,989.002028176996000,11/15/2025 6:19,1,3,0
UNC,989.002028176695000,11/15/2025 6:18,1,6,0
UNC,989.001040500035000,11/15/2025 6:17,1,7,0
UNC,989.002028176996000,11/15/2025 6:17,1,3,0
UNC,989.002028176695000,11/15/2025 6:16,1,7,0
UNC,989.002028176695000,11/15/2025 6:15,1,7,0
UNC,989.002028176695000,11/15/2025 6:09,1,6,0
UNC,989.002028176695000,11/15/2025 6:08,1,6,0
UNC,989.002028176695000,11/15/2025 6:07,1,6,0
UNC,989.001030620394000,11/15/2025 6:07,1,1,0
UNC,989.002028176695000,11/15/2025 6:06,1,6,0
UNC,989.002028176695000,11/15/2025 6:05,1,6,0
UNC,989.001030620394000,11/15/2025 6:05,1,7,0
UNC,989.002028176695000,11/15/2025 6:04,1,6,0
UNC,989.002028176695000,11/15/2025 6:03,1,6,0
UNC,989.002028176695000,11/15/2025 6:03,1,7,0
UNC,989.001030620394000,11/15/2025 6:03,1,6,0
UNC,989.001030620394000,11/15/2025 6:03,1,7,0
UNC,989.002028176695000,11/15/2025 6:02,1,7,0
UNC,989.001030620394000,11/15/2025 6:02,1,7,0
UNC,989.001030620304000,11/15/2025 6:02,1,6,0
UNC,989.002028176695000,11/15/2025 6:01,1,7,0
UNC,989.002028176695000,11/15/2025 5:59,1,6,0
UNC,989.002028176695000,11/15/2025 5:58,1,6,0
UNC,989.002028176695000,11/15/2025 5:57,1,6,0
UNC,989.002028176695000,11/15/2025 5:56,1,6,0
UNC,989.002028176695000,11/15/2025 5:54,1,2,0
UNC,989.001040500060000,11/15/2025 5:46,1,1,0
UNC,989.001040500060000,11/15/2025 5:46,1,2,0
UNC,989.001040500060000,11/15/2025 5:45,1,2,0
UNC,989.001040500060000,11/15/2025 5:44,1,2,0
UNC,989.001040500060000,11/15/2025 5:43,1,2,0
UNC,989.001030620642000,11/15/2025 5:42,1,2,0
UNC,989.001040500060000,11/15/2025 5:42,1,2,0
UNC,989.001030620642000,11/15/2025 5:41,1,7,0
UNC,989.001040500060000,11/15/2025 5:41,1,2,0
UNC,989.001040500060000,11/15/2025 5:40,1,2,0
UNC,989.001040500060000,11/15/2025 5:39,1,2,0
UNC,989.001040500060000,11/15/2025 5:38,1,2,0
UNC,989.001040500060000,11/15/2025 5:37,1,2,0
UNC,989.001040500060000,11/15/2025 5:36,1,2,0
UNC,989.001040500060000,11/15/2025 5:34,1,2,0
UNC,989.001040500060000,11/15/2025 5:33,1,2,0
UNC,989.001040500060000,11/15/2025 5:32,1,2,0
UNC,989.001040500060000,11/15/2025 5:31,1,2,0
UNC,989.001040500060000,11/15/2025 5:30,1,2,0
UNC,989.001040500060000,11/15/2025 5:29,1,2,0
UNC,989.001040500071000,11/15/2025 5:19,1,7,0
UNC,989.001040500071000,11/15/2025 5:18,1,7,0
UNC,989.001040500071000,11/15/2025 5:17,1,1,0
UNC,989.002028176875000,11/15/2025 5:08,1,2,0
UNC,989.002028176875000,11/15/2025 5:07,1,1,0
UNC,989.002028176875000,11/15/2025 5:05,1,2,0
UNC,989.002028176875000,11/15/2025 5:04,1,7,0
UNC,989.001040500055000,11/15/2025 4:56,1,6,0
UNC,989.001040500055000,11/15/2025 4:55,1,2,0
UNC,989.001040500120000,11/15/2025 4:48,1,2,0
UNC,989.001040500120000,11/15/2025 4:46,1,7,0
UNC,989.002028176996000,11/15/2025 4:46,1,3,0
UNC,989.002028176996000,11/15/2025 4:45,1,3,0
UNC,989.001040500035000,11/15/2025 4:13,1,8,0
UNC,989.001040500035000,11/15/2025 4:12,1,8,0
UNC,989.001040500035000,11/15/2025 4:11,1,8,0
UNC,989.001040500035000,11/15/2025 4:09,1,8,0
UNC,989.001040500035000,11/15/2025 4:08,1,8,0
UNC,989.001040500035000,11/15/2025 4:07,1,8,0
UNC,989.001040500035000,11/15/2025 4:06,1,8,0
UNC,989.001040500035000,11/15/2025 4:05,1,8,0
UNC,989.001040500035000,11/15/2025 4:04,1,8,0
UNC,989.001040500035000,11/15/2025 4:03,1,8,0
UNC,989.001040500035000,11/15/2025 4:01,1,8,0
UNC,989.001040500035000,11/15/2025 4:00,1,8,0
UNC,989.001040500035000,11/15/2025 3:59,1,8,0
UNC,989.001040500035000,11/15/2025 3:58,1,8,0
UNC,989.001040500035000,11/15/2025 3:53,1,7,0
UNC,989.001040500035000,11/15/2025 3:50,1,7,0
UNC,989.001040500035000,11/15/2025 3:48,1,7,0
UNC,989.001040500035000,11/15/2025 3:44,1,7,0
UNC,989.001030620312000,11/15/2025 3:44,1,1,0
UNC,989.002028176996000,11/15/2025 3:43,1,3,0
UNC,989.001040500035000,11/15/2025 3:42,1,7,0
UNC,989.002028176996000,11/15/2025 3:41,1,3,0
UNC,989.001040500035000,11/15/2025 3:40,1,7,0
UNC,989.001040500035000,11/15/2025 3:39,1,7,0
UNC,989.001030620312000,11/15/2025 3:39,1,1,0
UNC,989.001030620312000,11/15/2025 3:39,1,2,0
UNC,989.001030620312000,11/15/2025 3:37,1,2,0
UNC,989.001030620312000,11/15/2025 3:34,1,2,0
UNC,989.001040500035000,11/15/2025 3:34,1,7,0
UNC,989.001030620312000,11/15/2025 3:34,1,1,0
UNC,989.001030620312000,11/15/2025 3:31,1,7,0
UNC,989.001040500035000,11/15/2025 3:31,1,7,0
UNC,989.001040500060000,11/15/2025 3:30,1,2,0
UNC,989.001040500035000,11/15/2025 3:30,1,7,0
UNC,989.001040500060000,11/15/2025 3:30,1,6,0
UNC,989.001040500035000,11/15/2025 3:28,1,7,0
UNC,989.001040500035000,11/15/2025 3:24,1,7,0
UNC,989.001040500035000,11/15/2025 3:18,1,7,0
UNC,989.001040500035000,11/15/2025 3:17,1,7,0
UNC,989.001040500035000,11/15/2025 3:14,1,7,0
UNC,989.001040500035000,11/15/2025 3:13,1,7,0
UNC,989.001040500035000,11/15/2025 3:11,1,7,0
UNC,989.001040500035000,11/15/2025 3:07,1,7,0
UNC,989.001040500035000,11/15/2025 3:03,1,7,0
UNC,989.002028176996000,11/15/2025 3:02,1,3,0
UNC,989.001040500035000,11/15/2025 2:57,1,7,0
UNC,989.001040500035000,11/15/2025 2:54,1,7,0
UNC,989.001040500035000,11/15/2025 2:53,1,7,0
UNC,989.002028176996000,11/15/2025 2:39,1,3,0
UNC,989.002028176996000,11/15/2025 2:36,1,3,0
UNC,989.002028176996000,11/15/2025 2:07,1,3,0
UNC,989.001040500120000,11/15/2025 2:06,1,8,0
UNC,989.001030620394000,11/15/2025 2:06,1,2,0
UNC,989.002028176875000,11/15/2025 2:05,1,6,0
UNC,989.001030620394000,11/15/2025 2:05,1,7,0
UNC,989.002028176875000,11/15/2025 2:04,1,2,0
UNC,989.001040500087000,11/15/2025 1:58,1,2,0
UNC,989.001040500120000,11/15/2025 1:52,1,2,0
UNC,989.001040500120000,11/15/2025 1:51,1,7,0
UNC,989.002028177168000,11/15/2025 1:48,1,2,0
UNC,989.002028177168000,11/15/2025 1:47,1,6,0
UNC,989.001030620432000,11/15/2025 1:06,1,6,0
UNC,989.001030620394000,11/15/2025 1:05,1,8,0
UNC,989.001030620642000,11/15/2025 1:03,1,8,0
UNC,989.001030620642000,11/15/2025 1:03,1,3,0
UNC,989.002028176996000,11/15/2025 0:48,1,3,0
UNC,989.001040500120000,11/15/2025 0:48,1,7,0
UNC,989.001040500120000,11/15/2025 0:47,1,1,0
UNC,989.001040500035000,11/15/2025 0:10,1,7,0
UNC,989.001040500035000,11/15/2025 0:08,1,7,0
UNC,989.001040500035000,11/15/2025 0:07,1,7,0
UNC,989.001040500035000,11/15/2025 0:05,1,7,0
UNC,989.001040500035000,11/15/2025 0:04,1,7,0
UNC,989.001040500035000,11/15/2025 0:03,1,7,0
UNC,989.001040500035000,11/15/2025 0:01,1,7,0
UNC,989.001040500035000,11/15/2025 0:00,1,7,0
UNC,989.001040500035000,11/14/2025 23:58,1,7,0
UNC,989.001040500060000,11/14/2025 23:56,1,2,0
UNC,989.001040500035000,11/14/2025 23:55,1,7,0
UNC,989.001040500060000,11/14/2025 23:55,1,7,0
UNC,989.002028176875000,11/14/2025 23:49,1,2,0
UNC,989.002028176875000,11/14/2025 23:47,1,2,0
UNC,989.002028176875000,11/14/2025 23:46,1,2,0
UNC,989.001030620642000,11/14/2025 23:46,1,2,0
UNC,989.002028176996000,11/14/2025 23:45,1,3,0
UNC,989.002028176996000,11/14/2025 23:45,1,2,0
UNC,989.001030620642000,11/14/2025 23:45,1,6,0
UNC,989.002028176875000,11/14/2025 23:44,1,7,0
UNC,989.001040500087000,11/14/2025 23:44,1,2,0
UNC,989.001040500087000,11/14/2025 23:42,1,7,0
UNC,989.002028176996000,11/14/2025 23:42,1,2,0
UNC,989.001030620279000,11/14/2025 23:42,1,7,0
UNC,989.002028176996000,11/14/2025 23:41,1,3,0
UNC,989.001030620279000,11/14/2025 23:41,1,2,0
UNC,989.002028176996000,11/14/2025 23:40,1,3,0
UNC,989.002028176996000,11/14/2025 23:29,1,3,0
UNC,989.001040500035000,11/14/2025 23:16,1,7,0
UNC,989.001040500035000,11/14/2025 23:15,1,7,0
UNC,989.001040500035000,11/14/2025 23:12,1,7,0
UNC,989.001040500035000,11/14/2025 23:11,1,7,0
UNC,989.001040500035000,11/14/2025 23:10,1,7,0
UNC,989.001040500035000,11/14/2025 23:08,1,7,0
UNC,989.002028176996000,11/14/2025 23:05,1,3,0
UNC,989.002028176996000,11/14/2025 23:03,1,2,0
UNC,989.002028176996000,11/14/2025 22:59,1,2,0
UNC,989.002028176996000,11/14/2025 22:58,1,2,0
UNC,989.001030620642000,11/14/2025 22:57,1,6,0
UNC,989.002028176996000,11/14/2025 22:56,1,2,0
UNC,989.001030620642000,11/14/2025 22:56,1,1,0
UNC,989.002028176996000,11/14/2025 22:55,1,2,0
UNC,989.002028176996000,11/14/2025 22:54,1,3,0
UNC,989.002028176996000,11/14/2025 22:53,1,3,0
UNC,989.002028176996000,11/14/2025 22:46,1,3,0
UNC,989.002028176996000,11/14/2025 22:41,1,3,0
UNC,989.002028176996000,11/14/2025 22:35,1,3,0
UNC,989.002028176875000,11/14/2025 22:05,1,1,0
UNC,989.001040500035000,11/14/2025 21:58,1,7,0
UNC,989.001040500035000,11/14/2025 21:58,1,8,0
UNC,989.001040500035000,11/14/2025 21:57,1,8,0
UNC,989.002028176996000,11/14/2025 21:56,1,3,0
UNC,989.001040500035000,11/14/2025 21:56,1,8,0
UNC,989.001040500035000,11/14/2025 21:55,1,8,0
UNC,989.002028176996000,11/14/2025 21:54,1,3,0
UNC,989.001040500035000,11/14/2025 21:54,1,8,0
UNC,989.002028176996000,11/14/2025 21:53,1,3,0
UNC,989.001040500035000,11/14/2025 21:53,1,8,0
UNC,989.001030620667000,11/14/2025 21:52,1,1,0
UNC,989.001040500035000,11/14/2025 21:52,1,8,0
UNC,989.001040500035000,11/14/2025 21:51,1,8,0
UNC,989.001030620667000,11/14/2025 21:43,1,6,0
UNC,989.001030620667000,11/14/2025 21:42,1,6,0
UNC,989.001030620667000,11/14/2025 21:41,1,6,0
UNC,989.001030620667000,11/14/2025 21:40,1,6,0
UNC,989.001030620667000,11/14/2025 21:39,1,6,0
UNC,989.001030620667000,11/14/2025 21:38,1,6,0
UNC,989.001030620667000,11/14/2025 21:37,1,6,0
UNC,989.001030620667000,11/14/2025 21:36,1,6,0
UNC,989.001030620667000,11/14/2025 21:35,1,6,0
UNC,989.001040500035000,11/14/2025 21:35,1,8,0
UNC,989.001030620667000,11/14/2025 21:34,1,6,0
UNC,989.001030620667000,11/14/2025 21:33,1,6,0
UNC,989.001030620667000,11/14/2025 21:32,1,6,0
UNC,989.001030620667000,11/14/2025 21:31,1,6,0
UNC,989.001030620667000,11/14/2025 21:30,1,6,0
UNC,989.001030620667000,11/14/2025 21:29,1,6,0
UNC,989.001030620667000,11/14/2025 21:28,1,6,0
UNC,989.001030620667000,11/14/2025 21:27,1,6,0
UNC,989.001030620667000,11/14/2025 21:26,1,6,0
UNC,989.001030620667000,11/14/2025 21:25,1,6,0
UNC,989.001030620667000,11/14/2025 21:24,1,6,0
UNC,989.001030620667000,11/14/2025 21:23,1,6,0
UNC,989.001030620667000,11/14/2025 21:22,1,6,0
UNC,989.001030620667000,11/14/2025 21:21,1,6,0
UNC,989.001030620667000,11/14/2025 21:20,1,6,0
UNC,989.001030620667000,11/14/2025 21:19,1,6,0
UNC,989.001030620667000,11/14/2025 21:18,1,6,0
UNC,989.001030620667000,11/14/2025 21:17,1,6,0
UNC,989.001030620667000,11/14/2025 21:16,1,6,0
UNC,989.001030620667000,11/14/2025 21:15,1,6,0
UNC,989.002028176996000,11/14/2025 21:09,1,3,0
UNC,989.002028176996000,11/14/2025 21:01,1,3,0
UNC,989.001030620186000,11/14/2025 20:58,1,8,0
UNC,989.002028176996000,11/14/2025 20:58,1,3,0
UNC,989.002028176996000,11/14/2025 20:56,1,3,0
UNC,989.001030620186000,11/14/2025 20:54,1,9,0
UNC,989.001030620186000,11/14/2025 20:54,1,8,0
UNC,989.001030620186000,11/14/2025 20:52,1,8,0
UNC,989.002028176996000,11/14/2025 20:52,1,3,0
UNC,989.001030620186000,11/14/2025 20:51,1,8,0
UNC,989.002028176996000,11/14/2025 20:50,1,3,0
UNC,989.001030620186000,11/14/2025 20:49,1,8,0
UNC,989.001030620186000,11/14/2025 20:48,1,8,0
UNC,989.001030620186000,11/14/2025 20:48,1,9,0
UNC,989.002028176996000,11/14/2025 20:45,1,3,0
UNC,989.002028176996000,11/14/2025 20:42,1,3,0
UNC,989.002028176996000,11/14/2025 20:39,1,3,0
UNC,989.002028176996000,11/14/2025 20:31,1,2,0
UNC,989.002028176996000,11/14/2025 20:31,1,3,0
UNC,989.002028176996000,11/14/2025 20:30,1,3,0
UNC,989.002028176996000,11/14/2025 20:29,1,3,0
UNC,989.002028176996000,11/14/2025 20:28,1,3,0
UNC,989.002028176996000,11/14/2025 20:27,1,3,0
UNC,989.002028176996000,11/14/2025 20:26,1,3,0
UNC,989.001040500071000,11/14/2025 20:26,1,3,0
UNC,989.001030620667000,11/14/2025 20:25,1,6,0
UNC,989.002028176996000,11/14/2025 20:25,1,3,0
UNC,989.002028176996000,11/14/2025 20:24,1,3,0
UNC,989.002028176996000,11/14/2025 20:22,1,3,0
UNC,989.001040500060000,11/14/2025 20:20,1,6,0
UNC,989.001040500060000,11/14/2025 20:19,1,1,0
UNC,989.002028176996000,11/14/2025 20:19,1,3,0
UNC,989.002028176996000,11/14/2025 20:18,1,3,0
UNC,989.001040500071000,11/14/2025 20:10,1,7,0
UNC,989.001040500071000,11/14/2025 20:09,1,6,0
UNC,989.001040500071000,11/14/2025 20:08,1,6,0
UNC,989.001040500071000,11/14/2025 20:07,1,6,0
UNC,989.002028176996000,11/14/2025 20:06,1,3,0
UNC,989.001040500071000,11/14/2025 20:06,1,6,0
UNC,989.002028176996000,11/14/2025 20:05,1,3,0
UNC,989.001040500071000,11/14/2025 20:05,1,6,0
UNC,989.001040500071000,11/14/2025 20:04,1,6,0
UNC,989.002028176996000,11/14/2025 20:04,1,3,0
UNC,989.001040500071000,11/14/2025 20:03,1,6,0
UNC,989.002028176996000,11/14/2025 20:02,1,3,0
UNC,989.001040500071000,11/14/2025 20:02,1,6,0
UNC,989.001040500071000,11/14/2025 20:01,1,6,0
UNC,989.001040500071000,11/14/2025 20:00,1,6,0
UNC,989.001040500071000,11/14/2025 19:59,1,6,0
UNC,989.001040500071000,11/14/2025 19:58,1,6,0
UNC,989.001040500071000,11/14/2025 19:57,1,6,0
UNC,989.001040500071000,11/14/2025 19:56,1,6,0
UNC,989.001040500055000,11/14/2025 19:56,1,2,0
UNC,989.002028176996000,11/14/2025 19:55,1,3,0
UNC,989.001040500071000,11/14/2025 19:55,1,6,0
UNC,989.001040500055000,11/14/2025 19:55,1,2,0
UNC,989.002028176996000,11/14/2025 19:54,1,3,0
UNC,989.001040500055000,11/14/2025 19:54,1,2,0
UNC,989.001040500055000,11/14/2025 19:53,1,2,0
UNC,989.002028176996000,11/14/2025 19:51,1,3,0
UNC,989.002028176996000,11/14/2025 19:48,1,3,0
UNC,989.002028176996000,11/14/2025 19:46,1,3,0
UNC,989.001040500035000,11/14/2025 19:43,1,8,0
UNC,989.001040500055000,11/14/2025 19:43,1,7,0
UNC,989.002028176996000,11/14/2025 19:43,1,3,0
UNC,989.001030620667000,11/14/2025 19:40,1,6,0
UNC,989.002028177080000,11/14/2025 19:36,1,1,0
UNC,989.001040500055000,11/14/2025 19:36,1,7,0
UNC,989.001040500060000,11/14/2025 19:36,1,2,0
UNC,989.002028177080000,11/14/2025 19:36,1,7,0
UNC,989.001030620667000,11/14/2025 19:36,1,8,0
UNC,989.001030620667000,11/14/2025 19:36,1,9,0
UNC,989.001040500060000,11/14/2025 19:36,1,7,0
UNC,989.001030620667000,11/14/2025 19:33,1,8,0
UNC,989.002028176996000,11/14/2025 19:33,1,3,0
UNC,989.001040500055000,11/14/2025 19:31,1,7,0
UNC,989.002028176996000,11/14/2025 19:29,1,3,0
UNC,989.001040500055000,11/14/2025 19:28,1,7,0
UNC,989.001040500035000,11/14/2025 19:27,1,8,0
UNC,989.002028176996000,11/14/2025 19:26,1,3,0
UNC,989.001040500035000,11/14/2025 19:24,1,8,0
UNC,989.002028176996000,11/14/2025 19:20,1,3,0
UNC,989.001040500035000,11/14/2025 19:19,1,8,0
UNC,989.001040500055000,11/14/2025 19:19,1,7,0
UNC,989.001040500055000,11/14/2025 19:17,1,7,0
UNC,989.001040500035000,11/14/2025 19:16,1,8,0
UNC,989.002028176996000,11/14/2025 19:14,1,3,0
UNC,989.001040500035000,11/14/2025 19:14,1,8,0
UNC,989.002028176996000,11/14/2025 19:05,1,3,0
UNC,989.002028176996000,11/14/2025 19:02,1,3,0
UNC,989.001040500035000,11/14/2025 19:00,1,8,0
UNC,989.001040500035000,11/14/2025 18:59,1,8,0
UNC,989.001040500035000,11/14/2025 18:58,1,8,0
UNC,989.001040500035000,11/14/2025 18:57,1,8,0
UNC,989.002028176996000,11/14/2025 18:56,1,3,0
UNC,989.001040500035000,11/14/2025 18:56,1,8,0
UNC,989.001040500035000,11/14/2025 18:54,1,8,0
UNC,989.001040500035000,11/14/2025 18:53,1,8,0
UNC,989.001040500035000,11/14/2025 18:52,1,8,0
UNC,989.001040500035000,11/14/2025 18:51,1,8,0
UNC,989.001040500035000,11/14/2025 18:50,1,8,0
UNC,989.001040500035000,11/14/2025 18:49,1,8,0
UNC,989.001040500035000,11/14/2025 18:48,1,8,0
UNC,989.002028176996000,11/14/2025 18:47,1,3,0
UNC,989.001040500035000,11/14/2025 18:47,1,8,0
UNC,989.001040500035000,11/14/2025 18:46,1,8,0
UNC,989.002028176996000,11/14/2025 18:45,1,3,0
UNC,989.001040500035000,11/14/2025 18:45,1,8,0
UNC,989.001040500035000,11/14/2025 18:44,1,8,0
UNC,989.002028176996000,11/14/2025 18:43,1,3,0
UNC,989.001040500035000,11/14/2025 18:43,1,8,0
UNC,989.001040500035000,11/14/2025 18:42,1,8,0
UNC,989.001040500035000,11/14/2025 18:41,1,8,0
UNC,989.002028176996000,11/14/2025 18:40,1,3,0
UNC,989.001040500035000,11/14/2025 18:40,1,8,0
UNC,989.001040500035000,11/14/2025 18:38,1,8,0
UNC,989.001040500035000,11/14/2025 18:37,1,8,0
UNC,989.001040500035000,11/14/2025 18:36,1,8,0
UNC,989.001040500035000,11/14/2025 18:35,1,8,0
UNC,989.001030620186000,11/14/2025 18:34,1,9,0
UNC,989.001040500035000,11/14/2025 18:34,1,8,0
UNC,989.001040500035000,11/14/2025 18:33,1,8,0
UNC,989.001040500035000,11/14/2025 18:32,1,8,0
UNC,989.001040500035000,11/14/2025 18:31,1,8,0
UNC,989.001040500035000,11/14/2025 18:29,1,8,0
UNC,989.001040500035000,11/14/2025 18:28,1,8,0
UNC,989.001040500035000,11/14/2025 18:27,1,8,0
UNC,989.001040500035000,11/14/2025 18:26,1,8,0
UNC,989.001030620667000,11/14/2025 18:25,1,9,0
UNC,989.001030620667000,11/14/2025 18:25,1,8,0
UNC,989.001030620667000,11/14/2025 18:21,1,3,0
UNC,989.001030620186000,11/14/2025 18:19,1,9,0
UNC,989.002028176996000,11/14/2025 18:18,1,3,0
UNC,989.002028176996000,11/14/2025 18:15,1,3,0
UNC,989.002028176996000,11/14/2025 18:09,1,8,0
UNC,989.002028176996000,11/14/2025 18:08,1,8,0
UNC,989.002028176996000,11/14/2025 18:06,1,8,0
UNC,989.001030620628000,11/14/2025 18:06,1,2,0
UNC,989.002028176996000,11/14/2025 18:05,1,8,0
UNC,989.001040500035000,11/14/2025 18:05,1,7,0
UNC,989.001030620628000,11/14/2025 18:05,1,7,0
UNC,989.001040500035000,11/14/2025 18:04,1,8,0
UNC,989.002028176996000,11/14/2025 18:04,1,8,0
UNC,989.001040500035000,11/14/2025 18:03,1,7,0
UNC,989.002028176996000,11/14/2025 18:02,1,8,0
UNC,989.001040500035000,11/14/2025 18:00,1,7,0
UNC,989.001040500035000,11/14/2025 17:59,1,7,0
UNC,989.001040500035000,11/14/2025 17:58,1,7,0
UNC,989.001040500035000,11/14/2025 17:57,1,7,0
UNC,989.002028176996000,11/14/2025 17:56,1,2,0
UNC,989.001040500035000,11/14/2025 17:55,1,7,0
UNC,989.002028176996000,11/14/2025 17:54,1,2,0
UNC,989.001040500035000,11/14/2025 17:54,1,7,0
UNC,989.001030621295000,11/14/2025 17:53,1,7,0
UNC,989.001030620667000,11/14/2025 17:52,1,7,0
UNC,989.001030620667000,11/14/2025 17:52,1,8,0
UNC,989.001040500035000,11/14/2025 17:52,1,7,0
UNC,989.002028176996000,11/14/2025 17:49,1,3,0
UNC,989.001040500035000,11/14/2025 17:49,1,7,0
UNC,989.001040500035000,11/14/2025 17:48,1,7,0
UNC,989.001040500035000,11/14/2025 17:45,1,7,0
UNC,989.001030620684000,11/14/2025 17:44,1,2,0
UNC,989.001030620684000,11/14/2025 17:43,1,7,0
UNC,989.001040500035000,11/14/2025 17:41,1,7,0
UNC,989.001040500035000,11/14/2025 17:40,1,7,0
UNC,989.002028176996000,11/14/2025 17:38,1,2,0
UNC,989.002028176996000,11/14/2025 17:37,1,2,0
UNC,989.002028176996000,11/14/2025 17:35,1,3,0
UNC,989.001040500035000,11/14/2025 17:35,1,7,0
UNC,989.002028176996000,11/14/2025 17:34,1,3,0
UNC,989.001040500035000,11/14/2025 17:34,1,7,0
UNC,989.001040500035000,11/14/2025 17:32,1,7,0
UNC,989.002028176996000,11/14/2025 17:30,1,3,0
UNC,989.001040500035000,11/14/2025 17:29,1,7,0
UNC,989.002028176996000,11/14/2025 17:29,1,3,0
UNC,989.001040500035000,11/14/2025 17:28,1,7,0
UNC,989.002028176695000,11/14/2025 17:28,1,3,0
UNC,989.001040500035000,11/14/2025 17:27,1,7,0
UNC,989.002028176695000,11/14/2025 17:26,1,2,0
UNC,989.002028176996000,11/14/2025 17:26,1,3,0
UNC,989.002028176996000,11/14/2025 17:24,1,2,0
UNC,989.002028176695000,11/14/2025 17:24,1,2,0
UNC,989.002028176996000,11/14/2025 17:23,1,3,0
UNC,989.002028176695000,11/14/2025 17:23,1,2,0
UNC,989.002028176695000,11/14/2025 17:21,1,2,0
UNC,989.002028176695000,11/14/2025 17:21,1,3,0
UNC,989.002028176695000,11/14/2025 17:20,1,3,0
UNC,989.002028176695000,11/14/2025 17:19,1,2,0
UNC,989.002028176996000,11/14/2025 17:19,1,3,0
UNC,989.002028176695000,11/14/2025 17:18,1,2,0
UNC,989.001030620304000,11/14/2025 17:17,1,6,0
UNC,989.002028176833000,11/14/2025 17:17,1,0B,0
UNC,989.002028176695000,11/14/2025 17:17,1,3,0
UNC,989.002028176695000,11/14/2025 17:16,1,2,0
UNC,989.002028176695000,11/14/2025 17:15,1,2,0
UNC,989.002028176695000,11/14/2025 17:13,1,3,0
UNC,989.002028176996000,11/14/2025 17:12,1,3,0
UNC,989.002028176695000,11/14/2025 17:12,1,3,0
UNC,989.002028176695000,11/14/2025 17:11,1,2,0
UNC,989.002028176695000,11/14/2025 17:10,1,1,0
UNC,989.001030620667000,11/14/2025 17:10,1,2,0
UNC,989.002028176695000,11/14/2025 17:09,1,1,0
UNC,989.002028176695000,11/14/2025 17:08,1,1,0
UNC,989.002028176695000,11/14/2025 17:07,1,2,0
UNC,989.002028176996000,11/14/2025 17:03,1,2,0
UNC,989.002028176996000,11/14/2025 17:03,1,3,0
UNC,989.002028176695000,11/14/2025 17:01,1,7,0
UNC,989.002028176695000,11/14/2025 17:00,1,6,0
UNC,989.002028176695000,11/14/2025 16:58,1,7,0
UNC,989.002028176695000,11/14/2025 16:57,1,7,0
UNC,989.002028176695000,11/14/2025 16:56,1,6,0
UNC,989.002028176695000,11/14/2025 16:55,1,6,0
UNC,989.002028176695000,11/14/2025 16:54,1,6,0
UNC,989.002028176695000,11/14/2025 16:53,1,7,0
UNC,989.002028176695000,11/14/2025 16:52,1,7,0
UNC,989.002028176695000,11/14/2025 16:51,1,7,0
UNC,989.002028176695000,11/14/2025 16:49,1,7,0
UNC,989.002028176695000,11/14/2025 16:48,1,7,0
UNC,989.002028176695000,11/14/2025 16:47,1,6,0
UNC,989.002028176695000,11/14/2025 16:46,1,6,0
UNC,989.002028176695000,11/14/2025 16:45,1,6,0
UNC,989.002028176695000,11/14/2025 16:44,1,6,0
UNC,989.002028176695000,11/14/2025 16:43,1,6,0
UNC,989.002028176695000,11/14/2025 16:42,1,7,0
UNC,989.002028176695000,11/14/2025 16:41,1,7,0
UNC,989.002028176833000,11/14/2025 16:40,1,0B,0
UNC,989.002028176695000,11/14/2025 16:40,1,6,0
UNC,989.002028176695000,11/14/2025 16:40,1,7,0
UNC,989.002028176833000,11/14/2025 16:39,1,0B,0
UNC,989.002028176695000,11/14/2025 16:39,1,7,0
UNC,989.002028176695000,11/14/2025 16:38,1,6,0
UNC,989.002028176833000,11/14/2025 16:37,1,0B,0
UNC,989.002028176695000,11/14/2025 16:37,1,6,0
UNC,989.002028176996000,11/14/2025 16:35,1,2,0
UNC,989.002028176695000,11/14/2025 16:35,1,1,0
UNC,989.001030620709000,11/14/2025 16:34,1,3,0
UNC,989.002028176695000,11/14/2025 16:34,1,2,0
UNC,989.002028176695000,11/14/2025 16:32,1,3,0
UNC,989.001030620709000,11/14/2025 16:32,1,3,0
UNC,989.002028176695000,11/14/2025 16:31,1,2,0
UNC,989.002028176695000,11/14/2025 16:30,1,3,0
UNC,989.002028176695000,11/14/2025 16:30,1,2,0
UNC,989.002028176996000,11/14/2025 16:29,1,2,0
UNC,989.002028176695000,11/14/2025 16:29,1,3,0
UNC,989.002028176695000,11/14/2025 16:28,1,3,0
UNC,989.002028176695000,11/14/2025 16:27,1,2,0
UNC,989.002028176695000,11/14/2025 16:27,1,3,0
UNC,989.002028176996000,11/14/2025 16:26,1,2,0
UNC,989.002028176695000,11/14/2025 16:25,1,3,0
UNC,989.002028176695000,11/14/2025 16:24,1,2,0
UNC,989.002028176695000,11/14/2025 16:24,1,1,0
UNC,989.002028176695000,11/14/2025 16:23,1,1,0
UNC,989.002028176695000,11/14/2025 16:22,1,1,0
UNC,989.002028176695000,11/14/2025 16:21,1,1,0
UNC,989.002028176695000,11/14/2025 16:20,1,1,0
UNC,989.002028176695000,11/14/2025 16:19,1,2,0
UNC,989.002028176695000,11/14/2025 16:16,1,3,0
UNC,989.002028176695000,11/14/2025 16:11,1,7,0
UNC,989.002028176833000,11/14/2025 16:10,1,0B,0
UNC,989.002028176695000,11/14/2025 16:09,1,6,0
UNC,989.002028176695000,11/14/2025 16:08,1,6,0
UNC,989.002028176695000,11/14/2025 16:08,1,7,0
UNC,989.002028176996000,11/14/2025 16:08,1,2,0
UNC,989.002028176695000,11/14/2025 16:07,1,7,0
UNC,989.002028176695000,11/14/2025 16:05,1,6,0
UNC,989.002028176996000,11/14/2025 16:05,1,2,0
UNC,989.002028176695000,11/14/2025 16:05,1,7,0
UNC,989.002028176695000,11/14/2025 16:04,1,6,0
UNC,989.002028176695000,11/14/2025 16:02,1,1,0
UNC,989.002028176695000,11/14/2025 16:01,1,1,0
UNC,989.002028176695000,11/14/2025 16:00,1,2,0
UNC,989.002028176695000,11/14/2025 15:59,1,3,0
UNC,989.002028176695000,11/14/2025 15:58,1,2,0
UNC,989.002028176695000,11/14/2025 15:57,1,3,0
UNC,989.002028176695000,11/14/2025 15:57,1,2,0
UNC,989.002028176996000,11/14/2025 15:56,1,3,0
UNC,989.002028176695000,11/14/2025 15:56,1,3,0
UNC,989.002028176996000,11/14/2025 15:55,1,2,0
UNC,989.002028176996000,11/14/2025 15:54,1,2,0
UNC,989.002028176695000,11/14/2025 15:54,1,2,0
UNC,989.002028176695000,11/14/2025 15:52,1,1,0
UNC,989.002028176695000,11/14/2025 15:51,1,1,0
UNC,989.002028176695000,11/14/2025 15:48,1,6,0
UNC,989.002028176695000,11/14/2025 15:47,1,6,0
UNC,989.002028176695000,11/14/2025 15:47,1,7,0
UNC,989.002028176996000,11/14/2025 15:46,1,2,0
UNC,989.002028176695000,11/14/2025 15:46,1,7,0
UNC,989.001030620628000,11/14/2025 15:46,1,7,0
UNC,989.001030620628000,11/14/2025 15:45,1,1,0
UNC,989.002028176695000,11/14/2025 15:45,1,7,0
UNC,989.002028176695000,11/14/2025 15:43,1,6,0
UNC,989.002028176695000,11/14/2025 15:42,1,6,0
UNC,989.002028176695000,11/14/2025 15:41,1,6,0
UNC,989.002028176695000,11/14/2025 15:40,1,6,0
UNC,989.002028176695000,11/14/2025 15:39,1,7,0
UNC,989.002028176695000,11/14/2025 15:38,1,7,0
UNC,989.002028176833000,11/14/2025 15:37,1,0B,0
UNC,989.001040500055000,11/14/2025 15:36,1,7,0
UNC,989.001040500055000,11/14/2025 15:36,1,2,0
UNC,989.002028176695000,11/14/2025 15:36,1,3,0
UNC,989.002028176833000,11/14/2025 15:36,1,0B,0
UNC,989.002028176695000,11/14/2025 15:36,1,2,0
UNC,989.002028176833000,11/14/2025 15:35,1,0B,0
UNC,989.002028176695000,11/14/2025 15:35,1,3,0
UNC,989.002028176695000,11/14/2025 15:34,1,3,0
UNC,989.002028176695000,11/14/2025 15:33,1,2,0
UNC,989.002028176695000,11/14/2025 15:33,1,3,0
UNC,989.002028176833000,11/14/2025 15:32,1,0B,0
UNC,989.002028176695000,11/14/2025 15:31,1,2,0
UNC,989.002028176833000,11/14/2025 15:30,1,0B,0
UNC,989.002028176695000,11/14/2025 15:30,1,1,0
UNC,989.002028176833000,11/14/2025 15:29,1,0B,0
UNC,989.002028176695000,11/14/2025 15:29,1,1,0
UNC,989.002028176695000,11/14/2025 15:28,1,1,0
UNC,989.002028176695000,11/14/2025 15:28,1,2,0
UNC,989.002028176833000,11/14/2025 15:28,1,0B,0
UNC,989.002028176833000,11/14/2025 15:27,1,0B,0
UNC,989.002028176695000,11/14/2025 15:23,1,6,0
UNC,989.002028176695000,11/14/2025 15:23,1,7,0
UNC,989.002028176695000,11/14/2025 15:22,1,7,0
UNC,989.002028176695000,11/14/2025 15:21,1,7,0
UNC,989.002028176695000,11/14/2025 15:20,1,7,0
UNC,989.002028176695000,11/14/2025 15:19,1,7,0
UNC,989.002028176695000,11/14/2025 15:18,1,6,0
UNC,989.002028176695000,11/14/2025 15:16,1,1,0
UNC,989.002028176695000,11/14/2025 15:15,1,2,0
UNC,989.002028176695000,11/14/2025 15:14,1,2,0
UNC,989.002028176695000,11/14/2025 15:13,1,3,0
UNC,989.002028176695000,11/14/2025 15:12,1,2,0
UNC,989.002028176695000,11/14/2025 15:11,1,1,0
UNC,989.002028176695000,11/14/2025 15:10,1,1,0
UNC,989.002028176695000,11/14/2025 15:10,1,2,0
UNC,989.002028176695000,11/14/2025 15:06,1,6,0
UNC,989.002028176695000,11/14/2025 15:05,1,6,0
UNC,989.002028176695000,11/14/2025 15:04,1,6,0
UNC,989.002028176695000,11/14/2025 14:58,1,7,0
UNC,989.002028176695000,11/14/2025 14:56,1,7,0
UNC,989.002028176695000,11/14/2025 14:56,1,6,0
UNC,989.002028176695000,11/14/2025 14:55,1,7,0
UNC,989.002028176695000,11/14/2025 14:54,1,7,0
UNC,989.002028176695000,11/14/2025 14:54,1,6,0
UNC,989.002028176695000,11/14/2025 14:53,1,6,0
UNC,989.002028176695000,11/14/2025 14:52,1,6,0
UNC,989.002028176695000,11/14/2025 14:50,1,6,0
UNC,989.002028176695000,11/14/2025 14:49,1,7,0
UNC,989.002028176695000,11/14/2025 14:48,1,7,0
UNC,989.002028176695000,11/14/2025 14:47,1,7,0
UNC,989.002028176695000,11/14/2025 14:46,1,7,0
UNC,989.002028176695000,11/14/2025 14:45,1,6,0
UNC,989.002028176695000,11/14/2025 14:43,1,6,0
UNC,989.002028176695000,11/14/2025 14:42,1,6,0
UNC,989.002028176695000,11/14/2025 14:41,1,6,0
UNC,989.002028176695000,11/14/2025 14:33,1,6,0
UNC,989.002028176695000,11/14/2025 14:33,1,7,0
UNC,989.002028176695000,11/14/2025 14:32,1,7,0
UNC,989.002028176695000,11/14/2025 14:31,1,6,0
UNC,989.002028176695000,11/14/2025 14:30,1,6,0
UNC,989.002028176695000,11/14/2025 14:27,1,6,0
UNC,989.002028176695000,11/14/2025 14:26,1,6,0
UNC,989.002028176695000,11/14/2025 14:15,1,2,0
UNC,989.002028176833000,11/14/2025 14:10,1,0B,0
UNC,989.002028176833000,11/14/2025 14:09,1,0B,0
UNC,989.002028176833000,11/14/2025 14:08,1,0B,0
UNC,989.002028176833000,11/14/2025 14:07,1,0B,0
UNC,989.002028176695000,11/14/2025 13:41,1,1,0
UNC,989.002028176695000,11/14/2025 13:38,1,6,0
UNC,989.002028176695000,11/14/2025 13:37,1,6,0
UNC,989.002028176695000,11/14/2025 13:36,1,6,0
UNC,989.002028176695000,11/14/2025 13:35,1,6,0
UNC,989.002028176695000,11/14/2025 13:34,1,6,0
UNC,989.002028176695000,11/14/2025 13:33,1,6,0
UNC,989.002028176695000,11/14/2025 13:32,1,6,0
UNC,989.002028176695000,11/14/2025 13:32,1,7,0
UNC,989.002028176695000,11/14/2025 13:31,1,7,0
UNC,989.002028176695000,11/14/2025 13:29,1,7,0
UNC,989.002028176695000,11/14/2025 13:28,1,7,0
UNC,989.002028176695000,11/14/2025 13:27,1,7,0
UNC,989.002028176695000,11/14/2025 13:26,1,7,0
UNC,989.002028176695000,11/14/2025 13:25,1,7,0
UNC,989.002028176695000,11/14/2025 13:25,1,6,0
UNC,989.002028176695000,11/14/2025 13:24,1,6,0
UNC,989.002028176695000,11/14/2025 13:23,1,6,0
UNC,989.002028176695000,11/14/2025 13:22,1,6,0
UNC,989.002028176695000,11/14/2025 13:21,1,6,0
UNC,989.002028176695000,11/14/2025 13:16,1,2,0
UNC,989.001030620709000,11/14/2025 13:12,1,1,0
UNC,989.001030620709000,11/14/2025 13:12,1,2,0
UNC,989.001030620667000,11/14/2025 12:33,1,2,0
UNC,989.001030620667000,11/14/2025 12:33,1,1,0
UNC,989.001030620667000,11/14/2025 12:32,1,7,0
UNC,989.002028176695000,11/14/2025 8:07,1,1,0
UNC,989.002028176695000,11/14/2025 8:06,1,1,0
UNC,989.002028176695000,11/14/2025 8:01,1,6,0
UNC,989.002028176695000,11/14/2025 8:00,1,6,0
UNC,989.002028176695000,11/14/2025 7:59,1,6,0
UNC,989.002028176695000,11/14/2025 7:54,1,7,0
UNC,989.002028176695000,11/14/2025 7:53,1,7,0
UNC,989.002028176695000,11/14/2025 7:46,1,1,0
UNC,989.002028176695000,11/14/2025 7:45,1,2,0
UNC,989.002028176695000,11/14/2025 7:44,1,2,0
UNC,989.002028176695000,11/14/2025 7:43,1,3,0
UNC,989.002028176695000,11/14/2025 7:42,1,3,0
UNC,989.002028176695000,11/14/2025 7:41,1,3,0
UNC,989.002028176695000,11/14/2025 7:39,1,2,0
UNC,989.002028176695000,11/14/2025 7:38,1,2,0
UNC,989.002028176695000,11/14/2025 7:37,1,2,0
UNC,989.002028176695000,11/14/2025 7:36,1,3,0
UNC,989.002028176695000,11/14/2025 7:36,1,2,0
UNC,989.002028176695000,11/14/2025 7:33,1,2,0
UNC,989.002028176695000,11/14/2025 7:33,1,1,0
UNC,989.002028176695000,11/14/2025 7:30,1,6,0
UNC,989.002028176695000,11/14/2025 7:29,1,6,0
UNC,989.002028176695000,11/14/2025 7:28,1,7,0
UNC,989.002028176695000,11/14/2025 7:27,1,7,0
UNC,989.002028176695000,11/14/2025 7:26,1,7,0
UNC,989.002028176695000,11/14/2025 7:26,1,6,0
UNC,989.002028176695000,11/14/2025 7:25,1,6,0
UNC,989.002028176695000,11/14/2025 7:23,1,6,0
UNC,989.002028176695000,11/14/2025 7:22,1,7,0
UNC,989.002028176695000,11/14/2025 7:21,1,7,0
UNC,989.002028176695000,11/14/2025 7:20,1,7,0
UNC,989.002028176695000,11/14/2025 7:20,1,6,0
UNC,989.002028176695000,11/14/2025 7:18,1,2,0
UNC,989.002028176695000,11/14/2025 7:17,1,1,0
UNC,989.002028176695000,11/14/2025 7:17,1,2,0
UNC,989.002028176695000,11/14/2025 7:15,1,2,0
UNC,989.002028176695000,11/14/2025 7:15,1,3,0
UNC,989.002028176695000,11/14/2025 7:14,1,3,0
UNC,989.002028176695000,11/14/2025 7:12,1,3,0
UNC,989.002028176695000,11/14/2025 7:11,1,2,0
UNC,989.002028176695000,11/14/2025 7:11,1,1,0
UNC,989.002028176695000,11/14/2025 7:09,1,1,0
UNC,989.002028176695000,11/14/2025 7:08,1,1,0
UNC,989.002028176695000,11/14/2025 7:08,1,2,0
UNC,989.002028176695000,11/14/2025 7:05,1,7,0
UNC,989.002028176695000,11/14/2025 7:04,1,7,0
UNC,989.002028176695000,11/14/2025 7:03,1,7,0
UNC,989.002028176695000,11/14/2025 7:01,1,7,0
UNC,989.002028176695000,11/14/2025 6:57,1,6,0
UNC,989.002028176695000,11/14/2025 6:56,1,6,0
UNC,989.002028176695000,11/14/2025 6:55,1,6,0
UNC,989.001030620667000,11/14/2025 6:55,1,7,0
UNC,989.001030620667000,11/14/2025 6:54,1,2,0
UNC,989.002028176695000,11/14/2025 6:54,1,6,0
UNC,989.002028176695000,11/14/2025 6:52,1,6,0
UNC,989.001030620667000,11/14/2025 6:52,1,1,0
UNC,989.002028176695000,11/14/2025 6:51,1,6,0
UNC,989.002028176996000,11/14/2025 6:51,1,7,0
UNC,989.002028176695000,11/14/2025 6:48,1,7,0
UNC,989.002028176695000,11/14/2025 6:47,1,8,0
UNC,989.002028176695000,11/14/2025 6:47,1,7,0
UNC,989.002028176996000,11/14/2025 6:46,1,7,0
UNC,989.002028176695000,11/14/2025 6:46,1,7,0
UNC,989.002028176695000,11/14/2025 6:45,1,6,0
UNC,989.002028176695000,11/14/2025 6:45,1,7,0
UNC,989.002028176695000,11/14/2025 6:44,1,6,0
UNC,989.002028176695000,11/14/2025 6:43,1,7,0
UNC,989.002028176695000,11/14/2025 6:41,1,7,0
UNC,989.002028176695000,11/14/2025 6:40,1,6,0
UNC,989.002028176695000,11/14/2025 6:40,1,7,0
UNC,989.002028176695000,11/14/2025 6:38,1,7,0
UNC,989.002028176695000,11/14/2025 6:36,1,1,0
UNC,989.002028176695000,11/14/2025 6:35,1,1,0
UNC,989.002028176695000,11/14/2025 6:34,1,2,0
UNC,989.002028176695000,11/14/2025 6:33,1,2,0
UNC,989.002028176695000,11/14/2025 6:32,1,3,0
UNC,989.002028176695000,11/14/2025 6:30,1,2,0
UNC,989.002028176695000,11/14/2025 6:29,1,3,0
UNC,989.002028176695000,11/14/2025 6:28,1,3,0
UNC,989.002028176695000,11/14/2025 6:27,1,3,0
UNC,989.002028176695000,11/14/2025 6:27,1,2,0
UNC,989.002028176695000,11/14/2025 6:26,1,2,0
UNC,989.002028176695000,11/14/2025 6:25,1,1,0
UNC,989.002028176695000,11/14/2025 6:24,1,1,0
UNC,989.002028176695000,11/14/2025 6:23,1,1,0
UNC,989.002028176695000,11/14/2025 6:22,1,1,0
UNC,989.002028176996000,11/14/2025 6:17,1,3,0
UNC,989.001030620667000,11/14/2025 6:15,1,2,0
UNC,989.001030620304000,11/14/2025 6:12,1,7,0
UNC,989.001030620304000,11/14/2025 6:10,1,6,0
UNC,989.001040500071000,11/14/2025 6:10,1,6,0
UNC,989.001030620304000,11/14/2025 6:10,1,1,0
UNC,989.001040500071000,11/14/2025 6:06,1,6,0
UNC,989.002028176695000,11/14/2025 6:05,1,2,0
UNC,989.001040500071000,11/14/2025 6:04,1,6,0
UNC,989.001040500071000,11/14/2025 6:02,1,6,0
UNC,989.001040500071000,11/14/2025 6:01,1,6,0
UNC,989.001040500071000,11/14/2025 6:00,1,6,0
UNC,989.001040500071000,11/14/2025 5:58,1,6,0
UNC,989.001040500071000,11/14/2025 5:54,1,6,0
UNC,989.001030621167000,11/14/2025 5:53,1,6,0
UNC,989.001040500071000,11/14/2025 5:53,1,7,0
UNC,989.001040500071000,11/14/2025 5:52,1,6,0
UNC,989.001030621167000,11/14/2025 5:49,1,6,0
UNC,989.001030621167000,11/14/2025 5:49,1,1,0
UNC,989.002028176996000,11/14/2025 5:37,1,3,0
UNC,989.001040500071000,11/14/2025 5:34,1,2,0
UNC,989.001040500071000,11/14/2025 5:33,1,2,0
UNC,989.002028176996000,11/14/2025 5:31,1,3,0
UNC,989.002028176996000,11/14/2025 5:25,1,3,0
UNC,989.001040500035000,11/14/2025 5:20,1,8,0
UNC,989.001040500035000,11/14/2025 5:19,1,8,0
UNC,989.001040500035000,11/14/2025 5:18,1,8,0
UNC,989.001040500035000,11/14/2025 5:17,1,8,0
UNC,989.001040500035000,11/14/2025 5:16,1,8,0
UNC,989.001040500035000,11/14/2025 4:26,1,7,0
UNC,989.002028176996000,11/14/2025 4:22,1,3,0
UNC,989.002028176996000,11/14/2025 4:21,1,2,0
UNC,989.002028176996000,11/14/2025 4:20,1,2,0
UNC,989.002028176996000,11/14/2025 4:19,1,2,0
UNC,989.002028176996000,11/14/2025 4:18,1,3,0
UNC,989.001040500035000,11/14/2025 4:08,1,7,0
UNC,989.001040500035000,11/14/2025 4:04,1,7,0
UNC,989.001040500035000,11/14/2025 3:40,1,7,0
UNC,989.001040500035000,11/14/2025 3:37,1,7,0
UNC,989.001040500035000,11/14/2025 3:34,1,7,0
UNC,989.001040500035000,11/14/2025 3:33,1,7,0
UNC,989.001040500035000,11/14/2025 3:32,1,7,0
UNC,989.001040500035000,11/14/2025 3:32,1,8,0
UNC,989.001040500035000,11/14/2025 3:31,1,8,0
UNC,989.001040500035000,11/14/2025 3:30,1,8,0
UNC,989.001040500035000,11/14/2025 3:29,1,8,0
UNC,989.001040500035000,11/14/2025 3:28,1,8,0
UNC,989.001040500035000,11/14/2025 3:26,1,8,0
UNC,989.001040500035000,11/14/2025 3:25,1,8,0
UNC,989.002028176996000,11/14/2025 3:24,1,3,0
UNC,989.001040500035000,11/14/2025 3:24,1,8,0
UNC,989.001040500035000,11/14/2025 3:23,1,8,0
UNC,989.001040500035000,11/14/2025 3:22,1,8,0
UNC,989.001040500035000,11/14/2025 3:21,1,8,0
UNC,989.001040500035000,11/14/2025 3:19,1,8,0
UNC,989.002028176996000,11/14/2025 3:18,1,3,0
UNC,989.001040500035000,11/14/2025 3:18,1,8,0
UNC,989.001040500035000,11/14/2025 3:17,1,8,0
UNC,989.001040500035000,11/14/2025 3:16,1,8,0
UNC,989.001040500035000,11/14/2025 3:15,1,8,0
UNC,989.001040500035000,11/14/2025 3:14,1,8,0
UNC,989.001040500035000,11/14/2025 3:12,1,7,0
UNC,989.001040500035000,11/14/2025 3:10,1,7,0
UNC,989.002028176996000,11/14/2025 3:10,1,3,0
UNC,989.001040500035000,11/14/2025 3:08,1,7,0
UNC,989.001040500035000,11/14/2025 3:07,1,7,0
UNC,989.001040500035000,11/14/2025 3:05,1,7,0
UNC,989.001040500035000,11/14/2025 3:02,1,7,0
UNC,989.001040500035000,11/14/2025 2:59,1,7,0
UNC,989.002028176996000,11/14/2025 2:50,1,8,0
UNC,989.002028176996000,11/14/2025 2:48,1,8,0
UNC,989.002028176996000,11/14/2025 2:47,1,8,0
UNC,989.001030620394000,11/14/2025 2:47,1,2,0
UNC,989.001030621167000,11/14/2025 2:46,1,2,0
UNC,989.001030620394000,11/14/2025 2:45,1,2,0
UNC,989.002028176996000,11/14/2025 2:44,1,8,0
UNC,989.001030621167000,11/14/2025 2:44,1,7,0
UNC,989.001030620394000,11/14/2025 2:43,1,2,0
UNC,989.002028176996000,11/14/2025 2:35,1,8,0
UNC,989.002028176996000,11/14/2025 2:33,1,8,0
UNC,989.002028176996000,11/14/2025 2:32,1,8,0
UNC,989.002028176996000,11/14/2025 2:31,1,8,0
UNC,989.002028176996000,11/14/2025 2:30,1,8,0
UNC,989.002028176996000,11/14/2025 2:29,1,8,0
UNC,989.002028176996000,11/14/2025 2:27,1,8,0
UNC,989.002028176996000,11/14/2025 2:26,1,8,0
UNC,989.002028176996000,11/14/2025 2:24,1,8,0
UNC,989.002028176996000,11/14/2025 2:23,1,8,0
UNC,989.002028176996000,11/14/2025 2:20,1,8,0
UNC,989.002028176875000,11/14/2025 2:19,1,1,0
UNC,989.002028176875000,11/14/2025 2:19,1,6,0
UNC,989.002028176996000,11/14/2025 2:18,1,8,0
UNC,989.002028176875000,11/14/2025 2:17,1,8,0
UNC,989.002028176996000,11/14/2025 2:17,1,8,0
UNC,989.002028176996000,11/14/2025 2:16,1,8,0
UNC,989.002028176996000,11/14/2025 2:14,1,8,0
UNC,989.002028176996000,11/14/2025 2:06,1,8,0
UNC,989.002028176875000,11/14/2025 1:59,1,1,0
UNC,989.002028176875000,11/14/2025 1:59,1,2,0
UNC,989.002028176875000,11/14/2025 1:58,1,7,0
UNC,989.002028176875000,11/14/2025 1:58,1,6,0
UNC,989.002028176875000,11/14/2025 1:57,1,1,0
UNC,989.002028176875000,11/14/2025 1:57,1,2,0
UNC,989.002028176996000,11/14/2025 1:43,1,3,0
UNC,989.001030620186000,11/14/2025 1:42,1,8,0
UNC,989.001040500060000,11/14/2025 1:41,1,7,0
UNC,989.002028176996000,11/14/2025 1:41,1,2,0
UNC,989.001030620186000,11/14/2025 1:41,1,7,0
UNC,989.001030620186000,11/14/2025 1:41,1,8,0
UNC,989.002028176996000,11/14/2025 1:40,1,2,0
UNC,989.001030620186000,11/14/2025 1:38,1,8,0
UNC,989.002028176996000,11/14/2025 1:35,1,2,0
UNC,989.002028176996000,11/14/2025 1:33,1,2,0
UNC,989.002028176996000,11/14/2025 1:26,1,3,0
UNC,989.002028176996000,11/14/2025 1:19,1,3,0
UNC,989.001040500055000,11/14/2025 1:14,1,2,0
UNC,989.001040500055000,11/14/2025 1:12,1,7,0
UNC,989.001040500055000,11/14/2025 0:57,1,7,0
UNC,989.001040500055000,11/14/2025 0:56,1,7,0
UNC,989.001030620186000,11/14/2025 0:55,1,9,0
UNC,989.001040500055000,11/14/2025 0:54,1,7,0
UNC,989.001030620186000,11/14/2025 0:52,1,9,0
UNC,989.002028177118000,11/14/2025 0:50,1,2,0
UNC,989.001040500055000,11/14/2025 0:49,1,7,0
UNC,989.002028177118000,11/14/2025 0:49,1,7,0
UNC,989.001040500055000,11/14/2025 0:47,1,8,0
UNC,989.001030620186000,11/14/2025 0:42,1,8,0
UNC,989.001030620186000,11/14/2025 0:41,1,8,0
UNC,989.002028176996000,11/14/2025 0:38,1,8,0
UNC,989.001040500055000,11/14/2025 0:38,1,2,0
UNC,989.002028176996000,11/14/2025 0:37,1,8,0
UNC,989.001030621295000,11/14/2025 0:37,1,2,0
UNC,989.002028176996000,11/14/2025 0:36,1,8,0
UNC,989.002028176996000,11/14/2025 0:35,1,8,0
UNC,989.002028176996000,11/14/2025 0:34,1,8,0
UNC,989.002028176996000,11/14/2025 0:33,1,8,0
UNC,989.002028176996000,11/14/2025 0:32,1,8,0
UNC,989.001030621295000,11/14/2025 0:31,1,6,0
UNC,989.002028176996000,11/14/2025 0:31,1,8,0
UNC,989.002028176996000,11/14/2025 0:30,1,8,0
UNC,989.001030621295000,11/14/2025 0:29,1,6,0
UNC,989.002028176996000,11/14/2025 0:29,1,8,0
UNC,989.002028176996000,11/14/2025 0:28,1,8,0
UNC,989.002028176996000,11/14/2025 0:27,1,8,0
UNC,989.002028176996000,11/14/2025 0:26,1,8,0
UNC,989.002028176996000,11/14/2025 0:25,1,8,0
UNC,989.001030621295000,11/14/2025 0:19,1,7,0
UNC,989.001040500035000,11/14/2025 0:14,1,7,0
UNC,989.001040500035000,11/14/2025 0:13,1,7,0
UNC,989.001040500035000,11/14/2025 0:12,1,7,0
UNC,989.001040500035000,11/14/2025 0:09,1,7,0
UNC,989.001040500035000,11/14/2025 0:08,1,7,0
UNC,989.001040500035000,11/14/2025 0:06,1,7,0
UNC,989.001040500035000,11/14/2025 0:05,1,7,0
UNC,989.001040500035000,11/14/2025 0:00,1,7,0
UNC,989.001040500035000,11/13/2025 23:56,1,7,0
UNC,989.001040500035000,11/13/2025 23:49,1,7,0
UNC,989.002028176996000,11/13/2025 23:40,1,3,0
UNC,989.002028176996000,11/13/2025 23:25,1,3,0
UNC,989.002028176996000,11/13/2025 23:23,1,3,0
UNC,989.002028176996000,11/13/2025 23:19,1,3,0
UNC,989.002028176996000,11/13/2025 23:18,1,3,0
UNC,989.002028176996000,11/13/2025 23:17,1,3,0
UNC,989.002028176996000,11/13/2025 23:17,1,2,0
UNC,989.002028176996000,11/13/2025 23:16,1,2,0
UNC,989.002028176996000,11/13/2025 23:15,1,2,0
UNC,989.002028176996000,11/13/2025 23:14,1,2,0
UNC,989.002028176996000,11/13/2025 23:13,1,2,0
UNC,989.002028176996000,11/13/2025 23:11,1,2,0
UNC,989.002028176996000,11/13/2025 23:10,1,2,0
UNC,989.002028176996000,11/13/2025 23:09,1,2,0
UNC,989.002028176996000,11/13/2025 23:08,1,2,0
UNC,989.002028176996000,11/13/2025 23:07,1,2,0
UNC,989.002028176996000,11/13/2025 23:05,1,2,0
UNC,989.002028176996000,11/13/2025 23:04,1,2,0
UNC,989.002028176996000,11/13/2025 23:03,1,2,0
UNC,989.002028176996000,11/13/2025 23:02,1,2,0
UNC,989.002028176996000,11/13/2025 23:01,1,2,0
UNC,989.002028176996000,11/13/2025 23:00,1,3,0
UNC,989.002028176996000,11/13/2025 22:59,1,3,0
UNC,989.002028176996000,11/13/2025 22:57,1,3,0
UNC,989.002028176996000,11/13/2025 22:49,1,3,0
UNC,989.001030620220000,11/13/2025 22:45,1,2,0
UNC,989.001030620220000,11/13/2025 22:43,1,6,0
UNC,989.002028176996000,11/13/2025 22:41,1,3,0
UNC,989.001040500060000,11/13/2025 22:39,1,2,0
UNC,989.001040500060000,11/13/2025 22:38,1,7,0
UNC,989.002028176996000,11/13/2025 22:36,1,3,0
UNC,989.001030621167000,11/13/2025 22:13,1,8,0
UNC,989.001030621167000,11/13/2025 22:04,1,8,0
UNC,989.001040500035000,11/13/2025 21:40,1,7,0
UNC,989.001040500035000,11/13/2025 21:40,1,8,0
UNC,989.002028176996000,11/13/2025 21:34,1,3,0
UNC,989.001040500035000,11/13/2025 21:24,1,7,0
UNC,989.001040500035000,11/13/2025 21:23,1,7,0
UNC,989.001040500035000,11/13/2025 21:21,1,7,0
UNC,989.001040500035000,11/13/2025 21:19,1,7,0
UNC,989.001040500035000,11/13/2025 21:18,1,7,0
UNC,989.001030620186000,11/13/2025 21:15,1,9,0
UNC,989.001040500035000,11/13/2025 21:14,1,7,0
UNC,989.001040500035000,11/13/2025 21:12,1,7,0
UNC,989.001040500035000,11/13/2025 21:09,1,7,0
UNC,989.001040500035000,11/13/2025 21:01,1,7,0
UNC,989.001040500035000,11/13/2025 20:59,1,7,0
UNC,989.002028176996000,11/13/2025 20:59,1,3,0
UNC,989.001040500035000,11/13/2025 20:58,1,7,0
UNC,989.001040500035000,11/13/2025 20:57,1,7,0
UNC,989.001040500055000,11/13/2025 20:56,1,2,0
UNC,989.001040500035000,11/13/2025 20:55,1,7,0
UNC,989.001040500055000,11/13/2025 20:54,1,2,0
UNC,989.001040500055000,11/13/2025 20:53,1,2,0
UNC,989.001040500055000,11/13/2025 20:52,1,2,0
UNC,989.001040500055000,11/13/2025 20:51,1,2,0
UNC,989.002028176996000,11/13/2025 20:51,1,3,0
UNC,989.002028176996000,11/13/2025 20:51,1,2,0
UNC,989.001040500055000,11/13/2025 20:50,1,2,0
UNC,989.002028176996000,11/13/2025 20:49,1,2,0
UNC,989.002028176996000,11/13/2025 20:49,1,3,0
UNC,989.001040500055000,11/13/2025 20:49,1,2,0
UNC,989.002028176996000,11/13/2025 20:48,1,3,0
UNC,989.001040500055000,11/13/2025 20:48,1,2,0
UNC,989.002028176996000,11/13/2025 20:47,1,3,0
UNC,989.001040500055000,11/13/2025 20:47,1,2,0
UNC,989.001040500055000,11/13/2025 20:46,1,2,0
UNC,989.001040500055000,11/13/2025 20:44,1,2,0
UNC,989.001040500055000,11/13/2025 20:43,1,2,0
UNC,989.001040500055000,11/13/2025 20:42,1,2,0
UNC,989.001040500055000,11/13/2025 20:41,1,2,0
UNC,989.001040500055000,11/13/2025 20:40,1,2,0
UNC,989.001040500055000,11/13/2025 20:39,1,2,0
UNC,989.001040500055000,11/13/2025 20:37,1,2,0
UNC,989.001040500055000,11/13/2025 20:36,1,2,0
UNC,989.001040500055000,11/13/2025 20:35,1,2,0
UNC,989.001040500055000,11/13/2025 20:34,1,2,0
UNC,989.001040500055000,11/13/2025 20:33,1,2,0
UNC,989.002028176996000,11/13/2025 20:32,1,3,0
UNC,989.001040500055000,11/13/2025 20:32,1,2,0
UNC,989.001040500055000,11/13/2025 20:30,1,2,0
UNC,989.001040500055000,11/13/2025 20:29,1,2,0
UNC,989.001040500055000,11/13/2025 20:28,1,2,0
UNC,989.001040500055000,11/13/2025 20:27,1,2,0
UNC,989.001040500055000,11/13/2025 20:25,1,2,0
UNC,989.002028176996000,11/13/2025 20:24,1,3,0
UNC,989.001040500055000,11/13/2025 20:24,1,2,0
UNC,989.002028176996000,11/13/2025 20:23,1,3,0
UNC,989.001040500107000,11/13/2025 20:23,1,8,0
UNC,989.001040500055000,11/13/2025 20:22,1,2,0
UNC,989.002028176996000,11/13/2025 20:22,1,3,0
UNC,989.001040500055000,11/13/2025 20:21,1,2,0
UNC,989.002028176996000,11/13/2025 20:21,1,3,0
UNC,989.001040500055000,11/13/2025 20:20,1,2,0
UNC,989.001040500055000,11/13/2025 20:19,1,2,0
UNC,989.002028176996000,11/13/2025 20:19,1,3,0
UNC,989.001040500055000,11/13/2025 20:18,1,2,0
UNC,989.002028176996000,11/13/2025 20:17,1,3,0
UNC,989.001040500055000,11/13/2025 20:17,1,2,0
UNC,989.002028176996000,11/13/2025 20:16,1,3,0
UNC,989.001040500055000,11/13/2025 20:15,1,2,0
UNC,989.001040500055000,11/13/2025 20:14,1,2,0
UNC,989.001040500055000,11/13/2025 20:12,1,2,0
UNC,989.001040500055000,11/13/2025 20:10,1,2,0
UNC,989.001040500055000,11/13/2025 20:09,1,2,0
UNC,989.001040500055000,11/13/2025 20:07,1,2,0
UNC,989.001040500055000,11/13/2025 20:06,1,2,0
UNC,989.001040500055000,11/13/2025 20:05,1,2,0
UNC,989.002028176996000,11/13/2025 20:05,1,3,0
UNC,989.001040500055000,11/13/2025 20:04,1,2,0
UNC,989.002028176996000,11/13/2025 20:04,1,3,0
UNC,989.002028176996000,11/13/2025 20:03,1,3,0
UNC,989.001040500055000,11/13/2025 20:02,1,2,0
UNC,989.002028176996000,11/13/2025 20:02,1,3,0
UNC,989.001040500055000,11/13/2025 20:01,1,2,0
UNC,989.002028176996000,11/13/2025 20:00,1,3,0
UNC,989.001040500055000,11/13/2025 20:00,1,2,0
UNC,989.001040500055000,11/13/2025 19:59,1,2,0
UNC,989.001040500055000,11/13/2025 19:58,1,2,0
UNC,989.002028176996000,11/13/2025 19:57,1,3,0
UNC,989.001040500055000,11/13/2025 19:56,1,2,0
UNC,989.001040500055000,11/13/2025 19:55,1,2,0
UNC,989.002028176996000,11/13/2025 19:54,1,3,0
UNC,989.001040500055000,11/13/2025 19:54,1,2,0
UNC,989.001040500055000,11/13/2025 19:52,1,2,0
UNC,989.001040500055000,11/13/2025 19:51,1,2,0
UNC,989.002028176996000,11/13/2025 19:42,1,3,0
UNC,989.001040500035000,11/13/2025 19:36,1,7,0
UNC,989.001040500035000,11/13/2025 19:36,1,8,0
UNC,989.002028176996000,11/13/2025 19:36,1,3,0
UNC,989.001040500035000,11/13/2025 19:35,1,8,0
UNC,989.001030620451000,11/13/2025 19:35,1,2,0
UNC,989.001040500035000,11/13/2025 19:34,1,8,0
UNC,989.001040500035000,11/13/2025 19:33,1,8,0
UNC,989.001030620451000,11/13/2025 19:32,1,7,0
UNC,989.001030620451000,11/13/2025 19:31,1,6,0
UNC,989.001040500055000,11/13/2025 19:28,1,2,0
UNC,989.002028176996000,11/13/2025 19:28,1,3,0
UNC,989.001040500055000,11/13/2025 19:26,1,2,0
UNC,989.002028176996000,11/13/2025 19:25,1,3,0
UNC,989.001030620667000,11/13/2025 19:23,1,1,0
UNC,989.002028176996000,11/13/2025 19:20,1,3,0
UNC,989.002028176996000,11/13/2025 19:17,1,3,0
UNC,989.002028176996000,11/13/2025 19:16,1,3,0
UNC,989.001040500055000,11/13/2025 19:16,1,2,0
UNC,989.002028176996000,11/13/2025 19:15,1,3,0
UNC,989.001040500055000,11/13/2025 19:15,1,2,0
UNC,989.001040500055000,11/13/2025 19:14,1,2,0
UNC,989.001040500055000,11/13/2025 19:12,1,2,0
UNC,989.001040500055000,11/13/2025 19:11,1,2,0
UNC,989.001040500055000,11/13/2025 19:09,1,2,0
UNC,989.002028176996000,11/13/2025 19:08,1,3,0
UNC,989.002028176996000,11/13/2025 19:06,1,3,0
UNC,989.001040500055000,11/13/2025 19:06,1,2,0
UNC,989.001040500055000,11/13/2025 19:05,1,2,0
UNC,989.002028176996000,11/13/2025 19:03,1,3,0
UNC,989.001040500055000,11/13/2025 19:03,1,2,0
UNC,989.001030620667000,11/13/2025 19:02,1,2,0
UNC,989.001040500035000,11/13/2025 19:02,1,8,0
UNC,989.001030620667000,11/13/2025 19:01,1,2,0
UNC,989.002028176996000,11/13/2025 19:01,1,3,0
UNC,989.001030620667000,11/13/2025 19:01,1,1,0
UNC,989.001040500055000,11/13/2025 19:01,1,2,0
UNC,989.002028176996000,11/13/2025 19:00,1,3,0
UNC,989.001040500055000,11/13/2025 19:00,1,2,0
UNC,989.001040500055000,11/13/2025 18:58,1,2,0
UNC,989.001040500055000,11/13/2025 18:57,1,2,0
UNC,989.001040500055000,11/13/2025 18:55,1,2,0
UNC,989.001040500055000,11/13/2025 18:54,1,2,0
UNC,989.001040500055000,11/13/2025 18:53,1,2,0
UNC,989.001040500055000,11/13/2025 18:52,1,2,0
UNC,989.002028176996000,11/13/2025 18:52,1,3,0
UNC,989.001040500055000,11/13/2025 18:50,1,2,0
UNC,989.001040500055000,11/13/2025 18:49,1,2,0
UNC,989.001040500055000,11/13/2025 18:48,1,2,0
UNC,989.001040500055000,11/13/2025 18:45,1,2,0
UNC,989.002028176996000,11/13/2025 18:45,1,3,0
UNC,989.002028176996000,11/13/2025 18:42,1,3,0
UNC,989.001040500035000,11/13/2025 18:37,1,8,0
UNC,989.002028176996000,11/13/2025 18:34,1,3,0
UNC,989.002028176996000,11/13/2025 18:30,1,3,0
UNC,989.002028177260000,11/13/2025 18:26,1,7,0
UNC,989.002028177260000,11/13/2025 18:21,1,2,0
UNC,989.002028176996000,11/13/2025 18:19,1,3,0
UNC,989.002028176996000,11/13/2025 18:16,1,3,0
UNC,989.002028177260000,11/13/2025 18:12,1,7,0
UNC,989.002028176996000,11/13/2025 18:11,1,2,0
UNC,989.002028176996000,11/13/2025 18:10,1,2,0
UNC,989.002028176996000,11/13/2025 18:09,1,3,0
UNC,989.002028176996000,11/13/2025 18:08,1,3,0
UNC,989.002028176996000,11/13/2025 18:07,1,3,0
UNC,989.001030620667000,11/13/2025 18:07,1,1,0
UNC,989.001030620667000,11/13/2025 18:06,1,2,0
UNC,989.001030620667000,11/13/2025 18:05,1,3,0
UNC,989.002028176996000,11/13/2025 18:05,1,3,0
UNC,989.002028176996000,11/13/2025 18:03,1,3,0
UNC,989.001040500035000,11/13/2025 18:01,1,7,0
UNC,989.001040500035000,11/13/2025 18:00,1,7,0
UNC,989.002028176996000,11/13/2025 17:59,1,3,0
UNC,989.001040500035000,11/13/2025 17:59,1,7,0
UNC,989.001040500035000,11/13/2025 17:58,1,7,0
UNC,989.002028176996000,11/13/2025 17:57,1,3,0
UNC,989.001040500035000,11/13/2025 17:56,1,7,0
UNC,989.001030620678000,11/13/2025 17:56,1,3,0
UNC,989.001040500035000,11/13/2025 17:55,1,7,0
UNC,989.001030620678000,11/13/2025 17:54,1,7,0
UNC,989.001040500035000,11/13/2025 17:51,1,7,0
UNC,989.001040500035000,11/13/2025 17:50,1,7,0
UNC,989.001040500035000,11/13/2025 17:49,1,7,0
UNC,989.002028176996000,11/13/2025 17:46,1,8,0
UNC,989.001040500035000,11/13/2025 17:46,1,7,0
UNC,989.001040500035000,11/13/2025 17:44,1,7,0
UNC,989.002028176996000,11/13/2025 17:44,1,8,0
UNC,989.001040500035000,11/13/2025 17:43,1,7,0
UNC,989.002028176996000,11/13/2025 17:43,1,8,0
UNC,989.002028176996000,11/13/2025 17:42,1,8,0
UNC,989.001040500035000,11/13/2025 17:42,1,7,0
UNC,989.001040500035000,11/13/2025 17:41,1,7,0
UNC,989.001040500035000,11/13/2025 17:39,1,7,0
UNC,989.001040500035000,11/13/2025 17:37,1,7,0
UNC,989.001040500035000,11/13/2025 17:35,1,7,0
UNC,989.001040500035000,11/13/2025 17:33,1,7,0
UNC,989.001030620304000,11/13/2025 17:31,1,2,0
UNC,989.001030620684000,11/13/2025 17:31,1,2,0
UNC,989.001030620684000,11/13/2025 17:30,1,7,0
UNC,989.001030620304000,11/13/2025 17:30,1,6,0
UNC,989.002028176996000,11/13/2025 17:26,1,3,0
UNC,989.002028176996000,11/13/2025 17:25,1,3,0
UNC,989.001030620282000,11/13/2025 17:24,1,2,0
UNC,989.001040500071000,11/13/2025 17:24,1,2,0
UNC,989.001040500071000,11/13/2025 17:23,1,6,0
UNC,989.001030620282000,11/13/2025 17:23,1,7,0
UNC,989.002028176996000,11/13/2025 17:23,1,3,0
UNC,989.001040500060000,11/13/2025 17:22,1,8,0
UNC,989.002028176695000,11/13/2025 17:20,1,2,0
UNC,989.002028176695000,11/13/2025 17:20,1,3,0
UNC,989.002028176695000,11/13/2025 17:19,1,2,0
UNC,989.001040500060000,11/13/2025 17:19,1,2,0
UNC,989.002028176695000,11/13/2025 17:18,1,3,0
UNC,989.001040500060000,11/13/2025 17:18,1,2,0
UNC,989.002028176695000,11/13/2025 17:17,1,3,0
UNC,989.002028176695000,11/13/2025 17:16,1,3,0
UNC,989.002028176695000,11/13/2025 17:15,1,3,0
UNC,989.001030620330000,11/13/2025 17:13,1,2,0
UNC,989.002028176695000,11/13/2025 17:13,1,3,0
UNC,989.002028176695000,11/13/2025 17:13,1,2,0
UNC,989.002028176695000,11/13/2025 17:12,1,2,0
UNC,989.001030620330000,11/13/2025 17:11,1,2,0
UNC,989.001030620330000,11/13/2025 17:10,1,2,0
UNC,989.001040500060000,11/13/2025 17:09,1,1,0
UNC,989.001030620330000,11/13/2025 17:09,1,2,0
UNC,989.001040500060000,11/13/2025 17:08,1,2,0
UNC,989.001030620330000,11/13/2025 17:07,1,2,0
UNC,989.002028176695000,11/13/2025 17:07,1,1,0
UNC,989.001040500060000,11/13/2025 17:07,1,2,0
UNC,989.001030620330000,11/13/2025 17:06,1,2,0
UNC,989.002028176695000,11/13/2025 17:06,1,1,0
UNC,989.001040500060000,11/13/2025 17:05,1,2,0
UNC,989.002028176695000,11/13/2025 17:05,1,1,0
UNC,989.002028176996000,11/13/2025 17:05,1,3,0
UNC,989.002028176695000,11/13/2025 17:04,1,2,0
UNC,989.001030620330000,11/13/2025 17:04,1,2,0
UNC,989.001030620330000,11/13/2025 17:03,1,2,0
UNC,989.002028176695000,11/13/2025 17:03,1,2,0
UNC,989.001030620330000,11/13/2025 17:02,1,3,0
UNC,989.001040500060000,11/13/2025 17:02,1,2,0
UNC,989.002028176695000,11/13/2025 17:01,1,3,0
UNC,989.001030620330000,11/13/2025 17:01,1,3,0
UNC,989.001040500060000,11/13/2025 17:01,1,2,0
UNC,989.002028176695000,11/13/2025 17:00,1,3,0
UNC,989.001040500060000,11/13/2025 17:00,1,2,0
UNC,989.002028176695000,11/13/2025 16:59,1,3,0
UNC,989.001040500060000,11/13/2025 16:59,1,2,0
UNC,989.002028176695000,11/13/2025 16:58,1,3,0
UNC,989.001040500060000,11/13/2025 16:58,1,2,0
UNC,989.002028176695000,11/13/2025 16:57,1,3,0
UNC,989.001040500060000,11/13/2025 16:57,1,2,0
UNC,989.001040500060000,11/13/2025 16:55,1,2,0
UNC,989.001030620330000,11/13/2025 16:54,1,3,0
UNC,989.002028176695000,11/13/2025 16:54,1,3,0
UNC,989.001040500060000,11/13/2025 16:54,1,6,0
UNC,989.001030620330000,11/13/2025 16:53,1,2,0
UNC,989.002028176695000,11/13/2025 16:52,1,2,0
UNC,989.001030620330000,11/13/2025 16:52,1,3,0
UNC,989.002028176695000,11/13/2025 16:51,1,3,0
UNC,989.001030620330000,11/13/2025 16:51,1,2,0
UNC,989.002028176695000,11/13/2025 16:50,1,3,0
UNC,989.002028176695000,11/13/2025 16:50,1,2,0
UNC,989.001030620330000,11/13/2025 16:49,1,3,0
UNC,989.001030620330000,11/13/2025 16:49,1,2,0
UNC,989.002028176695000,11/13/2025 16:48,1,1,0
UNC,989.002028176695000,11/13/2025 16:47,1,2,0
UNC,989.001030620330000,11/13/2025 16:47,1,3,0
UNC,989.002028176996000,11/13/2025 16:47,1,7,0
UNC,989.001030620330000,11/13/2025 16:46,1,2,0
UNC,989.001030620330000,11/13/2025 16:46,1,3,0
UNC,989.001030620330000,11/13/2025 16:45,1,2,0
UNC,989.002028176996000,11/13/2025 16:45,1,7,0
UNC,989.001030620330000,11/13/2025 16:45,1,3,0
UNC,989.001030620330000,11/13/2025 16:44,1,2,0
UNC,989.002028176695000,11/13/2025 16:43,1,7,0
UNC,989.001030620330000,11/13/2025 16:43,1,3,0
UNC,989.001030620330000,11/13/2025 16:43,1,2,0
UNC,989.002028176695000,11/13/2025 16:42,1,7,0
UNC,989.001030620330000,11/13/2025 16:42,1,3,0
UNC,989.002028176695000,11/13/2025 16:41,1,7,0
UNC,989.001030620330000,11/13/2025 16:41,1,2,0
UNC,989.001030620330000,11/13/2025 16:41,1,3,0
UNC,989.001030620330000,11/13/2025 16:40,1,2,0
UNC,989.001030620330000,11/13/2025 16:40,1,3,0
UNC,989.002028176695000,11/13/2025 16:40,1,7,0
UNC,989.002028176695000,11/13/2025 16:39,1,6,0
UNC,989.001030620330000,11/13/2025 16:39,1,3,0
UNC,989.002028176996000,11/13/2025 16:38,1,3,0
UNC,989.002028176695000,11/13/2025 16:37,1,3,0
UNC,989.002028176996000,11/13/2025 16:37,1,2,0
UNC,989.002028176695000,11/13/2025 16:36,1,3,0
UNC,989.001030620330000,11/13/2025 16:35,1,2,0
UNC,989.002028176695000,11/13/2025 16:35,1,3,0
UNC,989.001030620330000,11/13/2025 16:34,1,2,0
UNC,989.002028176695000,11/13/2025 16:33,1,3,0
UNC,989.001030620330000,11/13/2025 16:33,1,3,0
UNC,989.002028176695000,11/13/2025 16:32,1,3,0
UNC,989.001030620906000,11/13/2025 16:32,1,1,0
UNC,989.001030620906000,11/13/2025 16:32,1,2,0
UNC,989.002028176695000,11/13/2025 16:31,1,2,0
UNC,989.002028176695000,11/13/2025 16:30,1,3,0
UNC,989.002028176695000,11/13/2025 16:30,1,2,0
UNC,989.002028176695000,11/13/2025 16:29,1,2,0
UNC,989.002028176695000,11/13/2025 16:27,1,2,0
UNC,989.002028176695000,11/13/2025 16:26,1,2,0
UNC,989.002028176695000,11/13/2025 16:26,1,3,0
UNC,989.002028176695000,11/13/2025 16:25,1,2,0
UNC,989.002028176695000,11/13/2025 16:25,1,3,0
UNC,989.001030620667000,11/13/2025 16:24,1,3,0
UNC,989.002028176996000,11/13/2025 16:24,1,3,0
UNC,989.001030620330000,11/13/2025 16:23,1,3,0
UNC,989.002028176996000,11/13/2025 16:23,1,2,0
UNC,989.002028176996000,11/13/2025 16:22,1,2,0
UNC,989.002028176695000,11/13/2025 16:21,1,2,0
UNC,989.001030620330000,11/13/2025 16:21,1,2,0
UNC,989.002028176695000,11/13/2025 16:20,1,2,0
UNC,989.002028176695000,11/13/2025 16:19,1,3,0
UNC,989.001030620330000,11/13/2025 16:19,1,2,0
UNC,989.001030620330000,11/13/2025 16:18,1,2,0
UNC,989.002028176695000,11/13/2025 16:18,1,3,0
UNC,989.001030620330000,11/13/2025 16:17,1,2,0
UNC,989.002028176695000,11/13/2025 16:17,1,3,0
UNC,989.001030620330000,11/13/2025 16:16,1,2,0
UNC,989.002028176695000,11/13/2025 16:15,1,3,0
UNC,989.001030620330000,11/13/2025 16:15,1,2,0
UNC,989.002028176695000,11/13/2025 16:14,1,3,0
UNC,989.001030620330000,11/13/2025 16:13,1,2,0
UNC,989.002028176695000,11/13/2025 16:12,1,3,0
UNC,989.001030620330000,11/13/2025 16:12,1,2,0
UNC,989.002028176695000,11/13/2025 16:11,1,3,0
UNC,989.002028176695000,11/13/2025 16:10,1,3,0
UNC,989.001030620330000,11/13/2025 16:10,1,2,0
UNC,989.001030620330000,11/13/2025 16:09,1,2,0
UNC,989.002028176695000,11/13/2025 16:08,1,2,0
UNC,989.001030620330000,11/13/2025 16:07,1,2,0
UNC,989.001030620330000,11/13/2025 16:06,1,3,0
UNC,989.002028176695000,11/13/2025 16:06,1,1,0
UNC,989.002028176695000,11/13/2025 16:05,1,1,0
UNC,989.002028176695000,11/13/2025 16:02,1,6,0
UNC,989.002028176695000,11/13/2025 16:01,1,7,0
UNC,989.002028176996000,11/13/2025 16:01,1,3,0
UNC,989.002028176996000,11/13/2025 16:00,1,2,0
UNC,989.002028176996000,11/13/2025 15:59,1,2,0
UNC,989.002028176695000,11/13/2025 15:59,1,6,0
UNC,989.002028176996000,11/13/2025 15:57,1,2,0
UNC,989.002028176695000,11/13/2025 15:57,1,2,0
UNC,989.002028176695000,11/13/2025 15:55,1,2,0
UNC,989.002028176695000,11/13/2025 15:55,1,3,0
UNC,989.002028176695000,11/13/2025 15:54,1,3,0
UNC,989.002028176695000,11/13/2025 15:53,1,3,0
UNC,989.002028176695000,11/13/2025 15:52,1,2,0
UNC,989.001030620906000,11/13/2025 15:51,1,2,0
UNC,989.002028176695000,11/13/2025 15:51,1,2,0
UNC,989.002028176695000,11/13/2025 15:51,1,1,0
UNC,989.002028176695000,11/13/2025 15:48,1,1,0
UNC,989.002028176695000,11/13/2025 15:47,1,1,0
UNC,989.002028176695000,11/13/2025 15:47,1,2,0
UNC,989.002028176695000,11/13/2025 15:44,1,6,0
UNC,989.002028176996000,11/13/2025 15:43,1,2,0
UNC,989.002028176695000,11/13/2025 15:42,1,7,0
UNC,989.002028176996000,11/13/2025 15:42,1,2,0
UNC,989.002028176695000,11/13/2025 15:41,1,7,0
UNC,989.002028176695000,11/13/2025 15:41,1,6,0
UNC,989.002028176695000,11/13/2025 15:40,1,6,0
UNC,989.002028176695000,11/13/2025 15:40,1,7,0
UNC,989.002028176695000,11/13/2025 15:38,1,7,0
UNC,989.002028176695000,11/13/2025 15:38,1,6,0
UNC,989.001030620667000,11/13/2025 15:38,1,7,0
UNC,989.001030620667000,11/13/2025 15:37,1,8,0
UNC,989.002028176695000,11/13/2025 15:35,1,1,0
UNC,989.001030620667000,11/13/2025 15:35,1,3,0
UNC,989.002028176695000,11/13/2025 15:34,1,1,0
UNC,989.002028176695000,11/13/2025 15:34,1,2,0
UNC,989.001030620906000,11/13/2025 15:33,1,1,0
UNC,989.002028176996000,11/13/2025 15:33,1,3,0
UNC,989.002028176695000,11/13/2025 15:32,1,1,0
UNC,989.002028176695000,11/13/2025 15:32,1,2,0
UNC,989.002028176695000,11/13/2025 15:28,1,1,0
UNC,989.002028176695000,11/13/2025 15:27,1,1,0
UNC,989.002028176695000,11/13/2025 15:26,1,1,0
UNC,989.002028176695000,11/13/2025 15:25,1,1,0
UNC,989.002028176695000,11/13/2025 15:23,1,1,0
UNC,989.002028176695000,11/13/2025 15:22,1,1,0
UNC,989.001030620906000,11/13/2025 15:22,1,7,0
UNC,989.002028176695000,11/13/2025 15:18,1,6,0
UNC,989.002028176695000,11/13/2025 15:16,1,6,0
UNC,989.002028176695000,11/13/2025 15:15,1,6,0
UNC,989.002028176695000,11/13/2025 15:14,1,7,0
UNC,989.002028176695000,11/13/2025 15:11,1,6,0
UNC,989.002028176695000,11/13/2025 15:11,1,7,0
UNC,989.002028176996000,11/13/2025 15:10,1,3,0
UNC,989.002028176695000,11/13/2025 15:10,1,7,0
UNC,989.002028176996000,11/13/2025 15:09,1,3,0
UNC,989.002028176695000,11/13/2025 15:09,1,7,0
UNC,989.002028176695000,11/13/2025 15:09,1,6,0
UNC,989.002028176996000,11/13/2025 15:08,1,2,0
UNC,989.002028176695000,11/13/2025 15:07,1,7,0
UNC,989.002028176695000,11/13/2025 15:07,1,6,0
UNC,989.002028176695000,11/13/2025 15:04,1,1,0
UNC,989.002028176695000,11/13/2025 15:04,1,2,0
UNC,989.002028176695000,11/13/2025 15:03,1,1,0
UNC,989.002028176695000,11/13/2025 15:02,1,2,0
UNC,989.002028176695000,11/13/2025 15:02,1,1,0
UNC,989.002028176695000,11/13/2025 15:00,1,2,0
UNC,989.001040500035000,11/13/2025 14:16,1,7,0
UNC,989.001040500060000,11/13/2025 13:57,1,6,0
UNC,989.001040500060000,11/13/2025 13:57,1,1,0
UNC,989.001030620667000,11/13/2025 13:53,1,1,0
UNC,989.001040500060000,11/13/2025 13:53,1,1,0
UNC,989.001030620667000,11/13/2025 13:52,1,7,0
UNC,989.001040500060000,11/13/2025 13:52,1,7,0
UNC,989.001030620667000,11/13/2025 13:50,1,6,0
UNC,989.001030620667000,11/13/2025 13:49,1,6,0
UNC,989.001030620667000,11/13/2025 13:48,1,7,0
UNC,989.002028176695000,11/13/2025 13:21,1,1,0
UNC,989.002028176695000,11/13/2025 13:19,1,2,0
UNC,989.001030620667000,11/13/2025 13:13,1,7,0
UNC,989.002028176695000,11/13/2025 10:49,1,1,0
UNC,989.002028176695000,11/13/2025 10:47,1,6,0
UNC,989.002028176695000,11/13/2025 10:46,1,6,0
UNC,989.002028176695000,11/13/2025 10:45,1,7,0
UNC,989.002028176695000,11/13/2025 10:44,1,7,0
UNC,989.002028176695000,11/13/2025 10:40,1,6,0
UNC,989.002028176695000,11/13/2025 10:39,1,6,0
UNC,989.002028176695000,11/13/2025 10:38,1,6,0
UNC,989.002028176695000,11/13/2025 10:37,1,6,0
UNC,989.002028176695000,11/13/2025 10:36,1,6,0
UNC,989.002028176695000,11/13/2025 10:35,1,6,0
UNC,989.002028176695000,11/13/2025 10:34,1,6,0
UNC,989.002028176695000,11/13/2025 10:33,1,6,0
UNC,989.002028176695000,11/13/2025 10:32,1,7,0
UNC,989.002028176695000,11/13/2025 10:30,1,6,0
UNC,989.002028176695000,11/13/2025 10:30,1,7,0
UNC,989.002028176695000,11/13/2025 10:29,1,6,0
UNC,989.002028176695000,11/13/2025 10:28,1,6,0
UNC,989.002028176695000,11/13/2025 10:27,1,6,0
UNC,989.002028176695000,11/13/2025 10:26,1,6,0
UNC,989.002028176695000,11/13/2025 10:25,1,6,0
UNC,989.002028176695000,11/13/2025 10:24,1,6,0
UNC,989.002028176695000,11/13/2025 10:23,1,7,0
UNC,989.002028176695000,11/13/2025 10:20,1,7,0
UNC,989.002028176695000,11/13/2025 10:19,1,7,0
UNC,989.002028176695000,11/13/2025 10:18,1,6,0
UNC,989.002028176695000,11/13/2025 10:17,1,6,0
UNC,989.002028176695000,11/13/2025 10:16,1,6,0
UNC,989.002028176695000,11/13/2025 10:15,1,6,0
UNC,989.002028176695000,11/13/2025 10:14,1,7,0
UNC,989.002028176695000,11/13/2025 10:13,1,7,0
UNC,989.002028176695000,11/13/2025 10:11,1,6,0
UNC,989.002028176695000,11/13/2025 10:10,1,6,0
UNC,989.002028176695000,11/13/2025 10:09,1,6,0
UNC,989.002028176695000,11/13/2025 10:08,1,6,0
UNC,989.002028176695000,11/13/2025 10:07,1,6,0
UNC,989.002028176695000,11/13/2025 10:07,1,7,0
UNC,989.002028176695000,11/13/2025 10:06,1,7,0
UNC,989.002028176695000,11/13/2025 10:04,1,7,0
UNC,989.002028176695000,11/13/2025 10:03,1,7,0
UNC,989.002028176695000,11/13/2025 10:02,1,7,0
UNC,989.002028176695000,11/13/2025 10:00,1,6,0
UNC,989.002028176695000,11/13/2025 9:59,1,6,0
UNC,989.002028176695000,11/13/2025 9:58,1,7,0
UNC,989.002028176695000,11/13/2025 9:58,1,6,0
UNC,989.002028176695000,11/13/2025 9:53,1,6,0
UNC,989.002028176695000,11/13/2025 9:52,1,6,0
UNC,989.002028176695000,11/13/2025 9:51,1,6,0
UNC,989.002028176695000,11/13/2025 9:50,1,6,0
UNC,989.002028176695000,11/13/2025 9:49,1,6,0
UNC,989.002028176695000,11/13/2025 9:48,1,6,0
UNC,989.002028176695000,11/13/2025 9:47,1,6,0
UNC,989.002028176695000,11/13/2025 9:46,1,6,0
UNC,989.002028176695000,11/13/2025 9:45,1,6,0
UNC,989.002028176695000,11/13/2025 9:42,1,6,0
UNC,989.002028176695000,11/13/2025 9:41,1,6,0
UNC,989.002028176695000,11/13/2025 9:41,1,7,0
UNC,989.002028176695000,11/13/2025 9:39,1,7,0
UNC,989.002028176695000,11/13/2025 9:38,1,7,0
UNC,989.002028176695000,11/13/2025 9:37,1,7,0
UNC,989.002028176695000,11/13/2025 9:34,1,6,0
UNC,989.002028176695000,11/13/2025 9:34,1,7,0
UNC,989.002028176695000,11/13/2025 9:33,1,7,0
UNC,989.002028176695000,11/13/2025 9:32,1,7,0
UNC,989.002028176695000,11/13/2025 9:31,1,7,0
UNC,989.002028176695000,11/13/2025 9:30,1,6,0
UNC,989.002028176695000,11/13/2025 9:29,1,6,0
UNC,989.002028176695000,11/13/2025 9:28,1,6,0
UNC,989.002028176695000,11/13/2025 9:27,1,6,0
UNC,989.002028176695000,11/13/2025 9:26,1,6,0
UNC,989.002028176695000,11/13/2025 9:25,1,6,0
UNC,989.002028176695000,11/13/2025 9:24,1,7,0
UNC,989.002028176695000,11/13/2025 9:23,1,7,0
UNC,989.002028176695000,11/13/2025 9:22,1,7,0
UNC,989.002028176695000,11/13/2025 9:20,1,2,0
UNC,989.001030620391000,11/13/2025 9:19,1,2,0
UNC,989.002028176695000,11/13/2025 9:19,1,1,0
UNC,989.001030620391000,11/13/2025 9:19,1,1,0
UNC,989.002028176695000,11/13/2025 9:18,1,1,0
UNC,989.001030620391000,11/13/2025 9:18,1,6,0
UNC,989.002028176695000,11/13/2025 9:17,1,2,0
UNC,989.002028176695000,11/13/2025 9:16,1,2,0
UNC,989.002028176695000,11/13/2025 9:15,1,2,0
UNC,989.002028176695000,11/13/2025 9:14,1,2,0
UNC,989.002028176695000,11/13/2025 9:09,1,3,0
UNC,989.002028176695000,11/13/2025 9:04,1,7,0
UNC,989.002028176695000,11/13/2025 9:03,1,7,0
UNC,989.002028176695000,11/13/2025 9:00,1,6,0
UNC,989.002028176695000,11/13/2025 8:59,1,6,0
UNC,989.002028176695000,11/13/2025 8:58,1,7,0
UNC,989.002028176695000,11/13/2025 8:57,1,7,0
UNC,989.002028176695000,11/13/2025 8:56,1,7,0
UNC,989.002028176695000,11/13/2025 8:55,1,7,0
UNC,989.002028176695000,11/13/2025 8:54,1,7,0
UNC,989.002028176695000,11/13/2025 8:53,1,7,0
UNC,989.002028176695000,11/13/2025 8:52,1,7,0
UNC,989.002028176695000,11/13/2025 8:52,1,6,0
UNC,989.002028176695000,11/13/2025 8:50,1,7,0
UNC,989.002028176695000,11/13/2025 8:49,1,7,0
UNC,989.002028176695000,11/13/2025 8:48,1,6,0
UNC,989.002028176695000,11/13/2025 8:47,1,6,0
UNC,989.002028176695000,11/13/2025 8:46,1,6,0
UNC,989.002028176695000,11/13/2025 8:44,1,7,0
UNC,989.002028176695000,11/13/2025 8:43,1,7,0
UNC,989.002028176695000,11/13/2025 8:42,1,7,0
UNC,989.002028176695000,11/13/2025 8:41,1,7,0
UNC,989.002028176695000,11/13/2025 8:40,1,7,0
UNC,989.002028176695000,11/13/2025 8:39,1,7,0
UNC,989.002028176695000,11/13/2025 8:38,1,7,0
UNC,989.002028176695000,11/13/2025 8:37,1,7,0
UNC,989.002028176695000,11/13/2025 8:35,1,7,0
UNC,989.002028176695000,11/13/2025 8:32,1,1,0
UNC,989.002028176695000,11/13/2025 8:31,1,2,0
UNC,989.002028176695000,11/13/2025 8:29,1,3,0
UNC,989.002028176695000,11/13/2025 8:28,1,3,0
UNC,989.002028176695000,11/13/2025 8:28,1,2,0
UNC,989.002028176695000,11/13/2025 8:26,1,3,0
UNC,989.002028176695000,11/13/2025 8:25,1,3,0
UNC,989.002028176695000,11/13/2025 8:24,1,2,0
UNC,989.002028176695000,11/13/2025 8:23,1,2,0
UNC,989.002028176695000,11/13/2025 8:22,1,2,0
UNC,989.002028176695000,11/13/2025 8:21,1,2,0
UNC,989.002028176695000,11/13/2025 8:21,1,1,0
UNC,989.002028176695000,11/13/2025 8:20,1,2,0
UNC,989.002028176695000,11/13/2025 8:19,1,2,0
UNC,989.002028176695000,11/13/2025 8:18,1,2,0
UNC,989.002028176695000,11/13/2025 8:17,1,1,0
UNC,989.002028176695000,11/13/2025 8:16,1,1,0
UNC,989.002028176695000,11/13/2025 8:15,1,1,0
UNC,989.002028176695000,11/13/2025 8:14,1,1,0
UNC,989.002028176695000,11/13/2025 8:13,1,1,0
UNC,989.002028176695000,11/13/2025 8:13,1,2,0
UNC,989.002028176695000,11/13/2025 8:04,1,7,0
UNC,989.002028176695000,11/13/2025 8:03,1,7,0
UNC,989.001030620391000,11/13/2025 8:02,1,2,0
UNC,989.002028176695000,11/13/2025 8:02,1,7,0
UNC,989.001030620391000,11/13/2025 8:02,1,7,0
UNC,989.002028176695000,11/13/2025 8:01,1,7,0
UNC,989.002028176695000,11/13/2025 8:00,1,7,0
UNC,989.001030620709000,11/13/2025 7:59,1,2,0
UNC,989.002028176695000,11/13/2025 7:59,1,7,0
UNC,989.002028176695000,11/13/2025 7:58,1,6,0
UNC,989.002028176695000,11/13/2025 7:56,1,6,0
UNC,989.002028176695000,11/13/2025 7:55,1,6,0
UNC,989.002028176695000,11/13/2025 7:54,1,7,0
UNC,989.002028176695000,11/13/2025 7:53,1,7,0
UNC,989.002028176695000,11/13/2025 7:51,1,6,0
UNC,989.002028176695000,11/13/2025 7:49,1,6,0
UNC,989.002028176695000,11/13/2025 7:48,1,6,0
UNC,989.002028176695000,11/13/2025 7:48,1,7,0
UNC,989.002028176695000,11/13/2025 7:47,1,7,0
UNC,989.002028176695000,11/13/2025 7:46,1,6,0
UNC,989.002028176695000,11/13/2025 7:45,1,7,0
UNC,989.002028176695000,11/13/2025 7:44,1,7,0
UNC,989.002028176695000,11/13/2025 7:43,1,6,0
UNC,989.002028176695000,11/13/2025 7:42,1,6,0
UNC,989.002028176695000,11/13/2025 7:41,1,6,0
UNC,989.002028176695000,11/13/2025 7:40,1,6,0
UNC,989.002028176695000,11/13/2025 7:39,1,7,0
UNC,989.002028176695000,11/13/2025 7:38,1,7,0
UNC,989.002028176842000,11/13/2025 7:31,1,3,0
UNC,989.002028176842000,11/13/2025 7:30,1,7,0
UNC,989.002028176695000,11/13/2025 7:25,1,1,0
UNC,989.002028176695000,11/13/2025 7:24,1,1,0
UNC,989.002028176695000,11/13/2025 7:23,1,2,0
UNC,989.002028176695000,11/13/2025 7:23,1,1,0
UNC,989.001030620709000,11/13/2025 7:22,1,2,0
UNC,989.001030620709000,11/13/2025 7:20,1,2,0
UNC,989.001030620709000,11/13/2025 7:19,1,2,0
UNC,989.001030620709000,11/13/2025 7:19,1,3,0
UNC,989.001030620709000,11/13/2025 7:17,1,2,0
UNC,989.002028176695000,11/13/2025 7:17,1,6,0
UNC,989.001030620709000,11/13/2025 7:16,1,2,0
UNC,989.002028176695000,11/13/2025 7:16,1,6,0
UNC,989.002028176695000,11/13/2025 7:13,1,6,0
UNC,989.002028176695000,11/13/2025 7:12,1,6,0
UNC,989.001040500071000,11/13/2025 7:12,1,6,0
UNC,989.002028176695000,11/13/2025 7:11,1,7,0
UNC,989.001040500071000,11/13/2025 7:11,1,2,0
UNC,989.002028176695000,11/13/2025 7:10,1,6,0
UNC,989.002028176695000,11/13/2025 7:10,1,7,0
UNC,989.002028176695000,11/13/2025 7:09,1,7,0
UNC,989.002028176695000,11/13/2025 7:07,1,7,0
UNC,989.002028176695000,11/13/2025 7:05,1,1,0
UNC,989.001040500055000,11/13/2025 7:05,1,2,0
UNC,989.001040500055000,11/13/2025 7:04,1,7,0
UNC,989.002028176695000,11/13/2025 7:00,1,1,0
UNC,989.002028176695000,11/13/2025 6:59,1,2,0
UNC,989.002028176695000,11/13/2025 6:59,1,1,0
UNC,989.002028176695000,11/13/2025 6:56,1,6,0
UNC,989.002028176695000,11/13/2025 6:55,1,7,0
UNC,989.002028176695000,11/13/2025 6:54,1,7,0
UNC,989.002028176695000,11/13/2025 6:53,1,6,0
UNC,989.002028176695000,11/13/2025 6:53,1,7,0
UNC,989.002028176695000,11/13/2025 6:52,1,7,0
UNC,989.002028176695000,11/13/2025 6:51,1,6,0
UNC,989.001040500055000,11/13/2025 6:51,1,2,0
UNC,989.002028176695000,11/13/2025 6:50,1,1,0
UNC,989.002028176695000,11/13/2025 6:49,1,2,0
UNC,989.002028176695000,11/13/2025 6:48,1,3,0
UNC,989.002028176695000,11/13/2025 6:48,1,2,0
UNC,989.002028176695000,11/13/2025 6:47,1,3,0
UNC,989.001040500071000,11/13/2025 6:47,1,1,0
UNC,989.001040500055000,11/13/2025 6:47,1,1,0
UNC,989.002028176842000,11/13/2025 6:46,1,7,0
UNC,989.002028176842000,11/13/2025 6:46,1,6,0
UNC,989.001040500055000,11/13/2025 6:46,1,6,0
UNC,989.002028176695000,11/13/2025 6:46,1,3,0
UNC,989.001030620667000,11/13/2025 6:45,1,8,0
UNC,989.002028176842000,11/13/2025 6:45,1,6,0
UNC,989.002028176695000,11/13/2025 6:45,1,3,0
UNC,989.002028176695000,11/13/2025 6:44,1,2,0
UNC,989.002028176842000,11/13/2025 6:44,1,1,0
UNC,989.001040500071000,11/13/2025 6:43,1,6,0
UNC,989.001040500071000,11/13/2025 6:42,1,1,0
UNC,989.002028176695000,11/13/2025 6:42,1,3,0
UNC,989.002028176695000,11/13/2025 6:41,1,3,0
UNC,989.002028176695000,11/13/2025 6:40,1,2,0
UNC,989.002028176695000,11/13/2025 6:39,1,2,0
UNC,989.002028176695000,11/13/2025 6:38,1,1,0
UNC,989.002028176695000,11/13/2025 6:38,1,2,0
UNC,989.002028176695000,11/13/2025 6:37,1,1,0
UNC,989.001030620667000,11/13/2025 6:37,1,8,0
UNC,989.002028176695000,11/13/2025 6:36,1,1,0
UNC,989.001040500055000,11/13/2025 6:36,1,6,0
UNC,989.002028176695000,11/13/2025 6:35,1,1,0
UNC,989.001040500055000,11/13/2025 6:35,1,2,0
UNC,989.002028176695000,11/13/2025 6:34,1,1,0
UNC,989.002028176695000,11/13/2025 6:33,1,1,0
UNC,989.001030620391000,11/13/2025 6:31,1,2,0
UNC,989.001030620391000,11/13/2025 6:30,1,7,0
UNC,989.002028176695000,11/13/2025 6:28,1,6,0
UNC,989.001030620391000,11/13/2025 6:26,1,2,0
UNC,989.001030620667000,11/13/2025 6:26,1,8,0
UNC,989.001030620391000,11/13/2025 6:25,1,7,0
UNC,989.001030620667000,11/13/2025 6:25,1,8,0
UNC,989.001030620684000,11/13/2025 6:24,1,7,0
UNC,989.002028176695000,11/13/2025 6:23,1,6,0
UNC,989.001030620667000,11/13/2025 6:23,1,8,0
UNC,989.001030620678000,11/13/2025 6:22,1,6,0
UNC,989.001030620667000,11/13/2025 6:22,1,8,0
UNC,989.002028176695000,11/13/2025 6:22,1,7,0
UNC,989.002028177260000,11/13/2025 6:21,1,2,0
UNC,989.002028176695000,11/13/2025 6:21,1,7,0
UNC,989.001030620667000,11/13/2025 6:20,1,8,0
UNC,989.001030620391000,11/13/2025 6:20,1,2,0
UNC,989.001030620667000,11/13/2025 6:19,1,8,0
UNC,989.001030620451000,11/13/2025 6:19,1,7,0
UNC,989.001030620667000,11/13/2025 6:18,1,8,0
UNC,989.002028176695000,11/13/2025 6:17,1,7,0
UNC,989.001030620667000,11/13/2025 6:17,1,8,0
UNC,989.002028176695000,11/13/2025 6:16,1,6,0
UNC,989.001030620667000,11/13/2025 6:16,1,8,0
UNC,989.001030620667000,11/13/2025 6:15,1,8,0
UNC,989.001030620667000,11/13/2025 6:14,1,9,0
UNC,989.002028176695000,11/13/2025 6:14,1,7,0
UNC,989.001030620667000,11/13/2025 6:13,1,9,0
UNC,989.001030620667000,11/13/2025 6:12,1,9,0
UNC,989.002028176695000,11/13/2025 6:11,1,7,0
UNC,989.001030620667000,11/13/2025 6:11,1,9,0
UNC,989.001030620304000,11/13/2025 6:11,1,6,0
UNC,989.001040500035000,11/13/2025 6:10,1,7,0
UNC,989.001030620667000,11/13/2025 6:10,1,9,0
UNC,989.001030620304000,11/13/2025 6:10,1,1,0
UNC,989.001030620667000,11/13/2025 6:10,1,8,0
UNC,989.001040500035000,11/13/2025 6:09,1,7,0
UNC,989.001030620667000,11/13/2025 6:08,1,6,0
UNC,989.002028176695000,11/13/2025 6:07,1,6,0
UNC,989.002028176695000,11/13/2025 6:07,1,7,0
UNC,989.001040500035000,11/13/2025 6:04,1,7,0
UNC,989.001040500035000,11/13/2025 6:03,1,7,0
UNC,989.001040500035000,11/13/2025 6:02,1,8,0
UNC,989.001040500035000,11/13/2025 6:01,1,8,0
UNC,989.001040500035000,11/13/2025 6:01,1,7,0
UNC,989.001040500035000,11/13/2025 4:44,1,7,0
UNC,989.001040500035000,11/13/2025 4:41,1,7,0
UNC,989.001040500035000,11/13/2025 4:39,1,7,0
UNC,989.001030621167000,11/13/2025 4:31,1,7,0
UNC,989.001030621167000,11/13/2025 4:30,1,2,0
UNC,989.001030621167000,11/13/2025 4:30,1,3,0
UNC,989.001030620667000,11/13/2025 4:26,1,6,0
UNC,989.001030620667000,11/13/2025 4:24,1,2,0
UNC,989.001030620667000,11/13/2025 4:23,1,2,0
UNC,989.001030620667000,11/13/2025 4:22,1,2,0
UNC,989.001030620667000,11/13/2025 4:21,1,2,0
UNC,989.001030620667000,11/13/2025 4:20,1,2,0
UNC,989.001040500035000,11/13/2025 4:16,1,8,0
UNC,989.001030620667000,11/13/2025 4:14,1,2,0
UNC,989.001030620667000,11/13/2025 4:13,1,2,0
UNC,989.001030620667000,11/13/2025 4:12,1,2,0
UNC,989.001030620667000,11/13/2025 4:11,1,2,0
UNC,989.001030620667000,11/13/2025 4:10,1,2,0
UNC,989.001030620667000,11/13/2025 4:09,1,2,0
UNC,989.001030620667000,11/13/2025 4:08,1,2,0
UNC,989.001030620667000,11/13/2025 4:07,1,2,0
UNC,989.001030620667000,11/13/2025 4:06,1,2,0
UNC,989.001030620667000,11/13/2025 4:05,1,2,0
UNC,989.002028176996000,11/13/2025 4:04,1,3,0
UNC,989.001030620667000,11/13/2025 4:04,1,2,0
UNC,989.001030620667000,11/13/2025 4:03,1,2,0
UNC,989.001030620667000,11/13/2025 4:02,1,2,0
UNC,989.001030620667000,11/13/2025 4:01,1,2,0
UNC,989.001030620667000,11/13/2025 4:00,1,2,0
UNC,989.001030620667000,11/13/2025 3:59,1,2,0
UNC,989.001030620667000,11/13/2025 3:58,1,2,0
UNC,989.001030620667000,11/13/2025 3:57,1,2,0
UNC,989.001030620667000,11/13/2025 3:56,1,2,0
UNC,989.001030620667000,11/13/2025 3:55,1,2,0
UNC,989.001030620667000,11/13/2025 3:54,1,2,0
UNC,989.001030620667000,11/13/2025 3:53,1,2,0
UNC,989.001030620667000,11/13/2025 3:52,1,2,0
UNC,989.001030620667000,11/13/2025 3:51,1,2,0
UNC,989.001030620667000,11/13/2025 3:50,1,2,0
UNC,989.001030620667000,11/13/2025 3:49,1,2,0
UNC,989.001030620667000,11/13/2025 3:48,1,2,0
UNC,989.001030620667000,11/13/2025 3:47,1,2,0
UNC,989.001030620667000,11/13/2025 3:46,1,2,0
UNC,989.001030620667000,11/13/2025 3:45,1,2,0
UNC,989.001030620667000,11/13/2025 3:44,1,2,0
UNC,989.001030620667000,11/13/2025 3:43,1,2,0
UNC,989.001030620667000,11/13/2025 3:42,1,2,0
UNC,989.001030620667000,11/13/2025 3:41,1,2,0
UNC,989.001030620667000,11/13/2025 3:40,1,2,0
UNC,989.001030620667000,11/13/2025 3:39,1,2,0
UNC,989.001030620667000,11/13/2025 3:38,1,2,0
UNC,989.001030620667000,11/13/2025 3:37,1,2,0
UNC,989.001030620667000,11/13/2025 3:36,1,2,0
UNC,989.001030620667000,11/13/2025 3:35,1,2,0
UNC,989.001030620667000,11/13/2025 3:34,1,2,0
UNC,989.002028176875000,11/13/2025 3:34,1,3,0
UNC,989.001030620667000,11/13/2025 3:33,1,2,0
UNC,989.001030620667000,11/13/2025 3:32,1,2,0
UNC,989.001030620667000,11/13/2025 3:31,1,2,0
UNC,989.001030620667000,11/13/2025 3:30,1,2,0
UNC,989.001030620667000,11/13/2025 3:29,1,2,0
UNC,989.001030620667000,11/13/2025 3:28,1,2,0
UNC,989.001030620667000,11/13/2025 3:27,1,2,0
UNC,989.001030620667000,11/13/2025 3:26,1,2,0
UNC,989.001030620667000,11/13/2025 3:25,1,2,0
UNC,989.001030620667000,11/13/2025 3:24,1,2,0
UNC,989.001030620667000,11/13/2025 3:23,1,2,0
UNC,989.001030620667000,11/13/2025 3:22,1,2,0
UNC,989.001030620667000,11/13/2025 3:21,1,2,0
UNC,989.001030620667000,11/13/2025 3:20,1,2,0
UNC,989.001030620667000,11/13/2025 3:19,1,2,0
UNC,989.001030620667000,11/13/2025 3:18,1,2,0
UNC,989.001030620667000,11/13/2025 3:17,1,2,0
UNC,989.001030620667000,11/13/2025 3:16,1,2,0
UNC,989.001030620667000,11/13/2025 3:15,1,2,0
UNC,989.001030620667000,11/13/2025 3:14,1,2,0
UNC,989.001030620667000,11/13/2025 3:13,1,2,0
UNC,989.001030620667000,11/13/2025 3:12,1,2,0
UNC,989.001030620667000,11/13/2025 3:11,1,2,0
UNC,989.001030620667000,11/13/2025 3:10,1,2,0
UNC,989.001030620667000,11/13/2025 3:09,1,2,0
UNC,989.001030620667000,11/13/2025 3:08,1,2,0
UNC,989.001030620667000,11/13/2025 3:07,1,2,0
UNC,989.001030620667000,11/13/2025 3:06,1,2,0
UNC,989.001030620667000,11/13/2025 3:05,1,2,0
UNC,989.002028176996000,11/13/2025 3:05,1,3,0
UNC,989.001030620667000,11/13/2025 3:04,1,2,0
UNC,989.001030620667000,11/13/2025 3:03,1,2,0
UNC,989.001030620667000,11/13/2025 3:02,1,2,0
UNC,989.001030620667000,11/13/2025 3:01,1,2,0
UNC,989.001030620667000,11/13/2025 3:00,1,2,0
UNC,989.001030620667000,11/13/2025 2:59,1,2,0
UNC,989.001030620667000,11/13/2025 2:58,1,2,0
UNC,989.001030620667000,11/13/2025 2:57,1,2,0
UNC,989.002028177020000,11/13/2025 2:57,1,1,0
UNC,989.001030620667000,11/13/2025 2:56,1,2,0
UNC,989.001030620667000,11/13/2025 2:55,1,2,0
UNC,989.002028177020000,11/13/2025 2:55,1,7,0
UNC,989.001030620667000,11/13/2025 2:54,1,2,0
UNC,989.001030620667000,11/13/2025 2:53,1,2,0
UNC,989.001030620667000,11/13/2025 2:52,1,2,0
UNC,989.001030620667000,11/13/2025 2:51,1,2,0
UNC,989.001040500035000,11/13/2025 2:51,1,8,0
UNC,989.001030620667000,11/13/2025 2:50,1,2,0
UNC,989.001040500035000,11/13/2025 2:50,1,8,0
UNC,989.001030620667000,11/13/2025 2:49,1,2,0
UNC,989.001040500035000,11/13/2025 2:49,1,8,0
UNC,989.001030620667000,11/13/2025 2:48,1,2,0
UNC,989.001040500035000,11/13/2025 2:48,1,8,0
UNC,989.001030620667000,11/13/2025 2:47,1,2,0
UNC,989.001040500035000,11/13/2025 2:47,1,8,0
UNC,989.001030620667000,11/13/2025 2:46,1,2,0
UNC,989.001040500035000,11/13/2025 2:46,1,8,0
UNC,989.001030620667000,11/13/2025 2:45,1,2,0
UNC,989.001040500035000,11/13/2025 2:45,1,8,0
UNC,989.001030620667000,11/13/2025 2:44,1,2,0
UNC,989.001040500035000,11/13/2025 2:43,1,8,0
UNC,989.001040500035000,11/13/2025 2:43,1,7,0
UNC,989.001030620667000,11/13/2025 2:43,1,2,0
UNC,989.001040500035000,11/13/2025 2:42,1,7,0
UNC,989.001030620667000,11/13/2025 2:42,1,2,0
UNC,989.001040500035000,11/13/2025 2:41,1,7,0
UNC,989.001030620667000,11/13/2025 2:41,1,2,0
UNC,989.001030620667000,11/13/2025 2:40,1,2,0
UNC,989.001030620667000,11/13/2025 2:39,1,2,0
UNC,989.001040500035000,11/13/2025 2:39,1,7,0
UNC,989.001030620667000,11/13/2025 2:38,1,2,0
UNC,989.001040500035000,11/13/2025 2:38,1,6,0
UNC,989.001030620667000,11/13/2025 2:37,1,2,0
UNC,989.001040500035000,11/13/2025 2:37,1,6,0
UNC,989.001030620667000,11/13/2025 2:36,1,2,0
UNC,989.002028176996000,11/13/2025 2:36,1,3,0
UNC,989.001040500035000,11/13/2025 2:36,1,6,0
UNC,989.001030620667000,11/13/2025 2:35,1,2,0
UNC,989.001030620667000,11/13/2025 2:34,1,2,0
UNC,989.002028176996000,11/13/2025 2:34,1,3,0
UNC,989.001030620667000,11/13/2025 2:33,1,2,0
UNC,989.001030620667000,11/13/2025 2:32,1,2,0
UNC,989.001030620667000,11/13/2025 2:31,1,2,0
UNC,989.001030620667000,11/13/2025 2:30,1,2,0
UNC,989.001030620667000,11/13/2025 2:29,1,2,0
UNC,989.001030620667000,11/13/2025 2:28,1,2,0
UNC,989.001030620667000,11/13/2025 2:27,1,2,0
UNC,989.001030620667000,11/13/2025 2:26,1,2,0
UNC,989.001030620667000,11/13/2025 2:25,1,2,0
UNC,989.001030620667000,11/13/2025 2:24,1,2,0
UNC,989.001040500035000,11/13/2025 2:23,1,8,0
UNC,989.001030620667000,11/13/2025 2:23,1,2,0
UNC,989.001030620667000,11/13/2025 2:22,1,2,0
UNC,989.001030620667000,11/13/2025 2:21,1,2,0
UNC,989.001030620667000,11/13/2025 2:20,1,2,0
UNC,989.001030620667000,11/13/2025 2:19,1,2,0
UNC,989.001030620667000,11/13/2025 2:18,1,2,0
UNC,989.001030620667000,11/13/2025 2:17,1,2,0
UNC,989.001030620667000,11/13/2025 2:16,1,2,0
UNC,989.001030620667000,11/13/2025 2:15,1,2,0
UNC,989.001030620667000,11/13/2025 2:14,1,2,0
UNC,989.001030620667000,11/13/2025 2:13,1,2,0
UNC,989.001030620667000,11/13/2025 2:12,1,2,0
UNC,989.001030620667000,11/13/2025 2:11,1,2,0
UNC,989.001040500055000,11/13/2025 2:11,1,1,0
UNC,989.001030620667000,11/13/2025 2:08,1,7,0
UNC,989.001030620667000,11/13/2025 2:06,1,6,0
UNC,989.001040500035000,11/13/2025 2:06,1,8,0
UNC,989.001030620667000,11/13/2025 2:05,1,6,0
UNC,989.001030620667000,11/13/2025 2:04,1,6,0
UNC,989.002028176859000,11/13/2025 1:44,1,2,0
UNC,989.002028176859000,11/13/2025 1:43,1,6,0
UNC,989.001040500055000,11/13/2025 1:38,1,6,0
UNC,989.001040500055000,11/13/2025 1:37,1,6,0
UNC,989.001040500055000,11/13/2025 1:36,1,6,0
UNC,989.002028176996000,11/13/2025 1:22,1,3,0
UNC,989.002028176996000,11/13/2025 1:18,1,3,0
UNC,989.002028176996000,11/13/2025 1:17,1,3,0
UNC,989.002028176996000,11/13/2025 1:13,1,3,0
UNC,989.001040500055000,11/13/2025 1:13,1,7,0
UNC,989.001040500055000,11/13/2025 1:12,1,7,0
UNC,989.001040500055000,11/13/2025 1:06,1,7,0
UNC,989.001040500055000,11/13/2025 1:05,1,7,0
UNC,989.001040500055000,11/13/2025 1:02,1,7,0
UNC,989.002028176996000,11/13/2025 1:02,1,3,0
UNC,989.001040500055000,11/13/2025 1:00,1,7,0
UNC,989.001040500055000,11/13/2025 0:57,1,7,0
UNC,989.001040500055000,11/13/2025 0:56,1,7,0
UNC,989.002028176996000,11/13/2025 0:55,1,3,0
UNC,989.001040500055000,11/13/2025 0:55,1,7,0
UNC,989.001040500035000,11/13/2025 0:54,1,7,0
UNC,989.001040500055000,11/13/2025 0:52,1,7,0
UNC,989.001040500035000,11/13/2025 0:52,1,7,0
UNC,989.001040500035000,11/13/2025 0:51,1,7,0
UNC,989.001040500035000,11/13/2025 0:50,1,7,0
UNC,989.001040500035000,11/13/2025 0:49,1,7,0
UNC,989.001040500035000,11/13/2025 0:46,1,7,0
UNC,989.001040500055000,11/13/2025 0:46,1,7,0
UNC,989.001040500055000,11/13/2025 0:45,1,7,0
UNC,989.001040500035000,11/13/2025 0:44,1,7,0
UNC,989.001040500035000,11/13/2025 0:43,1,7,0
UNC,989.001040500035000,11/13/2025 0:42,1,7,0
UNC,989.001040500035000,11/13/2025 0:41,1,7,0
UNC,989.002028176996000,11/13/2025 0:41,1,3,0
UNC,989.001040500035000,11/13/2025 0:40,1,7,0
UNC,989.001040500055000,11/13/2025 0:38,1,7,0
UNC,989.002028176996000,11/13/2025 0:38,1,3,0
UNC,989.001040500055000,11/13/2025 0:37,1,7,0
UNC,989.001040500055000,11/13/2025 0:37,1,6,0
UNC,989.001040500055000,11/13/2025 0:36,1,7,0
UNC,989.001040500035000,11/13/2025 0:31,1,7,0
UNC,989.001030620667000,11/13/2025 0:28,1,6,0
UNC,989.001030620667000,11/13/2025 0:27,1,6,0
UNC,989.001040500055000,11/13/2025 0:24,1,7,0
UNC,989.001040500055000,11/13/2025 0:23,1,7,0
UNC,989.002028176996000,11/13/2025 0:02,1,3,0
UNC,989.002028176996000,11/12/2025 23:59,1,3,0
UNC,989.001040500035000,11/12/2025 23:58,1,8,0
UNC,989.002028177020000,11/12/2025 23:56,1,6,0
UNC,989.002028177020000,11/12/2025 23:56,1,7,0
UNC,989.002028177020000,11/12/2025 23:54,1,3,0
UNC,989.001030621377000,11/12/2025 23:53,1,2,0
UNC,989.002028177020000,11/12/2025 23:51,1,3,0
UNC,989.002028177020000,11/12/2025 23:50,1,3,0
UNC,989.002028177020000,11/12/2025 23:50,1,2,0
UNC,989.002028177020000,11/12/2025 23:49,1,2,0
UNC,989.002028177020000,11/12/2025 23:49,1,3,0
UNC,989.001030621377000,11/12/2025 23:49,1,7,0
UNC,989.001030621377000,11/12/2025 23:46,1,7,0
UNC,989.001030621377000,11/12/2025 23:44,1,7,0
UNC,989.001030620667000,11/12/2025 23:37,1,7,0
UNC,989.001030620667000,11/12/2025 23:36,1,8,0
UNC,989.001030620667000,11/12/2025 23:34,1,8,0
UNC,989.001030620667000,11/12/2025 23:34,1,9,0
UNC,989.001030620667000,11/12/2025 23:31,1,9,0
UNC,989.001030621386000,11/12/2025 23:25,1,3,0
UNC,989.001030621386000,11/12/2025 23:23,1,3,0
UNC,989.001030621386000,11/12/2025 23:22,1,2,0
UNC,989.002028176996000,11/12/2025 23:21,1,2,0
UNC,989.001030621167000,11/12/2025 23:21,1,1,0
UNC,989.002028176996000,11/12/2025 23:09,1,3,0
UNC,989.002028176996000,11/12/2025 23:07,1,2,0
UNC,989.002028176996000,11/12/2025 23:06,1,2,0
UNC,989.002028176996000,11/12/2025 23:05,1,2,0
UNC,989.001030620667000,11/12/2025 23:04,1,8,0
UNC,989.002028176996000,11/12/2025 23:04,1,2,0
UNC,989.002028176996000,11/12/2025 23:03,1,2,0
UNC,989.002028176996000,11/12/2025 23:02,1,2,0
UNC,989.002028176996000,11/12/2025 23:00,1,2,0
UNC,989.002028176996000,11/12/2025 22:59,1,2,0
UNC,989.002028176996000,11/12/2025 22:58,1,2,0
UNC,989.002028176996000,11/12/2025 22:57,1,2,0
UNC,989.002028176996000,11/12/2025 22:56,1,2,0
UNC,989.002028176996000,11/12/2025 22:55,1,2,0
UNC,989.002028176996000,11/12/2025 22:53,1,2,0
UNC,989.002028176996000,11/12/2025 22:52,1,2,0
UNC,989.002028176996000,11/12/2025 22:51,1,2,0
UNC,989.002028176996000,11/12/2025 22:49,1,2,0
UNC,989.002028176996000,11/12/2025 22:48,1,2,0
UNC,989.001030620667000,11/12/2025 22:47,1,2,0
UNC,989.002028176996000,11/12/2025 22:46,1,2,0
UNC,989.001030620667000,11/12/2025 22:44,1,2,0
UNC,989.001030620667000,11/12/2025 22:42,1,2,0
UNC,989.002028176996000,11/12/2025 22:41,1,2,0
UNC,989.001030620667000,11/12/2025 22:41,1,2,0
UNC,989.001030620667000,11/12/2025 22:40,1,2,0
UNC,989.001030620667000,11/12/2025 22:39,1,2,0
UNC,989.001030620667000,11/12/2025 22:38,1,2,0
UNC,989.001030620667000,11/12/2025 22:37,1,2,0
UNC,989.001030620667000,11/12/2025 22:36,1,2,0
UNC,989.001030620667000,11/12/2025 22:35,1,2,0
UNC,989.001030620667000,11/12/2025 22:34,1,2,0
UNC,989.001030620667000,11/12/2025 22:33,1,2,0
UNC,989.001030620667000,11/12/2025 22:32,1,2,0
UNC,989.001030620667000,11/12/2025 22:31,1,2,0
UNC,989.001030621167000,11/12/2025 22:30,1,7,0
UNC,989.001030620667000,11/12/2025 22:30,1,2,0
UNC,989.001030620667000,11/12/2025 22:29,1,2,0
UNC,989.001030621167000,11/12/2025 22:28,1,7,0
UNC,989.001030620667000,11/12/2025 22:28,1,2,0
UNC,989.001030621167000,11/12/2025 22:27,1,7,0
UNC,989.001030620667000,11/12/2025 22:27,1,2,0
UNC,989.001030620667000,11/12/2025 22:23,1,2,0
UNC,989.001030620667000,11/12/2025 22:22,1,2,0
UNC,989.001030620667000,11/12/2025 22:21,1,2,0
UNC,989.001030620667000,11/12/2025 22:20,1,2,0
UNC,989.001030620667000,11/12/2025 22:18,1,2,0
UNC,989.001030620667000,11/12/2025 22:17,1,2,0
UNC,989.001040500035000,11/12/2025 22:12,1,8,0
UNC,989.001040500056000,11/12/2025 22:02,1,2,0
UNC,989.001030620667000,11/12/2025 21:51,1,2,0
UNC,989.001030620667000,11/12/2025 21:50,1,2,0
UNC,989.001030620667000,11/12/2025 21:49,1,2,0
UNC,989.002028176907000,11/12/2025 21:46,1,2,0
UNC,989.001030620667000,11/12/2025 21:46,1,2,0
UNC,989.002028176907000,11/12/2025 21:44,1,7,0
UNC,989.001030620667000,11/12/2025 21:44,1,2,0
UNC,989.001030620667000,11/12/2025 21:43,1,2,0
UNC,989.001030620667000,11/12/2025 21:42,1,3,0
UNC,989.001030620667000,11/12/2025 21:41,1,2,0
UNC,989.001030620391000,11/12/2025 21:41,1,2,0
UNC,989.001030620391000,11/12/2025 21:40,1,6,0
UNC,989.001030620667000,11/12/2025 21:30,1,2,0
UNC,989.001030620391000,11/12/2025 21:30,1,6,0
UNC,989.001030620667000,11/12/2025 21:29,1,2,0
UNC,989.001030620667000,11/12/2025 21:28,1,3,0
UNC,989.001030620667000,11/12/2025 21:27,1,2,0
UNC,989.001030620667000,11/12/2025 21:25,1,2,0
UNC,989.001030620391000,11/12/2025 21:24,1,6,0
UNC,989.002028176996000,11/12/2025 21:21,1,3,0
UNC,989.001030620667000,11/12/2025 21:21,1,2,0
UNC,989.001030620667000,11/12/2025 21:20,1,2,0
UNC,989.001030620667000,11/12/2025 21:19,1,2,0
UNC,989.001030620667000,11/12/2025 21:18,1,2,0
UNC,989.001030620667000,11/12/2025 21:17,1,2,0
UNC,989.001030620667000,11/12/2025 21:16,1,2,0
UNC,989.001030620667000,11/12/2025 21:15,1,1,0
UNC,989.001030620667000,11/12/2025 21:15,1,2,0
UNC,989.001030620667000,11/12/2025 21:12,1,2,0
UNC,989.001030620667000,11/12/2025 21:11,1,2,0
UNC,989.001030620667000,11/12/2025 21:10,1,2,0
UNC,989.001030620667000,11/12/2025 21:09,1,2,0
UNC,989.001030620667000,11/12/2025 21:08,1,2,0
UNC,989.001030620667000,11/12/2025 21:08,1,1,0
UNC,989.001040500120000,11/12/2025 20:45,1,2,0
UNC,989.001030621332000,11/12/2025 20:44,1,2,0
UNC,989.001040500120000,11/12/2025 20:44,1,2,0
UNC,989.002028176996000,11/12/2025 20:43,1,2,0
UNC,989.001040500120000,11/12/2025 20:43,1,7,0
UNC,989.002028176996000,11/12/2025 20:42,1,2,0
UNC,989.002028176996000,11/12/2025 20:41,1,2,0
UNC,989.002028176996000,11/12/2025 20:40,1,2,0
UNC,989.002028176996000,11/12/2025 20:38,1,2,0
UNC,989.002028176996000,11/12/2025 20:37,1,2,0
UNC,989.001030620667000,11/12/2025 20:37,1,1,0
UNC,989.002028176996000,11/12/2025 20:36,1,2,0
UNC,989.002028176996000,11/12/2025 20:35,1,2,0
UNC,989.002028176996000,11/12/2025 20:34,1,2,0
UNC,989.002028176996000,11/12/2025 20:33,1,3,0
UNC,989.002028176996000,11/12/2025 20:32,1,3,0
UNC,989.002028176996000,11/12/2025 20:30,1,3,0
UNC,989.002028176996000,11/12/2025 20:29,1,3,0
UNC,989.002028176996000,11/12/2025 20:28,1,3,0
UNC,989.002028176996000,11/12/2025 20:27,1,3,0
UNC,989.002028176996000,11/12/2025 20:26,1,3,0
UNC,989.001030621332000,11/12/2025 20:25,1,7,0
UNC,989.002028176996000,11/12/2025 20:24,1,3,0
UNC,989.002028176996000,11/12/2025 20:18,1,3,0
UNC,989.002028176996000,11/12/2025 19:55,1,3,0
UNC,989.002028176996000,11/12/2025 19:54,1,3,0
UNC,989.002028176996000,11/12/2025 19:46,1,3,0
UNC,989.002028176996000,11/12/2025 19:42,1,3,0
UNC,989.001040500035000,11/12/2025 19:42,1,8,0
UNC,989.001040500035000,11/12/2025 19:41,1,8,0
UNC,989.001040500035000,11/12/2025 19:40,1,8,0
UNC,989.002028176996000,11/12/2025 19:39,1,3,0
UNC,989.001040500035000,11/12/2025 19:39,1,8,0
UNC,989.001040500035000,11/12/2025 19:37,1,8,0
UNC,989.001040500035000,11/12/2025 19:36,1,8,0
UNC,989.001040500035000,11/12/2025 19:35,1,8,0
UNC,989.002028176996000,11/12/2025 19:34,1,3,0
UNC,989.001040500035000,11/12/2025 19:34,1,8,0
UNC,989.001040500035000,11/12/2025 19:33,1,8,0
UNC,989.002028176996000,11/12/2025 19:30,1,3,0
UNC,989.001030620667000,11/12/2025 19:23,1,6,0
UNC,989.002028176996000,11/12/2025 19:14,1,3,0
UNC,989.002028176996000,11/12/2025 19:12,1,3,0
UNC,989.002028176996000,11/12/2025 19:09,1,3,0
UNC,989.002028176996000,11/12/2025 19:07,1,3,0
UNC,989.002028176996000,11/12/2025 19:06,1,3,0
UNC,989.001030620667000,11/12/2025 19:04,1,6,0
UNC,989.001030620451000,11/12/2025 19:03,1,2,0
UNC,989.001030620451000,11/12/2025 19:02,1,7,0
UNC,989.001030620282000,11/12/2025 18:44,1,2,0
UNC,989.001030620353000,11/12/2025 18:39,1,7,0
UNC,989.001030620353000,11/12/2025 18:38,1,2,0
UNC,989.001040500035000,11/12/2025 18:38,1,3,0
UNC,989.002028176996000,11/12/2025 18:30,1,3,0
UNC,989.001030620451000,11/12/2025 18:29,1,7,0
UNC,989.002028176996000,11/12/2025 18:22,1,3,0
UNC,989.001040500035000,11/12/2025 18:20,1,3,0
UNC,989.001040500035000,11/12/2025 18:19,1,2,0
UNC,989.001040500035000,11/12/2025 18:18,1,2,0
UNC,989.001040500035000,11/12/2025 18:17,1,2,0
UNC,989.001030620451000,11/12/2025 18:15,1,7,0
UNC,989.002028176996000,11/12/2025 18:12,1,3,0
UNC,989.001040500070000,11/12/2025 18:09,1,1,0
UNC,989.001040500070000,11/12/2025 18:07,1,7,0
UNC,989.002028176952000,11/12/2025 18:06,1,0B,0
UNC,989.001040500070000,11/12/2025 18:05,1,7,0
UNC,989.001040500070000,11/12/2025 18:03,1,3,0
UNC,989.001040500035000,11/12/2025 18:03,1,3,0
UNC,989.002028176996000,11/12/2025 18:03,1,3,0
UNC,989.001040500070000,11/12/2025 18:02,1,3,0
UNC,989.001040500070000,11/12/2025 18:02,1,2,0
UNC,989.001040500035000,11/12/2025 17:59,1,3,0
UNC,989.001030620667000,11/12/2025 17:57,1,6,0
UNC,989.001040500035000,11/12/2025 17:56,1,3,0
UNC,989.001040500035000,11/12/2025 17:55,1,3,0
UNC,989.001040500035000,11/12/2025 17:52,1,3,0
UNC,989.001030620417000,11/12/2025 17:52,1,6,0
UNC,989.001030620282000,11/12/2025 17:51,1,7,0
UNC,989.001040500035000,11/12/2025 17:51,1,3,0
UNC,989.001040500035000,11/12/2025 17:50,1,3,0
UNC,989.001040500035000,11/12/2025 17:49,1,2,0
UNC,989.001030620667000,11/12/2025 17:49,1,6,0
UNC,989.001040500035000,11/12/2025 17:46,1,2,0
UNC,989.001030620667000,11/12/2025 17:44,1,6,0
UNC,989.001030620417000,11/12/2025 17:43,1,2,0
UNC,989.001030620678000,11/12/2025 17:43,1,3,0
UNC,989.001030620678000,11/12/2025 17:43,1,2,0
UNC,989.001030620678000,11/12/2025 17:42,1,7,0
UNC,989.001030620456000,11/12/2025 17:40,1,2,0
UNC,989.001030620417000,11/12/2025 17:39,1,2,0
UNC,989.001030620417000,11/12/2025 17:36,1,3,0
UNC,989.001040500035000,11/12/2025 17:36,1,2,0
UNC,989.001040500035000,11/12/2025 17:34,1,2,0
UNC,989.001030620684000,11/12/2025 17:33,1,2,0
UNC,989.001030620684000,11/12/2025 17:32,1,6,0
UNC,989.001030620906000,11/12/2025 17:29,1,1,0
UNC,989.002028176695000,11/12/2025 17:29,1,2,0
UNC,989.002028176695000,11/12/2025 17:27,1,1,0
UNC,989.001030620304000,11/12/2025 17:26,1,2,0
UNC,989.002028177108000,11/12/2025 17:26,1,2,0
UNC,989.002028176695000,11/12/2025 17:26,1,1,0
UNC,989.002028177108000,11/12/2025 17:25,1,7,0
UNC,989.002028176695000,11/12/2025 17:25,1,1,0
UNC,989.001030620456000,11/12/2025 17:24,1,3,0
UNC,989.001030620304000,11/12/2025 17:24,1,6,0
UNC,989.002028176695000,11/12/2025 17:24,1,1,0
UNC,989.002028176695000,11/12/2025 17:22,1,1,0
UNC,989.002028176695000,11/12/2025 17:21,1,1,0
UNC,989.002028177009000,11/12/2025 17:19,1,1,0
UNC,989.002028177009000,11/12/2025 17:19,1,6,0
UNC,989.001030620906000,11/12/2025 17:18,1,7,0
UNC,989.001030620906000,11/12/2025 17:18,1,6,0
UNC,989.002028176695000,11/12/2025 17:16,1,6,0
UNC,989.001040500035000,11/12/2025 17:16,1,7,0
UNC,989.002028176996000,11/12/2025 17:15,1,3,0
UNC,989.002028176695000,11/12/2025 17:15,1,6,0
UNC,989.001030620709000,11/12/2025 17:15,1,2,0
UNC,989.001040500035000,11/12/2025 17:14,1,7,0
UNC,989.002028176695000,11/12/2025 17:14,1,6,0
UNC,989.001030620709000,11/12/2025 17:14,1,2,0
UNC,989.002028176695000,11/12/2025 17:13,1,7,0
UNC,989.001030620709000,11/12/2025 17:13,1,2,0
UNC,989.002028176695000,11/12/2025 17:12,1,7,0
UNC,989.001040500035000,11/12/2025 17:12,1,7,0
UNC,989.001030620709000,11/12/2025 17:11,1,2,0
UNC,989.001030620906000,11/12/2025 17:11,1,7,0
UNC,989.002028176842000,11/12/2025 17:11,1,2,0
UNC,989.001040500071000,11/12/2025 17:11,1,2,0
UNC,989.001040500035000,11/12/2025 17:10,1,7,0
UNC,989.001030620906000,11/12/2025 17:10,1,7,0
UNC,989.002028176695000,11/12/2025 17:10,1,7,0
UNC,989.001030620709000,11/12/2025 17:10,1,2,0
UNC,989.001030620906000,11/12/2025 17:10,1,6,0
UNC,989.002028176842000,11/12/2025 17:09,1,7,0
UNC,989.001040500035000,11/12/2025 17:09,1,7,0
UNC,989.001030620709000,11/12/2025 17:09,1,2,0
UNC,989.001040500035000,11/12/2025 17:08,1,7,0
UNC,989.002028176695000,11/12/2025 17:08,1,6,0
UNC,989.001030620709000,11/12/2025 17:08,1,2,0
UNC,989.002028176695000,11/12/2025 17:07,1,7,0
UNC,989.001040500071000,11/12/2025 17:07,1,7,0
UNC,989.001030620709000,11/12/2025 17:06,1,2,0
UNC,989.001040500035000,11/12/2025 17:06,1,8,0
UNC,989.001030620709000,11/12/2025 17:05,1,2,0
UNC,989.002028176695000,11/12/2025 17:05,1,6,0
UNC,989.001040500035000,11/12/2025 17:05,1,7,0
UNC,989.002028176695000,11/12/2025 17:04,1,6,0
UNC,989.001040500035000,11/12/2025 17:04,1,7,0
UNC,989.001030620709000,11/12/2025 17:04,1,2,0
UNC,989.002028176695000,11/12/2025 17:03,1,6,0
UNC,989.001040500035000,11/12/2025 17:03,1,7,0
UNC,989.001030620709000,11/12/2025 17:03,1,2,0
UNC,989.002028176695000,11/12/2025 17:03,1,7,0
UNC,989.001030620709000,11/12/2025 17:02,1,2,0
UNC,989.002028176695000,11/12/2025 17:02,1,8,0
UNC,989.002028176695000,11/12/2025 17:02,1,7,0
UNC,989.001030620709000,11/12/2025 17:01,1,2,0
UNC,989.002028176695000,11/12/2025 17:01,1,7,0
UNC,989.002028176996000,11/12/2025 17:01,1,3,0
UNC,989.001030620709000,11/12/2025 17:00,1,2,0
UNC,989.002028176695000,11/12/2025 17:00,1,7,0
UNC,989.001030620709000,11/12/2025 16:59,1,2,0
UNC,989.002028176695000,11/12/2025 16:58,1,7,0
UNC,989.001030620709000,11/12/2025 16:58,1,2,0
UNC,989.002028176695000,11/12/2025 16:57,1,7,0
UNC,989.001030620709000,11/12/2025 16:56,1,2,0
UNC,989.002028176695000,11/12/2025 16:56,1,7,0
UNC,989.001030620906000,11/12/2025 16:55,1,2,0
UNC,989.002028176695000,11/12/2025 16:55,1,7,0
UNC,989.001030620709000,11/12/2025 16:55,1,2,0
UNC,989.001030620709000,11/12/2025 16:53,1,2,0
UNC,989.001030620709000,11/12/2025 16:52,1,2,0
UNC,989.002028176695000,11/12/2025 16:52,1,1,0
UNC,989.002028176695000,11/12/2025 16:51,1,2,0
UNC,989.001030620709000,11/12/2025 16:51,1,2,0
UNC,989.002028176695000,11/12/2025 16:51,1,1,0
UNC,989.001030620709000,11/12/2025 16:50,1,2,0
UNC,989.002028176695000,11/12/2025 16:50,1,1,0
UNC,989.001030620709000,11/12/2025 16:49,1,2,0
UNC,989.002028176695000,11/12/2025 16:49,1,1,0
UNC,989.001030620709000,11/12/2025 16:48,1,2,0
UNC,989.002028176996000,11/12/2025 16:48,1,2,0
UNC,989.002028176695000,11/12/2025 16:47,1,1,0
UNC,989.002028176695000,11/12/2025 16:47,1,2,0
UNC,989.002028176695000,11/12/2025 16:46,1,1,0
UNC,989.001030620709000,11/12/2025 16:46,1,2,0
UNC,989.001030620709000,11/12/2025 16:45,1,2,0
UNC,989.001030620709000,11/12/2025 16:44,1,2,0
UNC,989.001030620709000,11/12/2025 16:43,1,2,0
UNC,989.002028176695000,11/12/2025 16:43,1,6,0
UNC,989.001030620709000,11/12/2025 16:42,1,2,0
UNC,989.002028176695000,11/12/2025 16:42,1,6,0
UNC,989.002028176996000,11/12/2025 16:41,1,3,0
UNC,989.001030620709000,11/12/2025 16:41,1,2,0
UNC,989.002028176695000,11/12/2025 16:41,1,6,0
UNC,989.001030620709000,11/12/2025 16:40,1,2,0
UNC,989.002028176695000,11/12/2025 16:40,1,6,0
UNC,989.002028176842000,11/12/2025 16:40,1,7,0
UNC,989.002028176842000,11/12/2025 16:39,1,2,0
UNC,989.001030620709000,11/12/2025 16:39,1,2,0
UNC,989.002028176695000,11/12/2025 16:39,1,6,0
UNC,989.001030620709000,11/12/2025 16:38,1,2,0
UNC,989.001030620709000,11/12/2025 16:36,1,2,0
UNC,989.001030620709000,11/12/2025 16:35,1,2,0
UNC,989.002028176695000,11/12/2025 16:32,1,7,0
UNC,989.002028176695000,11/12/2025 16:32,1,6,0
UNC,989.002028176695000,11/12/2025 16:28,1,7,0
UNC,989.002028176695000,11/12/2025 16:27,1,7,0
UNC,989.002028176695000,11/12/2025 16:25,1,6,0
UNC,989.002028176695000,11/12/2025 16:24,1,7,0
UNC,989.001030620709000,11/12/2025 16:23,1,2,0
UNC,989.002028176695000,11/12/2025 16:23,1,7,0
UNC,989.002028176695000,11/12/2025 16:23,1,6,0
UNC,989.002028176695000,11/12/2025 16:22,1,6,0
UNC,989.002028176695000,11/12/2025 16:18,1,2,0
UNC,989.002028176695000,11/12/2025 16:18,1,1,0
UNC,989.002028176695000,11/12/2025 16:17,1,1,0
UNC,989.002028176695000,11/12/2025 16:16,1,2,0
UNC,989.002028176695000,11/12/2025 16:16,1,1,0
UNC,989.002028176695000,11/12/2025 16:11,1,7,0
UNC,989.002028176695000,11/12/2025 16:09,1,7,0
UNC,989.002028176996000,11/12/2025 16:08,1,3,0
UNC,989.002028176695000,11/12/2025 16:08,1,7,0
UNC,989.002028176695000,11/12/2025 16:07,1,6,0
UNC,989.002028176695000,11/12/2025 16:06,1,7,0
UNC,989.002028176695000,11/12/2025 16:05,1,7,0
UNC,989.002028176695000,11/12/2025 16:04,1,7,0
UNC,989.002028176695000,11/12/2025 16:03,1,7,0
UNC,989.002028176695000,11/12/2025 15:59,1,6,0
UNC,989.002028176695000,11/12/2025 15:55,1,6,0
UNC,989.002028176695000,11/12/2025 15:55,1,7,0
UNC,989.002028176695000,11/12/2025 15:53,1,6,0
UNC,989.002028176695000,11/12/2025 15:52,1,6,0
UNC,989.002028176695000,11/12/2025 15:50,1,2,0
UNC,989.002028176695000,11/12/2025 15:50,1,1,0
UNC,989.002028176695000,11/12/2025 15:49,1,1,0
UNC,989.002028176695000,11/12/2025 15:49,1,2,0
UNC,989.002028176996000,11/12/2025 15:45,1,3,0
UNC,989.002028176695000,11/12/2025 15:43,1,6,0
UNC,989.002028176695000,11/12/2025 15:43,1,7,0
UNC,989.002028176695000,11/12/2025 15:42,1,7,0
UNC,989.002028176695000,11/12/2025 15:41,1,7,0
UNC,989.002028176695000,11/12/2025 15:40,1,6,0
UNC,989.002028176695000,11/12/2025 15:38,1,7,0
UNC,989.002028176695000,11/12/2025 15:38,1,6,0
UNC,989.002028176695000,11/12/2025 15:37,1,7,0
UNC,989.002028176695000,11/12/2025 15:37,1,6,0
UNC,989.002028176695000,11/12/2025 15:34,1,1,0
UNC,989.002028176695000,11/12/2025 15:33,1,1,0
UNC,989.002028176695000,11/12/2025 15:33,1,2,0
UNC,989.002028176695000,11/12/2025 15:32,1,1,0
UNC,989.002028176695000,11/12/2025 15:31,1,2,0
UNC,989.002028176695000,11/12/2025 15:31,1,1,0
UNC,989.002028176695000,11/12/2025 15:30,1,1,0
UNC,989.002028176695000,11/12/2025 15:28,1,1,0
UNC,989.002028176695000,11/12/2025 15:27,1,1,0
UNC,989.002028176695000,11/12/2025 15:27,1,2,0
UNC,989.002028176996000,11/12/2025 15:26,1,2,0
UNC,989.002028176695000,11/12/2025 15:23,1,6,0
UNC,989.002028176695000,11/12/2025 15:23,1,7,0
UNC,989.002028176695000,11/12/2025 15:22,1,7,0
UNC,989.002028176695000,11/12/2025 15:21,1,6,0
UNC,989.002028176695000,11/12/2025 15:20,1,6,0
UNC,989.002028176695000,11/12/2025 15:18,1,2,0
UNC,989.002028176695000,11/12/2025 15:17,1,1,0
UNC,989.002028176695000,11/12/2025 15:16,1,1,0
UNC,989.002028176695000,11/12/2025 15:15,1,1,0
UNC,989.002028176695000,11/12/2025 15:14,1,2,0
UNC,989.002028176695000,11/12/2025 15:13,1,1,0
UNC,989.002028176695000,11/12/2025 15:13,1,2,0
UNC,989.002028176695000,11/12/2025 15:08,1,6,0
UNC,989.002028176695000,11/12/2025 15:07,1,7,0
UNC,989.002028176695000,11/12/2025 15:07,1,6,0
UNC,989.002028176695000,11/12/2025 15:06,1,6,0
UNC,989.002028176695000,11/12/2025 15:06,1,7,0
UNC,989.002028176695000,11/12/2025 15:05,1,6,0
UNC,989.002028176691000,11/12/2025 15:05,1,2,0
UNC,989.002028176695000,11/12/2025 15:03,1,7,0
UNC,989.002028176695000,11/12/2025 15:02,1,7,0
UNC,989.002028176695000,11/12/2025 15:01,1,7,0
UNC,989.002028176691000,11/12/2025 14:59,1,7,0
UNC,989.002028176691000,11/12/2025 14:58,1,7,0
UNC,989.002028176691000,11/12/2025 14:58,1,6,0
UNC,989.002028176691000,11/12/2025 14:56,1,6,0
UNC,989.002028176695000,11/12/2025 14:56,1,6,0
UNC,989.002028176691000,11/12/2025 14:55,1,6,0
UNC,989.002028176695000,11/12/2025 14:54,1,6,0
UNC,989.002028176691000,11/12/2025 14:54,1,6,0
UNC,989.002028176691000,11/12/2025 14:53,1,6,0
UNC,989.002028176695000,11/12/2025 14:52,1,6,0
UNC,989.002028176695000,11/12/2025 14:51,1,7,0
UNC,989.002028176695000,11/12/2025 14:49,1,6,0
UNC,989.002028176691000,11/12/2025 14:48,1,7,0
UNC,989.002028176691000,11/12/2025 14:48,1,6,0
UNC,989.002028176695000,11/12/2025 14:47,1,6,0
UNC,989.002028176695000,11/12/2025 14:46,1,6,0
UNC,989.002028176695000,11/12/2025 14:44,1,7,0
UNC,989.002028176695000,11/12/2025 14:43,1,7,0
UNC,989.002028176695000,11/12/2025 14:40,1,2,0
UNC,989.002028176695000,11/12/2025 14:40,1,1,0
UNC,989.002028176695000,11/12/2025 14:39,1,1,0
UNC,989.002028176695000,11/12/2025 14:34,1,6,0
UNC,989.002028176695000,11/12/2025 14:33,1,7,0
UNC,989.002028176695000,11/12/2025 14:32,1,7,0
UNC,989.002028176952000,11/12/2025 14:32,1,7,0
UNC,989.002028176695000,11/12/2025 14:32,1,6,0
UNC,989.001040500055000,11/12/2025 14:32,1,7,0
UNC,989.002028176695000,11/12/2025 14:31,1,6,0
UNC,989.002028176695000,11/12/2025 14:30,1,7,0
UNC,989.002028176695000,11/12/2025 14:30,1,6,0
UNC,989.002028176695000,11/12/2025 14:29,1,7,0
UNC,989.002028176695000,11/12/2025 14:28,1,7,0
UNC,989.002028176695000,11/12/2025 14:26,1,7,0
UNC,989.002028176952000,11/12/2025 14:26,1,7,0
UNC,989.002028176952000,11/12/2025 14:26,1,6,0
UNC,989.002028176695000,11/12/2025 14:25,1,7,0
UNC,989.002028176695000,11/12/2025 14:24,1,7,0
UNC,989.002028176695000,11/12/2025 14:18,1,6,0
UNC,989.002028176695000,11/12/2025 14:17,1,7,0
UNC,989.002028176695000,11/12/2025 14:17,1,6,0
UNC,989.002028176695000,11/12/2025 14:16,1,6,0
UNC,989.002028176695000,11/12/2025 14:10,1,6,0
UNC,989.002028176695000,11/12/2025 14:10,1,7,0
UNC,989.002028176695000,11/12/2025 14:04,1,7,0
UNC,989.002028176695000,11/12/2025 14:03,1,6,0
UNC,989.002028176695000,11/12/2025 14:01,1,7,0
UNC,989.002028176695000,11/12/2025 13:58,1,7,0
UNC,989.002028176695000,11/12/2025 13:55,1,7,0
UNC,989.002028176695000,11/12/2025 13:54,1,7,0
UNC,989.002028176695000,11/12/2025 13:53,1,7,0
UNC,989.002028176695000,11/12/2025 13:52,1,7,0
UNC,989.002028176695000,11/12/2025 13:52,1,6,0
UNC,989.002028176695000,11/12/2025 13:48,1,1,0
UNC,989.002028176831000,11/12/2025 11:24,1,1,0
UNC,989.002028176831000,11/12/2025 11:22,1,6,0
UNC,989.002028176831000,11/12/2025 11:06,1,6,0
UNC,989.001040500055000,11/12/2025 11:06,1,6,0
UNC,989.001040500055000,11/12/2025 11:05,1,7,0
UNC,989.001040500055000,11/12/2025 11:04,1,2,0
UNC,989.002028176831000,11/12/2025 11:04,1,2,0
UNC,989.002028176695000,11/12/2025 11:00,1,2,0
UNC,989.002028176695000,11/12/2025 10:57,1,2,0
UNC,989.002028176695000,11/12/2025 10:38,1,2,0
UNC,989.002028176695000,11/12/2025 10:37,1,1,0
UNC,989.001030620709000,11/12/2025 10:13,1,2,0
UNC,989.002028176695000,11/12/2025 10:13,1,2,0
UNC,989.002028176695000,11/12/2025 10:06,1,6,0
UNC,989.002028176695000,11/12/2025 10:05,1,6,0
UNC,989.002028176695000,11/12/2025 10:04,1,6,0
UNC,989.002028176695000,11/12/2025 10:03,1,7,0
UNC,989.002028176695000,11/12/2025 10:02,1,7,0
UNC,989.002028176695000,11/12/2025 10:02,1,6,0
UNC,989.002028176695000,11/12/2025 9:54,1,1,0
UNC,989.002028176695000,11/12/2025 9:53,1,1,0
UNC,989.002028176695000,11/12/2025 9:52,1,1,0
UNC,989.002028176695000,11/12/2025 9:51,1,1,0
UNC,989.002028176695000,11/12/2025 9:38,1,7,0
UNC,989.002028176695000,11/12/2025 9:37,1,7,0
UNC,989.002028176695000,11/12/2025 9:37,1,6,0
UNC,989.002028176695000,11/12/2025 9:36,1,6,0
UNC,989.002028176695000,11/12/2025 9:35,1,6,0
UNC,989.002028176695000,11/12/2025 9:34,1,6,0
UNC,989.002028176695000,11/12/2025 9:33,1,7,0
UNC,989.002028176695000,11/12/2025 9:32,1,7,0
UNC,989.002028176695000,11/12/2025 9:13,1,7,0
UNC,989.002028176695000,11/12/2025 9:07,1,6,0
UNC,989.002028176695000,11/12/2025 9:07,1,7,0
UNC,989.002028176695000,11/12/2025 9:06,1,7,0
UNC,989.002028176695000,11/12/2025 9:03,1,6,0
UNC,989.002028176695000,11/12/2025 9:02,1,6,0
UNC,989.002028176695000,11/12/2025 9:02,1,7,0
UNC,989.002028176695000,11/12/2025 9:01,1,7,0
UNC,989.002028176695000,11/12/2025 9:00,1,7,0
UNC,989.002028176695000,11/12/2025 8:59,1,6,0
UNC,989.002028176695000,11/12/2025 8:58,1,6,0
UNC,989.002028176695000,11/12/2025 8:57,1,6,0
UNC,989.002028176695000,11/12/2025 8:53,1,7,0
UNC,989.002028176695000,11/12/2025 8:53,1,6,0
UNC,989.002028176695000,11/12/2025 8:50,1,2,0
UNC,989.002028176695000,11/12/2025 8:49,1,1,0
UNC,989.001030620709000,11/12/2025 8:49,1,2,0
UNC,989.001030620709000,11/12/2025 8:48,1,7,0
UNC,989.002028176695000,11/12/2025 8:48,1,6,0
UNC,989.001030620709000,11/12/2025 8:48,1,6,0
UNC,989.002028176695000,11/12/2025 8:41,1,6,0
UNC,989.002028176695000,11/12/2025 8:40,1,6,0
UNC,989.002028176695000,11/12/2025 8:38,1,6,0
UNC,989.002028176695000,11/12/2025 8:37,1,6,0
UNC,989.002028176695000,11/12/2025 8:36,1,6,0
UNC,989.002028176695000,11/12/2025 8:35,1,6,0
UNC,989.002028176695000,11/12/2025 8:34,1,6,0
UNC,989.002028176695000,11/12/2025 8:33,1,6,0
UNC,989.002028176695000,11/12/2025 8:32,1,7,0
UNC,989.002028176695000,11/12/2025 8:26,1,6,0
UNC,989.002028176695000,11/12/2025 8:25,1,6,0
UNC,989.002028176695000,11/12/2025 8:24,1,6,0
UNC,989.002028176695000,11/12/2025 8:19,1,6,0
UNC,989.002028176695000,11/12/2025 8:18,1,6,0
UNC,989.002028176695000,11/12/2025 8:17,1,6,0
UNC,989.002028176695000,11/12/2025 8:16,1,6,0
UNC,989.002028176695000,11/12/2025 8:15,1,6,0
UNC,989.002028176695000,11/12/2025 8:14,1,6,0
UNC,989.002028176695000,11/12/2025 8:13,1,6,0
UNC,989.002028176695000,11/12/2025 8:11,1,7,0
UNC,989.002028176695000,11/12/2025 8:10,1,7,0
UNC,989.002028177108000,11/12/2025 8:04,1,7,0
UNC,989.002028176695000,11/12/2025 8:03,1,6,0
UNC,989.002028176695000,11/12/2025 8:02,1,6,0
UNC,989.002028176695000,11/12/2025 8:01,1,6,0
UNC,989.002028176695000,11/12/2025 8:00,1,6,0
UNC,989.002028176695000,11/12/2025 7:59,1,6,0
UNC,989.002028176695000,11/12/2025 7:58,1,6,0
UNC,989.002028176695000,11/12/2025 7:57,1,6,0
UNC,989.002028176695000,11/12/2025 7:56,1,6,0
UNC,989.002028176695000,11/12/2025 7:55,1,6,0
UNC,989.002028176695000,11/12/2025 7:54,1,6,0
UNC,989.002028176695000,11/12/2025 7:53,1,7,0
UNC,989.002028176695000,11/12/2025 7:53,1,6,0
UNC,989.002028176695000,11/12/2025 7:52,1,6,0
UNC,989.002028176695000,11/12/2025 7:51,1,7,0
UNC,989.002028176695000,11/12/2025 7:51,1,6,0
UNC,989.002028176695000,11/12/2025 7:50,1,7,0
UNC,989.002028176695000,11/12/2025 7:49,1,7,0
UNC,989.002028176695000,11/12/2025 7:47,1,7,0
UNC,989.002028176695000,11/12/2025 7:47,1,6,0
UNC,989.002028176695000,11/12/2025 7:44,1,1,0
UNC,989.002028176695000,11/12/2025 7:42,1,1,0
UNC,989.002028176695000,11/12/2025 7:36,1,7,0
UNC,989.002028176695000,11/12/2025 7:31,1,6,0
UNC,989.002028176695000,11/12/2025 7:31,1,7,0
UNC,989.002028176695000,11/12/2025 7:30,1,7,0
UNC,989.002028176695000,11/12/2025 7:29,1,7,0
UNC,989.002028176695000,11/12/2025 7:27,1,7,0
UNC,989.002028176695000,11/12/2025 7:26,1,7,0
UNC,989.002028176695000,11/12/2025 7:25,1,7,0
UNC,989.002028176695000,11/12/2025 7:24,1,7,0
UNC,989.002028176695000,11/12/2025 7:19,1,1,0
UNC,989.002028176695000,11/12/2025 7:19,1,2,0
UNC,989.002028176695000,11/12/2025 7:13,1,6,0
UNC,989.002028176695000,11/12/2025 7:12,1,6,0
UNC,989.002028176695000,11/12/2025 7:11,1,7,0
UNC,989.002028176695000,11/12/2025 7:10,1,7,0
UNC,989.002028176695000,11/12/2025 7:09,1,6,0
UNC,989.002028176695000,11/12/2025 7:09,1,7,0
UNC,989.002028176695000,11/12/2025 7:08,1,6,0
UNC,989.002028176695000,11/12/2025 7:07,1,6,0
UNC,989.002028176695000,11/12/2025 7:07,1,7,0
UNC,989.002028176695000,11/12/2025 7:06,1,7,0
UNC,989.002028176842000,11/12/2025 7:03,1,2,0
UNC,989.002028176695000,11/12/2025 7:03,1,6,0
UNC,989.002028176842000,11/12/2025 7:03,1,6,0
UNC,989.002028176842000,11/12/2025 7:03,1,7,0
UNC,989.002028176695000,11/12/2025 7:01,1,7,0
UNC,989.001030620667000,11/12/2025 6:59,1,7,0
UNC,989.002028176695000,11/12/2025 6:58,1,1,0
UNC,989.001030620667000,11/12/2025 6:57,1,6,0
UNC,989.002028176695000,11/12/2025 6:57,1,1,0
UNC,989.002028177009000,11/12/2025 6:56,1,7,0
UNC,989.002028177009000,11/12/2025 6:56,1,1,0
UNC,989.002028176695000,11/12/2025 6:50,1,7,0
UNC,989.002028176695000,11/12/2025 6:50,1,6,0
UNC,989.002028176695000,11/12/2025 6:49,1,6,0
UNC,989.002028176695000,11/12/2025 6:48,1,7,0
UNC,989.002028176695000,11/12/2025 6:48,1,6,0
UNC,989.002028176695000,11/12/2025 6:47,1,7,0
UNC,989.001030620709000,11/12/2025 6:46,1,2,0
UNC,989.002028176695000,11/12/2025 6:46,1,7,0
UNC,989.002028176695000,11/12/2025 6:45,1,6,0
UNC,989.002028176695000,11/12/2025 6:44,1,6,0
UNC,989.001040500035000,11/12/2025 6:44,1,7,0
UNC,989.002028176695000,11/12/2025 6:43,1,6,0
UNC,989.002028176842000,11/12/2025 6:42,1,6,0
UNC,989.002028176695000,11/12/2025 6:41,1,7,0
UNC,989.002028176842000,11/12/2025 6:41,1,2,0
UNC,989.002028176695000,11/12/2025 6:40,1,7,0
UNC,989.001030620684000,11/12/2025 6:38,1,6,0
UNC,989.001030620684000,11/12/2025 6:38,1,1,0
UNC,989.002028176695000,11/12/2025 6:37,1,7,0
UNC,989.002028176695000,11/12/2025 6:36,1,7,0
UNC,989.002028176695000,11/12/2025 6:35,1,7,0
UNC,989.002028176695000,11/12/2025 6:28,1,7,0
UNC,989.002028176695000,11/12/2025 6:28,1,6,0
UNC,989.001030620729000,11/12/2025 6:28,1,1,0
UNC,989.001030620729000,11/12/2025 6:27,1,6,0
UNC,989.002028176695000,11/12/2025 6:27,1,7,0
UNC,989.002028176695000,11/12/2025 6:26,1,6,0
UNC,989.001030620678000,11/12/2025 6:21,1,6,0
UNC,989.001030620729000,11/12/2025 6:21,1,6,0
UNC,989.001030620729000,11/12/2025 6:21,1,1,0
UNC,989.002028176695000,11/12/2025 6:20,1,6,0
UNC,989.001030620282000,11/12/2025 6:20,1,6,0
UNC,989.001030620282000,11/12/2025 6:19,1,2,0
UNC,989.002028176695000,11/12/2025 6:19,1,7,0
UNC,989.002028177108000,11/12/2025 6:19,1,2,0
UNC,989.002028177108000,11/12/2025 6:19,1,1,0
UNC,989.002028177108000,11/12/2025 6:18,1,6,0
UNC,989.002028176695000,11/12/2025 6:18,1,7,0
UNC,989.002028176695000,11/12/2025 6:17,1,6,0
UNC,989.002028177108000,11/12/2025 6:16,1,7,0
UNC,989.001030620304000,11/12/2025 6:13,1,6,0
UNC,989.001030620304000,11/12/2025 6:12,1,2,0
UNC,989.001040500035000,11/12/2025 6:11,1,7,0
UNC,989.001040500035000,11/12/2025 6:09,1,7,0
UNC,989.001040500035000,11/12/2025 6:08,1,7,0
UNC,989.001040500035000,11/12/2025 6:07,1,7,0
UNC,989.002028176695000,11/12/2025 6:07,1,2,0
UNC,989.001040500035000,11/12/2025 6:06,1,7,0
UNC,989.001040500035000,11/12/2025 6:05,1,7,0
UNC,989.001030620667000,11/12/2025 6:03,1,2,0
UNC,989.001040500035000,11/12/2025 6:03,1,7,0
UNC,989.001030620667000,11/12/2025 6:02,1,2,0
UNC,989.001030620667000,11/12/2025 6:01,1,2,0
UNC,989.001040500035000,11/12/2025 6:01,1,7,0
UNC,989.001030620667000,11/12/2025 6:00,1,2,0
UNC,989.001040500035000,11/12/2025 6:00,1,7,0
UNC,989.001030620667000,11/12/2025 5:59,1,2,0
UNC,989.001040500035000,11/12/2025 5:59,1,7,0
UNC,989.001030620667000,11/12/2025 5:58,1,2,0
UNC,989.001040500035000,11/12/2025 5:58,1,7,0
UNC,989.001030620667000,11/12/2025 5:57,1,2,0
UNC,989.001030620667000,11/12/2025 5:56,1,2,0
UNC,989.001040500035000,11/12/2025 5:56,1,7,0
UNC,989.001030620667000,11/12/2025 5:55,1,2,0
UNC,989.001040500035000,11/12/2025 5:55,1,7,0
UNC,989.001030620667000,11/12/2025 5:54,1,2,0
UNC,989.001040500035000,11/12/2025 5:54,1,7,0
UNC,989.001030620667000,11/12/2025 5:53,1,2,0
UNC,989.001040500035000,11/12/2025 5:53,1,7,0
UNC,989.001030620667000,11/12/2025 5:52,1,2,0
UNC,989.001040500035000,11/12/2025 5:52,1,7,0
UNC,989.001030620667000,11/12/2025 5:51,1,2,0
UNC,989.001040500035000,11/12/2025 5:51,1,7,0
UNC,989.001030620667000,11/12/2025 5:50,1,2,0
UNC,989.001040500035000,11/12/2025 5:50,1,7,0
UNC,989.001030620667000,11/12/2025 5:49,1,2,0
UNC,989.001040500035000,11/12/2025 5:49,1,7,0
UNC,989.001030620667000,11/12/2025 5:48,1,2,0
UNC,989.001040500035000,11/12/2025 5:48,1,7,0
UNC,989.001030620667000,11/12/2025 5:47,1,2,0
UNC,989.001040500035000,11/12/2025 5:47,1,7,0
UNC,989.001030620667000,11/12/2025 5:46,1,2,0
UNC,989.001040500035000,11/12/2025 5:46,1,7,0
UNC,989.001030620667000,11/12/2025 5:45,1,2,0
UNC,989.001040500035000,11/12/2025 5:45,1,7,0
UNC,989.001030620667000,11/12/2025 5:44,1,2,0
UNC,989.001040500035000,11/12/2025 5:43,1,7,0
UNC,989.001030620667000,11/12/2025 5:43,1,2,0
UNC,989.001040500035000,11/12/2025 5:42,1,7,0
UNC,989.001030620667000,11/12/2025 5:42,1,2,0
UNC,989.001030620667000,11/12/2025 5:41,1,2,0
UNC,989.001030620667000,11/12/2025 5:40,1,2,0
UNC,989.001030620667000,11/12/2025 5:39,1,2,0
UNC,989.001030620667000,11/12/2025 5:38,1,2,0
UNC,989.001030620667000,11/12/2025 5:37,1,2,0
UNC,989.001030620667000,11/12/2025 5:36,1,2,0
UNC,989.001030620667000,11/12/2025 5:35,1,2,0
UNC,989.001030620667000,11/12/2025 5:34,1,2,0
UNC,989.001030620667000,11/12/2025 5:33,1,2,0
UNC,989.001030620667000,11/12/2025 5:32,1,2,0
UNC,989.001030620667000,11/12/2025 5:31,1,2,0
UNC,989.001030620667000,11/12/2025 5:30,1,2,0
UNC,989.001030620667000,11/12/2025 5:29,1,2,0
UNC,989.001030620667000,11/12/2025 5:28,1,2,0
UNC,989.001030620667000,11/12/2025 5:27,1,2,0
UNC,989.001030620667000,11/12/2025 5:26,1,2,0
UNC,989.001030620667000,11/12/2025 5:25,1,2,0
UNC,989.001030620667000,11/12/2025 5:24,1,2,0
UNC,989.001030620667000,11/12/2025 5:23,1,2,0
UNC,989.001030620667000,11/12/2025 5:22,1,2,0
UNC,989.001030620667000,11/12/2025 5:21,1,2,0
UNC,989.001030620667000,11/12/2025 5:20,1,2,0
UNC,989.001030620667000,11/12/2025 5:19,1,2,0
UNC,989.001030620667000,11/12/2025 5:18,1,2,0
UNC,989.001030620667000,11/12/2025 5:17,1,2,0
UNC,989.001040500071000,11/12/2025 5:16,1,6,0
UNC,989.001030620667000,11/12/2025 5:16,1,2,0
UNC,989.001030620667000,11/12/2025 5:15,1,2,0
UNC,989.001030620667000,11/12/2025 5:14,1,2,0
UNC,989.001030620667000,11/12/2025 5:13,1,2,0
UNC,989.001030620667000,11/12/2025 5:12,1,2,0
UNC,989.001030620667000,11/12/2025 5:11,1,2,0
UNC,989.001030620667000,11/12/2025 5:10,1,2,0
UNC,989.001030620667000,11/12/2025 5:09,1,2,0
UNC,989.001030620667000,11/12/2025 5:08,1,2,0
UNC,989.001030620667000,11/12/2025 5:07,1,2,0
UNC,989.001030620667000,11/12/2025 5:06,1,2,0
UNC,989.001030620667000,11/12/2025 5:05,1,2,0
UNC,989.001030620667000,11/12/2025 5:04,1,2,0
UNC,989.001030620667000,11/12/2025 5:03,1,2,0
UNC,989.001030620667000,11/12/2025 5:02,1,2,0
UNC,989.001030620667000,11/12/2025 5:01,1,2,0
UNC,989.001030620667000,11/12/2025 5:00,1,2,0
UNC,989.001030620667000,11/12/2025 4:59,1,2,0
UNC,989.001030620667000,11/12/2025 4:58,1,2,0
UNC,989.001030620667000,11/12/2025 4:57,1,2,0
UNC,989.001030620667000,11/12/2025 4:56,1,2,0
UNC,989.001030620667000,11/12/2025 4:55,1,2,0
UNC,989.001030620667000,11/12/2025 4:54,1,2,0
UNC,989.001030620667000,11/12/2025 4:53,1,2,0
UNC,989.001030620667000,11/12/2025 4:52,1,2,0
UNC,989.001030620667000,11/12/2025 4:51,1,2,0
UNC,989.001030620667000,11/12/2025 4:50,1,2,0
UNC,989.001030620667000,11/12/2025 4:49,1,2,0
UNC,989.001030620667000,11/12/2025 4:48,1,2,0
UNC,989.001040500071000,11/12/2025 4:48,1,1,0
UNC,989.001030620667000,11/12/2025 4:47,1,2,0
UNC,989.001030620667000,11/12/2025 4:46,1,2,0
UNC,989.001030620667000,11/12/2025 4:45,1,2,0
UNC,989.001030620667000,11/12/2025 4:44,1,2,0
UNC,989.001030620667000,11/12/2025 4:43,1,2,0
UNC,989.001030620667000,11/12/2025 4:42,1,2,0
UNC,989.001030620667000,11/12/2025 4:41,1,2,0
UNC,989.001030620667000,11/12/2025 4:40,1,2,0
UNC,989.001030620667000,11/12/2025 4:39,1,2,0
UNC,989.001030620667000,11/12/2025 4:38,1,2,0
UNC,989.001030620667000,11/12/2025 4:37,1,2,0
UNC,989.001040500035000,11/12/2025 4:37,1,7,0
UNC,989.001030620667000,11/12/2025 4:36,1,2,0
UNC,989.001040500035000,11/12/2025 4:36,1,7,0
UNC,989.001030620667000,11/12/2025 4:35,1,2,0
UNC,989.001030620667000,11/12/2025 4:34,1,2,0
UNC,989.001030620667000,11/12/2025 4:33,1,2,0
UNC,989.001030620667000,11/12/2025 4:32,1,2,0
UNC,989.001040500035000,11/12/2025 4:32,1,7,0
UNC,989.001030620667000,11/12/2025 4:31,1,2,0
UNC,989.001030620667000,11/12/2025 4:30,1,2,0
UNC,989.001040500035000,11/12/2025 4:30,1,7,0
UNC,989.001030620667000,11/12/2025 4:29,1,2,0
UNC,989.001030620667000,11/12/2025 4:28,1,2,0
UNC,989.001030620667000,11/12/2025 4:27,1,2,0
UNC,989.001030620667000,11/12/2025 4:26,1,2,0
UNC,989.001030620667000,11/12/2025 4:25,1,2,0
UNC,989.001040500035000,11/12/2025 4:25,1,7,0
UNC,989.001030620667000,11/12/2025 4:24,1,2,0
UNC,989.001030620667000,11/12/2025 4:23,1,2,0
UNC,989.001030620667000,11/12/2025 4:22,1,2,0
UNC,989.001030620667000,11/12/2025 4:21,1,2,0
UNC,989.001040500035000,11/12/2025 4:21,1,7,0
UNC,989.001030620667000,11/12/2025 4:20,1,2,0
UNC,989.001030620667000,11/12/2025 4:19,1,2,0
UNC,989.001030620667000,11/12/2025 4:18,1,2,0
UNC,989.001040500035000,11/12/2025 4:18,1,7,0
UNC,989.001030620667000,11/12/2025 4:17,1,2,0
UNC,989.001040500035000,11/12/2025 4:17,1,7,0
UNC,989.001030620667000,11/12/2025 4:16,1,2,0
UNC,989.001030620667000,11/12/2025 4:15,1,2,0
UNC,989.001040500035000,11/12/2025 4:15,1,7,0
UNC,989.001030620667000,11/12/2025 4:14,1,2,0
UNC,989.001040500035000,11/12/2025 4:13,1,7,0
UNC,989.001030620667000,11/12/2025 4:13,1,2,0
UNC,989.001040500035000,11/12/2025 4:12,1,7,0
UNC,989.001030620667000,11/12/2025 4:12,1,2,0
UNC,989.001030620667000,11/12/2025 4:11,1,2,0
UNC,989.001040500035000,11/12/2025 4:11,1,7,0
UNC,989.001030620667000,11/12/2025 4:10,1,2,0
UNC,989.001040500035000,11/12/2025 4:10,1,7,0
UNC,989.001030620667000,11/12/2025 4:09,1,2,0
UNC,989.001040500035000,11/12/2025 4:09,1,7,0
UNC,989.001030620667000,11/12/2025 4:08,1,2,0
UNC,989.001030620667000,11/12/2025 4:07,1,2,0
UNC,989.001040500035000,11/12/2025 4:07,1,7,0
UNC,989.001030620667000,11/12/2025 4:06,1,2,0
UNC,989.001040500035000,11/12/2025 4:06,1,7,0
UNC,989.001030620667000,11/12/2025 4:05,1,2,0
UNC,989.001030620667000,11/12/2025 4:04,1,2,0
UNC,989.001030620667000,11/12/2025 4:03,1,2,0
UNC,989.001040500035000,11/12/2025 4:03,1,7,0
UNC,989.001030620667000,11/12/2025 4:02,1,2,0
UNC,989.001040500035000,11/12/2025 4:01,1,7,0
UNC,989.001030620667000,11/12/2025 4:01,1,2,0
UNC,989.001030620667000,11/12/2025 4:00,1,2,0
UNC,989.001030620667000,11/12/2025 3:59,1,2,0
UNC,989.001040500035000,11/12/2025 3:59,1,7,0
UNC,989.001030620667000,11/12/2025 3:58,1,2,0
UNC,989.001040500035000,11/12/2025 3:58,1,7,0
UNC,989.001030620667000,11/12/2025 3:57,1,2,0
UNC,989.001040500035000,11/12/2025 3:57,1,7,0
UNC,989.001030620667000,11/12/2025 3:56,1,2,0
UNC,989.001030620667000,11/12/2025 3:55,1,2,0
UNC,989.001030620667000,11/12/2025 3:54,1,2,0
UNC,989.001040500035000,11/12/2025 3:54,1,7,0
UNC,989.001030620667000,11/12/2025 3:53,1,2,0
UNC,989.001040500035000,11/12/2025 3:53,1,7,0
UNC,989.001030620667000,11/12/2025 3:52,1,2,0
UNC,989.001040500035000,11/12/2025 3:51,1,7,0
UNC,989.001030620667000,11/12/2025 3:51,1,2,0
UNC,989.001030620667000,11/12/2025 3:50,1,2,0
UNC,989.001030620667000,11/12/2025 3:49,1,2,0
UNC,989.001040500035000,11/12/2025 3:49,1,7,0
UNC,989.001030620667000,11/12/2025 3:48,1,2,0
UNC,989.001040500035000,11/12/2025 3:48,1,7,0
UNC,989.001030620667000,11/12/2025 3:47,1,2,0
UNC,989.001040500035000,11/12/2025 3:47,1,7,0
UNC,989.001030620667000,11/12/2025 3:46,1,2,0
UNC,989.001040500035000,11/12/2025 3:46,1,7,0
UNC,989.001030620667000,11/12/2025 3:45,1,2,0
UNC,989.001030620667000,11/12/2025 3:44,1,2,0
UNC,989.001040500035000,11/12/2025 3:44,1,7,0
UNC,989.001030620667000,11/12/2025 3:43,1,2,0
UNC,989.001040500035000,11/12/2025 3:42,1,7,0
UNC,989.001030620667000,11/12/2025 3:42,1,2,0
UNC,989.001030620667000,11/12/2025 3:41,1,2,0
UNC,989.001030620667000,11/12/2025 3:40,1,2,0
UNC,989.001040500035000,11/12/2025 3:40,1,7,0
UNC,989.001030620667000,11/12/2025 3:39,1,2,0
UNC,989.001030620667000,11/12/2025 3:38,1,2,0
UNC,989.001030620667000,11/12/2025 3:37,1,2,0
UNC,989.001030620667000,11/12/2025 3:36,1,2,0
UNC,989.001040500035000,11/12/2025 3:36,1,7,0
UNC,989.001030620667000,11/12/2025 3:35,1,2,0
UNC,989.001040500035000,11/12/2025 3:35,1,7,0
UNC,989.001030620667000,11/12/2025 3:34,1,2,0
UNC,989.001040500035000,11/12/2025 3:33,1,7,0
UNC,989.001030620667000,11/12/2025 3:33,1,2,0
UNC,989.001030620667000,11/12/2025 3:32,1,2,0
UNC,989.001040500035000,11/12/2025 3:32,1,7,0
UNC,989.001030620667000,11/12/2025 3:31,1,2,0
UNC,989.001040500035000,11/12/2025 3:30,1,7,0
UNC,989.001030620667000,11/12/2025 3:30,1,2,0
UNC,989.001030620667000,11/12/2025 3:29,1,2,0
UNC,989.001040500035000,11/12/2025 3:29,1,7,0
UNC,989.001030620667000,11/12/2025 3:28,1,2,0
UNC,989.001030620667000,11/12/2025 3:27,1,2,0
UNC,989.001040500035000,11/12/2025 3:27,1,7,0
UNC,989.001030620667000,11/12/2025 3:26,1,2,0
UNC,989.001040500035000,11/12/2025 3:26,1,7,0
UNC,989.001030620667000,11/12/2025 3:25,1,2,0
UNC,989.001040500035000,11/12/2025 3:24,1,7,0
UNC,989.001030620667000,11/12/2025 3:24,1,2,0
UNC,989.001030620667000,11/12/2025 3:23,1,2,0
UNC,989.001030620667000,11/12/2025 3:22,1,2,0
UNC,989.001030620667000,11/12/2025 3:21,1,2,0
UNC,989.001030620667000,11/12/2025 3:20,1,2,0
UNC,989.001040500035000,11/12/2025 3:20,1,7,0
UNC,989.001030620667000,11/12/2025 3:19,1,2,0
UNC,989.001030620667000,11/12/2025 3:18,1,2,0
UNC,989.001030620667000,11/12/2025 3:17,1,2,0
UNC,989.001040500035000,11/12/2025 3:16,1,7,0
UNC,989.001030620667000,11/12/2025 3:16,1,2,0
UNC,989.001030620667000,11/12/2025 3:15,1,2,0
UNC,989.001030620667000,11/12/2025 3:14,1,2,0
UNC,989.001030620667000,11/12/2025 3:13,1,2,0
UNC,989.001030620667000,11/12/2025 3:12,1,2,0
UNC,989.001030620667000,11/12/2025 3:11,1,2,0
UNC,989.001030620667000,11/12/2025 3:10,1,2,0
UNC,989.001040500035000,11/12/2025 3:10,1,7,0
UNC,989.001030620667000,11/12/2025 3:09,1,2,0
UNC,989.001030620667000,11/12/2025 3:08,1,2,0
UNC,989.001030620667000,11/12/2025 3:07,1,2,0
UNC,989.001030620667000,11/12/2025 3:06,1,2,0
UNC,989.001030620667000,11/12/2025 3:05,1,2,0
UNC,989.001030620667000,11/12/2025 3:04,1,2,0
UNC,989.001030620667000,11/12/2025 3:03,1,2,0
UNC,989.001030620667000,11/12/2025 3:02,1,2,0
UNC,989.001030620667000,11/12/2025 3:01,1,2,0
UNC,989.001040500035000,11/12/2025 3:01,1,7,0
UNC,989.001030620667000,11/12/2025 3:00,1,2,0
UNC,989.001030620667000,11/12/2025 2:59,1,2,0
UNC,989.001030620667000,11/12/2025 2:58,1,2,0
UNC,989.001030620667000,11/12/2025 2:57,1,2,0
UNC,989.001030620667000,11/12/2025 2:56,1,2,0
UNC,989.001030620667000,11/12/2025 2:55,1,2,0
UNC,989.001030620667000,11/12/2025 2:54,1,2,0
UNC,989.001030620667000,11/12/2025 2:53,1,2,0
UNC,989.001030620667000,11/12/2025 2:52,1,2,0
UNC,989.001030620667000,11/12/2025 2:51,1,2,0
UNC,989.001030620667000,11/12/2025 2:50,1,2,0
UNC,989.001030620667000,11/12/2025 2:49,1,2,0
UNC,989.001030620667000,11/12/2025 2:48,1,2,0
UNC,989.001030620667000,11/12/2025 2:47,1,2,0
UNC,989.001030620667000,11/12/2025 2:46,1,2,0
UNC,989.001040500035000,11/12/2025 2:45,1,7,0
UNC,989.001030620667000,11/12/2025 2:45,1,2,0
UNC,989.001030620667000,11/12/2025 2:44,1,2,0
UNC,989.001040500035000,11/12/2025 2:43,1,7,0
UNC,989.001030620667000,11/12/2025 2:43,1,2,0
UNC,989.001030620667000,11/12/2025 2:42,1,2,0
UNC,989.001030620667000,11/12/2025 2:41,1,2,0
UNC,989.001030620667000,11/12/2025 2:40,1,2,0
UNC,989.001030620667000,11/12/2025 2:39,1,2,0
UNC,989.001030620667000,11/12/2025 2:38,1,2,0
UNC,989.001030620667000,11/12/2025 2:37,1,2,0
UNC,989.001040500035000,11/12/2025 2:36,1,7,0
UNC,989.001030620667000,11/12/2025 2:36,1,2,0
UNC,989.001030620667000,11/12/2025 2:35,1,2,0
UNC,989.001030620667000,11/12/2025 2:34,1,2,0
UNC,989.001030620667000,11/12/2025 2:33,1,2,0
UNC,989.001030620667000,11/12/2025 2:32,1,2,0
UNC,989.001030620667000,11/12/2025 2:31,1,2,0
UNC,989.001030620667000,11/12/2025 2:30,1,2,0
UNC,989.001030620667000,11/12/2025 2:29,1,2,0
UNC,989.001030620667000,11/12/2025 2:28,1,2,0
UNC,989.001030620667000,11/12/2025 2:27,1,2,0
UNC,989.001030620667000,11/12/2025 2:26,1,2,0
UNC,989.001030620667000,11/12/2025 2:25,1,2,0
UNC,989.001030620667000,11/12/2025 2:24,1,2,0
UNC,989.001030620667000,11/12/2025 2:23,1,2,0
UNC,989.001030620667000,11/12/2025 2:22,1,2,0
UNC,989.001030620667000,11/12/2025 2:21,1,2,0
UNC,989.001030620667000,11/12/2025 2:20,1,2,0
UNC,989.001030620667000,11/12/2025 2:19,1,2,0
UNC,989.001030620667000,11/12/2025 2:18,1,2,0
UNC,989.001030620667000,11/12/2025 2:17,1,2,0
UNC,989.001030620667000,11/12/2025 2:16,1,2,0
UNC,989.001030620667000,11/12/2025 2:15,1,2,0
UNC,989.001030620667000,11/12/2025 2:14,1,2,0
UNC,989.001030620667000,11/12/2025 2:13,1,2,0
UNC,989.001030620667000,11/12/2025 2:12,1,2,0
UNC,989.001030620667000,11/12/2025 2:11,1,2,0
UNC,989.001030620667000,11/12/2025 2:10,1,2,0
UNC,989.001030620667000,11/12/2025 2:09,1,2,0
UNC,989.001030620667000,11/12/2025 2:08,1,2,0
UNC,989.001030620667000,11/12/2025 2:07,1,2,0
UNC,989.001030620667000,11/12/2025 2:06,1,2,0
UNC,989.001040500035000,11/12/2025 2:05,1,7,0
UNC,989.001030620667000,11/12/2025 2:05,1,2,0
UNC,989.001040500035000,11/12/2025 2:04,1,7,0
UNC,989.001030620667000,11/12/2025 2:04,1,2,0
UNC,989.001040500035000,11/12/2025 2:03,1,7,0
UNC,989.001030620667000,11/12/2025 2:03,1,2,0
UNC,989.001030620667000,11/12/2025 2:02,1,2,0
UNC,989.001030620667000,11/12/2025 2:01,1,2,0
UNC,989.001030620667000,11/12/2025 2:00,1,2,0
UNC,989.001040500035000,11/12/2025 1:59,1,7,0
UNC,989.001030620667000,11/12/2025 1:59,1,2,0
UNC,989.001030620667000,11/12/2025 1:58,1,2,0
UNC,989.001040500035000,11/12/2025 1:55,1,7,0
UNC,989.001040500035000,11/12/2025 1:50,1,7,0
UNC,989.001040500035000,11/12/2025 1:48,1,7,0
UNC,989.001040500035000,11/12/2025 1:47,1,7,0
UNC,989.001040500035000,11/12/2025 1:44,1,7,0
UNC,989.001040500035000,11/12/2025 1:43,1,7,0
UNC,989.001040500035000,11/12/2025 1:42,1,7,0
UNC,989.001040500035000,11/12/2025 1:41,1,7,0
UNC,989.001040500035000,11/12/2025 1:39,1,7,0
UNC,989.001040500035000,11/12/2025 1:38,1,7,0
UNC,989.001040500035000,11/12/2025 1:29,1,7,0
UNC,989.002028177009000,11/12/2025 1:28,1,1,0
UNC,989.002028177009000,11/12/2025 1:27,1,6,0
UNC,989.002028177009000,11/12/2025 1:01,1,1,0
UNC,989.002028176996000,11/12/2025 0:57,1,3,0
UNC,989.002028176996000,11/12/2025 0:52,1,3,0
UNC,989.002028176996000,11/12/2025 0:51,1,3,0
UNC,989.002028176996000,11/12/2025 0:50,1,3,0
UNC,989.002028176996000,11/12/2025 0:49,1,3,0
UNC,989.001040500087000,11/12/2025 0:48,1,7,0
UNC,989.002028176996000,11/12/2025 0:47,1,3,0
UNC,989.001040500087000,11/12/2025 0:47,1,3,0
UNC,989.002028176996000,11/12/2025 0:46,1,3,0
UNC,989.002028176996000,11/12/2025 0:32,1,3,0
UNC,989.002028176996000,11/12/2025 0:28,1,3,0
UNC,989.002028176996000,11/12/2025 0:25,1,3,0
UNC,989.002028176996000,11/12/2025 0:23,1,3,0
UNC,989.002028176996000,11/12/2025 0:21,1,3,0
UNC,989.002028176996000,11/12/2025 0:20,1,3,0
UNC,989.002028176996000,11/12/2025 0:19,1,3,0
UNC,989.002028176996000,11/12/2025 0:18,1,3,0
UNC,989.002028176996000,11/12/2025 0:17,1,3,0
UNC,989.002028176996000,11/12/2025 0:16,1,3,0
UNC,989.002028176996000,11/12/2025 0:14,1,3,0
UNC,989.002028176996000,11/12/2025 0:13,1,3,0
UNC,989.002028176996000,11/12/2025 0:12,1,3,0
UNC,989.002028176996000,11/12/2025 0:11,1,3,0
UNC,989.002028176996000,11/12/2025 0:10,1,3,0
UNC,989.002028176996000,11/12/2025 0:09,1,3,0
UNC,989.002028176996000,11/12/2025 0:06,1,3,0
UNC,989.002028177122000,11/12/2025 0:05,1,2,0
UNC,989.002028176996000,11/12/2025 0:04,1,3,0
UNC,989.002028177122000,11/12/2025 0:02,1,2,0
UNC,989.002028177122000,11/12/2025 0:01,1,2,0
UNC,989.002028177122000,11/12/2025 0:00,1,2,0
UNC,989.002028177122000,11/11/2025 23:59,1,2,0
UNC,989.002028177122000,11/11/2025 23:58,1,2,0
UNC,989.002028177122000,11/11/2025 23:57,1,2,0
UNC,989.002028177122000,11/11/2025 23:56,1,2,0
UNC,989.002028177122000,11/11/2025 23:55,1,2,0
UNC,989.002028177122000,11/11/2025 23:54,1,2,0
UNC,989.002028177122000,11/11/2025 23:53,1,2,0
UNC,989.002028177122000,11/11/2025 23:51,1,2,0
UNC,989.002028177122000,11/11/2025 23:50,1,2,0
UNC,989.002028177122000,11/11/2025 23:49,1,2,0
UNC,989.002028177122000,11/11/2025 23:48,1,2,0
UNC,989.002028177122000,11/11/2025 23:47,1,2,0
UNC,989.002028177122000,11/11/2025 23:46,1,2,0
UNC,989.002028177122000,11/11/2025 23:45,1,2,0
UNC,989.002028177122000,11/11/2025 23:44,1,2,0
UNC,989.002028177122000,11/11/2025 23:43,1,2,0
UNC,989.002028177122000,11/11/2025 23:42,1,2,0
UNC,989.002028177122000,11/11/2025 23:41,1,2,0
UNC,989.002028177122000,11/11/2025 23:39,1,2,0
UNC,989.002028177122000,11/11/2025 23:38,1,2,0
UNC,989.002028177122000,11/11/2025 23:37,1,2,0
UNC,989.002028177122000,11/11/2025 23:36,1,2,0
UNC,989.002028177122000,11/11/2025 23:34,1,2,0
UNC,989.002028177122000,11/11/2025 23:33,1,2,0
UNC,989.002028177122000,11/11/2025 23:32,1,2,0
UNC,989.002028177122000,11/11/2025 23:31,1,2,0
UNC,989.002028177122000,11/11/2025 23:30,1,2,0
UNC,989.002028177122000,11/11/2025 23:29,1,2,0
UNC,989.002028177122000,11/11/2025 23:28,1,2,0
UNC,989.002028177122000,11/11/2025 23:27,1,2,0
UNC,989.002028177122000,11/11/2025 23:25,1,2,0
UNC,989.002028177122000,11/11/2025 23:24,1,2,0
UNC,989.002028177122000,11/11/2025 23:23,1,2,0
UNC,989.002028177122000,11/11/2025 23:22,1,2,0
UNC,989.002028177122000,11/11/2025 23:20,1,2,0
UNC,989.002028177122000,11/11/2025 23:19,1,2,0
UNC,989.002028177122000,11/11/2025 23:18,1,2,0
UNC,989.002028177122000,11/11/2025 23:17,1,2,0
UNC,989.002028177122000,11/11/2025 23:16,1,2,0
UNC,989.002028177122000,11/11/2025 23:14,1,2,0
UNC,989.002028177122000,11/11/2025 23:12,1,2,0
UNC,989.002028177122000,11/11/2025 23:10,1,2,0
UNC,989.002028177122000,11/11/2025 23:09,1,2,0
UNC,989.002028177122000,11/11/2025 23:08,1,2,0
UNC,989.002028177122000,11/11/2025 23:07,1,2,0
UNC,989.002028177122000,11/11/2025 23:06,1,2,0
UNC,989.002028177122000,11/11/2025 23:05,1,2,0
UNC,989.002028177122000,11/11/2025 23:04,1,2,0
UNC,989.002028177122000,11/11/2025 23:03,1,2,0
UNC,989.002028177122000,11/11/2025 23:02,1,2,0
UNC,989.002028177122000,11/11/2025 23:01,1,2,0
UNC,989.002028177122000,11/11/2025 23:00,1,2,0
UNC,989.002028177122000,11/11/2025 22:59,1,2,0
UNC,989.002028177122000,11/11/2025 22:58,1,2,0
UNC,989.002028177122000,11/11/2025 22:56,1,2,0
UNC,989.002028177122000,11/11/2025 22:55,1,2,0
UNC,989.002028177122000,11/11/2025 22:54,1,2,0
UNC,989.002028177122000,11/11/2025 22:53,1,2,0
UNC,989.002028177122000,11/11/2025 22:51,1,2,0
UNC,989.002028177122000,11/11/2025 22:50,1,2,0
UNC,989.002028177122000,11/11/2025 22:49,1,2,0
UNC,989.001030621167000,11/11/2025 22:49,1,7,0
UNC,989.002028177122000,11/11/2025 22:48,1,2,0
UNC,989.002028177122000,11/11/2025 22:47,1,2,0
UNC,989.002028177122000,11/11/2025 22:46,1,2,0
UNC,989.002028177122000,11/11/2025 22:45,1,2,0
UNC,989.002028177122000,11/11/2025 22:44,1,2,0
UNC,989.002028177122000,11/11/2025 22:42,1,2,0
UNC,989.002028177122000,11/11/2025 22:41,1,2,0
UNC,989.002028177122000,11/11/2025 22:40,1,2,0
UNC,989.002028177122000,11/11/2025 22:39,1,2,0
UNC,989.002028177122000,11/11/2025 22:38,1,2,0
UNC,989.002028177122000,11/11/2025 22:37,1,2,0
UNC,989.002028177122000,11/11/2025 22:36,1,2,0
UNC,989.002028176952000,11/11/2025 22:35,1,3,0
UNC,989.002028177122000,11/11/2025 22:35,1,2,0
UNC,989.002028177122000,11/11/2025 22:33,1,2,0
UNC,989.002028177122000,11/11/2025 22:32,1,2,0
UNC,989.002028176952000,11/11/2025 22:32,1,7,0
UNC,989.002028177122000,11/11/2025 22:31,1,2,0
UNC,989.002028177122000,11/11/2025 22:30,1,2,0
UNC,989.002028177122000,11/11/2025 22:29,1,2,0
UNC,989.002028177122000,11/11/2025 22:28,1,2,0
UNC,989.002028177122000,11/11/2025 22:27,1,2,0
UNC,989.002028177122000,11/11/2025 22:26,1,2,0
UNC,989.002028177122000,11/11/2025 22:24,1,2,0
UNC,989.002028177122000,11/11/2025 22:23,1,2,0
UNC,989.002028177122000,11/11/2025 22:22,1,2,0
UNC,989.002028177122000,11/11/2025 22:21,1,2,0
UNC,989.002028177122000,11/11/2025 22:19,1,2,0
UNC,989.001030620279000,11/11/2025 22:19,1,2,0
UNC,989.002028177122000,11/11/2025 22:18,1,2,0
UNC,989.001030620394000,11/11/2025 22:18,1,2,0
UNC,989.002028177122000,11/11/2025 22:17,1,2,0
UNC,989.002028176996000,11/11/2025 22:17,1,3,0
UNC,989.001030620279000,11/11/2025 22:17,1,6,0
UNC,989.001030620394000,11/11/2025 22:17,1,6,0
UNC,989.002028177122000,11/11/2025 22:16,1,2,0
UNC,989.002028176996000,11/11/2025 22:16,1,3,0
UNC,989.002028177122000,11/11/2025 22:15,1,2,0
UNC,989.002028176996000,11/11/2025 22:15,1,3,0
UNC,989.002028177122000,11/11/2025 22:14,1,2,0
UNC,989.002028177122000,11/11/2025 22:12,1,2,0
UNC,989.002028177122000,11/11/2025 22:11,1,2,0
UNC,989.002028177122000,11/11/2025 22:10,1,2,0
UNC,989.002028176996000,11/11/2025 22:09,1,3,0
UNC,989.002028177122000,11/11/2025 22:09,1,2,0
UNC,989.002028176996000,11/11/2025 22:08,1,3,0
UNC,989.002028177122000,11/11/2025 22:07,1,2,0
UNC,989.002028176996000,11/11/2025 22:07,1,3,0
UNC,989.002028177122000,11/11/2025 22:06,1,2,0
UNC,989.002028177122000,11/11/2025 22:05,1,2,0
UNC,989.002028177122000,11/11/2025 22:04,1,2,0
UNC,989.002028176952000,11/11/2025 22:03,1,7,0
UNC,989.002028177122000,11/11/2025 22:03,1,2,0
UNC,989.002028177122000,11/11/2025 22:01,1,2,0
UNC,989.002028176996000,11/11/2025 22:01,1,3,0
UNC,989.002028176952000,11/11/2025 22:00,1,2,0
UNC,989.002028176952000,11/11/2025 22:00,1,1,0
UNC,989.002028176996000,11/11/2025 22:00,1,3,0
UNC,989.002028177122000,11/11/2025 22:00,1,2,0
UNC,989.002028176996000,11/11/2025 21:59,1,3,0
UNC,989.002028177122000,11/11/2025 21:59,1,2,0
UNC,989.002028176996000,11/11/2025 21:58,1,3,0
UNC,989.002028177122000,11/11/2025 21:58,1,2,0
UNC,989.002028176996000,11/11/2025 21:57,1,3,0
UNC,989.002028177122000,11/11/2025 21:57,1,2,0
UNC,989.002028177122000,11/11/2025 21:55,1,2,0
UNC,989.002028176996000,11/11/2025 21:55,1,3,0
UNC,989.001030621497000,11/11/2025 21:55,1,2,0
UNC,989.002028177122000,11/11/2025 21:54,1,2,0
UNC,989.002028177122000,11/11/2025 21:53,1,2,0
UNC,989.002028177122000,11/11/2025 21:52,1,2,0
UNC,989.002028177122000,11/11/2025 21:50,1,2,0
UNC,989.002028177122000,11/11/2025 21:49,1,2,0
UNC,989.002028177122000,11/11/2025 21:48,1,2,0
UNC,989.002028177122000,11/11/2025 21:47,1,2,0
UNC,989.002028177122000,11/11/2025 21:46,1,2,0
UNC,989.002028176996000,11/11/2025 21:45,1,3,0
UNC,989.002028177122000,11/11/2025 21:44,1,2,0
UNC,989.002028176996000,11/11/2025 21:44,1,3,0
UNC,989.002028177122000,11/11/2025 21:43,1,2,0
UNC,989.001030621497000,11/11/2025 21:43,1,2,0
UNC,989.002028176996000,11/11/2025 21:43,1,3,0
UNC,989.002028177122000,11/11/2025 21:42,1,2,0
UNC,989.002028177122000,11/11/2025 21:41,1,2,0
UNC,989.002028177122000,11/11/2025 21:39,1,2,0
UNC,989.002028177122000,11/11/2025 21:38,1,2,0
UNC,989.001030621497000,11/11/2025 21:37,1,1,0
UNC,989.002028176996000,11/11/2025 21:36,1,3,0
UNC,989.001030621497000,11/11/2025 21:36,1,1,0
UNC,989.001030620729000,11/11/2025 21:30,1,2,0
UNC,989.001030621497000,11/11/2025 21:28,1,1,0
UNC,989.001030620729000,11/11/2025 21:28,1,7,0
UNC,989.001030620729000,11/11/2025 21:28,1,6,0
UNC,989.001040500035000,11/11/2025 21:27,1,7,0
UNC,989.001040500035000,11/11/2025 21:25,1,7,0
UNC,989.002028176952000,11/11/2025 21:23,1,3,0
UNC,989.001030621497000,11/11/2025 21:23,1,1,0
UNC,989.001030621497000,11/11/2025 21:22,1,1,0
UNC,989.001030621497000,11/11/2025 21:21,1,1,0
UNC,989.002028176996000,11/11/2025 21:20,1,3,0
UNC,989.002028176996000,11/11/2025 21:19,1,3,0
UNC,989.002028176952000,11/11/2025 21:19,1,8,0
UNC,989.002028176996000,11/11/2025 21:18,1,3,0
UNC,989.002028176996000,11/11/2025 21:17,1,3,0
UNC,989.002028176952000,11/11/2025 21:16,1,8,0
UNC,989.002028176996000,11/11/2025 21:16,1,3,0
UNC,989.002028176996000,11/11/2025 21:15,1,3,0
UNC,989.002028176996000,11/11/2025 21:14,1,3,0
UNC,989.002028176996000,11/11/2025 21:12,1,3,0
UNC,989.002028176996000,11/11/2025 21:11,1,3,0
UNC,989.002028176996000,11/11/2025 21:10,1,3,0
UNC,989.002028176996000,11/11/2025 21:09,1,3,0
UNC,989.002028176996000,11/11/2025 21:08,1,3,0
UNC,989.002028176996000,11/11/2025 21:06,1,3,0
UNC,989.002028176996000,11/11/2025 21:05,1,3,0
UNC,989.002028176996000,11/11/2025 21:04,1,3,0
UNC,989.002028176996000,11/11/2025 21:03,1,3,0
UNC,989.002028176996000,11/11/2025 21:01,1,3,0
UNC,989.002028176996000,11/11/2025 21:00,1,3,0
UNC,989.002028177122000,11/11/2025 20:59,1,2,0
UNC,989.002028176996000,11/11/2025 20:59,1,3,0
UNC,989.002028176996000,11/11/2025 20:58,1,3,0
UNC,989.002028176996000,11/11/2025 20:57,1,3,0
UNC,989.002028176996000,11/11/2025 20:55,1,3,0
UNC,989.002028177122000,11/11/2025 20:55,1,2,0
UNC,989.002028176996000,11/11/2025 20:54,1,3,0
UNC,989.002028177122000,11/11/2025 20:53,1,2,0
UNC,989.002028176996000,11/11/2025 20:53,1,3,0
UNC,989.002028176996000,11/11/2025 20:52,1,3,0
UNC,989.002028177122000,11/11/2025 20:52,1,2,0
UNC,989.002028176996000,11/11/2025 20:51,1,3,0
UNC,989.002028176996000,11/11/2025 20:50,1,3,0
UNC,989.002028176996000,11/11/2025 20:49,1,3,0
UNC,989.002028176996000,11/11/2025 20:48,1,3,0
UNC,989.002028176996000,11/11/2025 20:46,1,3,0
UNC,989.002028176996000,11/11/2025 20:44,1,3,0
UNC,989.002028176996000,11/11/2025 20:43,1,3,0
UNC,989.002028177122000,11/11/2025 20:43,1,2,0
UNC,989.002028176996000,11/11/2025 20:42,1,3,0
UNC,989.002028177122000,11/11/2025 20:41,1,2,0
UNC,989.002028176996000,11/11/2025 20:41,1,3,0
UNC,989.002028177122000,11/11/2025 20:40,1,2,0
UNC,989.002028176996000,11/11/2025 20:39,1,3,0
UNC,989.002028177122000,11/11/2025 20:38,1,2,0
UNC,989.002028176996000,11/11/2025 20:38,1,3,0
UNC,989.002028176996000,11/11/2025 20:37,1,3,0
UNC,989.002028177122000,11/11/2025 20:37,1,2,0
UNC,989.002028176996000,11/11/2025 20:36,1,3,0
UNC,989.002028176996000,11/11/2025 20:35,1,3,0
UNC,989.002028177122000,11/11/2025 20:34,1,2,0
UNC,989.002028176996000,11/11/2025 20:33,1,3,0
UNC,989.002028177122000,11/11/2025 20:33,1,2,0
UNC,989.002028176996000,11/11/2025 20:32,1,3,0
UNC,989.002028176996000,11/11/2025 20:30,1,3,0
UNC,989.002028177122000,11/11/2025 20:30,1,2,0
UNC,989.002028176996000,11/11/2025 20:29,1,3,0
UNC,989.002028177122000,11/11/2025 20:29,1,7,0
UNC,989.002028176996000,11/11/2025 20:28,1,3,0
UNC,989.002028176996000,11/11/2025 20:27,1,3,0
UNC,989.002028176996000,11/11/2025 20:26,1,3,0
UNC,989.002028176996000,11/11/2025 20:25,1,3,0
UNC,989.002028176996000,11/11/2025 20:24,1,3,0
UNC,989.002028176996000,11/11/2025 20:21,1,3,0
UNC,989.001040500060000,11/11/2025 19:55,1,7,0
UNC,989.001040500060000,11/11/2025 19:55,1,2,0
UNC,989.002028176996000,11/11/2025 19:34,1,3,0
UNC,989.002028176996000,11/11/2025 19:33,1,3,0
UNC,989.002028176996000,11/11/2025 19:31,1,3,0
UNC,989.002028176996000,11/11/2025 19:30,1,3,0
UNC,989.002028176996000,11/11/2025 19:29,1,3,0
UNC,989.002028176996000,11/11/2025 19:28,1,3,0
UNC,989.002028176996000,11/11/2025 19:27,1,3,0
UNC,989.002028176996000,11/11/2025 19:25,1,3,0
UNC,989.002028176996000,11/11/2025 19:24,1,3,0
UNC,989.002028176996000,11/11/2025 19:22,1,2,0
UNC,989.002028176996000,11/11/2025 19:21,1,2,0
UNC,989.002028176996000,11/11/2025 19:20,1,2,0
UNC,989.002028176996000,11/11/2025 19:18,1,2,0
UNC,989.002028176996000,11/11/2025 19:18,1,3,0
UNC,989.002028176996000,11/11/2025 19:08,1,3,0
UNC,989.001040500035000,11/11/2025 19:04,1,8,0
UNC,989.001040500035000,11/11/2025 19:04,1,7,0
UNC,989.001040500035000,11/11/2025 19:03,1,7,0
UNC,989.001040500035000,11/11/2025 19:01,1,7,0
UNC,989.001040500035000,11/11/2025 19:00,1,7,0
UNC,989.002028176996000,11/11/2025 18:56,1,3,0
UNC,989.002028176996000,11/11/2025 18:40,1,3,0
UNC,989.001040500071000,11/11/2025 18:27,1,1,0
UNC,989.002028176996000,11/11/2025 18:26,1,3,0
UNC,989.001040500071000,11/11/2025 18:24,1,7,0
UNC,989.002028176996000,11/11/2025 18:17,1,3,0
UNC,989.002028176996000,11/11/2025 18:16,1,3,0
UNC,989.002028176996000,11/11/2025 18:12,1,3,0
UNC,989.002028176996000,11/11/2025 18:07,1,3,0
UNC,989.002028177122000,11/11/2025 18:02,1,7,0
UNC,989.002028177122000,11/11/2025 18:01,1,7,0
UNC,989.002028177108000,11/11/2025 17:41,1,2,0
UNC,989.002028177108000,11/11/2025 17:39,1,7,0
UNC,989.002028176996000,11/11/2025 17:37,1,3,0
UNC,989.002028176996000,11/11/2025 17:32,1,3,0
UNC,989.001030620282000,11/11/2025 17:30,1,2,0
UNC,989.002028176695000,11/11/2025 17:30,1,2,0
UNC,989.001030620282000,11/11/2025 17:29,1,6,0
UNC,989.002028176695000,11/11/2025 17:28,1,7,0
UNC,989.001030620678000,11/11/2025 17:27,1,3,0
UNC,989.001030620684000,11/11/2025 17:26,1,2,0
UNC,989.001030620678000,11/11/2025 17:26,1,7,0
UNC,989.001030620684000,11/11/2025 17:25,1,7,0
UNC,989.002028176996000,11/11/2025 17:25,1,2,0
UNC,989.002028176695000,11/11/2025 17:23,1,6,0
UNC,989.002028176695000,11/11/2025 17:22,1,6,0
UNC,989.002028176695000,11/11/2025 17:20,1,6,0
UNC,989.002028176695000,11/11/2025 17:20,1,7,0
UNC,989.002028176695000,11/11/2025 17:19,1,6,0
UNC,989.001040500035000,11/11/2025 17:19,1,7,0
UNC,989.001030620709000,11/11/2025 17:19,1,2,0
UNC,989.001040500060000,11/11/2025 17:18,1,2,0
UNC,989.002028176695000,11/11/2025 17:18,1,7,0
UNC,989.001030620906000,11/11/2025 17:18,1,1,0
UNC,989.001040500035000,11/11/2025 17:18,1,7,0
UNC,989.001040500060000,11/11/2025 17:17,1,2,0
UNC,989.001030620304000,11/11/2025 17:17,1,2,0
UNC,989.002028176695000,11/11/2025 17:17,1,7,0
UNC,989.001040500060000,11/11/2025 17:17,1,1,0
UNC,989.001030620304000,11/11/2025 17:16,1,6,0
UNC,989.001040500035000,11/11/2025 17:16,1,7,0
UNC,989.001040500060000,11/11/2025 17:16,1,6,0
UNC,989.002028176842000,11/11/2025 17:16,1,2,0
UNC,989.001040500035000,11/11/2025 17:15,1,7,0
UNC,989.002028176842000,11/11/2025 17:15,1,7,0
UNC,989.002028176695000,11/11/2025 17:13,1,6,0
UNC,989.002028176695000,11/11/2025 17:12,1,7,0
UNC,989.002028176695000,11/11/2025 17:11,1,7,0
UNC,989.002028176695000,11/11/2025 17:11,1,6,0
UNC,989.002028176996000,11/11/2025 17:11,1,3,0
UNC,989.002028176695000,11/11/2025 17:09,1,8,0
UNC,989.002028176695000,11/11/2025 17:09,1,7,0
UNC,989.002028176695000,11/11/2025 17:08,1,7,0
UNC,989.002028176996000,11/11/2025 17:05,1,3,0
UNC,989.002028176996000,11/11/2025 17:01,1,3,0
UNC,989.002028176695000,11/11/2025 16:59,1,7,0
UNC,989.002028176695000,11/11/2025 16:58,1,7,0
UNC,989.002028176996000,11/11/2025 16:58,1,3,0
UNC,989.002028176695000,11/11/2025 16:57,1,6,0
UNC,989.001030620906000,11/11/2025 16:51,1,7,0
UNC,989.002028176695000,11/11/2025 16:50,1,6,0
UNC,989.001030620906000,11/11/2025 16:50,1,7,0
UNC,989.001030620906000,11/11/2025 16:49,1,6,0
UNC,989.002028176695000,11/11/2025 16:47,1,6,0
UNC,989.002028176695000,11/11/2025 16:47,1,7,0
UNC,989.002028176695000,11/11/2025 16:46,1,7,0
UNC,989.002028176695000,11/11/2025 16:45,1,7,0
UNC,989.001030620906000,11/11/2025 16:39,1,1,0
UNC,989.001030620906000,11/11/2025 16:38,1,1,0
UNC,989.001030620667000,11/11/2025 16:38,1,3,0
UNC,989.002028176695000,11/11/2025 16:37,1,6,0
UNC,989.001030620906000,11/11/2025 16:37,1,2,0
UNC,989.002028176695000,11/11/2025 16:34,1,6,0
UNC,989.002028176695000,11/11/2025 16:34,1,7,0
UNC,989.001030620667000,11/11/2025 16:33,1,8,0
UNC,989.002028176695000,11/11/2025 16:32,1,7,0
UNC,989.002028176695000,11/11/2025 16:31,1,6,0
UNC,989.002028176695000,11/11/2025 16:30,1,6,0
UNC,989.002028176695000,11/11/2025 16:29,1,6,0
UNC,989.002028176695000,11/11/2025 16:23,1,7,0
UNC,989.002028176695000,11/11/2025 16:21,1,2,0
UNC,989.002028176695000,11/11/2025 16:21,1,1,0
UNC,989.002028176695000,11/11/2025 16:19,1,1,0
UNC,989.002028176695000,11/11/2025 16:14,1,6,0
UNC,989.002028176695000,11/11/2025 16:06,1,6,0
UNC,989.001030620906000,11/11/2025 16:05,1,3,0
UNC,989.002028176695000,11/11/2025 16:05,1,6,0
UNC,989.002028176695000,11/11/2025 16:05,1,7,0
UNC,989.002028176695000,11/11/2025 16:04,1,6,0
UNC,989.001030621386000,11/11/2025 16:00,1,2,0
UNC,989.002028176695000,11/11/2025 16:00,1,7,0
UNC,989.002028176695000,11/11/2025 15:59,1,7,0
UNC,989.002028176695000,11/11/2025 15:59,1,6,0
UNC,989.001030621386000,11/11/2025 15:59,1,7,0
UNC,989.002028176695000,11/11/2025 15:58,1,6,0
UNC,989.002028176695000,11/11/2025 15:57,1,6,0
UNC,989.002028176695000,11/11/2025 15:56,1,7,0
UNC,989.002028176695000,11/11/2025 15:56,1,6,0
UNC,989.002028176695000,11/11/2025 15:55,1,7,0
UNC,989.001030620667000,11/11/2025 15:54,1,8,0
UNC,989.002028176695000,11/11/2025 15:53,1,7,0
UNC,989.002028176695000,11/11/2025 15:52,1,7,0
UNC,989.001030620906000,11/11/2025 15:51,1,1,0
UNC,989.002028176695000,11/11/2025 15:48,1,7,0
UNC,989.002028176695000,11/11/2025 15:48,1,6,0
UNC,989.002028176695000,11/11/2025 15:44,1,1,0
UNC,989.002028176695000,11/11/2025 15:43,1,1,0
UNC,989.001030620906000,11/11/2025 15:42,1,6,0
UNC,989.002028176695000,11/11/2025 15:42,1,1,0
UNC,989.001030620906000,11/11/2025 15:41,1,6,0
UNC,989.002028176695000,11/11/2025 15:41,1,1,0
UNC,989.001030620906000,11/11/2025 15:40,1,7,0
UNC,989.002028176695000,11/11/2025 15:38,1,6,0
UNC,989.001030620906000,11/11/2025 15:37,1,1,0
UNC,989.002028176695000,11/11/2025 15:36,1,7,0
UNC,989.002028176695000,11/11/2025 15:34,1,7,0
UNC,989.002028176695000,11/11/2025 15:33,1,7,0
UNC,989.002028176695000,11/11/2025 15:33,1,6,0
UNC,989.002028176695000,11/11/2025 15:32,1,7,0
UNC,989.002028176695000,11/11/2025 15:30,1,2,0
UNC,989.002028176695000,11/11/2025 15:30,1,1,0
UNC,989.001030620709000,11/11/2025 15:27,1,3,0
UNC,989.002028176695000,11/11/2025 15:27,1,1,0
UNC,989.001030620906000,11/11/2025 15:27,1,1,0
UNC,989.001030620709000,11/11/2025 15:26,1,3,0
UNC,989.002028176996000,11/11/2025 15:26,1,3,0
UNC,989.001030620667000,11/11/2025 15:24,1,1,0
UNC,989.001030620667000,11/11/2025 15:23,1,2,0
UNC,989.002028176695000,11/11/2025 15:22,1,6,0
UNC,989.001030620906000,11/11/2025 15:20,1,7,0
UNC,989.001030620906000,11/11/2025 15:19,1,7,0
UNC,989.001030620667000,11/11/2025 15:19,1,8,0
UNC,989.002028176996000,11/11/2025 15:18,1,3,0
UNC,989.002028176996000,11/11/2025 15:17,1,3,0
UNC,989.001030620906000,11/11/2025 15:16,1,2,0
UNC,989.001030620667000,11/11/2025 15:16,1,2,0
UNC,989.001040500120000,11/11/2025 15:15,1,7,0
UNC,989.001040500120000,11/11/2025 15:15,1,6,0
UNC,989.001040500120000,11/11/2025 15:14,1,3,0
UNC,989.001040500120000,11/11/2025 15:13,1,2,0
UNC,989.002028176695000,11/11/2025 15:11,1,7,0
UNC,989.002028176695000,11/11/2025 15:11,1,6,0
UNC,989.002028176695000,11/11/2025 15:06,1,7,0
UNC,989.002028176695000,11/11/2025 15:06,1,6,0
UNC,989.002028176695000,11/11/2025 15:05,1,7,0
UNC,989.002028176695000,11/11/2025 15:04,1,7,0
UNC,989.001030620667000,11/11/2025 15:00,1,3,0
UNC,989.001030620667000,11/11/2025 14:59,1,7,0
UNC,989.001030620667000,11/11/2025 14:58,1,6,0
UNC,989.001030620667000,11/11/2025 14:57,1,7,0
UNC,989.001030620667000,11/11/2025 14:56,1,2,0
UNC,989.002028176695000,11/11/2025 14:55,1,7,0
UNC,989.002028176695000,11/11/2025 14:55,1,6,0
UNC,989.001030620667000,11/11/2025 14:52,1,1,0
UNC,989.001030620667000,11/11/2025 14:50,1,6,0
UNC,989.001030620667000,11/11/2025 14:49,1,1,0
UNC,989.002028176695000,11/11/2025 14:49,1,6,0
UNC,989.002028176695000,11/11/2025 14:48,1,6,0
UNC,989.001030620667000,11/11/2025 14:48,1,1,0
UNC,989.002028176695000,11/11/2025 14:47,1,7,0
UNC,989.001030620667000,11/11/2025 14:47,1,1,0
UNC,989.001030620667000,11/11/2025 14:46,1,2,0
UNC,989.001030620667000,11/11/2025 14:45,1,2,0
UNC,989.002028176695000,11/11/2025 14:44,1,6,0
UNC,989.001030620667000,11/11/2025 14:44,1,2,0
UNC,989.002028176695000,11/11/2025 14:37,1,6,0
UNC,989.002028176695000,11/11/2025 14:36,1,7,0
UNC,989.002028176695000,11/11/2025 14:35,1,7,0
UNC,989.002028176695000,11/11/2025 14:34,1,7,0
UNC,989.002028176695000,11/11/2025 14:31,1,7,0
UNC,989.002028176695000,11/11/2025 14:31,1,6,0
UNC,989.002028176695000,11/11/2025 14:30,1,6,0
UNC,989.002028176695000,11/11/2025 14:25,1,7,0
UNC,989.002028176695000,11/11/2025 14:18,1,6,0
UNC,989.002028176695000,11/11/2025 14:17,1,6,0
UNC,989.002028176695000,11/11/2025 14:10,1,6,0
UNC,989.002028176695000,11/11/2025 14:09,1,6,0
UNC,989.002028176695000,11/11/2025 14:04,1,7,0
UNC,989.002028176695000,11/11/2025 14:00,1,6,0
UNC,989.002028176695000,11/11/2025 13:59,1,6,0
UNC,989.002028176695000,11/11/2025 13:58,1,6,0
UNC,989.002028176695000,11/11/2025 13:53,1,7,0
UNC,989.002028176695000,11/11/2025 13:52,1,6,0
UNC,989.002028176695000,11/11/2025 13:48,1,1,0
UNC,989.001030620667000,11/11/2025 13:48,1,6,0
UNC,989.001030620667000,11/11/2025 13:47,1,7,0
UNC,989.001030620667000,11/11/2025 13:46,1,7,0
UNC,989.001030620667000,11/11/2025 13:45,1,2,0
UNC,989.001030620667000,11/11/2025 12:32,1,7,0
UNC,989.001030620709000,11/11/2025 10:13,1,2,0
UNC,989.001030620709000,11/11/2025 10:09,1,7,0
UNC,989.001030620709000,11/11/2025 10:08,1,7,0
UNC,989.002028177122000,11/11/2025 9:50,1,7,0
UNC,989.002028177122000,11/11/2025 9:49,1,1,0
UNC,989.002028177122000,11/11/2025 9:48,1,2,0
UNC,989.001030620709000,11/11/2025 9:18,1,6,0
UNC,989.001030620678000,11/11/2025 8:30,1,7,0
UNC,989.001030620678000,11/11/2025 8:29,1,2,0
UNC,989.002028176695000,11/11/2025 8:25,1,2,0
UNC,989.002028176695000,11/11/2025 8:22,1,7,0
UNC,989.002028176695000,11/11/2025 8:21,1,7,0
UNC,989.002028176695000,11/11/2025 8:10,1,6,0
UNC,989.002028176695000,11/11/2025 8:09,1,6,0
UNC,989.002028176695000,11/11/2025 8:01,1,7,0
UNC,989.002028176695000,11/11/2025 8:00,1,7,0
UNC,989.002028176695000,11/11/2025 7:59,1,7,0
UNC,989.002028176695000,11/11/2025 7:59,1,6,0
UNC,989.002028176695000,11/11/2025 7:58,1,6,0
UNC,989.002028176695000,11/11/2025 7:57,1,7,0
UNC,989.002028176695000,11/11/2025 7:56,1,6,0
UNC,989.002028176695000,11/11/2025 7:44,1,7,0
UNC,989.002028176695000,11/11/2025 7:43,1,7,0
UNC,989.002028176695000,11/11/2025 7:42,1,7,0
UNC,989.002028176695000,11/11/2025 7:37,1,6,0
UNC,989.002028176695000,11/11/2025 7:36,1,6,0
UNC,989.002028176695000,11/11/2025 7:34,1,6,0
UNC,989.002028176695000,11/11/2025 7:34,1,7,0
UNC,989.002028176695000,11/11/2025 7:30,1,7,0
UNC,989.002028176695000,11/11/2025 7:29,1,7,0
UNC,989.002028176695000,11/11/2025 7:27,1,7,0
UNC,989.002028176695000,11/11/2025 7:26,1,7,0
UNC,989.002028176695000,11/11/2025 7:25,1,7,0
UNC,989.002028176695000,11/11/2025 7:25,1,6,0
UNC,989.002028176695000,11/11/2025 7:23,1,6,0
UNC,989.002028176695000,11/11/2025 7:22,1,6,0
UNC,989.002028176695000,11/11/2025 7:21,1,6,0
UNC,989.002028176695000,11/11/2025 7:15,1,7,0
UNC,989.002028176695000,11/11/2025 7:14,1,7,0
UNC,989.002028176695000,11/11/2025 7:13,1,7,0
UNC,989.002028176695000,11/11/2025 7:12,1,7,0
UNC,989.002028176695000,11/11/2025 7:05,1,7,0
UNC,989.002028176695000,11/11/2025 7:04,1,7,0
UNC,989.002028176695000,11/11/2025 7:03,1,7,0
UNC,989.001040500071000,11/11/2025 7:02,1,2,0
UNC,989.002028176695000,11/11/2025 7:01,1,7,0
UNC,989.002028176695000,11/11/2025 7:00,1,7,0
UNC,989.002028176842000,11/11/2025 7:00,1,6,0
UNC,989.002028176842000,11/11/2025 6:59,1,7,0
UNC,989.002028176842000,11/11/2025 6:59,1,2,0
UNC,989.002028176695000,11/11/2025 6:57,1,6,0
UNC,989.002028176695000,11/11/2025 6:56,1,6,0
UNC,989.002028176695000,11/11/2025 6:55,1,7,0
UNC,989.002028176695000,11/11/2025 6:54,1,7,0
UNC,989.002028176695000,11/11/2025 6:53,1,7,0
UNC,989.002028176695000,11/11/2025 6:52,1,7,0
UNC,989.002028176695000,11/11/2025 6:45,1,6,0
UNC,989.002028176695000,11/11/2025 6:45,1,7,0
UNC,989.002028176695000,11/11/2025 6:44,1,7,0
UNC,989.002028176695000,11/11/2025 6:43,1,7,0
UNC,989.002028176695000,11/11/2025 6:35,1,6,0
UNC,989.002028176695000,11/11/2025 6:34,1,7,0
UNC,989.001040500071000,11/11/2025 6:33,1,2,0
UNC,989.002028176695000,11/11/2025 6:31,1,6,0
UNC,989.001030620684000,11/11/2025 6:30,1,7,0
UNC,989.001030620684000,11/11/2025 6:30,1,1,0
UNC,989.001040500071000,11/11/2025 6:28,1,6,0
UNC,989.001040500071000,11/11/2025 6:27,1,6,0
UNC,989.001040500071000,11/11/2025 6:26,1,6,0
UNC,989.001040500071000,11/11/2025 6:26,1,7,0
UNC,989.001030621103000,11/11/2025 6:25,1,6,0
UNC,989.001030621103000,11/11/2025 6:24,1,1,0
UNC,989.001030620553000,11/11/2025 6:20,1,6,0
UNC,989.001030620553000,11/11/2025 6:20,1,7,0
UNC,989.002028176695000,11/11/2025 6:20,1,6,0
UNC,989.001030620667000,11/11/2025 6:20,1,7,0
UNC,989.001030620667000,11/11/2025 6:19,1,6,0
UNC,989.001040500071000,11/11/2025 6:19,1,2,0
UNC,989.001030620904000,11/11/2025 6:19,1,1,0
UNC,989.001040500035000,11/11/2025 6:18,1,7,0
UNC,989.001030620904000,11/11/2025 6:17,1,6,0
UNC,989.001030620667000,11/11/2025 6:16,1,1,0
UNC,989.001030620667000,11/11/2025 6:16,1,2,0
UNC,989.001030620553000,11/11/2025 6:16,1,3,0
UNC,989.001030620904000,11/11/2025 6:16,1,2,0
UNC,989.001030620553000,11/11/2025 6:15,1,3,0
UNC,989.001030620553000,11/11/2025 6:15,1,2,0
UNC,989.001030620667000,11/11/2025 6:15,1,2,0
UNC,989.001030620667000,11/11/2025 6:14,1,2,0
UNC,989.001030620667000,11/11/2025 6:13,1,2,0
UNC,989.001030620667000,11/11/2025 6:12,1,2,0
UNC,989.001030620667000,11/11/2025 6:11,1,2,0
UNC,989.001030620667000,11/11/2025 6:10,1,2,0
UNC,989.001030620667000,11/11/2025 6:09,1,2,0
UNC,989.001030620667000,11/11/2025 6:08,1,2,0
UNC,989.001040500035000,11/11/2025 6:08,1,6,0
UNC,989.001040500035000,11/11/2025 6:08,1,7,0
UNC,989.001030620667000,11/11/2025 6:07,1,2,0
UNC,989.001030620667000,11/11/2025 6:06,1,2,0
UNC,989.001030620667000,11/11/2025 6:05,1,2,0
UNC,989.001030620667000,11/11/2025 6:04,1,2,0
UNC,989.001030620904000,11/11/2025 6:03,1,2,0
UNC,989.001030620667000,11/11/2025 6:03,1,2,0
UNC,989.001030620667000,11/11/2025 6:02,1,2,0
UNC,989.001030620667000,11/11/2025 6:01,1,2,0
UNC,989.001030620904000,11/11/2025 6:00,1,2,0
UNC,989.001030620667000,11/11/2025 6:00,1,2,0
UNC,989.001030620667000,11/11/2025 5:59,1,2,0
UNC,989.001030620667000,11/11/2025 5:58,1,2,0
UNC,989.001030620667000,11/11/2025 5:57,1,2,0
UNC,989.001030620304000,11/11/2025 5:56,1,6,0
UNC,989.001030620667000,11/11/2025 5:56,1,2,0
UNC,989.001030620304000,11/11/2025 5:56,1,1,0
UNC,989.001030620667000,11/11/2025 5:55,1,2,0
UNC,989.001040500035000,11/11/2025 5:54,1,7,0
UNC,989.001030620667000,11/11/2025 5:54,1,2,0
UNC,989.001030620667000,11/11/2025 5:53,1,2,0
UNC,989.001030620667000,11/11/2025 5:52,1,2,0
UNC,989.001030620667000,11/11/2025 5:51,1,2,0
UNC,989.001040500035000,11/11/2025 5:50,1,7,0
UNC,989.001030620667000,11/11/2025 5:50,1,2,0
UNC,989.001040500035000,11/11/2025 5:49,1,7,0
UNC,989.001030620667000,11/11/2025 5:49,1,2,0
UNC,989.001040500035000,11/11/2025 5:48,1,7,0
UNC,989.001030620667000,11/11/2025 5:48,1,2,0
UNC,989.001030620667000,11/11/2025 5:47,1,2,0
UNC,989.001030620667000,11/11/2025 5:46,1,2,0
UNC,989.001040500035000,11/11/2025 5:45,1,7,0
UNC,989.001030620667000,11/11/2025 5:45,1,2,0
UNC,989.001030620667000,11/11/2025 5:44,1,2,0
UNC,989.001030620667000,11/11/2025 5:43,1,2,0
UNC,989.001030620667000,11/11/2025 5:42,1,2,0
UNC,989.001040500035000,11/11/2025 5:41,1,7,0
UNC,989.001030620667000,11/11/2025 5:41,1,2,0
UNC,989.001030620667000,11/11/2025 5:40,1,2,0
UNC,989.001030620667000,11/11/2025 5:39,1,2,0
UNC,989.001040500035000,11/11/2025 5:39,1,7,0
UNC,989.001030620667000,11/11/2025 5:38,1,2,0
UNC,989.001030620667000,11/11/2025 5:37,1,2,0
UNC,989.001030620667000,11/11/2025 5:36,1,2,0
UNC,989.001030620667000,11/11/2025 5:35,1,2,0
UNC,989.001030620667000,11/11/2025 5:34,1,2,0
UNC,989.001030620667000,11/11/2025 5:33,1,2,0
UNC,989.001040500035000,11/11/2025 5:32,1,7,0
UNC,989.001030620667000,11/11/2025 5:32,1,2,0
UNC,989.001040500035000,11/11/2025 5:31,1,7,0
UNC,989.001030620667000,11/11/2025 5:31,1,2,0
UNC,989.001040500035000,11/11/2025 5:30,1,7,0
UNC,989.001030620667000,11/11/2025 5:30,1,2,0
UNC,989.001040500035000,11/11/2025 5:29,1,7,0
UNC,989.001030620667000,11/11/2025 5:29,1,2,0
UNC,989.001040500035000,11/11/2025 5:28,1,7,0
UNC,989.001030620667000,11/11/2025 5:28,1,2,0
UNC,989.001030620667000,11/11/2025 5:27,1,2,0
UNC,989.001040500035000,11/11/2025 5:27,1,7,0
UNC,989.001030620667000,11/11/2025 5:26,1,2,0
UNC,989.001030620667000,11/11/2025 5:25,1,2,0
UNC,989.001030620667000,11/11/2025 5:24,1,2,0
UNC,989.001030620667000,11/11/2025 5:23,1,2,0
UNC,989.001030620667000,11/11/2025 5:22,1,2,0
UNC,989.001030620667000,11/11/2025 5:21,1,2,0
UNC,989.001030620667000,11/11/2025 5:20,1,2,0
UNC,989.001030620667000,11/11/2025 5:19,1,2,0
UNC,989.001030620667000,11/11/2025 5:18,1,2,0
UNC,989.001030620186000,11/11/2025 5:17,1,6,0
UNC,989.001030620667000,11/11/2025 5:17,1,2,0
UNC,989.001030620186000,11/11/2025 5:16,1,1,0
UNC,989.001030620667000,11/11/2025 5:16,1,2,0
UNC,989.001030620667000,11/11/2025 5:15,1,2,0
UNC,989.001030620667000,11/11/2025 5:14,1,2,0
UNC,989.001030620667000,11/11/2025 5:13,1,2,0
UNC,989.001030620667000,11/11/2025 5:12,1,2,0
UNC,989.001040500035000,11/11/2025 5:11,1,7,0
UNC,989.001030620667000,11/11/2025 5:11,1,2,0
UNC,989.001040500035000,11/11/2025 5:10,1,7,0
UNC,989.001030620667000,11/11/2025 5:10,1,2,0
UNC,989.001040500035000,11/11/2025 5:09,1,7,0
UNC,989.001030620667000,11/11/2025 5:09,1,2,0
UNC,989.001040500035000,11/11/2025 5:08,1,7,0
UNC,989.001030620667000,11/11/2025 5:08,1,2,0
UNC,989.001030620667000,11/11/2025 5:07,1,2,0
UNC,989.001030620667000,11/11/2025 5:06,1,2,0
UNC,989.001030620667000,11/11/2025 5:05,1,2,0
UNC,989.001030620667000,11/11/2025 5:04,1,2,0
UNC,989.001030620667000,11/11/2025 5:03,1,2,0
UNC,989.001030620667000,11/11/2025 5:02,1,2,0
UNC,989.001030620667000,11/11/2025 5:01,1,2,0
UNC,989.001030620667000,11/11/2025 5:00,1,2,0
UNC,989.001030620667000,11/11/2025 4:59,1,2,0
UNC,989.001030620667000,11/11/2025 4:58,1,2,0
UNC,989.001030620667000,11/11/2025 4:57,1,2,0
UNC,989.001030620667000,11/11/2025 4:56,1,2,0
UNC,989.001030620667000,11/11/2025 4:55,1,2,0
UNC,989.001030620667000,11/11/2025 4:54,1,2,0
UNC,989.001030620667000,11/11/2025 4:53,1,2,0
UNC,989.001030620667000,11/11/2025 4:52,1,2,0
UNC,989.001030620667000,11/11/2025 4:51,1,2,0
UNC,989.001030620667000,11/11/2025 4:50,1,2,0
UNC,989.001030620667000,11/11/2025 4:49,1,2,0
UNC,989.001030620667000,11/11/2025 4:48,1,2,0
UNC,989.001030620667000,11/11/2025 4:47,1,2,0
UNC,989.001030620667000,11/11/2025 4:46,1,2,0
UNC,989.001030620904000,11/11/2025 4:45,1,2,0
UNC,989.001030621386000,11/11/2025 4:45,1,6,0
UNC,989.001030620667000,11/11/2025 4:45,1,2,0
UNC,989.001030621386000,11/11/2025 4:44,1,1,0
UNC,989.001030620904000,11/11/2025 4:44,1,2,0
UNC,989.001030620904000,11/11/2025 4:43,1,1,0
UNC,989.001030620667000,11/11/2025 4:43,1,2,0
UNC,989.001030620904000,11/11/2025 4:42,1,2,0
UNC,989.001030620667000,11/11/2025 4:41,1,2,0
UNC,989.001030620667000,11/11/2025 4:40,1,2,0
UNC,989.001030620667000,11/11/2025 4:39,1,2,0
UNC,989.001030620667000,11/11/2025 4:38,1,2,0
UNC,989.001030620667000,11/11/2025 4:37,1,2,0
UNC,989.001030620904000,11/11/2025 4:37,1,2,0
UNC,989.001030620667000,11/11/2025 4:36,1,2,0
UNC,989.001030620904000,11/11/2025 4:35,1,2,0
UNC,989.001030620667000,11/11/2025 4:35,1,2,0
UNC,989.001030621103000,11/11/2025 4:35,1,2,0
UNC,989.001030620667000,11/11/2025 4:34,1,2,0
UNC,989.001030621103000,11/11/2025 4:33,1,6,0
UNC,989.001030620667000,11/11/2025 4:33,1,2,0
UNC,989.001030620667000,11/11/2025 4:32,1,2,0
UNC,989.001030620667000,11/11/2025 4:31,1,2,0
UNC,989.001030620667000,11/11/2025 4:30,1,2,0
UNC,989.001030620904000,11/11/2025 4:29,1,2,0
UNC,989.001030620667000,11/11/2025 4:29,1,2,0
UNC,989.001030620904000,11/11/2025 4:28,1,2,0
UNC,989.001030620904000,11/11/2025 4:27,1,2,0
UNC,989.001030620904000,11/11/2025 4:26,1,2,0
UNC,989.001030620667000,11/11/2025 4:25,1,2,0
UNC,989.001030620667000,11/11/2025 4:24,1,2,0
UNC,989.001030620667000,11/11/2025 4:23,1,2,0
UNC,989.001030620904000,11/11/2025 4:23,1,2,0
UNC,989.001030620904000,11/11/2025 4:22,1,2,0
UNC,989.001030620904000,11/11/2025 4:21,1,2,0
UNC,989.001030620904000,11/11/2025 4:20,1,2,0
UNC,989.001030620904000,11/11/2025 4:18,1,2,0
UNC,989.001030620904000,11/11/2025 4:17,1,2,0
UNC,989.001030620904000,11/11/2025 4:16,1,2,0
UNC,989.001030620904000,11/11/2025 4:15,1,2,0
UNC,989.001030620667000,11/11/2025 4:15,1,2,0
UNC,989.001030620667000,11/11/2025 4:14,1,2,0
UNC,989.001030620667000,11/11/2025 4:13,1,2,0
UNC,989.001030620667000,11/11/2025 4:12,1,2,0
UNC,989.001030620667000,11/11/2025 4:11,1,2,0
UNC,989.001030620667000,11/11/2025 4:10,1,2,0
UNC,989.001030620667000,11/11/2025 4:09,1,2,0
UNC,989.001030620667000,11/11/2025 4:08,1,2,0
UNC,989.001030620667000,11/11/2025 4:07,1,2,0
UNC,989.001030620667000,11/11/2025 4:06,1,2,0
UNC,989.001030620667000,11/11/2025 4:05,1,2,0
UNC,989.001030620667000,11/11/2025 4:04,1,2,0
UNC,989.001030620667000,11/11/2025 4:03,1,2,0
UNC,989.001030620667000,11/11/2025 4:02,1,2,0
UNC,989.002028177020000,11/11/2025 4:02,1,1,0
UNC,989.001030620667000,11/11/2025 4:01,1,2,0
UNC,989.002028177020000,11/11/2025 4:00,1,6,0
UNC,989.001030620667000,11/11/2025 4:00,1,2,0
UNC,989.001030620667000,11/11/2025 3:59,1,2,0
UNC,989.001030620667000,11/11/2025 3:58,1,2,0
UNC,989.001030620667000,11/11/2025 3:57,1,2,0
UNC,989.001030620667000,11/11/2025 3:56,1,2,0
UNC,989.001030620667000,11/11/2025 3:55,1,2,0
UNC,989.001030620667000,11/11/2025 3:54,1,2,0
UNC,989.001030620667000,11/11/2025 3:53,1,2,0
UNC,989.001030620667000,11/11/2025 3:52,1,2,0
UNC,989.001030620667000,11/11/2025 3:51,1,2,0
UNC,989.001030620667000,11/11/2025 3:50,1,2,0
UNC,989.001030620667000,11/11/2025 3:49,1,2,0
UNC,989.002028177020000,11/11/2025 3:49,1,6,0
UNC,989.001030620667000,11/11/2025 3:48,1,2,0
UNC,989.001030620667000,11/11/2025 3:47,1,2,0
UNC,989.001030620667000,11/11/2025 3:46,1,2,0
UNC,989.001030620667000,11/11/2025 3:45,1,2,0
UNC,989.001030620667000,11/11/2025 3:44,1,2,0
UNC,989.001030620667000,11/11/2025 3:43,1,2,0
UNC,989.001030620667000,11/11/2025 3:42,1,2,0
UNC,989.001030620667000,11/11/2025 3:41,1,2,0
UNC,989.001030620667000,11/11/2025 3:40,1,2,0
UNC,989.001030620667000,11/11/2025 3:39,1,2,0
UNC,989.001030620667000,11/11/2025 3:38,1,2,0
UNC,989.001030620667000,11/11/2025 3:37,1,2,0
UNC,989.001030620667000,11/11/2025 3:36,1,2,0
UNC,989.001030620667000,11/11/2025 3:35,1,2,0
UNC,989.001030620667000,11/11/2025 3:34,1,2,0
UNC,989.001030620667000,11/11/2025 3:33,1,2,0
UNC,989.001030620667000,11/11/2025 3:32,1,2,0
UNC,989.001030620667000,11/11/2025 3:31,1,2,0
UNC,989.001030620667000,11/11/2025 3:30,1,2,0
UNC,989.001030620667000,11/11/2025 3:29,1,2,0
UNC,989.001030620667000,11/11/2025 3:28,1,2,0
UNC,989.001030620667000,11/11/2025 3:27,1,2,0
UNC,989.001030620667000,11/11/2025 3:26,1,2,0
UNC,989.001030620667000,11/11/2025 3:25,1,2,0
UNC,989.001030620667000,11/11/2025 3:24,1,2,0
UNC,989.001030620667000,11/11/2025 3:23,1,2,0
UNC,989.001030620667000,11/11/2025 3:22,1,2,0
UNC,989.001030620667000,11/11/2025 3:21,1,2,0
UNC,989.001030620667000,11/11/2025 3:20,1,2,0
UNC,989.001030620667000,11/11/2025 3:19,1,2,0
UNC,989.001030620667000,11/11/2025 3:18,1,2,0
UNC,989.001030620667000,11/11/2025 3:17,1,2,0
UNC,989.001030620667000,11/11/2025 3:16,1,2,0
UNC,989.001030620667000,11/11/2025 3:15,1,2,0
UNC,989.001030620667000,11/11/2025 3:14,1,2,0
UNC,989.001030620667000,11/11/2025 3:13,1,2,0
UNC,989.001030620904000,11/11/2025 3:12,1,2,0
UNC,989.001030620667000,11/11/2025 3:12,1,2,0
UNC,989.001030620904000,11/11/2025 3:11,1,2,0
UNC,989.001030620904000,11/11/2025 3:10,1,2,0
UNC,989.001030620904000,11/11/2025 3:09,1,2,0
UNC,989.001030620904000,11/11/2025 3:08,1,2,0
UNC,989.001030620904000,11/11/2025 3:07,1,2,0
UNC,989.001030620904000,11/11/2025 3:06,1,2,0
UNC,989.001030620904000,11/11/2025 3:05,1,2,0
UNC,989.001030620904000,11/11/2025 3:04,1,2,0
UNC,989.001030620904000,11/11/2025 3:03,1,2,0
UNC,989.001030620904000,11/11/2025 3:02,1,2,0
UNC,989.001030620904000,11/11/2025 3:01,1,2,0
UNC,989.001030620904000,11/11/2025 3:00,1,2,0
UNC,989.001030620904000,11/11/2025 2:58,1,2,0
UNC,989.001030620904000,11/11/2025 2:57,1,2,0
UNC,989.001030620904000,11/11/2025 2:56,1,2,0
UNC,989.001030620904000,11/11/2025 2:55,1,2,0
UNC,989.001030620904000,11/11/2025 2:54,1,2,0
UNC,989.001030620904000,11/11/2025 2:53,1,2,0
UNC,989.001030620904000,11/11/2025 2:51,1,2,0
UNC,989.001030620904000,11/11/2025 2:50,1,2,0
UNC,989.001030620904000,11/11/2025 2:49,1,2,0
UNC,989.001030620904000,11/11/2025 2:48,1,2,0
UNC,989.001030620904000,11/11/2025 2:47,1,2,0
UNC,989.001030620904000,11/11/2025 2:46,1,2,0
UNC,989.001030620904000,11/11/2025 2:45,1,2,0
UNC,989.001030620904000,11/11/2025 2:44,1,2,0
UNC,989.001030620904000,11/11/2025 2:42,1,2,0
UNC,989.001030620904000,11/11/2025 2:41,1,2,0
UNC,989.001030620904000,11/11/2025 2:40,1,2,0
UNC,989.001030620904000,11/11/2025 2:38,1,2,0
UNC,989.001030620904000,11/11/2025 2:37,1,2,0
UNC,989.001030620904000,11/11/2025 2:36,1,2,0
UNC,989.001030620904000,11/11/2025 2:35,1,2,0
UNC,989.001030620904000,11/11/2025 2:33,1,2,0
UNC,989.001030620904000,11/11/2025 2:32,1,2,0
UNC,989.001030620904000,11/11/2025 2:31,1,2,0
UNC,989.001030620904000,11/11/2025 2:30,1,2,0
UNC,989.001030620904000,11/11/2025 2:29,1,2,0
UNC,989.001030620904000,11/11/2025 2:28,1,2,0
UNC,989.001030620904000,11/11/2025 2:27,1,2,0
UNC,989.001030620904000,11/11/2025 2:25,1,2,0
UNC,989.001030620904000,11/11/2025 2:24,1,2,0
UNC,989.001030620904000,11/11/2025 2:23,1,2,0
UNC,989.001030620904000,11/11/2025 2:22,1,2,0
UNC,989.001030620904000,11/11/2025 2:21,1,2,0
UNC,989.001030620904000,11/11/2025 2:20,1,2,0
UNC,989.001030620904000,11/11/2025 2:18,1,2,0
UNC,989.001030620904000,11/11/2025 2:17,1,2,0
UNC,989.001030620904000,11/11/2025 2:16,1,2,0
UNC,989.001030620904000,11/11/2025 2:14,1,2,0
UNC,989.001030620904000,11/11/2025 2:13,1,2,0
UNC,989.001030620904000,11/11/2025 2:12,1,2,0
UNC,989.001030620904000,11/11/2025 2:11,1,2,0
UNC,989.001030620904000,11/11/2025 2:09,1,2,0
UNC,989.001030620904000,11/11/2025 2:08,1,2,0
UNC,989.001030620904000,11/11/2025 2:07,1,2,0
UNC,989.001030620904000,11/11/2025 2:06,1,2,0
UNC,989.001030620904000,11/11/2025 2:05,1,2,0
UNC,989.001030620904000,11/11/2025 2:03,1,2,0
UNC,989.001030620904000,11/11/2025 2:02,1,2,0
UNC,989.001030620904000,11/11/2025 2:01,1,2,0
UNC,989.001030620904000,11/11/2025 2:00,1,2,0
UNC,989.001030620904000,11/11/2025 1:59,1,2,0
UNC,989.001030620904000,11/11/2025 1:58,1,2,0
UNC,989.001030620904000,11/11/2025 1:56,1,2,0
UNC,989.001030620904000,11/11/2025 1:55,1,2,0
UNC,989.001030620904000,11/11/2025 1:54,1,2,0
UNC,989.001030620904000,11/11/2025 1:53,1,2,0
UNC,989.001030620904000,11/11/2025 1:52,1,2,0
UNC,989.001030620904000,11/11/2025 1:51,1,2,0
UNC,989.001030620904000,11/11/2025 1:49,1,2,0
UNC,989.001030620904000,11/11/2025 1:48,1,2,0
UNC,989.001030620904000,11/11/2025 1:47,1,2,0
UNC,989.001030620904000,11/11/2025 1:46,1,2,0
UNC,989.001030620904000,11/11/2025 1:44,1,2,0
UNC,989.001030620904000,11/11/2025 1:43,1,2,0
UNC,989.001030620904000,11/11/2025 1:42,1,2,0
UNC,989.001030620904000,11/11/2025 1:41,1,2,0
UNC,989.001030620904000,11/11/2025 1:40,1,2,0
UNC,989.001040500060000,11/11/2025 1:40,1,7,0
UNC,989.001040500060000,11/11/2025 1:39,1,2,0
UNC,989.001030620904000,11/11/2025 1:39,1,2,0
UNC,989.001030620904000,11/11/2025 1:38,1,2,0
UNC,989.001030620904000,11/11/2025 1:37,1,2,0
UNC,989.001030620904000,11/11/2025 1:37,1,1,0
UNC,989.001040500060000,11/11/2025 1:35,1,2,0
UNC,989.001030620904000,11/11/2025 1:34,1,2,0
UNC,989.001040500060000,11/11/2025 1:33,1,2,0
UNC,989.001040500060000,11/11/2025 1:32,1,2,0
UNC,989.001030620904000,11/11/2025 1:32,1,2,0
UNC,989.001040500060000,11/11/2025 1:31,1,7,0
UNC,989.001030620904000,11/11/2025 1:31,1,2,0
UNC,989.001030620904000,11/11/2025 1:30,1,2,0
UNC,989.001030620904000,11/11/2025 1:29,1,2,0
UNC,989.001030620904000,11/11/2025 1:28,1,2,0
UNC,989.001030620904000,11/11/2025 1:27,1,2,0
UNC,989.001030620904000,11/11/2025 1:26,1,2,0
UNC,989.001030620904000,11/11/2025 1:25,1,2,0
UNC,989.001030620904000,11/11/2025 1:24,1,2,0
UNC,989.001030620904000,11/11/2025 1:23,1,2,0
UNC,989.001030620904000,11/11/2025 1:22,1,2,0
UNC,989.001030620904000,11/11/2025 1:21,1,2,0
UNC,989.001030620904000,11/11/2025 1:20,1,2,0
UNC,989.001030620904000,11/11/2025 1:19,1,2,0
UNC,989.001030620904000,11/11/2025 1:18,1,2,0
UNC,989.001030620904000,11/11/2025 1:17,1,2,0
UNC,989.001030620904000,11/11/2025 1:16,1,2,0
UNC,989.001030620904000,11/11/2025 1:15,1,2,0
UNC,989.001030620904000,11/11/2025 1:14,1,2,0
UNC,989.001030620904000,11/11/2025 1:13,1,2,0
UNC,989.001030620904000,11/11/2025 1:12,1,2,0
UNC,989.001030620904000,11/11/2025 1:11,1,2,0
UNC,989.001030620904000,11/11/2025 1:10,1,2,0
UNC,989.001030620904000,11/11/2025 1:08,1,2,0
UNC,989.001030620904000,11/11/2025 1:07,1,2,0
UNC,989.001030620904000,11/11/2025 1:06,1,2,0
UNC,989.001030620904000,11/11/2025 1:05,1,2,0
UNC,989.001030620904000,11/11/2025 1:04,1,2,0
UNC,989.001030620904000,11/11/2025 1:03,1,2,0
UNC,989.001030620904000,11/11/2025 1:02,1,2,0
UNC,989.001030620904000,11/11/2025 1:01,1,2,0
UNC,989.001030620904000,11/11/2025 1:00,1,2,0
UNC,989.001030620904000,11/11/2025 0:59,1,2,0
UNC,989.001030620904000,11/11/2025 0:58,1,2,0
UNC,989.001030620904000,11/11/2025 0:57,1,2,0
UNC,989.001030620904000,11/11/2025 0:56,1,2,0
UNC,989.001030620904000,11/11/2025 0:55,1,2,0
UNC,989.001030620904000,11/11/2025 0:54,1,2,0
UNC,989.001030620904000,11/11/2025 0:53,1,2,0
UNC,989.001030620904000,11/11/2025 0:52,1,2,0
UNC,989.001030620904000,11/11/2025 0:51,1,2,0
UNC,989.001030620904000,11/11/2025 0:50,1,2,0
UNC,989.001030620904000,11/11/2025 0:49,1,2,0
UNC,989.001030620904000,11/11/2025 0:48,1,2,0
UNC,989.001030620904000,11/11/2025 0:47,1,2,0
UNC,989.001030620904000,11/11/2025 0:46,1,2,0
UNC,989.001030620904000,11/11/2025 0:45,1,2,0
UNC,989.001030620904000,11/11/2025 0:44,1,2,0
UNC,989.001030620904000,11/11/2025 0:43,1,2,0
UNC,989.001030620904000,11/11/2025 0:42,1,2,0
UNC,989.001030620904000,11/11/2025 0:41,1,2,0
UNC,989.001030620904000,11/11/2025 0:40,1,2,0
UNC,989.001030620904000,11/11/2025 0:39,1,2,0
UNC,989.001030620904000,11/11/2025 0:38,1,2,0
UNC,989.001030620904000,11/11/2025 0:37,1,2,0
UNC,989.001030620904000,11/11/2025 0:36,1,2,0
UNC,989.001030620904000,11/11/2025 0:35,1,2,0
UNC,989.001030620904000,11/11/2025 0:34,1,2,0
UNC,989.002028176996000,11/11/2025 0:34,1,3,0
UNC,989.001030620904000,11/11/2025 0:33,1,2,0
UNC,989.001030620904000,11/11/2025 0:32,1,2,0
UNC,989.001030620904000,11/11/2025 0:31,1,2,0
UNC,989.001030620904000,11/11/2025 0:30,1,2,0
UNC,989.001030620904000,11/11/2025 0:29,1,2,0
UNC,989.001030620904000,11/11/2025 0:28,1,2,0
UNC,989.001030620904000,11/11/2025 0:27,1,2,0
UNC,989.001030620904000,11/11/2025 0:26,1,2,0
UNC,989.001030620904000,11/11/2025 0:25,1,2,0
UNC,989.001030620904000,11/11/2025 0:24,1,2,0
UNC,989.001030620904000,11/11/2025 0:23,1,2,0
UNC,989.001030620904000,11/11/2025 0:22,1,2,0
UNC,989.001030620904000,11/11/2025 0:21,1,2,0
UNC,989.001030620904000,11/11/2025 0:20,1,2,0
UNC,989.001030620904000,11/11/2025 0:19,1,2,0
UNC,989.001030620904000,11/11/2025 0:18,1,2,0
UNC,989.001030620904000,11/11/2025 0:17,1,2,0
UNC,989.001030620904000,11/11/2025 0:16,1,2,0
UNC,989.001030620904000,11/11/2025 0:15,1,2,0
UNC,989.001030620904000,11/11/2025 0:14,1,2,0
UNC,989.001030620904000,11/11/2025 0:13,1,2,0
UNC,989.001030620904000,11/11/2025 0:12,1,2,0
UNC,989.001030620904000,11/11/2025 0:11,1,2,0
UNC,989.001030620904000,11/11/2025 0:10,1,2,0
UNC,989.001030620904000,11/11/2025 0:09,1,2,0
UNC,989.001030620904000,11/11/2025 0:08,1,2,0
UNC,989.001030620904000,11/11/2025 0:07,1,2,0
UNC,989.001030620904000,11/11/2025 0:06,1,2,0
UNC,989.001030620904000,11/11/2025 0:05,1,2,0
UNC,989.001030620904000,11/11/2025 0:04,1,2,0
UNC,989.001030620904000,11/11/2025 0:03,1,2,0
UNC,989.001030620904000,11/11/2025 0:02,1,2,0
UNC,989.001030620904000,11/11/2025 0:01,1,2,0
UNC,989.001030620904000,11/11/2025 0:00,1,2,0
