/*Tag#,Capture_History,BRN,RBT,SRN,RBC,RBS,LengthFall23,LengthSpring24,LengthFall24,LengthSpring2,LengthFall25,*/
/*989.001030620161*/,1000000000,1,0,0,0,0,312,316.28,348.63,354.44,380.48,;
/*989.001030620162*/,1100000000,1,0,0,0,0,282,286.64,327.91,334.2,366.5,;
/*989.001030620163*/,1100000000,0,1,0,0,0,225,230.33,288.55,295.74,339.95,;
/*989.001030620164*/,1100000000,0,0,0,1,0,313,317.26,349.32,355.12,380.94,;
/*989.001030620165*/,1100000000,0,0,1,0,0,383,386.42,397.65,402.35,413.55,;
/*989.001030620168*/,1000000000,1,0,0,0,0,156,162.16,240.9,249.17,307.8,;
/*989.001030620169*/,1111000000,1,0,0,0,0,359,361,379.89,384.99,401.57,;
/*989.001030620170*/,1000000000,1,0,0,0,0,231,236.26,292.69,299.78,342.74,;
/*989.001030620172*/,1000000000,0,1,0,0,0,585,585.97,537.14,538.66,507.66,;
/*989.001030620173*/,1000000000,1,0,0,0,0,135,141.42,226.4,235,298.02,;
/*989.001030620174*/,1000110000,0,0,0,1,0,332,333,336,342.1,371.96,;
/*989.001030620175*/,1100000000,0,1,0,0,0,316,320.23,351.39,357.14,382.34,;
/*989.001030620176*/,1100001110,1,0,0,0,0,275,278,338,340,376,;
/*989.001030620177*/,1100000000,0,0,1,0,0,394,397.28,405.25,409.78,418.68,;
/*989.001030620178*/,1010000000,1,0,0,0,0,172,185,256.87,264.77,318.57,;
/*989.001030620179*/,1000000000,1,0,0,0,0,366,369.62,385.92,390.88,405.63,;
/*989.001030620180*/,1000000000,1,0,0,0,0,389,392.34,401.8,406.4,416.35,;
/*989.001030620181*/,1000000000,0,0,1,0,0,295,299.48,336.89,342.97,372.56,;
/*989.001030620182*/,1111010000,1,0,0,0,0,371,373,382,387.06,402.99,;
/*989.001030620183*/,1100000000,0,0,0,1,0,309,313.31,346.55,352.42,379.08,;
/*989.001030620184*/,1100000000,0,1,0,0,0,279,283.67,325.84,332.17,365.1,;
/*989.001030620185*/,1100000000,0,0,1,0,0,397,400.25,407.32,411.8,420.08,;
/*989.001030620186*/,1001000000,1,0,0,0,0,423,424,423.93,428.03,431.28,;
/*989.001030620187*/,1000000000,0,0,0,1,0,330,334.06,361.06,366.59,388.86,;
/*989.001030620188*/,1100000000,0,1,0,0,0,495,497.06,475,477.93,465.73,;
/*989.001030620189*/,1100000000,1,0,0,0,0,373,376.54,390.75,395.61,408.9,;
/*989.001030620190*/,1100000000,0,0,0,1,0,294,298.49,336.2,342.3,372.09,;
/*989.001030620191*/,1100000000,1,0,0,0,0,428,430.87,428.73,432.72,434.52,;
/*989.001030620192*/,1011010000,1,0,0,0,0,175,179,274,281.52,330.13,;
/*989.001030620193*/,1000000000,1,0,0,0,0,411,414.08,416.99,421.25,426.6,;
/*989.001030620195*/,1100000000,0,0,1,0,0,410,413.09,416.3,420.57,426.13,;
/*989.001030620196*/,1100000000,0,0,1,0,0,365,368.63,385.23,390.21,405.17,;
/*989.001030620197*/,1100000000,0,0,0,1,0,317,321.21,352.08,357.82,382.81,;
/*989.001030620198*/,1000000000,0,0,1,0,0,429,431.86,429.42,433.39,434.99,;
/*989.001030620199*/,1110101100,0,1,0,0,0,402,403,410,410,418.83,;
/*989.001030620201*/,1000000000,0,0,1,0,0,446,448.65,441.16,444.87,442.91,;
/*989.001030620202*/,1000000000,1,0,0,0,0,394,397.28,405.25,409.78,418.68,;
/*989.001030620203*/,1100000000,1,0,0,0,0,183,188.84,259.55,267.39,320.38,;
/*989.001030620204*/,1000000000,0,0,0,1,0,307,311.34,345.17,351.07,378.15,;
/*989.001030620205*/,1100000000,0,0,1,0,0,393,396.3,404.56,409.1,418.21,;
/*989.001030620206*/,1100000000,1,0,0,0,0,403,406.17,411.47,415.85,422.87,;
/*989.001030620207*/,1000000000,1,0,0,0,0,165,171.05,247.12,255.25,311.99,;
/*989.001030620208*/,1100000000,1,0,0,0,0,339,342.95,367.27,372.66,393.06,;
/*989.001030620209*/,1111000000,0,1,0,0,0,295,296,334.45,340.59,370.92,;
/*989.001030620210*/,1100000000,1,0,0,0,0,418,420.99,421.82,425.97,429.86,;
/*989.001030620211*/,1000000000,1,0,0,0,0,200,205.63,271.29,278.87,328.3,;
/*989.001030620212*/,1100000000,1,0,0,0,0,402,405.19,410.78,415.17,422.41,;
/*989.001030620213*/,1100000000,1,0,0,0,0,388,391.36,401.11,405.73,415.88,;
/*989.001030620215*/,1000000000,0,1,0,0,0,167,173.03,248.5,256.6,312.92,;
/*989.001030620216*/,1000000000,0,0,1,0,0,422,424.94,424.59,428.67,431.72,;
/*989.001030620217*/,1100000000,1,0,0,0,0,399,402.22,408.7,413.15,421.01,;
/*989.001030620218*/,1111000000,0,1,0,0,0,450,456,446.29,449.88,446.37,;
/*989.001030620220*/,1000000000,1,0,0,0,0,362,365.67,383.15,388.18,403.77,;
/*989.001030620221*/,1100000000,0,1,0,0,0,384,387.4,398.35,403.03,414.02,;
/*989.001030620222*/,1010100000,0,0,0,0,0,140,143,237,245.36,305.17,;
/*989.001030620223*/,1000000000,0,0,0,1,0,341,344.92,368.65,374.01,393.99,;
/*989.001030620224*/,1100000000,0,0,1,0,0,366,369.62,385.92,390.88,405.63,;
/*989.001030620225*/,1011110000,0,0,0,0,0,327,327,345,350.9,378.03,;
/*989.001030620226*/,1100000000,0,0,1,0,0,367,370.61,386.61,391.56,406.1,;
/*989.001030620227*/,1100000000,1,0,0,0,0,360,363.69,381.77,386.83,402.84,;
/*989.001030620228*/,1011100000,1,0,0,0,0,273,270,307,313.77,352.39,;
/*989.001030620229*/,1100100000,1,0,0,0,0,240,245.15,330,336.24,367.91,;
/*989.001030620230*/,1011010000,1,0,0,0,0,173,174,272,279.56,328.78,;
/*989.001030620231*/,1010000000,0,1,0,0,0,406,406,411.34,415.73,422.79,;
/*989.001030620232*/,1010000000,1,0,0,0,0,361,368,384.78,389.77,404.87,;
/*989.001030620233*/,1000000000,1,0,0,0,0,342,345.91,369.34,374.69,394.45,;
/*989.001030620234*/,1001000000,1,0,0,0,0,155,157,237.29,245.65,305.37,;
/*989.001030620235*/,1100000000,1,0,0,0,0,163,169.08,245.74,253.9,311.06,;
/*989.001030620236*/,1000000000,0,1,0,0,0,381,384.44,396.27,401,412.62,;
/*989.001030620237*/,1100000000,0,0,1,0,0,426,428.9,427.35,431.37,433.59,;
/*989.001030620238*/,1001000000,0,0,0,0,0,201,204,270.15,277.75,327.53,;
/*989.001030620239*/,1000000000,1,0,0,0,0,332,336.03,362.44,367.94,389.79,;
/*989.001030620241*/,1010000000,0,0,0,1,0,362,365,382.69,387.72,403.46,;
/*989.001030620242*/,1100000000,0,1,0,0,0,399,402.22,408.7,413.15,421.01,;
/*989.001030620243*/,1100000000,0,0,1,0,0,438,440.75,435.63,439.47,439.18,;
/*989.001030620244*/,1000000000,1,0,0,0,0,391,394.32,403.18,407.75,417.28,;
/*989.001030620245*/,1100000000,0,0,1,0,0,362,365.67,383.15,388.18,403.77,;
/*989.001030620246*/,1000000000,1,0,0,0,0,378,381.48,394.2,398.98,411.23,;
/*989.001030620247*/,1000000000,1,0,0,0,0,150,156.24,236.76,245.13,305,;
/*989.001030620248*/,1110101100,0,1,0,0,0,335,340,360,367,389.15,;
/*989.001030620249*/,1000010000,0,0,0,1,0,325,329.12,325,331.36,364.54,;
/*989.001030620250*/,1111000000,1,0,0,0,0,408,410,414.14,418.46,424.68,;
/*989.001030620251*/,1100000000,0,0,1,0,0,396,399.26,406.63,411.13,419.61,;
/*989.001030620252*/,1110000000,0,0,1,0,0,350,355,375.7,380.89,398.74,;
/*989.001030620253*/,1001111100,1,0,0,0,0,151,155,257,260,315.27,;
/*989.001030620254*/,1100000000,0,0,0,1,0,352,355.79,376.25,381.43,399.11,;
/*989.001030620255*/,1000000000,1,0,0,0,0,145,151.3,233.31,241.75,302.68,;
/*989.001030620256*/,1100000000,0,1,0,0,0,455,457.55,447.37,450.94,447.1,;
/*989.001030620257*/,1100000000,0,0,1,0,0,396,399.26,406.63,411.13,419.61,;
/*989.001030620258*/,1000000000,1,0,0,0,0,272,276.76,321,327.45,361.84,;
/*989.001030620259*/,1100000000,1,0,0,0,0,384,387.4,398.35,403.03,414.02,;
/*989.001030620260*/,1000000000,1,0,0,0,0,382,385.43,396.96,401.68,413.09,;
/*989.001030620261*/,1100000010,1,0,0,0,0,245,250.09,302.36,309.23,364,;
/*989.001030620262*/,1101000000,0,0,0,1,0,249,253,304.4,311.22,350.64,;
/*989.001030620263*/,1011011100,1,0,0,0,0,416,417,420,421,426.43,;
/*989.001030620264*/,1100000000,1,0,0,0,0,379,382.46,394.89,399.65,411.69,;
/*989.001030620265*/,1100000000,0,0,1,0,0,400,403.21,409.39,413.83,421.47,;
/*989.001030620266*/,1110000000,0,0,0,1,0,313,320,349.32,355.12,380.94,;
/*989.001030620267*/,1100000000,1,0,0,0,0,402,405.19,410.78,415.17,422.41,;
/*989.001030620268*/,1101000000,0,0,0,1,0,303,306,341.44,347.42,375.63,;
/*989.001030620269*/,1100000000,0,1,0,0,0,141,147.34,230.54,239.05,300.81,;
/*989.001030620270*/,1000000000,0,0,0,1,0,294,298.49,336.2,342.3,372.09,;
/*989.001030620271*/,1110101111,1,0,0,0,0,282,290,320,328,344,;
/*989.001030620272*/,1000000000,0,0,1,0,0,372,375.55,390.06,394.93,408.43,;
/*989.001030620273*/,1100000000,1,0,0,0,0,163,169.08,245.74,253.9,311.06,;
/*989.001030620274*/,1111100000,1,0,0,0,0,380,380,381,386.08,402.32,;
/*989.001030620275*/,1100100000,0,1,0,0,0,330,334.06,354,359.69,384.1,;
/*989.001030620276*/,1000000000,0,1,0,0,0,146,152.28,234,242.43,303.14,;
/*989.001030620277*/,1100000000,0,0,1,0,0,448,450.63,442.54,446.22,443.84,;
/*989.001030620278*/,1100000000,0,0,1,0,0,418,420.99,421.82,425.97,429.86,;
/*989.001030620279*/,1100000000,1,0,0,0,0,385,388.39,399.04,403.7,414.49,;
/*989.001030620280*/,1110001100,1,0,0,0,0,348,355,375.7,383,400.19,;
/*989.001030620281*/,1100000000,1,0,0,0,0,375,378.51,392.13,396.96,409.83,;
/*989.001030620282*/,1000100000,1,0,0,0,0,344,347.89,364,369.47,390.85,;
/*989.001030620283*/,1000000000,1,0,0,0,0,451,453.59,444.61,448.24,445.23,;
/*989.001030620284*/,1000000000,0,0,1,0,0,319,323.19,353.46,359.17,383.74,;
/*989.001030620285*/,1111000000,1,0,0,0,0,412,413,416.24,420.51,426.09,;
/*989.001030620286*/,1100000000,0,0,0,1,0,313,317.26,349.32,355.12,380.94,;
/*989.001030620287*/,1100000000,1,0,0,0,0,301,305.41,341.03,347.02,375.35,;
/*989.001030620288*/,1000000000,1,0,0,0,0,315,319.24,350.7,356.47,381.87,;
/*989.001030620289*/,1010000000,1,0,0,0,0,306,315,347.74,353.57,379.88,;
/*989.001030620290*/,1111000000,1,0,0,0,0,313,322,352.63,358.35,383.18,;
/*989.001030620291*/,1100000000,1,0,0,0,0,408,411.11,414.92,419.22,425.2,;
/*989.001030620292*/,1000010000,1,0,0,0,0,192,197.73,288,295.2,339.58,;
/*989.001030620293*/,1010101000,1,0,0,0,0,257,268,340,359,383.62,;
/*989.001030620294*/,1000000000,1,0,0,0,0,394,397.28,405.25,409.78,418.68,;
/*989.001030620295*/,1011001111,1,0,0,0,0,241,249,324,326,350,;
/*989.001030620296*/,1000000000,0,1,0,0,0,289,293.55,332.74,338.92,369.76,;
/*989.001030620297*/,1100000000,0,1,0,0,0,391,394.32,403.18,407.75,417.28,;
/*989.001030620298*/,1100000000,0,0,1,0,0,377,380.49,393.51,398.3,410.76,;
/*989.001030620299*/,1100000000,0,0,1,0,0,384,387.4,398.35,403.03,414.02,;
/*989.001030620300*/,1000000000,0,0,0,1,0,313,317.26,349.32,355.12,380.94,;
/*989.001030620301*/,1111111111,1,0,0,0,0,410,412,420,421,435,;
/*989.001030620302*/,1001000000,0,0,0,1,0,321,332,359.62,365.18,387.89,;
/*989.001030620303*/,1111100010,1,0,0,0,0,362,366,380,385.1,402,;
/*989.001030620304*/,1111000000,1,0,0,0,0,285,293,332.36,338.54,369.5,;
/*989.001030620305*/,1101000000,1,0,0,0,0,262,276,320.47,326.93,361.48,;
/*989.001030620306*/,1111000000,0,0,0,1,0,305,307,342.14,348.11,376.1,;
/*989.001030620307*/,1111000000,0,0,1,0,0,423,423,423.23,427.34,430.81,;
/*989.001030620308*/,1000000000,1,0,0,0,0,390,393.33,402.49,407.08,416.82,;
/*989.001030620309*/,1000000000,1,0,0,0,0,349,352.83,374.18,379.41,397.71,;
/*989.001030620310*/,1100000000,0,1,0,0,0,391,394.32,403.18,407.75,417.28,;
/*989.001030620311*/,1100000000,1,0,0,0,0,264,268.86,315.48,322.05,358.12,;
/*989.001030620312*/,1000000000,1,0,0,0,0,395,398.27,405.94,410.45,419.15,;
/*989.001030620313*/,1100000000,0,0,1,0,0,347,350.85,372.8,378.06,396.78,;
/*989.001030620314*/,1100000000,0,0,1,0,0,354,357.77,377.63,382.78,400.04,;
/*989.001030620315*/,1100000000,1,0,0,0,0,435,437.79,433.56,437.44,437.78,;
/*989.001030620316*/,1111101101,1,0,0,0,0,365,367,399,406,421,;
/*989.001030620318*/,1111000000,1,0,0,0,0,325,334,361.02,366.55,388.84,;
/*989.001030620320*/,1110110000,0,1,0,0,0,396,396,398,402.69,413.79,;
/*989.001030620321*/,1100000000,0,0,0,1,0,356,359.74,379.01,384.13,400.98,;
/*989.001030620322*/,1100000000,1,0,0,0,0,398,401.23,408.01,412.48,420.54,;
/*989.001030620323*/,1100000000,0,0,0,1,0,257,261.94,310.65,317.33,354.85,;
/*989.001030620324*/,1011001000,0,1,0,0,0,388,388,391,395.85,409.06,;
/*989.001030620325*/,1111010110,1,0,0,0,0,326,342,379,381,401,;
/*989.001030620326*/,1100000000,0,0,1,0,0,354,357.77,377.63,382.78,400.04,;
/*989.001030620327*/,1111000000,0,0,0,1,0,269,274,319.08,325.57,360.54,;
/*989.001030620328*/,1100000000,0,1,0,0,0,538,539.54,504.69,506.95,485.77,;
/*989.001030620329*/,1000000000,1,0,0,0,0,357,360.73,379.7,384.81,401.44,;
/*989.001030620330*/,1111011000,0,0,0,1,0,292,295,306,307,347.72,;
/*989.001030620331*/,1100000000,1,0,0,0,0,277,281.7,324.46,330.82,364.17,;
/*989.001030620332*/,1000000000,1,0,0,0,0,136,142.41,227.09,235.68,298.48,;
/*989.001030620333*/,1100000000,1,0,0,0,0,605,605.73,550.96,552.16,516.98,;
/*989.001030620334*/,1100000000,1,0,0,0,0,455,457.55,447.37,450.94,447.1,;
/*989.001030620335*/,1000000000,1,0,0,0,0,278,282.69,325.15,331.5,364.64,;
/*989.001030620336*/,1011000000,1,0,0,0,0,156,158,237.99,246.33,305.84,;
/*989.001030620337*/,1101000000,1,0,0,0,0,215,231,289.02,296.19,340.26,;
/*989.001030620338*/,1100000000,1,0,0,0,0,339,342.95,367.27,372.66,393.06,;
/*989.001030620339*/,1000000010,1,0,0,0,0,366,369.62,385.92,390.88,400,;
/*989.001030620340*/,1100000000,1,0,0,0,0,337,340.97,365.89,371.31,392.12,;
/*989.001030620341*/,1000010000,1,0,0,0,0,337,340.97,404,408.55,417.84,;
/*989.001030620342*/,1100000000,0,0,1,0,0,401,404.2,410.08,414.5,421.94,;
/*989.001030620343*/,1100000000,1,0,0,0,0,356,359.74,379.01,384.13,400.98,;
/*989.001030620344*/,1100000000,1,0,0,0,0,248,253.05,304.43,311.26,350.66,;
/*989.001030620345*/,1010000000,1,0,0,0,0,145,146,229.6,238.13,300.18,;
/*989.001030620346*/,1100000000,0,0,0,1,0,282,286.64,327.91,334.2,366.5,;
/*989.001030620347*/,1000000000,0,0,0,1,0,314,318.25,350.01,355.79,381.41,;
/*989.001030620348*/,1000000000,1,0,0,0,0,405,408.15,412.85,417.2,423.8,;
/*989.001030620349*/,1011000000,1,0,0,0,0,265,268,314.88,321.47,357.71,;
/*989.001030620350*/,1110011100,1,0,0,0,0,313,323,341,345,373.96,;
/*989.001030620351*/,1100100000,0,1,0,0,0,375,378.51,378,383.15,400.29,;
/*989.001030620352*/,1100000000,0,0,1,0,0,329,333.07,360.37,365.91,388.4,;
/*989.001030620353*/,1000100000,1,0,0,0,0,361,364.68,378,383.15,400.29,;
/*989.001030620355*/,1001000000,1,0,0,0,0,180,190,260.36,268.19,320.93,;
/*989.001030620356*/,1101000000,0,0,1,0,0,355,362,380.59,385.68,402.04,;
/*989.001030620357*/,1111000000,0,0,0,1,0,302,302,338.65,344.69,373.75,;
/*989.001030620358*/,1100000000,1,0,0,0,0,399,402.22,408.7,413.15,421.01,;
/*989.001030620359*/,1100000000,0,0,0,1,0,255,259.97,309.27,315.98,353.92,;
/*989.001030620360*/,1000100000,0,1,0,0,0,128,134.5,256,263.93,317.99,;
/*989.001030620361*/,1101000000,0,1,0,0,0,231,237,293.21,300.29,343.09,;
/*989.001030620362*/,1100000000,0,0,0,1,0,303,307.38,342.41,348.37,376.28,;
/*989.001030620364*/,1110101001,1,0,0,0,0,236,242,285,296,316,;
/*989.001030620365*/,1011000000,1,0,0,0,0,436,439,434.41,438.27,438.35,;
/*989.001030620366*/,1010000000,0,1,0,0,0,281,292,331.66,337.86,369.03,;
/*989.001030620368*/,1100000000,1,0,0,0,0,302,306.4,341.72,347.69,375.82,;
/*989.001030620369*/,1100000000,0,0,1,0,0,368,371.6,387.3,392.23,406.57,;
/*989.001030620370*/,1100000000,0,0,0,1,0,292,296.52,334.82,340.95,371.16,;
/*989.001030620371*/,1111000000,0,0,0,1,0,303,305,340.75,346.74,375.16,;
/*989.001030620372*/,1100000000,0,0,1,0,0,389,392.34,401.8,406.4,416.35,;
/*989.001030620373*/,1000000000,1,0,0,0,0,192,197.73,265.76,273.47,324.57,;
/*989.001030620374*/,1100000000,0,0,1,0,0,398,401.23,408.01,412.48,420.54,;
/*989.001030620376*/,1100000000,0,1,0,0,0,122,128.57,217.42,226.23,291.96,;
/*989.001030620377*/,1100000000,1,0,0,0,0,316,320.23,351.39,357.14,382.34,;
/*989.001030620378*/,1110000000,0,1,0,0,0,337,355,375.7,380.89,398.74,;
/*989.001030620379*/,1000000000,0,1,0,0,0,287,291.58,331.36,337.57,368.83,;
/*989.001030620381*/,1011000000,0,1,0,0,0,243,248.11,300.98,307.88,348.33,;
/*989.001030620382*/,1111000000,0,0,1,0,0,340,341,367.96,373.34,393.52,;
/*989.001030620383*/,1111000000,1,0,0,0,0,332,342,366.61,372.01,392.61,;
/*989.001030620384*/,1000000000,0,1,0,0,0,295,299.48,336.89,342.97,372.56,;
/*989.001030620385*/,1010000000,0,1,0,0,0,374,377.53,391.44,396.28,409.36,;
/*989.001030620386*/,1100000000,0,1,0,0,0,324,328.13,356.91,362.54,386.07,;
/*989.001030620387*/,1010000000,1,0,0,0,0,405,406,411.34,415.73,422.79,;
/*989.001030620388*/,1010001100,0,0,0,1,0,328,331,358.92,339,369.82,;
/*989.001030620389*/,1100000000,0,0,1,0,0,396,399.26,406.63,411.13,419.61,;
/*989.001030620390*/,1011000000,0,1,0,0,0,174,182,254.77,262.72,317.15,;
/*989.001030620391*/,1000000010,1,0,0,0,0,390,393.33,402.49,407.08,481,;
/*989.001030620392*/,1111000000,1,0,0,0,0,256,263,311.39,318.05,355.35,;
/*989.001030620393*/,1111000000,0,0,0,1,0,305,305,340.75,346.74,375.16,;
/*989.001030620394*/,1000000000,1,0,0,0,0,396,399.26,406.63,411.13,419.61,;
/*989.001030620395*/,1000000000,0,1,0,0,0,153,159.2,238.83,247.15,306.4,;
/*989.001030620396*/,1000000000,0,0,1,0,0,362,365.67,383.15,388.18,403.77,;
/*989.001030620397*/,1000000000,0,1,0,0,0,114,120.67,211.9,220.83,288.23,;
/*989.001030620398*/,1100000000,0,0,0,1,0,279,283.67,325.84,332.17,365.1,;
/*989.001030620399*/,1000000000,0,0,0,1,0,307,311.34,345.17,351.07,378.15,;
/*989.001030620401*/,1111101100,1,0,0,0,0,445,447,482,486,471.3,;
/*989.001030620402*/,1100100000,1,0,0,0,0,301,305.41,327,333.31,365.89,;
/*989.001030620403*/,1101000000,1,0,0,0,0,354,354,375,380.21,398.27,;
/*989.001030620404*/,1011011111,1,0,0,0,0,264,273,316,332,346,;
/*989.001030620406*/,1110000000,1,0,0,0,0,185,191,261.06,268.87,321.4,;
/*989.001030620407*/,1100000000,0,1,0,0,0,137,143.39,227.78,236.35,298.95,;
/*989.001030620408*/,1100000000,0,1,0,0,0,545,546.46,509.52,511.67,489.03,;
/*989.001030620409*/,1100000000,0,0,1,0,0,396,399.26,406.63,411.13,419.61,;
/*989.001030620410*/,1100000000,0,0,1,0,0,389,392.34,401.8,406.4,416.35,;
/*989.001030620411*/,1100000000,0,0,0,1,0,327,331.09,358.98,364.56,387.47,;
/*989.001030620413*/,1100000000,0,0,1,0,0,381,384.44,396.27,401,412.62,;
/*989.001030620415*/,1010000000,0,1,0,0,0,326,331,358.92,364.5,387.42,;
/*989.001030620416*/,1100000000,0,0,0,1,0,278,282.69,325.15,331.5,364.64,;
/*989.001030620417*/,1111000011,1,0,0,0,0,338,343,367.31,372.7,380,;
/*989.001030620418*/,1011000000,0,0,1,0,0,399,401,407.85,412.32,420.43,;
/*989.001030620419*/,1000000000,1,0,0,0,0,294,298.49,336.2,342.3,372.09,;
/*989.001030620420*/,1000101111,1,0,0,0,0,336,339.99,380,386,415,;
/*989.001030620421*/,1010000000,0,0,0,1,0,315,319.24,350.7,356.47,381.87,;
/*989.001030620422*/,1000000000,0,0,0,1,0,227,232.3,289.93,297.09,340.88,;
/*989.001030620423*/,1100000011,0,0,0,1,0,295,299.48,336.89,342.97,341,;
/*989.001030620424*/,1000000000,0,0,0,1,0,303,307.38,342.41,348.37,376.28,;
/*989.001030620425*/,1100000000,0,1,0,0,0,392,395.31,403.87,408.43,417.75,;
/*989.001030620426*/,1011000000,0,0,0,1,0,294,295,333.76,339.91,370.44,;
/*989.001030620427*/,1011101111,1,0,0,0,0,413,414,426,426,431,;
/*989.001030620428*/,1000000000,0,1,0,0,0,265,269.84,316.17,322.73,358.58,;
/*989.001030620430*/,1010100000,0,1,0,0,0,326,330,334,340.15,370.61,;
/*989.001030620431*/,1100000000,0,0,0,1,0,321,325.17,354.84,360.52,384.67,;
/*989.001030620432*/,1000110000,1,0,0,0,0,381,384.44,383,388.03,403.67,;
/*989.001030620433*/,1011000000,0,0,0,1,0,247,248,300.9,307.81,348.28,;
/*989.001030620435*/,1000000000,0,1,0,0,0,507,508.92,483.28,486.03,471.32,;
/*989.001030620436*/,1000000000,0,1,0,0,0,182,187.85,258.86,266.72,319.91,;
/*989.001030620438*/,1100000000,0,0,0,1,0,338,341.96,366.58,371.99,392.59,;
/*989.001030620439*/,1100000000,1,0,0,0,0,268,272.81,318.24,324.75,359.98,;
/*989.001030620440*/,1100000000,0,0,0,1,0,336,339.99,365.2,370.64,391.66,;
/*989.001030620442*/,1110101010,1,0,0,0,0,365,365,401,409,418.14,;
/*989.001030620443*/,1000000000,0,0,0,1,0,337,340.97,365.89,371.31,392.12,;
/*989.001030620444*/,1010000000,0,1,0,0,0,348,351.84,373.49,378.74,397.25,;
/*989.001030620445*/,1100000000,1,0,0,0,0,162,168.09,245.05,253.22,310.6,;
/*989.001030620446*/,1000001100,1,0,0,0,0,204,209.58,274.05,301,343.58,;
/*989.001030620447*/,1000000000,1,0,0,0,0,237,242.18,296.84,303.83,345.54,;
/*989.001030620448*/,1000000010,1,0,0,0,0,394,397.28,405.25,409.78,425,;
/*989.001030620449*/,1010000000,0,1,0,0,0,316,316,348.43,354.25,380.35,;
/*989.001030620450*/,1111001100,1,0,0,0,0,375,376,390.37,390,405.03,;
/*989.001030620451*/,1100010000,1,0,0,0,0,373,376.54,381,386.08,402.32,;
/*989.001030620452*/,1100000000,0,0,0,1,0,349,352.83,374.18,379.41,397.71,;
/*989.001030620453*/,1100000000,0,1,0,0,0,393,396.3,404.56,409.1,418.21,;
/*989.001030620455*/,1010100000,0,0,0,1,0,303,305,311,317.67,355.09,;
/*989.001030620458*/,1000000000,0,1,0,0,0,306,310.35,344.48,350.39,377.68,;
/*989.001030620459*/,1100000000,1,0,0,0,0,337,340.97,365.89,371.31,392.12,;
/*989.001030620460*/,1000000000,1,0,0,0,0,445,447.67,440.47,444.19,442.44,;
/*989.001030620461*/,1000000000,0,0,0,1,0,276,280.71,323.77,330.15,363.71,;
/*989.001030620462*/,1011011100,0,0,0,1,0,318,322,350,356,381.55,;
/*989.001030620463*/,1010000000,0,0,0,1,0,306,307,342.14,348.11,376.1,;
/*989.001030620464*/,1000000000,0,0,1,0,0,367,370.61,386.61,391.56,406.1,;
/*989.001030620465*/,1010000000,0,1,0,0,0,216,220,281.33,288.68,335.08,;
/*989.001030620466*/,1001000000,1,0,0,0,0,182,192,261.76,269.55,321.87,;
/*989.001030620467*/,1111101010,1,0,0,0,0,316,318,323,326,342,;
/*989.001030620468*/,1010101111,0,1,0,0,0,327,331,349,354,361,;
/*989.001030620469*/,1000000000,1,0,0,0,0,134,140.43,225.71,234.33,297.55,;
/*989.001030620470*/,1010001001,0,0,0,1,0,315,320,351.23,327,361,;
/*989.001030620471*/,1100110000,1,0,0,0,0,391,394.32,419,423.21,427.96,;
/*989.001030620472*/,1100000000,0,0,1,0,0,388,391.36,401.11,405.73,415.88,;
/*989.001030620473*/,1000000000,1,0,0,0,0,172,177.97,251.95,259.97,315.25,;
/*989.001030620474*/,1100000000,0,0,1,0,0,347,350.85,372.8,378.06,396.78,;
/*989.001030620475*/,1100000000,0,0,1,0,0,386,389.38,399.73,404.38,414.95,;
/*989.001030620476*/,1111000000,0,0,0,1,0,290,291,330.96,337.18,368.56,;
/*989.001030620477*/,1101001110,1,0,0,0,0,247,253,304.4,327,373,;
/*989.001030620478*/,1110101000,1,0,0,0,0,275,280,300,306,347.03,;
/*989.001030620479*/,1110000000,0,1,0,0,0,233,234,291.12,298.24,341.68,;
/*989.001030620480*/,1000000000,0,0,0,1,0,287,291.58,331.36,337.57,368.83,;
/*989.001030620481*/,1111000000,1,0,0,0,0,372,376,390.37,395.24,408.64,;
/*989.001030620482*/,1100000000,0,1,0,0,0,126,132.53,220.19,228.93,293.82,;
/*989.001030620483*/,1100000000,0,1,0,0,0,152,158.21,238.14,246.48,305.94,;
/*989.001030620484*/,1100000000,1,0,0,0,0,569,570.17,526.1,527.87,500.21,;
/*989.001030620485*/,1000100010,1,0,0,0,0,371,374.56,376,381.19,391,;
/*989.001030620486*/,1100000000,0,0,1,0,0,381,384.44,396.27,401,412.62,;
/*989.001030620487*/,1000000000,0,0,0,1,0,298,302.44,338.96,345,373.95,;
/*989.001030620488*/,1010000000,0,0,0,1,0,317,320,351.23,356.99,382.23,;
/*989.001030620489*/,1100000000,0,0,1,0,0,384,387.4,398.35,403.03,414.02,;
/*989.001030620490*/,1000000000,0,1,0,0,0,320,324.18,354.15,359.84,384.2,;
/*989.001030620492*/,1000000000,0,1,0,0,0,170,175.99,250.57,258.62,314.32,;
/*989.001030620493*/,1000000000,0,1,0,0,0,372,375.55,390.06,394.93,408.43,;
/*989.001030620494*/,1111100011,1,0,0,0,0,258,273,329,335.26,374,;
/*989.001030620495*/,1000000000,0,0,0,1,0,291,295.53,334.13,340.27,370.69,;
/*989.001030620496*/,1100000000,0,1,0,0,0,303,307.38,342.41,348.37,376.28,;
/*989.001030620497*/,1000000000,0,1,0,0,0,314,318.25,350.01,355.79,381.41,;
/*989.001030620498*/,1010110000,0,1,0,0,0,138,141,232,240.48,301.79,;
/*989.001030620499*/,1110000000,0,0,0,1,0,305,307,342.14,348.11,376.1,;
/*989.001030620500*/,1011101100,1,0,0,0,0,295,314,347,358,382.93,;
/*989.001030620501*/,1100000000,1,0,0,0,0,401,404.2,410.08,414.5,421.94,;
/*989.001030620502*/,1111001100,1,0,0,0,0,373,374,388.98,385,401.57,;
/*989.001030620503*/,1100000000,0,0,1,0,0,357,360.73,379.7,384.81,401.44,;
/*989.001030620504*/,1000000000,0,0,0,1,0,285,289.6,329.98,336.22,367.9,;
/*989.001030620505*/,1100000000,0,1,0,0,0,298,302.44,338.96,345,373.95,;
/*989.001030620506*/,1110000000,0,0,1,0,0,372,382,394.57,399.34,411.47,;
/*989.001030620507*/,1000000000,0,1,0,0,0,321,325.17,354.84,360.52,384.67,;
/*989.001030620508*/,1001101000,1,0,0,0,0,261,273,303,305,346.34,;
/*989.001030620509*/,1110000000,0,0,0,1,0,275,276,320.47,326.93,361.48,;
/*989.001030620510*/,1000000000,0,0,0,1,0,295,299.48,336.89,342.97,372.56,;
/*989.001030620511*/,1011110000,0,0,0,1,0,318,318,320,326.47,361.16,;
/*989.001030620512*/,1100000000,0,1,0,0,0,293,297.51,335.51,341.62,371.63,;
/*989.001030620513*/,1010000000,0,1,0,0,0,422,426,425.32,429.39,432.22,;
/*989.001030620514*/,1100000000,0,1,0,0,0,265,269.84,316.17,322.73,358.58,;
/*989.001030620515*/,1011000000,0,1,0,0,0,359,361,379.89,384.99,401.57,;
/*989.001030620516*/,1010000000,0,1,0,0,0,329,338,363.81,369.28,390.72,;
/*989.001030620517*/,1010100000,0,0,0,1,0,340,340,340,346.01,374.66,;
/*989.001030620518*/,1000000000,0,0,0,1,0,305,309.36,343.79,349.72,377.22,;
/*989.001030620519*/,1000000000,0,1,0,0,0,317,321.21,352.08,357.82,382.81,;
/*989.001030620520*/,1010000000,0,0,0,1,0,303,307,342.14,348.11,376.1,;
/*989.001030620521*/,1011000000,0,0,0,1,0,280,284.66,326.53,332.85,365.57,;
/*989.001030620522*/,1100000000,0,1,0,0,0,256,260.95,309.96,316.65,354.39,;
/*989.001030620523*/,1100000000,0,1,0,0,0,298,302.44,338.96,345,373.95,;
/*989.001030620524*/,1100000000,1,0,0,0,0,321,325.17,354.84,360.52,384.67,;
/*989.001030620526*/,1000000000,0,0,1,0,0,405,408.15,412.85,417.2,423.8,;
/*989.001030620527*/,1000000000,0,1,0,0,0,130,136.48,222.95,231.63,295.69,;
/*989.001030620528*/,1010000000,0,0,0,1,0,295,300,337.25,343.33,372.8,;
/*989.001030620529*/,1010000100,1,0,0,0,0,502,510,484.04,517,492.71,;
/*989.001030620530*/,1110000000,0,1,0,0,0,529,553,514.1,516.14,492.11,;
/*989.001030620531*/,1000000000,0,0,0,1,0,298,302.44,338.96,345,373.95,;
/*989.001030620532*/,1000000000,0,0,0,1,0,313,317.26,349.32,355.12,380.94,;
/*989.001030620533*/,1100000000,0,0,0,1,0,314,318.25,350.01,355.79,381.41,;
/*989.001030620534*/,1100000000,0,1,0,0,0,314,318.25,350.01,355.79,381.41,;
/*989.001030620535*/,1100000000,0,0,1,0,0,374,377.53,391.44,396.28,409.36,;
/*989.001030620536*/,1111000000,0,0,0,1,0,287,289,329.56,335.81,367.61,;
/*989.001030620537*/,1100000000,0,0,1,0,0,377,380.49,393.51,398.3,410.76,;
/*989.001030620538*/,1100000000,0,0,0,1,0,283,287.63,328.6,334.87,366.97,;
/*989.001030620539*/,1010000010,1,0,0,0,0,353,361,379.89,384.99,390,;
/*989.001030620540*/,1100000000,0,0,1,0,0,374,377.53,391.44,396.28,409.36,;
/*989.001030620541*/,1000000000,0,1,0,0,0,312,316.28,348.63,354.44,380.48,;
/*989.001030620542*/,1100000000,0,1,0,0,0,312,316.28,348.63,354.44,380.48,;
/*989.001030620543*/,1011000000,0,1,0,0,0,312,317,349.13,354.94,380.82,;
/*989.001030620544*/,1100000000,0,0,1,0,0,344,347.89,370.72,376.04,395.39,;
/*989.001030620545*/,1100000000,0,1,0,0,0,307,311.34,345.17,351.07,378.15,;
/*989.001030620546*/,1100000000,0,1,0,0,0,396,399.26,406.63,411.13,419.61,;
/*989.001030620548*/,1010000000,0,1,0,0,0,133,137,223.31,231.99,295.93,;
/*989.001030620549*/,1000000000,0,0,0,1,0,305,309.36,343.79,349.72,377.22,;
/*989.001030620550*/,1011000000,0,0,1,0,0,402,404,409.95,414.36,421.85,;
/*989.001030620551*/,1000010000,0,0,0,1,0,289,293.55,308,314.74,353.07,;
/*989.001030620552*/,1000000000,1,0,0,0,0,176,181.92,254.71,262.67,317.12,;
/*989.001030620553*/,1111100011,1,0,0,0,0,311,316,353,358.72,393,;
/*989.001030620554*/,1100000000,0,1,0,0,0,303,307.38,342.41,348.37,376.28,;
/*989.001030620556*/,1001000000,0,1,0,0,0,328,334,361.02,366.55,388.84,;
/*989.001030620557*/,1000000000,0,1,0,0,0,196,201.68,268.52,276.17,326.44,;
/*989.001030620558*/,1010000000,0,1,0,0,0,156,165,242.89,251.11,309.14,;
/*989.001030620559*/,1100000000,0,1,0,0,0,283,287.63,328.6,334.87,366.97,;
/*989.001030620560*/,1110000000,0,1,0,0,0,240,242,296.71,303.71,345.45,;
/*989.001030620561*/,1000000000,1,0,0,0,0,291,295.53,334.13,340.27,370.69,;
/*989.001030620564*/,1100000000,1,0,0,0,0,270,274.78,319.62,326.1,360.91,;
/*989.001030620565*/,1111100000,0,0,0,1,0,229,234,286,293.24,338.23,;
/*989.001030620567*/,1000000000,1,0,0,0,0,437,439.76,434.94,438.79,438.71,;
/*989.001030620568*/,1000000000,0,1,0,0,0,113,119.68,211.21,220.16,287.77,;
/*989.001030620569*/,1101000000,0,0,0,1,0,281,281,323.97,330.35,363.84,;
/*989.001030620570*/,1010000000,1,0,0,0,0,306,311,344.94,350.84,377.99,;
/*989.001030620571*/,1000000000,0,1,0,0,0,138,144.38,228.47,237.03,299.41,;
/*989.001030620572*/,1000000000,0,1,0,0,0,133,139.44,225.02,233.65,297.08,;
/*989.001030620573*/,1100000000,0,0,1,0,0,381,384.44,396.27,401,412.62,;
/*989.001030620575*/,1111000000,0,0,0,1,0,288,290,330.26,336.5,368.09,;
/*989.001030620576*/,1110000000,0,0,0,1,0,298,300,337.25,343.33,372.8,;
/*989.001030620577*/,1000000000,0,1,0,0,0,199,204.64,270.6,278.19,327.83,;
/*989.001030620578*/,1111000000,0,0,0,1,0,294,296,334.45,340.59,370.92,;
/*989.001030620579*/,1000000000,0,1,0,0,0,123,129.56,218.11,226.91,292.43,;
/*989.001030620580*/,1100000000,0,1,0,0,0,322,326.15,355.53,361.19,385.14,;
/*989.001030620581*/,1000000000,0,1,0,0,0,253,257.99,307.88,314.63,352.99,;
/*989.001030620582*/,1111101111,1,0,0,0,0,424,426,433,434,442,;
/*989.001030620583*/,1000000000,0,1,0,0,0,135,141.42,226.4,235,298.02,;
/*989.001030620584*/,1111000000,1,0,0,0,0,215,219,280.63,288,334.6,;
/*989.001030620586*/,1000000000,0,1,0,0,0,281,285.65,327.22,333.52,366.04,;
/*989.001030620587*/,1000000000,1,0,0,0,0,314,318.25,350.01,355.79,381.41,;
/*989.001030620591*/,1100000000,0,0,0,1,0,304,308.37,343.1,349.04,376.75,;
/*989.001030620592*/,1100000000,0,0,1,0,0,397,400.25,407.32,411.8,420.08,;
/*989.001030620593*/,1100000000,0,1,0,0,0,303,307.38,342.41,348.37,376.28,;
/*989.001030620594*/,1100000000,1,0,0,0,0,216,221.44,282.33,289.66,335.75,;
/*989.001030620595*/,1100000000,0,1,0,0,0,280,284.66,326.53,332.85,365.57,;
/*989.001030620596*/,1000000000,1,0,0,0,0,163,169.08,245.74,253.9,311.06,;
/*989.001030620597*/,1000000000,1,0,0,0,0,144,150.31,232.62,241.08,302.21,;
/*989.001030620598*/,1100000000,1,0,0,0,0,178,183.9,256.09,264.02,318.05,;
/*989.001030620599*/,1000000000,1,0,0,0,0,173,178.96,252.64,260.65,315.72,;
/*989.001030620600*/,1010000000,0,1,0,0,0,205,208,272.94,280.48,329.42,;
/*989.001030620601*/,1100000000,0,0,1,0,0,490,492.12,471.54,474.56,463.4,;
/*989.001030620603*/,1110100000,0,1,0,0,0,315,315,320,326.47,361.16,;
/*989.001030620605*/,1100000000,0,1,0,0,0,215,220.45,281.64,288.99,335.29,;
/*989.001030620606*/,1000000000,0,1,0,0,0,132,138.45,224.33,232.98,296.62,;
/*989.001030620607*/,1011000000,1,0,0,0,0,178,185,256.87,264.77,318.57,;
/*989.001030620608*/,1000000000,0,0,1,0,0,407,410.13,414.23,418.55,424.74,;
/*989.001030620609*/,1111010011,1,0,0,0,0,286,289,317,323.54,325,;
/*989.001030620610*/,1000000000,0,0,0,1,0,313,317.26,349.32,355.12,380.94,;
/*989.001030620611*/,1111000000,0,0,0,1,0,276,284,326.07,332.4,365.26,;
/*989.001030620612*/,1111000000,0,1,0,0,0,305,306,341.44,347.42,375.63,;
/*989.001030620613*/,1000000000,0,1,0,0,0,120,126.6,216.04,224.88,291.03,;
/*989.001030620614*/,1100111100,1,0,0,0,0,364,367.65,369,371,391.91,;
/*989.001030620615*/,1010010010,1,0,0,0,0,275,290,333,339.17,355,;
/*989.001030620616*/,1000000000,0,0,0,1,0,296,300.47,337.58,343.65,373.02,;
/*989.001030620617*/,1010000000,0,1,0,0,0,134,140,225.41,234.04,297.35,;
/*989.001030620618*/,1011000000,0,0,0,1,0,240,241,296.01,303.02,344.98,;
/*989.001030620619*/,1000000000,1,0,0,0,0,138,144.38,228.47,237.03,299.41,;
/*989.001030620620*/,1000000000,1,0,0,0,0,117,123.63,213.97,222.86,289.63,;
/*989.001030620621*/,1100000000,0,0,1,0,0,369,372.59,387.99,392.91,407.03,;
/*989.001030620622*/,1000100000,1,0,0,0,0,388,391.36,395,399.76,411.76,;
/*989.001030620623*/,1110111111,1,0,0,0,0,440,442,444,446,454,;
/*989.001030620624*/,1011000000,0,0,0,1,0,323,325,354.73,360.4,384.59,;
/*989.001030620625*/,1100000000,1,0,0,0,0,246,251.07,303.05,309.91,349.73,;
/*989.001030620627*/,1000000000,0,1,0,0,0,141,147.34,230.54,239.05,300.81,;
/*989.001030620628*/,1010001110,1,0,0,0,0,324,331,358.92,364,371,;
/*989.001030620629*/,1011000000,0,1,0,0,0,327,329,357.52,363.13,386.48,;
/*989.001030620631*/,1000000000,0,0,0,1,0,295,299.48,336.89,342.97,372.56,;
/*989.001030620632*/,1000000000,0,1,0,0,0,146,152.28,234,242.43,303.14,;
/*989.001030620633*/,1111000000,0,0,0,1,0,325,325,354.73,360.4,384.59,;
/*989.001030620635*/,1010000000,1,0,0,0,0,403,405,410.65,415.05,422.32,;
/*989.001030620636*/,1000000000,0,0,0,1,0,300,304.42,340.34,346.35,374.89,;
/*989.001030620637*/,1011000000,1,0,0,0,0,107,109,203.74,212.86,282.73,;
/*989.001030620638*/,1000000000,0,0,0,1,0,294,298.49,336.2,342.3,372.09,;
/*989.001030620640*/,1010000011,0,0,0,1,0,327,335,361.72,367.23,375,;
/*989.001030620642*/,1000000000,1,0,0,0,0,392,395.31,403.87,408.43,417.75,;
/*989.001030620643*/,1100000000,0,1,0,0,0,153,159.2,238.83,247.15,306.4,;
/*989.001030620644*/,1001000000,0,1,0,0,0,350,357,377.09,382.26,399.68,;
/*989.001030620645*/,1000000000,1,0,0,0,0,252,257,307.19,313.95,352.52,;
/*989.001030620646*/,1101000000,1,0,0,0,0,208,210,274.34,281.85,330.36,;
/*989.001030620647*/,1010000000,0,1,0,0,0,368,371,386.88,391.82,406.28,;
/*989.001030620650*/,1100000000,0,1,0,0,0,117,123.63,213.97,222.86,289.63,;
/*989.001030620651*/,1111000000,1,0,0,0,0,277,283,325.37,331.71,364.79,;
/*989.001030620653*/,1010111100,1,0,0,0,0,405,407,421,425,429.19,;
/*989.001030620654*/,1100000000,0,1,0,0,0,238,243.17,297.53,304.51,346,;
/*989.001030620655*/,1111010000,1,0,0,0,0,356,362,368,373.37,393.55,;
/*989.001030620656*/,1100001010,1,0,0,0,0,138,144.38,228.47,235,315,;
/*989.001030620657*/,1000000000,1,0,0,0,0,147,153.27,234.69,243.1,303.61,;
/*989.001030620658*/,1111000000,0,1,0,0,0,306,307,342.14,348.11,376.1,;
/*989.001030620659*/,1111000000,0,1,0,0,0,289,290,330.26,336.5,368.09,;
/*989.001030620660*/,1000000000,0,1,0,0,0,313,317.26,349.32,355.12,380.94,;
/*989.001030620661*/,100000000,1,0,0,0,0,307,311.34,345.17,351.07,378.15,;
/*989.001030620662*/,1011101111,1,0,0,0,0,447,450,457,457,462,;
/*989.001030620663*/,1000000000,0,1,0,0,0,163,169.08,245.74,253.9,311.06,;
/*989.001030620664*/,111001100,1,0,0,0,0,360,367,384.08,405,415.38,;
/*989.001030620665*/,100000000,0,1,0,0,0,236,241.2,296.15,303.16,345.07,;
/*989.001030620666*/,100000000,1,0,0,0,0,132,138.45,224.33,232.98,296.62,;
/*989.001030620667*/,110011110,1,0,0,0,0,293,300,350,354,391,;
/*989.001030620668*/,100000010,1,0,0,0,0,414,417.04,419.06,423.27,436,;
/*989.001030620669*/,111000000,1,0,0,0,0,198,216,278.53,285.95,333.19,;
/*989.001030620670*/,100000000,0,0,1,0,0,378,381.48,394.2,398.98,411.23,;
/*989.001030620671*/,111000000,0,0,1,0,0,382,385,396.67,401.39,412.89,;
/*989.001030620673*/,1000000000,0,0,1,0,0,433,435.81,432.18,436.09,436.85,;
/*989.001030620674*/,100000000,1,0,0,0,0,178,183.9,256.09,264.02,318.05,;
/*989.001030620675*/,100000000,0,1,0,0,0,250,255.03,305.81,312.61,351.59,;
/*989.001030620676*/,100000000,1,0,0,0,0,172,177.97,251.95,259.97,315.25,;
/*989.001030620677*/,100000000,0,0,1,0,0,394,397.28,405.25,409.78,418.68,;
/*989.001030620678*/,100001001,1,0,0,0,0,159,165.13,242.97,267,380,;
/*989.001030620679*/,100000000,0,1,0,0,0,298,302.44,338.96,345,373.95,;
/*989.001030620680*/,1100000000,0,1,0,0,0,121,121,212.13,221.06,288.39,;
/*989.001030620682*/,1000000000,0,1,0,0,0,285,289.6,329.98,336.22,367.9,;
/*989.001030620683*/,100000000,1,0,0,0,0,168,174.02,249.19,257.27,313.39,;
/*989.001030620684*/,100101100,1,0,0,0,0,411,414.08,456,456,450.59,;
/*989.001030620685*/,100000000,1,0,0,0,0,166,172.04,247.81,255.92,312.46,;
/*989.001030620686*/,100000000,1,0,0,0,0,139,145.37,229.16,237.7,299.88,;
/*989.001030620687*/,111000000,0,1,0,0,0,120,122,212.83,221.74,288.86,;
/*989.001030620688*/,100000000,0,0,1,0,0,533,534.6,501.24,503.57,483.44,;
/*989.001030620689*/,100000000,1,0,0,0,0,152,158.21,238.14,246.48,305.94,;
/*989.001030620690*/,100000000,1,0,0,0,0,254,258.98,308.58,315.3,353.46,;
/*989.001030620691*/,111100000,1,0,0,0,0,185,192,259,266.86,320.01,;
/*989.001030620692*/,110000000,0,1,0,0,0,365,367,384.08,389.09,404.4,;
/*989.001030620693*/,100000000,0,0,1,0,0,375,378.51,392.13,396.96,409.83,;
/*989.001030620694*/,100000000,0,0,1,0,0,474,476.32,460.49,463.76,455.95,;
/*989.001030620695*/,100000000,0,1,0,0,0,405,408.15,412.85,417.2,423.8,;
/*989.001030620696*/,101000000,1,0,0,0,0,159,165,242.89,251.11,309.14,;
/*989.001030620697*/,1110000000,0,1,0,0,0,279,282,324.67,331.03,364.31,;
/*989.001030620698*/,100000000,1,0,0,0,0,253,257.99,307.88,314.63,352.99,;
/*989.001030620700*/,100000000,1,0,0,0,0,331,335.05,361.75,367.26,389.33,;
/*989.001030620701*/,100000000,1,0,0,0,0,358,361.72,380.39,385.48,401.91,;
/*989.001030620702*/,100011100,0,0,0,1,0,304,308.37,321,323,358.77,;
/*989.001030620704*/,101000000,0,0,0,1,0,306,315,347.74,353.57,379.88,;
/*989.001030620705*/,1100000000,0,1,0,0,0,185,190.81,260.93,268.74,321.31,;
/*989.001030620706*/,100100000,1,0,0,0,0,246,251.07,310,316.7,354.42,;
/*989.001030620707*/,1001000000,0,1,0,0,0,183,188,258.96,266.82,319.98,;
/*989.001030620708*/,1111000000,0,1,0,0,0,314,318,349.83,355.62,381.29,;
/*989.001030620709*/,110011000,0,1,0,0,0,395,398,400,400,411.93,;
/*989.001030620710*/,100000000,0,0,1,0,0,368,371.6,387.3,392.23,406.57,;
/*989.001030620711*/,100000000,0,0,1,0,0,381,384.44,396.27,401,412.62,;
/*989.001030620712*/,1100000000,0,1,0,0,0,295,299.48,336.89,342.97,372.56,;
/*989.001030620713*/,100000000,0,1,0,0,0,317,321.21,352.08,357.82,382.81,;
/*989.001030620715*/,100000000,0,0,1,0,0,396,399.26,406.63,411.13,419.61,;
/*989.001030620716*/,100000000,0,0,1,0,0,357,360.73,379.7,384.81,401.44,;
/*989.001030620717*/,1100000000,0,1,0,0,0,298,302.44,338.96,345,373.95,;
/*989.001030620718*/,1000000000,0,1,0,0,0,104,110.79,204.99,214.08,283.57,;
/*989.001030620719*/,110000000,1,0,0,0,0,186,195,263.86,271.6,323.29,;
/*989.001030620720*/,100000000,1,0,0,0,0,366,369.62,385.92,390.88,405.63,;
/*989.001030620721*/,110000000,0,1,0,0,0,369,369,385.48,390.46,405.34,;
/*989.001030620722*/,111000000,0,1,0,0,0,317,371,386.88,391.82,406.28,;
/*989.001030620723*/,111000000,0,1,0,0,0,430,435,431.62,435.54,436.47,;
/*989.001030620724*/,100000000,1,0,0,0,0,459,461.5,450.14,453.64,448.96,;
/*989.001030620725*/,100000000,1,0,0,0,0,144,150.31,232.62,241.08,302.21,;
/*989.001030620726*/,100000000,0,0,1,0,0,480,482.24,464.64,467.81,458.75,;
/*989.001030620727*/,1100000000,0,1,0,0,0,224,229.34,287.86,295.06,339.48,;
/*989.001030620728*/,1110000000,0,0,0,1,0,322,325,354.73,360.4,384.59,;
/*989.001030620729*/,100000000,1,0,0,0,0,378,381.48,394.2,398.98,411.23,;
/*989.001030620730*/,1111000000,0,0,0,1,0,311,312,345.64,351.52,378.46,;
/*989.001030620731*/,100000000,1,0,0,0,0,392,395.31,403.87,408.43,417.75,;
/*989.001030620732*/,100000000,0,0,1,0,0,398,401.23,408.01,412.48,420.54,;
/*989.001030620733*/,1000000000,1,0,0,0,0,171,176.98,251.26,259.3,314.79,;
/*989.001030620734*/,100000000,0,1,0,0,0,249,254.04,305.12,311.93,351.13,;
/*989.001030620735*/,1111101100,1,0,0,0,0,295,317,365,374,393.98,;
/*989.001030620736*/,1110110000,0,0,0,1,0,295,295,299,305.95,347,;
/*989.001030620737*/,111000000,1,0,0,0,0,442,442,436.51,440.32,439.77,;
/*989.001030620738*/,1011000000,0,1,0,0,0,301,301,337.95,344.01,373.27,;
/*989.001030620739*/,100000000,0,0,1,0,0,434,436.8,432.87,436.77,437.31,;
/*989.001030620740*/,1100000000,0,1,0,0,0,312,316.28,348.63,354.44,380.48,;
/*989.001030620741*/,1110000000,0,0,0,1,0,302,304,340.05,346.06,374.69,;
/*989.001030620742*/,100000000,1,0,0,0,0,179,184.88,256.78,264.69,318.52,;
/*989.001030620743*/,1000000000,0,1,0,0,0,110,116.72,209.14,218.13,286.37,;
/*989.001030620744*/,100000000,1,0,0,0,0,260,264.9,312.72,319.35,356.25,;
/*989.001030620745*/,1100000000,0,1,0,0,0,264,268.86,315.48,322.05,358.12,;
/*989.001030620746*/,100000000,0,1,0,0,0,309,313.31,346.55,352.42,379.08,;
/*989.001030620747*/,1000000000,0,1,0,0,0,125,131.54,219.5,228.26,293.36,;
/*989.001030620748*/,100000000,0,0,1,0,0,381,384.44,396.27,401,412.62,;
/*989.001030620750*/,100000000,0,0,1,0,0,418,420.99,421.82,425.97,429.86,;
/*989.001030620751*/,110010000,1,0,0,0,0,187,197,300,306.93,347.67,;
/*989.001030620752*/,110010000,1,0,0,0,0,158,158,342,347.97,376.01,;
/*989.001030620753*/,1000000000,1,0,0,0,0,392,395.31,403.87,408.43,417.75,;
/*989.001030620754*/,1101000000,0,1,0,0,0,198,202,268.75,276.39,326.59,;
/*989.001030620755*/,1100000000,0,1,0,0,0,295,299.48,336.89,342.97,372.56,;
/*989.001030620756*/,1000000000,0,1,0,0,0,124,130.55,218.8,227.58,292.89,;
/*989.001030620757*/,111100100,1,0,0,0,0,427,433,443,444,442.31,;
/*989.001030620758*/,1111000000,0,0,0,1,0,269,297,335.15,341.28,371.39,;
/*989.001030620759*/,100000000,1,0,0,0,0,202,207.61,272.67,280.22,329.23,;
/*989.001030620760*/,111000000,1,0,0,0,0,429,430,428.12,432.12,434.11,;
/*989.001030620762*/,1110000000,0,0,0,1,0,305,310,344.24,350.16,377.52,;
/*989.001030620763*/,1100000000,0,1,0,0,0,309,313.31,346.55,352.42,379.08,;
/*989.001030620764*/,1100000000,1,0,0,0,0,295,299.48,336.89,342.97,372.56,;
/*989.001030620765*/,1001000000,0,1,0,0,0,126,133,220.52,229.25,294.05,;
/*989.001030620766*/,1000000000,0,1,0,0,0,196,201.68,268.52,276.17,326.44,;
/*989.001030620767*/,1100000000,0,1,0,0,0,270,274.78,319.62,326.1,360.91,;
/*989.001030620768*/,1100000000,0,1,0,0,0,316,320.23,351.39,357.14,382.34,;
/*989.001030620769*/,1010000000,0,0,0,1,0,314,314,347.04,352.89,379.4,;
/*989.001030620770*/,1000000000,0,1,0,0,0,301,305.41,341.03,347.02,375.35,;
/*989.001030620771*/,1110000000,0,1,0,0,0,376,384,395.97,400.7,412.42,;
/*989.001030620774*/,1110101000,1,0,0,0,0,368,368,377,380,398.12,;
/*989.001030620775*/,1100000000,0,1,0,0,0,187,192.79,262.31,270.09,322.24,;
/*989.001030620776*/,1110000000,0,0,0,1,0,314,315,347.74,353.57,379.88,;
/*989.001030620777*/,1111000000,0,1,0,0,0,321,325,354.73,360.4,384.59,;
/*989.001030620778*/,1110000000,0,0,0,1,0,294,302,338.65,344.69,373.75,;
/*989.001030620779*/,1110000000,0,0,0,1,0,291,291,330.96,337.18,368.56,;
/*989.001030620780*/,1000000000,0,1,0,0,0,287,291.58,331.36,337.57,368.83,;
/*989.001030620781*/,1110000000,0,0,0,1,0,310,314,347.04,352.89,379.4,;
/*989.001030620782*/,1000101100,1,0,0,0,0,413,416.05,426,428,431.26,;
/*989.001030620783*/,1100000000,0,1,0,0,0,298,302.44,338.96,345,373.95,;
/*989.001030620784*/,1100000000,0,1,0,0,0,269,273.8,318.93,325.43,360.44,;
/*989.001030620785*/,1100000000,0,0,1,0,0,394,397.28,405.25,409.78,418.68,;
/*989.001030620786*/,1111000000,0,1,0,0,0,313,313,346.34,352.21,378.93,;
/*989.001030620787*/,1100000000,0,1,0,0,0,325,329.12,357.6,363.22,386.53,;
/*989.001030620789*/,1110000000,0,0,0,1,0,305,305,340.75,346.74,375.16,;
/*989.001030620790*/,1101100000,0,0,0,1,0,265,276,330,336.24,367.91,;
/*989.001030620791*/,1011000000,0,0,0,1,0,297,299,336.55,342.64,372.33,;
/*989.001030620792*/,1000000000,0,1,0,0,0,274,278.74,322.39,328.8,362.77,;
/*989.001030620793*/,1100000000,0,1,0,0,0,303,307.38,342.41,348.37,376.28,;
/*989.001030620794*/,1110000000,1,0,0,0,0,407,407,412.04,416.41,423.26,;
/*989.001030620795*/,1010000000,0,1,0,0,0,185,185,256.87,264.77,318.57,;
/*989.001030620796*/,1100000000,0,1,0,0,0,298,302.44,338.96,345,373.95,;
/*989.001030620797*/,1000000000,0,1,0,0,0,125,131.54,219.5,228.26,293.36,;
/*989.001030620798*/,1111000000,0,0,0,1,0,281,284,326.07,332.4,365.26,;
/*989.001030620799*/,1100000000,0,1,0,0,0,331,335.05,361.75,367.26,389.33,;
/*989.001030620800*/,1100000000,0,1,0,0,0,323,327.14,356.22,361.87,385.6,;
/*989.001030620801*/,1110110000,1,0,0,0,0,115,121,237,245.36,305.17,;
/*989.001030620802*/,1000000000,0,1,0,0,0,126,132.53,220.19,228.93,293.82,;
/*989.001030620803*/,1100000000,0,1,0,0,0,129,135.49,222.26,230.95,295.22,;
/*989.001030620804*/,1100000000,0,1,0,0,0,317,321.21,352.08,357.82,382.81,;
/*989.001030620805*/,1100000000,0,1,0,0,0,267,271.82,317.55,324.08,359.51,;
/*989.001030620806*/,1000010000,1,0,0,0,0,434,436.8,445,448.62,445.5,;
/*989.001030620807*/,1000000000,0,1,0,0,0,310,314.3,347.25,353.09,379.55,;
/*989.001030620808*/,1000000000,1,0,0,0,0,146,152.28,234,242.43,303.14,;
/*989.001030620809*/,1100000000,0,1,0,0,0,302,306.4,341.72,347.69,375.82,;
/*989.001030620810*/,1000000000,0,1,0,0,0,135,141.42,226.4,235,298.02,;
/*989.001030620812*/,1000000000,0,1,0,0,0,104,110.79,204.99,214.08,283.57,;
/*989.001030620813*/,1100000000,0,1,0,0,0,331,335.05,361.75,367.26,389.33,;
/*989.001030620814*/,1100000000,0,1,0,0,0,218,223.41,283.72,291.01,336.68,;
/*989.001030620815*/,1111000000,0,0,0,1,0,304,305,340.75,346.74,375.16,;
/*989.001030620816*/,1010000000,0,1,0,0,0,299,300,337.25,343.33,372.8,;
/*989.001030620817*/,1110000000,0,1,0,0,0,355,355,375.7,380.89,398.74,;
/*989.001030620818*/,1100000000,1,0,0,0,0,362,365.67,383.15,388.18,403.77,;
/*989.001030620820*/,1100000000,0,1,0,0,0,283,287.63,328.6,334.87,366.97,;
/*989.001030620821*/,1100000000,0,1,0,0,0,275,279.72,323.08,329.48,363.24,;
/*989.001030620822*/,1110000000,0,0,0,1,0,281,284,326.07,332.4,365.26,;
/*989.001030620823*/,1111000000,0,0,0,1,0,295,296,334.45,340.59,370.92,;
/*989.001030620824*/,1101000000,0,0,0,1,0,295,295,333.76,339.91,370.44,;
/*989.001030620825*/,1110000000,0,0,1,0,0,415,423,423.23,427.34,430.81,;
/*989.001030620826*/,1000000000,0,1,0,0,0,220,225.39,285.1,292.36,337.62,;
/*989.001030620827*/,1000000000,0,1,0,0,0,255,259.97,309.27,315.98,353.92,;
/*989.001030620828*/,1101000000,0,1,0,0,0,167,175,249.88,257.94,313.85,;
/*989.001030620829*/,1100000000,0,1,0,0,0,306,310.35,344.48,350.39,377.68,;
/*989.001030620830*/,1011000000,0,0,0,1,0,251,252,303.7,310.54,350.17,;
/*989.001030620831*/,1110011100,1,0,0,0,0,461,466,453.28,468,458.88,;
/*989.001030620832*/,1101001101,1,0,0,0,0,322,330,358.22,358,370,;
/*989.001030620833*/,1100000000,0,1,0,0,0,318,322.2,352.77,358.49,383.27,;
/*989.001030620834*/,1100000000,0,1,0,0,0,354,357.77,377.63,382.78,400.04,;
/*989.001030620835*/,1100000000,0,1,0,0,0,312,316.28,348.63,354.44,380.48,;
/*989.001030620836*/,1100000000,0,1,0,0,0,317,321.21,352.08,357.82,382.81,;
/*989.001030620837*/,1100000000,0,1,0,0,0,291,295.53,334.13,340.27,370.69,;
/*989.001030620838*/,1000000000,0,1,0,0,0,195,200.69,267.83,275.49,325.97,;
/*989.001030620839*/,1011000000,0,0,0,1,0,276,278,321.87,328.3,362.43,;
/*989.001030620840*/,1111000000,0,0,0,1,0,278,281,323.97,330.35,363.84,;
/*989.001030620841*/,1000000000,0,1,0,0,0,228,233.29,290.62,297.76,341.34,;
/*989.001030620842*/,1000000000,0,1,0,0,0,126,132.53,220.19,228.93,293.82,;
/*989.001030620843*/,1000000000,0,1,0,0,0,287,291.58,331.36,337.57,368.83,;
/*989.001030620845*/,1110000000,0,0,0,1,0,323,323,353.33,359.04,383.65,;
/*989.001030620846*/,1100000000,0,1,0,0,0,290,294.54,333.43,339.6,370.23,;
/*989.001030620847*/,1100000000,0,1,0,0,0,313,317.26,349.32,355.12,380.94,;
/*989.001030620848*/,1110000000,0,0,0,1,0,295,297,335.15,341.28,371.39,;
/*989.001030620849*/,1011000000,0,0,0,1,0,288,290,330.26,336.5,368.09,;
/*989.001030620850*/,1101000000,0,0,0,1,0,321,321,351.93,357.67,382.71,;
/*989.001030620851*/,1100000000,0,1,0,0,0,286,290.59,330.67,336.9,368.36,;
/*989.001030620852*/,1010000000,0,1,0,0,0,553,553,514.1,516.14,492.11,;
/*989.001030620853*/,1100000000,0,0,1,0,0,392,395.31,403.87,408.43,417.75,;
/*989.001030620854*/,1010000000,0,1,0,0,0,297,300,337.25,343.33,372.8,;
/*989.001030620855*/,1011000000,0,0,0,1,0,287,287,328.16,334.45,366.67,;
/*989.001030620856*/,1100000000,0,1,0,0,0,286,290.59,330.67,336.9,368.36,;
/*989.001030620857*/,1011000000,1,0,0,0,0,173,187,258.26,266.14,319.51,;
/*989.001030620858*/,1000000000,0,1,0,0,0,322,326.15,355.53,361.19,385.14,;
/*989.001030620859*/,1100000000,0,1,0,0,0,296,300.47,337.58,343.65,373.02,;
/*989.001030620860*/,1100000000,0,0,1,0,0,368,371.6,387.3,392.23,406.57,;
/*989.001030620861*/,111010000,0,1,0,0,0,258,262,315,321.58,357.79,;
/*989.001030620862*/,100000000,0,1,0,0,0,254,258.98,308.58,315.3,353.46,;
/*989.001030620863*/,100000000,0,0,1,0,0,361,364.68,382.46,387.51,403.31,;
/*989.001030620864*/,111000000,0,0,1,0,0,387,387,398.06,402.75,413.83,;
/*989.001030620865*/,100000000,1,0,0,0,0,301,305.41,341.03,347.02,375.35,;
/*989.001030620866*/,100000000,1,0,0,0,0,157,163.15,241.59,249.85,308.27,;
/*989.001030620867*/,111000000,0,1,0,0,0,158,163,241.49,249.75,308.19,;
/*989.001030620870*/,101000000,1,0,0,0,0,146,146,229.6,238.13,300.18,;
/*989.001030620872*/,100000000,0,1,0,0,0,279,283.67,325.84,332.17,365.1,;
/*989.001030620873*/,110000000,0,0,0,1,0,205,205,270.85,278.43,328,;
/*989.001030620874*/,110000000,1,0,0,0,0,188,195,263.86,271.6,323.29,;
/*989.001030620875*/,111000000,1,0,0,0,0,274,285,326.77,333.08,365.73,;
/*989.001030620876*/,100000000,1,0,0,0,0,110,116.72,209.14,218.13,286.37,;
/*989.001030620877*/,110000000,0,1,0,0,0,198,200,267.35,275.02,325.64,;
/*989.001030620879*/,100000000,1,0,0,0,0,337,340.97,365.89,371.31,392.12,;
/*989.001030620881*/,101000000,0,1,0,0,0,131,133,220.52,229.25,294.05,;
/*989.001030620882*/,110000000,0,1,0,0,0,337,341,365.91,371.33,392.14,;
/*989.001030620883*/,111101100,1,0,0,0,0,277,282,345,358,382.93,;
/*989.001030620885*/,100000000,1,0,0,0,0,143,149.32,231.92,240.4,301.74,;
/*989.001030620886*/,101000000,0,1,0,0,0,154,154,235.2,243.6,303.95,;
/*989.001030620887*/,110000000,0,1,0,0,0,167,172,247.78,255.89,312.44,;
/*989.001030620888*/,100000000,1,0,0,0,0,178,183.9,256.09,264.02,318.05,;
/*989.001030620889*/,100000000,0,1,0,0,0,201,206.62,271.98,279.54,328.76,;
/*989.001030620890*/,100000000,0,1,0,0,0,146,152.28,234,242.43,303.14,;
/*989.001030620892*/,101010000,1,0,0,0,0,154,161,250,258.07,313.94,;
/*989.001030620893*/,111000000,1,0,0,0,0,429,431,428.82,432.81,434.58,;
/*989.001030620894*/,110100000,1,0,0,0,0,145,153,229,237.54,299.77,;
/*989.001030620895*/,100000000,0,1,0,0,0,103,109.8,204.3,213.41,283.11,;
/*989.001030620896*/,100000000,1,0,0,0,0,422,424.94,424.59,428.67,431.72,;
/*989.001030620898*/,111000000,0,1,0,0,0,325,332,359.62,365.18,387.89,;
/*989.001030620899*/,100000000,0,1,0,0,0,690,689.7,690,690,690,;
/*989.001030620900*/,100000000,0,1,0,0,0,129,135.49,222.26,230.95,295.22,;
/*989.001030620902*/,100000000,1,0,0,0,0,127,133.51,220.88,229.61,294.29,;
/*989.001030620903*/,100000000,1,0,0,0,0,132,138.45,224.33,232.98,296.62,;
/*989.001030620904*/,111001110,1,0,0,0,0,343,348,370.8,381,404,;
/*989.001030620905*/,111000000,0,1,0,0,0,263,280,323.27,329.66,363.37,;
/*989.001030620906*/,111000000,0,1,0,0,0,389,389,399.46,404.12,414.77,;
/*989.001030620907*/,100000000,1,0,0,0,0,380,383.45,395.58,400.33,412.16,;
/*989.001030620908*/,100000000,0,1,0,0,0,229,234.28,291.31,298.43,341.81,;
/*989.001030620909*/,100000100,0,1,0,0,0,120,126.6,216.04,221,288.35,;
/*989.001030620912*/,101011000,1,0,0,0,0,203,210,261,271,322.87,;
/*989.001030620913*/,110000000,1,0,0,0,0,149,162,240.79,249.06,307.72,;
/*989.001030620914*/,111011100,1,0,0,0,0,387,390,404,404,414.69,;
/*989.001030620915*/,100000000,0,0,1,0,0,384,387.4,398.35,403.03,414.02,;
/*989.001030620917*/,100100000,1,0,0,0,0,157,163.15,247,255.13,311.91,;
/*989.001030620918*/,100001010,1,0,0,0,0,135,141.42,226.4,236,291,;
/*989.001030620919*/,100000000,0,1,0,0,0,149,155.25,236.07,244.45,304.54,;
/*989.001030620920*/,100000000,1,0,0,0,0,374,377.53,391.44,396.28,409.36,;
/*989.001030620921*/,111000000,0,0,0,1,0,320,325,354.73,360.4,384.59,;
/*989.001030620922*/,100000000,0,0,1,0,0,441,443.71,437.71,441.49,440.58,;
/*989.001030620923*/,110000000,1,0,0,0,0,163,172,247.78,255.89,312.44,;
/*989.001030620924*/,111000000,0,1,0,0,0,210,214,277.14,284.58,332.25,;
/*989.001030620926*/,100010000,1,0,0,0,0,181,186.86,276,283.47,331.48,;
/*989.001030620927*/,100000000,0,1,0,0,0,155,161.18,240.21,248.5,307.33,;
/*989.001030620928*/,100000000,1,0,0,0,0,341,344.92,368.65,374.01,393.99,;
/*989.001030620931*/,100100000,1,0,0,0,0,103,109.8,173,182.82,261.99,;
/*989.001030620932*/,100110000,1,0,0,0,0,155,161.18,235,243.41,303.82,;
/*989.001030620933*/,100000000,1,0,0,0,0,355,358.76,378.32,383.46,400.51,;
/*989.001030620934*/,101000000,0,0,0,1,0,269,282,324.67,331.03,364.31,;
/*989.001030620935*/,100000000,0,1,0,0,0,152,158.21,238.14,246.48,305.94,;
/*989.001030620936*/,100000000,1,0,0,0,0,138,144.38,228.47,237.03,299.41,;
/*989.001030620938*/,111110000,1,0,0,0,0,268,275,306,312.79,351.72,;
/*989.001030620941*/,100000000,1,0,0,0,0,264,268.86,315.48,322.05,358.12,;
/*989.001030620942*/,110100010,1,0,0,0,0,441,442,470,473.05,500,;
/*989.001030620944*/,100000000,1,0,0,0,0,153,159.2,238.83,247.15,306.4,;
/*989.001030620945*/,100000000,1,0,0,0,0,362,365.67,383.15,388.18,403.77,;
/*989.001030620946*/,100000000,1,0,0,0,0,259,263.92,312.03,318.68,355.79,;
/*989.001030620947*/,100000000,1,0,0,0,0,136,142.41,227.09,235.68,298.48,;
/*989.001030620948*/,100000000,1,0,0,0,0,336,339.99,365.2,370.64,391.66,;
/*989.001030620949*/,100000000,0,0,1,0,0,413,416.05,418.37,422.6,427.53,;
/*989.001030620951*/,110000000,1,0,0,0,0,158,166,243.58,251.8,309.61,;
/*989.001030620952*/,100000000,0,1,0,0,0,269,273.8,318.93,325.43,360.44,;
/*989.001030620953*/,101000000,0,0,0,1,0,325,325,354.73,360.4,384.59,;
/*989.001030620954*/,10000000,0,1,0,0,0,146,152.28,234,242.43,303.14,;
/*989.001030620955*/,101001000,1,0,0,0,0,335,336,362.41,347,375.34,;
/*989.001030620956*/,100000000,0,0,1,0,0,344,347.89,370.72,376.04,395.39,;
/*989.001030620957*/,100100000,1,0,0,0,0,151,157.22,267,274.68,325.41,;
/*989.001030620958*/,101000000,0,1,0,0,0,243,247,300.2,307.12,347.81,;
/*989.001030620959*/,11000000,1,0,0,0,0,187.21,193,262.46,270.24,322.34,;
/*989.001030620960*/,100000000,0,1,0,0,0,120,126.6,216.04,224.88,291.03,;
/*989.001030620961*/,110110000,0,0,0,1,0,335,335,344,349.92,377.36,;
/*989.001030620962*/,110000000,0,1,0,0,0,278,278,321.87,328.3,362.43,;
/*989.001030620963*/,100000000,0,1,0,0,0,296,300.47,337.58,343.65,373.02,;
/*989.001030620964*/,100000000,0,0,0,1,0,284,288.61,329.29,335.55,367.43,;
/*989.001030620965*/,100000000,0,1,0,0,0,337,340.97,365.89,371.31,392.12,;
/*989.001030620966*/,100000000,0,1,0,0,0,149,155.25,236.07,244.45,304.54,;
/*989.001030620967*/,111000000,0,1,0,0,0,304,305,340.75,346.74,375.16,;
/*989.001030620968*/,100000000,0,1,0,0,0,269,273.8,318.93,325.43,360.44,;
/*989.001030620969*/,110000000,0,1,0,0,0,324,325,354.73,360.4,384.59,;
/*989.001030620971*/,100000000,0,1,0,0,0,147,153.27,234.69,243.1,303.61,;
/*989.001030620972*/,100000000,1,0,0,0,0,358,361.72,380.39,385.48,401.91,;
/*989.001030620973*/,100000000,0,0,1,0,0,334,338.01,363.82,369.29,390.73,;
/*989.001030620974*/,111001000,1,0,0,0,0,487,492,471.46,500,480.97,;
/*989.001030620975*/,100000000,0,1,0,0,0,323,327.14,356.22,361.87,385.6,;
/*989.001030620976*/,100000000,0,1,0,0,0,331,335.05,361.75,367.26,389.33,;
/*989.001030620977*/,100000000,0,1,0,0,0,189,194.76,263.69,271.44,323.17,;
/*989.001030620978*/,110000000,1,0,0,0,0,264,266,313.48,320.1,356.77,;
/*989.001030620979*/,100000000,1,0,0,0,0,387,390.37,400.42,405.05,415.42,;
/*989.001030620980*/,110101100,1,0,0,0,0,324,326,354,360,384.31,;
/*989.001030620981*/,111000000,1,0,0,0,0,302,308,342.84,348.79,376.57,;
/*989.001030620982*/,111000000,0,0,0,1,0,257,258,307.89,314.64,353,;
/*989.001030620983*/,101010000,0,0,0,1,0,314,314,325,331.36,364.54,;
/*989.001030620984*/,111000000,0,1,0,0,0,313,315,315,321.58,357.79,;
/*989.001030620985*/,110000000,0,0,0,1,0,331,342,366.61,372.01,392.61,;
/*989.001030620987*/,100000000,0,0,0,1,0,300,304.42,340.34,346.35,374.89,;
/*989.001030620988*/,110000000,0,1,0,0,0,137,145,228.91,237.45,299.71,;
/*989.001030620989*/,100000000,1,0,0,0,0,161,167.1,244.35,252.55,310.13,;
/*989.001030620990*/,111000000,0,0,0,1,0,293,293,332.36,338.54,369.5,;
/*989.001030620991*/,100000000,0,0,1,0,0,399,402.22,408.7,413.15,421.01,;
/*989.001030620992*/,100000000,0,1,0,0,0,314,318.25,350.01,355.79,381.41,;
/*989.001030620993*/,110000000,0,0,0,1,0,317,317,349.13,354.94,380.82,;
/*989.001030620994*/,110000000,0,0,0,1,0,297,297,335.15,341.28,371.39,;
/*989.001030620995*/,110110000,0,1,0,0,0,134,139,249,257.09,313.26,;
/*989.001030620996*/,100000000,0,0,1,0,0,409,412.1,415.61,419.9,425.67,;
/*989.001030620997*/,100000000,0,1,0,0,0,286,290.59,330.67,336.9,368.36,;
/*989.001030620998*/,100000000,0,1,0,0,0,200,205.63,271.29,278.87,328.3,;
/*989.001030620999*/,100000000,0,1,0,0,0,317,321.21,352.08,357.82,382.81,;
/*989.001030621000*/,110000000,0,1,0,0,0,326,326,355.42,361.09,385.06,;
/*989.001030621001*/,111000000,0,1,0,0,0,334,334,361.02,366.55,388.84,;
/*989.001030621002*/,110000000,1,0,0,0,0,199,202,268.75,276.39,326.59,;
/*989.001030621003*/,100000000,1,0,0,0,0,198,203.65,269.9,277.52,327.37,;
/*989.001030621004*/,100000000,0,1,0,0,0,318,322.2,352.77,358.49,383.27,;
/*989.001030621005*/,100000000,0,1,0,0,0,306,310.35,344.48,350.39,377.68,;
/*989.001030621007*/,110000000,0,0,0,1,0,288,288,328.86,335.13,367.14,;
/*989.001030621008*/,111000000,0,0,0,1,0,331,331,358.92,364.5,387.42,;
/*989.001030621009*/,110000000,0,0,0,1,0,291,291,330.96,337.18,368.56,;
/*989.001030621011*/,111000000,0,0,0,1,0,298,302,338.65,344.69,373.75,;
/*989.001030621012*/,100000000,0,1,0,0,0,249,254.04,305.12,311.93,351.13,;
/*989.001030621013*/,100000000,0,1,0,0,0,132,138.45,224.33,232.98,296.62,;
/*989.001030621014*/,100000000,0,1,0,0,0,166,172.04,247.81,255.92,312.46,;
/*989.001030621015*/,110000000,1,0,0,0,0,264,272,317.68,324.2,359.6,;
/*989.001030621016*/,110000000,0,0,0,1,0,306,306,341.44,347.42,375.63,;
/*989.001030621017*/,100000000,0,0,0,1,0,333,337.02,363.13,368.61,390.26,;
/*989.001030621018*/,101000000,0,1,0,0,0,224,224,284.13,291.41,336.96,;
/*989.001030621020*/,100000000,1,0,0,0,0,347,350.85,372.8,378.06,396.78,;
/*989.001030621021*/,100000000,1,0,0,0,0,169,175.01,249.88,257.95,313.86,;
/*989.001030621022*/,110000000,0,0,0,1,0,214,216,278.53,285.95,333.19,;
/*989.001030621023*/,111000000,0,0,0,1,0,280,280,323.27,329.66,363.37,;
/*989.001030621024*/,110000000,0,0,0,1,0,277,277,321.17,327.62,361.96,;
/*989.001030621025*/,111000000,1,0,0,0,0,189,195,263.86,271.6,323.29,;
/*989.001030621026*/,111000000,0,0,0,1,0,288,288,328.86,335.13,367.14,;
/*989.001030621028*/,100000000,0,1,0,0,0,271,275.77,320.31,326.78,361.38,;
/*989.001030621030*/,100000000,0,0,1,0,0,382,385.43,396.96,401.68,413.09,;
/*989.001030621032*/,111000000,0,1,0,0,0,279,279,322.57,328.98,362.9,;
/*989.001030621033*/,100000000,0,1,0,0,0,287,291.58,331.36,337.57,368.83,;
/*989.001030621034*/,111000000,0,0,0,1,0,305,305,340.75,346.74,375.16,;
/*989.001030621035*/,100000000,0,0,1,0,0,412,415.07,417.68,421.92,427.07,;
/*989.001030621036*/,111000000,0,0,0,1,0,281,281,323.97,330.35,363.84,;
/*989.001030621038*/,110111111,1,0,0,0,0,192,200,279,281,331,;
/*989.001030621039*/,100000000,0,0,0,1,0,343,346.9,370.03,375.36,394.92,;
/*989.001030621040*/,110000000,0,0,0,1,0,316,316,348.43,354.25,380.35,;
/*989.001030621041*/,111000000,0,0,0,1,0,265,266,313.48,320.1,356.77,;
/*989.001030621043*/,110100000,0,0,0,1,0,237,240,293,300.08,342.95,;
/*989.001030621044*/,110000000,1,0,0,0,0,164,171,247.08,255.21,311.97,;
/*989.001030621045*/,111000000,0,0,0,1,0,282,282,324.67,331.03,364.31,;
/*989.001030621046*/,100000000,0,1,0,0,0,223,228.35,287.17,294.39,339.01,;
/*989.001030621048*/,111000000,0,0,0,1,0,231,238,293.91,300.98,343.56,;
/*989.001030621049*/,111001101,1,0,0,0,0,193,200,267.35,276,317,;
/*989.001030621051*/,100000000,0,0,0,1,0,323,327.14,356.22,361.87,385.6,;
/*989.001030621052*/,100000000,1,0,0,0,0,138,144.38,228.47,237.03,299.41,;
/*989.001030621053*/,110000000,0,0,0,1,0,333,333,360.32,365.87,388.36,;
/*989.001030621054*/,100000000,1,0,0,0,0,122,128.57,217.42,226.23,291.96,;
/*989.001030621055*/,110000000,0,0,0,1,0,299,299,336.55,342.64,372.33,;
/*989.001030621056*/,110000000,1,0,0,0,0,188,188,258.96,266.82,319.98,;
/*989.001030621057*/,101000000,0,1,0,0,0,150,156,236.59,244.96,304.89,;
/*989.001030621058*/,111011000,0,1,0,0,0,440,440,441,441,440.24,;
/*989.001030621059*/,110000000,0,1,0,0,0,156,161,240.09,248.38,307.25,;
/*989.001030621060*/,111110000,0,0,0,1,0,323,323,323,329.4,363.19,;
/*989.001030621061*/,110000000,0,0,0,1,0,327,331,358.92,364.5,387.42,;
/*989.001030621062*/,111000000,0,0,0,1,0,264,265,312.79,319.42,356.3,;
/*989.001030621063*/,100000000,0,0,0,1,0,282,286.64,327.91,334.2,366.5,;
/*989.001030621064*/,100000000,0,1,0,0,0,116,122.65,213.28,222.18,289.16,;
/*989.001030621065*/,100000000,0,1,0,0,0,120,126.6,216.04,224.88,291.03,;
/*989.001030621066*/,100000000,0,1,0,0,0,131,137.47,223.64,232.3,296.15,;
/*989.001030621067*/,100000000,0,0,0,1,0,314,318.25,350.01,355.79,381.41,;
/*989.001030621068*/,111000000,0,0,0,1,0,256,256,306.49,313.27,352.05,;
/*989.001030621069*/,100000000,0,0,0,1,0,299,303.43,339.65,345.67,374.42,;
/*989.001030621070*/,100000000,0,0,1,0,0,404,407.16,412.16,416.52,423.34,;
/*989.001030621072*/,110000000,0,0,0,1,0,306,308,342.84,348.79,376.57,;
/*989.001030621073*/,111000000,0,0,0,1,0,281,282,324.67,331.03,364.31,;
/*989.001030621075*/,101000000,0,1,0,0,0,121,131,219.12,227.89,293.1,;
/*989.001030621076*/,100000000,0,1,0,0,0,146,152.28,234,242.43,303.14,;
/*989.001030621077*/,110000000,0,0,0,1,0,323,323,353.33,359.04,383.65,;
/*989.001030621078*/,100000000,0,0,0,1,0,264,268.86,315.48,322.05,358.12,;
/*989.001030621079*/,111000000,1,0,0,0,0,409,409,413.44,417.78,424.2,;
/*989.001030621080*/,110000000,0,0,0,1,0,319,319,350.53,356.3,381.76,;
/*989.001030621081*/,110000000,0,0,0,1,0,316,316,348.43,354.25,380.35,;
/*989.001030621082*/,111000000,0,0,0,1,0,302,302,338.65,344.69,373.75,;
/*989.001030621083*/,111000000,0,0,0,1,0,287,288,328.86,335.13,367.14,;
/*989.001030621084*/,111000000,0,0,0,1,0,298,298,335.85,341.96,371.86,;
/*989.001030621085*/,111000000,0,1,0,0,0,218,222,282.73,290.05,336.02,;
/*989.001030621086*/,111000000,0,0,0,1,0,304,307,342.14,348.11,376.1,;
/*989.001030621087*/,100000000,0,0,0,1,0,303,307.38,342.41,348.37,376.28,;
/*989.001030621088*/,100000000,0,0,0,1,0,304,308.37,343.1,349.04,376.75,;
/*989.001030621089*/,110000000,0,0,0,1,0,281,287,328.16,334.45,366.67,;
/*989.001030621090*/,110000000,0,0,0,1,0,296,304,340.05,346.06,374.69,;
/*989.001030621092*/,100000000,0,1,0,0,0,218,223.41,283.72,291.01,336.68,;
/*989.001030621094*/,100000000,0,0,0,1,0,307,311.34,345.17,351.07,378.15,;
/*989.001030621095*/,100000000,1,0,0,0,0,278,282.69,325.15,331.5,364.64,;
/*989.001030621096*/,100000000,0,1,0,0,0,153,159.2,238.83,247.15,306.4,;
/*989.001030621097*/,111000000,0,1,0,0,0,112,113,206.54,215.59,284.62,;
/*989.001030621098*/,100000000,0,0,1,0,0,407,410.13,414.23,418.55,424.74,;
/*989.001030621099*/,100000000,0,0,1,0,0,398,401.23,408.01,412.48,420.54,;
/*989.001030621100*/,110000000,0,1,0,0,0,246,252,303.7,310.54,350.17,;
/*989.001030621101*/,100000000,0,1,0,0,0,121,127.59,216.73,225.56,291.49,;
/*989.001030621102*/,111000000,0,0,0,1,0,273,273,318.38,324.88,360.07,;
/*989.001030621103*/,111101111,1,0,0,0,0,272,293,353,362,399,;
/*989.001030621104*/,110000000,0,0,0,1,0,288,288,328.86,335.13,367.14,;
/*989.001030621105*/,111000000,0,0,0,1,0,331,336,362.41,367.92,389.78,;
/*989.001030621106*/,100000000,0,1,0,0,0,134,140.43,225.71,234.33,297.55,;
/*989.001030621107*/,100100000,1,0,0,0,0,417,420,417,421.26,426.61,;
/*989.001030621108*/,100000000,0,0,0,1,0,306,310.35,344.48,350.39,377.68,;
/*989.001030621109*/,100000000,0,0,0,1,0,229,234.28,291.31,298.43,341.81,;
/*989.001030621110*/,111000000,0,0,0,1,0,268,268,314.88,321.47,357.71,;
/*989.001030621111*/,100000000,0,0,0,1,0,297,301.46,338.27,344.32,373.49,;
/*989.001030621114*/,110100000,0,0,0,1,0,303,303,305,311.81,351.04,;
/*989.001030621116*/,100000000,0,1,0,0,0,139,145.37,229.16,237.7,299.88,;
/*989.001030621117*/,100000000,0,1,0,0,0,127,133.51,220.88,229.61,294.29,;
/*989.001030621118*/,111000000,0,0,0,1,0,280,283,325.37,331.71,364.79,;
/*989.001030621119*/,100000000,0,1,0,0,0,134,140.43,225.71,234.33,297.55,;
/*989.001030621120*/,100000000,0,0,0,1,0,288,292.57,332.05,338.25,369.3,;
/*989.001030621121*/,100000000,1,0,0,0,0,177,182.91,255.4,263.35,317.58,;
/*989.001030621122*/,100000000,0,0,0,1,0,278,282.69,325.15,331.5,364.64,;
/*989.001030621123*/,100000000,1,0,0,0,0,357,360.73,379.7,384.81,401.44,;
/*989.001030621124*/,111000000,0,1,0,0,0,335,341,365.91,371.33,392.14,;
/*989.001030621125*/,110000000,0,0,0,1,0,339,339,364.51,369.97,391.19,;
/*989.001030621127*/,100000000,0,0,0,1,0,307,311.34,345.17,351.07,378.15,;
/*989.001030621128*/,100000000,0,1,0,0,0,175,180.93,254.02,262,316.65,;
/*989.001030621129*/,100000000,0,1,0,0,0,183,188.84,259.55,267.39,320.38,;
/*989.001030621130*/,100000000,0,1,0,0,0,124,130.55,218.8,227.58,292.89,;
/*989.001030621131*/,100000000,0,0,0,1,0,285,289.6,329.98,336.22,367.9,;
/*989.001030621132*/,100000000,0,1,0,0,0,147,153.27,234.69,243.1,303.61,;
/*989.001030621133*/,100000000,0,0,0,1,0,319,323.19,353.46,359.17,383.74,;
/*989.001030621134*/,100000000,0,0,0,1,0,281,285.65,327.22,333.52,366.04,;
/*989.001030621135*/,111000000,0,1,0,0,0,322,326,355.42,361.09,385.06,;
/*989.001030621137*/,100000000,0,1,0,0,0,140,146.36,229.85,238.38,300.35,;
/*989.001030621138*/,100000000,1,0,0,0,0,424,426.92,425.97,430.02,432.66,;
/*989.001030621139*/,111110000,1,0,0,0,0,256,257,312,318.65,355.77,;
/*989.001030621140*/,100000000,0,1,0,0,0,206,211.56,275.43,282.91,331.09,;
/*989.001030621141*/,110100000,0,0,0,1,0,256,257,275,282.5,330.8,;
/*989.001030621142*/,111000000,0,0,0,1,0,271,271,316.98,323.52,359.13,;
/*989.001030621143*/,100000000,1,0,0,0,0,174,179.95,253.33,261.32,316.19,;
/*989.001030621144*/,100000000,0,1,0,0,0,297,301.46,338.27,344.32,373.49,;
/*989.001030621145*/,100000000,0,0,0,1,0,313,317.26,349.32,355.12,380.94,;
/*989.001030621146*/,100000000,0,0,1,0,0,414,417.04,419.06,423.27,428,;
/*989.001030621148*/,110000000,0,1,0,0,0,293,293,332.36,338.54,369.5,;
/*989.001030621149*/,100000000,1,0,0,0,0,382,385.43,396.96,401.68,413.09,;
/*989.001030621150*/,100000000,0,1,0,0,0,146,152.28,234,242.43,303.14,;
/*989.001030621151*/,111000000,0,1,0,0,0,220,226,285.52,292.78,337.9,;
/*989.001030621152*/,110000000,0,0,0,1,0,317,317,349.13,354.94,380.82,;
/*989.001030621153*/,111000000,0,0,0,1,0,288,288,328.86,335.13,367.14,;
/*989.001030621154*/,100000000,0,0,0,1,0,281,285.65,327.22,333.52,366.04,;
/*989.001030621155*/,100000000,0,0,0,1,0,267,271.82,317.55,324.08,359.51,;
/*989.001030621156*/,111000000,0,0,0,1,0,294,297,335.15,341.28,371.39,;
/*989.001030621157*/,110010000,0,0,0,1,0,314,317,320,326.47,361.16,;
/*989.001030621159*/,100000000,0,1,0,0,0,139,145.37,229.16,237.7,299.88,;
/*989.001030621160*/,110000000,0,1,0,0,0,424,424,423.93,428.03,431.28,;
/*989.001030621162*/,11,1,0,0,0,0,79.78,86.87,188.27,197.74,207,;
/*989.001030621163*/,110000000,0,1,0,0,0,128,134,221.22,229.94,294.52,;
/*989.001030621165*/,11,0,0,0,1,0,178.36,184.25,256.34,264.26,272,;
/*989.001030621167*/,10,1,0,0,0,0,252.66,257.66,307.65,314.4,321,;
/*989.001030621168*/,1000000,0,1,0,0,0,89.03,96,194.65,203.98,276.6,;
/*989.001030621169*/,1000000,0,1,0,0,0,414.97,418,419.73,423.93,428.45,;
/*989.001030621173*/,10,1,0,0,0,0,132.23,135.6,139.05,149.65,160,;
/*989.001030621175*/,100000000,0,1,0,0,0,129,135.49,222.26,230.95,295.22,;
/*989.001030621176*/,10,1,0,0,0,0,182.91,188.74,259.48,267.33,275,;
/*989.001030621177*/,11,1,0,0,0,0,175.32,181.25,254.25,262.21,270,;
/*989.001030621179*/,1000000,1,0,0,0,0,87,94,193.26,202.61,275.66,;
/*989.001030621181*/,10,1,0,0,0,0,296.64,301.1,338.02,344.08,350,;
/*989.001030621182*/,1000000,0,1,0,0,0,132.55,139,224.71,233.35,296.88,;
/*989.001030621183*/,100000000,0,1,0,0,0,116,122.65,213.28,222.18,289.16,;
/*989.001030621185*/,100000000,1,0,0,0,0,449,451.62,443.23,446.89,444.3,;
/*989.001030621192*/,1000000,0,0,0,1,0,266.17,271,316.98,323.52,359.13,;
/*989.001030621194*/,100000000,0,1,0,0,0,264,268.86,315.48,322.05,358.12,;
/*989.001030621195*/,10,1,0,0,0,0,105.56,112.34,206.07,215.14,224,;
/*989.001030621197*/,10,1,0,0,0,0,41.87,49.41,162.09,172.16,182,;
/*989.001030621198*/,100000000,0,1,0,0,0,123,129.56,218.11,226.91,292.43,;
/*989.001030621200*/,1000000,0,1,0,0,0,190.25,196,264.55,272.29,323.76,;
/*989.001030621201*/,11,1,0,0,0,0,302.71,307.1,342.21,348.17,354,;
/*989.001030621202*/,100000000,0,0,0,1,0,289,293.55,332.74,338.92,369.76,;
/*989.001030621205*/,1000000,0,1,0,0,0,480.77,483,465.17,468.33,459.1,;
/*989.001030621206*/,11,1,0,0,0,0,58.55,65.89,173.61,183.42,193,;
/*989.001030621207*/,1000000,0,1,0,0,0,132.55,139,224.71,233.35,296.88,;
/*989.001030621209*/,10,1,0,0,0,0,132.23,135.6,139.05,149.65,160,;
/*989.001030621210*/,100000000,1,0,0,0,0,150,156.24,236.76,245.13,305,;
/*989.001030621211*/,100000000,0,1,0,0,0,349,352.83,374.18,379.41,397.71,;
/*989.001030621215*/,100000000,0,0,0,1,0,294,298.49,336.2,342.3,372.09,;
/*989.001030621216*/,100000000,0,1,0,0,0,135,141.42,226.4,235,298.02,;
/*989.001030621217*/,1000000,0,0,0,1,0,284.39,289,329.56,335.81,367.61,;
/*989.001030621219*/,100000000,0,0,0,1,0,278,282.69,325.15,331.5,364.64,;
/*989.001030621222*/,10,1,0,0,0,0,320.91,325.07,354.78,360.45,366,;
/*989.001030621228*/,10,0,1,0,0,0,118.19,121.26,124.39,135.32,146,;
/*989.001030621231*/,100000000,0,1,0,0,0,129,135.49,222.26,230.95,295.22,;
/*989.001030621235*/,1000000,0,0,0,1,0,284.39,289,329.56,335.81,367.61,;
/*989.001030621236*/,100000000,1,0,0,0,0,417,420,421.13,425.3,429.39,;
/*989.001030621237*/,11000000,0,1,0,0,0,448,448,440.7,444.42,442.6,;
/*989.001030621238*/,1000000,0,1,0,0,0,218.59,224,284.13,291.41,336.96,;
/*989.001030621244*/,1000000,0,1,0,0,0,544.54,546,509.2,511.36,488.81,;
/*989.001030621245*/,100000000,0,1,0,0,0,286,290.59,330.67,336.9,368.36,;
/*989.001030621248*/,100000000,0,1,0,0,0,289,293.55,332.74,338.92,369.76,;
/*989.001030621249*/,11,0,1,0,0,0,98.13,100.76,103.45,114.85,126,;
/*989.001030621250*/,100000000,0,1,0,0,0,149,155.25,236.07,244.45,304.54,;
/*989.001030621253*/,100000000,0,1,0,0,0,121,127.59,216.73,225.56,291.49,;
/*989.001030621254*/,1000000,1,0,0,0,0,158.87,165,242.89,251.11,309.14,;
/*989.001030621255*/,1000000,0,1,0,0,0,105.22,112,205.84,214.91,284.14,;
/*989.001030621257*/,100000000,0,1,0,0,0,133,139.44,225.02,233.65,297.08,;
/*989.001030621258*/,1000000,0,1,0,0,0,116.36,123,213.53,222.42,289.33,;
/*989.001030621260*/,11,1,0,0,0,0,129.83,136.31,222.83,231.51,240,;
/*989.001030621261*/,10000000,0,1,0,0,0,117.37,124,214.23,223.11,289.8,;
/*989.001030621263*/,11101110,1,0,0,0,0,369.42,373,394,396,403,;
/*989.001030621264*/,10000000,0,1,0,0,0,401.81,405,410.65,415.05,422.32,;
/*989.001030621266*/,11000000,0,0,0,1,0,299.57,304,340.05,346.06,374.69,;
/*989.001030621267*/,10010000,0,0,0,1,0,318.81,323,342,347.97,376.01,;
/*989.001030621268*/,10000100,1,0,0,0,0,98.14,105,200.95,158,244.85,;
/*989.001030621269*/,10000000,0,0,0,1,0,290.46,295,333.76,339.91,370.44,;
/*989.001030621270*/,10000000,1,0,0,0,0,300.59,305,340.75,346.74,375.16,;
/*989.001030621271*/,10000000,0,1,0,0,0,270.22,275,319.78,326.25,361.01,;
/*989.001030621272*/,10000010,1,0,0,0,0,93.08,100,197.45,206.71,271,;
/*989.001030621275*/,11000000,1,0,0,0,0,336.02,340,365.21,370.65,391.67,;
/*989.001030621276*/,10000000,1,0,0,0,0,87,94,193.26,202.61,275.66,;
/*989.001030621277*/,11000000,0,0,1,0,0,391.69,395,403.66,408.22,417.6,;
/*989.001030621278*/,10000000,1,0,0,0,0,209.48,215,277.84,285.27,332.72,;
/*989.001030621280*/,10000000,1,0,0,0,0,100.16,107,202.34,211.49,281.79,;
/*989.001030621286*/,10000000,1,0,0,0,0,143.69,150,232.4,240.87,302.06,;
/*989.001030621289*/,10000000,0,0,1,0,0,392.7,396,404.35,408.9,418.07,;
/*989.001030621290*/,11000000,0,1,0,0,0,143.69,150,232.4,240.87,302.06,;
/*989.001030621291*/,11000000,0,1,0,0,0,209.48,215,277.84,285.27,332.72,;
/*989.001030621292*/,11100000,0,1,0,0,0,132.55,139,245,253.18,310.56,;
/*989.001030621294*/,10000000,0,1,0,0,0,126.48,133,220.52,229.25,294.05,;
/*989.001030621295*/,10000000,1,0,0,0,0,262.12,267,314.18,320.78,357.24,;
/*989.001030621296*/,11000000,0,1,0,0,0,584.02,585,536.47,538,507.2,;
/*989.001030621297*/,10000000,1,0,0,0,0,93.08,100,197.45,206.71,278.48,;
/*989.001030621298*/,10000000,0,1,0,0,0,113.32,120,211.43,220.37,287.92,;
/*989.001030621301*/,11000000,1,0,0,0,0,361.32,365,382.69,387.72,403.46,;
/*989.001030621302*/,10000000,0,0,0,1,0,256.05,261,309.99,316.69,354.41,;
/*989.001030621303*/,11000000,0,1,0,0,0,401.81,405,410.65,415.05,422.32,;
/*989.001030621304*/,11000000,1,0,0,0,0,199.36,205,270.85,278.43,328,;
/*989.001030621305*/,10000000,0,0,0,1,0,295.53,300,337.25,343.33,372.8,;
/*989.001030621306*/,10001111,1,0,0,0,0,219.61,225,284.83,346,391,;
/*989.001030621307*/,10000000,1,0,0,0,0,210.5,216,278.53,285.95,333.19,;
/*989.001030621308*/,11110000,0,0,0,1,0,265.16,270,298,304.97,346.32,;
/*989.001030621309*/,10000000,0,1,0,0,0,553.65,555,515.5,517.51,493.06,;
/*989.001030621310*/,11000000,0,0,0,1,0,292.49,297,335.15,341.28,371.39,;
/*989.001030621311*/,11000000,1,0,0,0,0,153.81,160,239.39,247.7,306.78,;
/*989.001030621312*/,11100000,1,0,0,0,0,300.59,305,346,351.88,378.71,;
/*989.001030621313*/,10000000,1,0,0,0,0,79.92,87,188.36,197.83,272.35,;
/*989.001030621314*/,11000000,1,0,0,0,0,205.44,211,275.04,282.53,330.83,;
/*989.001030621315*/,10000000,0,1,0,0,0,168.99,175,249.88,257.94,313.85,;
/*989.001030621316*/,11000000,1,0,0,0,0,158.87,165,242.89,251.11,309.14,;
/*989.001030621318*/,10000000,0,1,0,0,0,120.41,127,216.32,225.16,291.22,;
/*989.001030621319*/,10000000,1,0,0,0,0,93.08,100,197.45,206.71,278.48,;
/*989.001030621321*/,10000000,0,0,0,1,0,319.82,324,354.03,359.72,384.12,;
/*989.001030621322*/,10000000,1,0,0,0,0,153.81,160,239.39,247.7,306.78,;
/*989.001030621323*/,10000000,0,1,0,0,0,139.64,146,229.6,238.13,300.18,;
/*989.001030621324*/,10000000,0,1,0,0,0,214.55,220,281.33,288.68,335.08,;
/*989.001030621326*/,10000000,1,0,0,0,0,104.21,111,205.14,214.23,283.67,;
/*989.001030621327*/,11100100,0,1,0,0,0,142.68,149,262,268,320.8,;
/*989.001030621328*/,11100000,1,0,0,0,0,184.18,190,268,275.65,326.08,;
/*989.001030621329*/,11000000,1,0,0,0,0,133.57,140,225.41,234.04,297.35,;
/*989.001030621330*/,10000000,1,0,0,0,0,99.15,106,201.64,210.81,281.31,;
/*989.001030621332*/,10001100,1,0,0,0,0,295.53,300,337.25,336,367.74,;
/*989.001030621333*/,10001000,0,1,0,0,0,295.53,300,337.25,335,367.05,;
/*989.001030621334*/,10000000,0,1,0,0,0,161.91,168,244.98,253.16,310.55,;
/*989.001030621335*/,11000000,0,1,0,0,0,129.52,136,222.61,231.3,295.46,;
/*989.001030621337*/,11000000,0,0,0,1,0,265.16,270,316.28,322.83,358.65,;
/*989.001030621338*/,10000000,0,1,0,0,0,107.25,114,207.24,216.28,285.09,;
/*989.001030621340*/,11000000,0,0,0,1,0,325.89,330,358.22,363.82,386.95,;
/*989.001030621341*/,10000000,1,0,0,0,0,91.05,98,196.05,205.35,277.54,;
/*989.001030621343*/,10000000,0,1,0,0,0,142.68,149,231.7,240.18,301.59,;
/*989.001030621346*/,11000000,0,1,0,0,0,211.51,217,279.23,286.63,333.66,;
/*989.001030621347*/,10000000,1,0,0,0,0,381.57,385,396.67,401.39,412.89,;
/*989.001030621348*/,11010000,0,0,0,1,0,273.26,278,290,297.15,340.92,;
/*989.001030621349*/,11000000,1,0,0,0,0,336.02,340,365.21,370.65,391.67,;
/*989.001030621350*/,10000000,0,1,0,0,0,451.41,454,444.9,448.52,445.43,;
/*989.001030621351*/,10000000,0,1,0,0,0,163.93,170,246.38,254.53,311.5,;
/*989.001030621353*/,10100000,0,0,0,1,0,285.4,290,317,323.54,359.14,;
/*989.001030621354*/,10000000,0,0,0,1,0,265.16,270,316.28,322.83,358.65,;
/*989.001030621356*/,10000000,0,0,0,1,0,275.28,280,323.27,329.66,363.37,;
/*989.001030621358*/,11000000,0,1,0,0,0,337,337,363.11,368.6,390.25,;
/*989.001030621359*/,10000000,0,1,0,0,0,93.08,100,197.45,206.71,278.48,;
/*989.001030621360*/,10000000,0,0,0,1,0,320.83,325,354.73,360.4,384.59,;
/*989.001030621362*/,11000000,0,1,0,0,0,429.14,432,429.52,433.49,435.05,;
/*989.001030621365*/,10000000,0,1,0,0,0,94.09,101,198.15,207.4,278.96,;
/*989.001030621366*/,11000000,0,1,0,0,0,125.47,132,219.82,228.57,293.58,;
/*989.001030621367*/,11000000,0,1,0,0,0,462.55,465,452.59,456.03,450.61,;
/*989.001030621368*/,10000000,0,1,0,0,0,400.8,404,409.95,414.36,421.85,;
/*989.001030621369*/,10000000,0,1,0,0,0,454.45,457,446.99,450.57,446.84,;
/*989.001030621372*/,10000000,1,0,0,0,0,85.99,93,192.56,201.93,275.18,;
/*989.001030621373*/,11000000,0,1,0,0,0,139.64,146,229.6,238.13,300.18,;
/*989.001030621374*/,10010010,1,0,0,0,0,401.81,405,414,418.33,429,;
/*989.001030621376*/,10010000,1,0,0,0,0,189.24,195,261,268.81,321.36,;
/*989.001030621377*/,11001100,1,0,0,0,0,330.95,335,361.72,375,394.67,;
/*989.001030621381*/,11000000,0,1,0,0,0,123.44,130,218.42,227.21,292.63,;
/*989.001030621382*/,10000000,0,0,0,1,0,304.64,309,343.54,349.47,377.05,;
/*989.001030621383*/,10001000,1,0,0,0,0,492.91,495,473.56,495,477.52,;
/*989.001030621384*/,11100100,1,0,0,0,0,114.33,121,189,193,269.02,;
/*989.001030621386*/,10000000,1,0,0,0,0,379.54,383,395.27,400.02,411.94,;
/*989.001030621387*/,10000000,1,0,0,0,0,155.84,162,240.79,249.06,307.72,;
/*989.001030621389*/,10000000,1,0,0,0,0,105.22,112,205.84,214.91,284.14,;
/*989.001030621390*/,10000000,1,0,0,0,0,137.61,144,228.21,236.77,299.23,;
/*989.001030621392*/,10000000,0,1,0,0,0,360.31,364,381.99,387.04,402.98,;
/*989.001030621394*/,10000000,1,0,0,0,0,203.41,209,273.64,281.17,329.89,;
/*989.001030621395*/,11000000,0,1,0,0,0,400.8,404,409.95,414.36,421.85,;
/*989.001030621396*/,10000000,0,1,0,0,0,163.93,170,246.38,254.53,311.5,;
/*989.001030621397*/,10000000,1,0,0,0,0,145.71,152,233.8,242.23,303.01,;
/*989.001030621399*/,11000000,0,0,1,0,0,442.3,445,438.61,442.37,441.18,;
/*989.001030621401*/,10000000,1,0,0,0,0,361.32,365,382.69,387.72,403.46,;
/*989.001030621402*/,11000000,0,0,0,0,0,361.32,365,382.69,387.72,403.46,;
/*989.001030621403*/,11000000,1,0,0,0,0,140.65,147,230.3,238.82,300.65,;
/*989.001030621404*/,11000000,0,1,0,0,0,454.45,457,446.99,450.57,446.84,;
/*989.001030621405*/,11000000,1,0,0,0,0,142.68,149,231.7,240.18,301.59,;
/*989.001030621406*/,10000000,1,0,0,0,0,91.05,98,196.05,205.35,277.54,;
/*989.001030621407*/,11000000,1,0,0,0,0,173.04,179,252.67,260.68,315.74,;
/*989.001030621408*/,10001100,1,0,0,0,0,199.36,205,270.85,313,351.87,;
/*989.001030621409*/,10010000,0,1,0,0,0,145.71,152,268,275.65,326.08,;
/*989.001030621410*/,11000000,0,1,0,0,0,380.55,384,395.97,400.7,412.42,;
/*989.001030621412*/,10000000,0,1,0,0,0,390.68,394,402.96,407.53,417.13,;
/*989.001030621413*/,10000000,1,0,0,0,0,102.19,109,203.74,212.86,282.73,;
/*989.001030621414*/,11110000,0,1,0,0,0,167.98,174,254,261.97,316.64,;
/*989.001030621416*/,11000000,1,0,0,0,0,177.09,183,255.47,263.41,317.63,;
/*989.001030621417*/,11000010,1,0,0,0,0,181.14,187,258.26,266.14,334,;
/*989.001030621419*/,11000000,1,0,0,0,0,137.61,144,228.21,236.77,299.23,;
/*989.001030621422*/,10000000,1,0,0,0,0,98.14,105,200.95,210.13,280.84,;
/*989.001030621423*/,11000000,1,0,0,0,0,167.98,174,249.18,257.26,313.38,;
/*989.001030621424*/,10000000,0,1,0,0,0,314.76,319,350.53,356.3,381.76,;
/*989.001030621425*/,10000000,1,0,0,0,0,155.84,162,240.79,249.06,307.72,;
/*989.001030621426*/,11000000,1,0,0,0,0,180.13,186,257.56,265.46,319.04,;
/*989.001030621428*/,10000000,0,1,0,0,0,453.44,456,446.29,449.88,446.37,;
/*989.001030621429*/,10000000,1,0,0,0,0,386.63,390,400.16,404.8,415.24,;
/*989.001030621431*/,10000000,0,1,0,0,0,126.48,133,220.52,229.25,294.05,;
/*989.001030621434*/,10000000,1,0,0,0,0,152.8,159,238.69,247.01,306.31,;
/*989.001030621435*/,10000000,0,1,0,0,0,552.64,554,514.8,516.82,492.59,;
/*989.001030621436*/,11000000,1,0,0,0,0,127.49,134,221.22,229.94,294.52,;
/*989.001030621438*/,10000000,0,1,0,0,0,103.2,110,204.44,213.54,283.2,;
/*989.001030621441*/,10011000,1,0,0,0,0,168.99,175,260,265,318.73,;
/*989.001030621444*/,11000000,1,0,0,0,0,214.55,220,281.33,288.68,335.08,;
/*989.001030621445*/,10000000,0,1,0,0,0,106.23,113,206.54,215.59,284.62,;
/*989.001030621446*/,11000000,0,0,1,0,0,407.88,411,414.84,419.15,425.15,;
/*989.001030621451*/,10000000,1,0,0,0,0,160.9,167,244.28,252.48,310.08,;
/*989.001030621452*/,10000000,1,0,0,0,0,214.55,220,281.33,288.68,335.08,;
/*989.001030621454*/,10001000,1,0,0,0,0,378.53,382,394.57,387,402.95,;
/*989.001030621456*/,10000000,1,0,0,0,0,153.81,160,239.39,247.7,306.78,;
/*989.001030621457*/,10000000,1,0,0,0,0,189.24,195,263.86,271.6,323.29,;
/*989.001030621458*/,10000000,0,1,0,0,0,107.25,114,207.24,216.28,285.09,;
/*989.001030621459*/,11000000,0,1,0,0,0,478.74,481,463.77,466.96,458.16,;
/*989.001030621462*/,1000000,1,0,0,0,0,156.85,163,241.49,249.75,308.19,;
/*989.001030621463*/,1000000,0,1,0,0,0,421.04,424,423.93,428.03,431.28,;
/*989.001030621464*/,1000000,0,1,0,0,0,93.08,100,197.45,206.71,278.48,;
/*989.001030621466*/,1001100,1,0,0,0,0,109.27,116,208.63,208,279.37,;
/*989.001030621468*/,1000000,0,1,0,0,0,140.65,147,230.3,238.82,300.65,;
/*989.001030621469*/,1000000,0,1,0,0,0,144.7,151,233.1,241.55,302.54,;
/*989.001030621470*/,1000000,0,1,0,0,0,142.68,149,231.7,240.18,301.59,;
/*989.001030621471*/,1000000,1,0,0,0,0,90.04,97,195.35,204.66,277.07,;
/*989.001030621472*/,1000100,1,0,0,0,0,160.9,167,244.28,237,299.39,;
/*989.001030621473*/,1000000,1,0,0,0,0,153.81,160,239.39,247.7,306.78,;
/*989.001030621474*/,1010000,0,1,0,0,0,144.7,151,250,258.07,313.94,;
/*989.001030621479*/,1000000,1,0,0,0,0,95.1,102,198.85,208.08,279.43,;
/*989.001030621480*/,1010000,0,1,0,0,0,116.36,123,233,241.45,302.47,;
/*989.001030621482*/,1000000,0,1,0,0,0,111.3,118,210.03,219.01,286.97,;
/*989.001030621483*/,1000000,1,0,0,0,0,85.99,93,192.56,201.93,275.18,;
/*989.001030621484*/,1000000,0,1,0,0,0,126.48,133,220.52,229.25,294.05,;
/*989.001030621485*/,1000000,0,1,0,0,0,135.59,142,226.81,235.4,298.29,;
/*989.001030621487*/,1010000,1,0,0,0,0,102.19,109,195,204.32,276.83,;
/*989.001030621488*/,1000000,1,0,0,0,0,85.99,93,192.56,201.93,275.18,;
/*989.001030621489*/,1000000,0,0,0,1,0,290.46,295,333.76,339.91,370.44,;
/*989.001030621490*/,1000000,0,1,0,0,0,127.49,134,221.22,229.94,294.52,;
/*989.001030621493*/,1101010,1,0,0,0,0,263.13,268,307,312,335,;
/*989.001030621495*/,1000000,1,0,0,0,0,93.08,100,197.45,206.71,278.48,;
/*989.001030621496*/,1100111,1,0,0,0,0,174.06,180,255,278,334,;
/*989.001030621497*/,1001100,0,0,0,1,0,332.98,337,363.11,363,386.39,;
/*989.001030621499*/,1001000,1,0,0,0,0,177.09,183,255.47,273,324.25,;
/*989.001030621506*/,1000000,1,0,0,0,0,143.69,150,232.4,240.87,302.06,;
/*989.001030621507*/,1000000,0,1,0,0,0,118.38,125,214.93,223.79,290.27,;
/*989.001030621508*/,1000000,1,0,0,0,0,160.9,167,244.28,252.48,310.08,;
/*989.001030621509*/,1000000,0,1,0,0,0,216.57,222,282.73,290.05,336.02,;
/*989.001030621510*/,1000000,1,0,0,0,0,104.21,111,205.14,214.23,283.67,;
/*989.001030621511*/,1001000,0,1,0,0,0,152.8,159,238.69,271,322.87,;
/*989.001030621513*/,1000000,1,0,0,0,0,133.57,140,225.41,234.04,297.35,;
/*989.001030621514*/,1000000,0,1,0,0,0,283.38,288,328.86,335.13,367.14,;
/*989.001030621516*/,1101110,0,1,0,0,0,105.22,112,213,215,305,;
/*989.001030621517*/,1000000,1,0,0,0,0,88.01,95,193.96,203.3,276.13,;
/*989.001030621518*/,1000000,1,0,0,0,0,103.2,110,204.44,213.54,283.2,;
/*989.001030621524*/,1000000,1,0,0,0,0,85.99,93,192.56,201.93,275.18,;
/*989.001030621526*/,1000000,1,0,0,0,0,90.04,97,195.35,204.66,277.07,;
/*989.001030621527*/,1000000,1,0,0,0,0,171.02,177,251.27,259.31,314.8,;
/*989.001030621528*/,1000000,1,0,0,0,0,93.08,100,197.45,206.71,278.48,;
/*989.001030621532*/,1000000,1,0,0,0,0,93.08,100,197.45,206.71,278.48,;
/*989.001030621535*/,1000000,1,0,0,0,0,115.35,122,212.83,221.74,288.86,;
/*989.001030621536*/,1000000,1,0,0,0,0,188.23,194,263.16,270.92,322.81,;
/*989.001030621537*/,1000000,1,0,0,0,0,120.41,127,216.32,225.16,291.22,;
/*989.001030621538*/,1010010,1,0,0,0,0,100.16,107,199,208.23,280,;
/*989.001030621540*/,1000000,0,1,0,0,0,145.71,152,233.8,242.23,303.01,;
/*989.001030621541*/,1000000,1,0,0,0,0,100.16,107,202.34,211.49,281.79,;
/*989.001030621543*/,1100000,0,1,0,0,0,96.11,103,210,218.98,286.95,;
/*989.001030621545*/,1000000,1,0,0,0,0,90.04,97,195.35,204.66,277.07,;
/*989.001030621546*/,1010000,1,0,0,0,0,184.18,190,274,281.52,330.13,;
/*989.001030621547*/,1000000,1,0,0,0,0,90.04,97,195.35,204.66,277.07,;
/*989.001030621548*/,1000000,1,0,0,0,0,91.05,98,196.05,205.35,277.54,;
/*989.001030621549*/,1000000,0,1,0,0,0,95.1,102,198.85,208.08,279.43,;
/*989.001030621550*/,1000000,1,0,0,0,0,206.45,212,275.74,283.22,331.3,;
/*989.001030621552*/,1000000,0,1,0,0,0,439.26,442,436.51,440.32,439.77,;
/*989.001030621553*/,1100000,1,0,0,0,0,181.14,187,234,242.43,303.14,;
/*989.001030621554*/,1000000,1,0,0,0,0,146.72,153,234.5,242.92,303.48,;
/*989.001030621555*/,1000000,1,0,0,0,0,80.93,88,189.06,198.52,272.83,;
/*989.001030621556*/,1000000,1,0,0,0,0,151.79,158,237.99,246.33,305.84,;
/*989.001030621560*/,1001110,0,0,0,1,0,233.78,239,294.61,270,334,;
/*989.001040499525*/,1000000,1,0,0,0,0,173.04,179,252.67,260.68,315.74,;
/*989.001040499526*/,11000000,0,0,0,1,0,233.78,239,294.61,301.66,344.04,;
/*989.001040499527*/,10000000,0,1,0,0,0,129.52,136,222.61,231.3,295.46,;
/*989.001040499528*/,1000000,1,0,0,0,0,150.77,157,237.29,245.65,305.37,;
/*989.001040499529*/,1000000,1,0,0,0,0,94.09,101,198.15,207.4,278.96,;
/*989.001040499530*/,10000000,0,0,0,1,0,255.04,260,309.29,316,353.94,;
/*989.001040499533*/,11000000,0,0,0,1,0,284.39,289,329.56,335.81,367.61,;
/*989.001040499534*/,1000000,0,1,0,0,0,135.59,142,226.81,235.4,298.29,;
/*989.001040499536*/,10000000,0,1,0,0,0,229.73,235,291.82,298.93,342.15,;
/*989.001040499537*/,10000000,0,1,0,0,0,260.1,265,312.79,319.42,356.3,;
/*989.001040499539*/,1000000,1,0,0,0,0,155.84,162,240.79,249.06,307.72,;
/*989.001040499540*/,10000000,1,0,0,0,0,188.23,194,263.16,270.92,322.81,;
/*989.001040499541*/,10000000,0,0,0,1,0,291.48,296,334.45,340.59,370.92,;
/*989.001040499543*/,11000000,0,0,0,1,0,351.2,355,375.7,380.89,398.74,;
/*989.001040499544*/,10000000,0,0,0,1,0,281.35,286,327.46,333.76,366.2,;
/*989.001040499545*/,1000000,0,1,0,0,0,393.71,397,405.05,409.58,418.55,;
/*989.001040499549*/,10000000,0,1,0,0,0,420.03,423,423.23,427.34,430.81,;
/*989.001040499550*/,10000000,0,1,0,0,0,97.12,104,200.25,209.45,280.37,;
/*989.001040499551*/,1110000,1,0,0,0,0,168.99,175,276,283.47,331.48,;
/*989.001040499552*/,10000000,0,1,0,0,0,116.36,123,213.53,222.42,289.33,;
/*989.001040499553*/,11000000,0,0,0,1,0,271.23,276,320.47,326.93,361.48,;
/*989.001040499554*/,10000000,0,0,0,1,0,275.28,280,323.27,329.66,363.37,;
/*989.001040499556*/,10000000,1,0,0,0,0,163.93,170,246.38,254.53,311.5,;
/*989.001040499557*/,1000000,0,1,0,0,0,219.61,225,284.83,292.1,337.43,;
/*989.001040499559*/,10000000,0,0,0,1,0,294.51,299,336.55,342.64,372.33,;
/*989.001040499560*/,10110000,1,0,0,0,0,153.81,160,242,250.25,308.54,;
/*989.001040499561*/,1000000,0,1,0,0,0,123.44,130,218.42,227.21,292.63,;
/*989.001040499562*/,10000000,0,0,0,1,0,330.95,335,361.72,367.23,389.31,;
/*989.001040499564*/,1000000,1,0,0,0,0,140.65,147,230.3,238.82,300.65,;
/*989.001040499565*/,10000000,0,1,0,0,0,120.41,127,216.32,225.16,291.22,;
/*989.001040499566*/,1010000,0,1,0,0,0,127.49,134,260,267.84,320.68,;
/*989.001040499567*/,1000000,1,0,0,0,0,159.88,166,243.58,251.8,309.61,;
/*989.001040499568*/,10000000,0,0,0,1,0,300.59,305,340.75,346.74,375.16,;
/*989.001040499569*/,10000000,0,0,0,1,0,289.45,294,333.06,339.23,369.97,;
/*989.001040499572*/,10000000,0,0,0,1,0,280.34,285,326.77,333.08,365.73,;
/*989.001040499574*/,10000000,1,0,0,0,0,91.05,98,196.05,205.35,277.54,;
/*989.001040499575*/,1000000,1,0,0,0,0,156.85,163,241.49,249.75,308.19,;
/*989.001040499576*/,11001000,0,1,0,0,0,106.23,113,206.54,223,289.73,;
/*989.001040499577*/,1000000,1,0,0,0,0,279.33,284,326.07,332.4,365.26,;
/*989.001040499579*/,1000000,1,0,0,0,0,181.14,187,258.26,266.14,319.51,;
/*989.001040499580*/,1000010,1,0,0,0,0,98.14,105,200.95,210.13,271,;
/*989.001040499581*/,10000000,0,1,0,0,0,503.04,505,480.55,483.35,469.48,;
/*989.001040499583*/,10000000,0,0,0,1,0,273.26,278,321.87,328.3,362.43,;
/*989.001040499584*/,10000000,0,0,0,1,0,252,257,307.19,313.95,352.52,;
/*989.001040499585*/,11000000,0,1,0,0,0,140.65,147,230.3,238.82,300.65,;
/*989.001040499587*/,10000000,0,0,0,1,0,336.02,340,365.21,370.65,391.67,;
/*989.001040499589*/,1000000,0,1,0,0,0,286.42,291,330.96,337.18,368.56,;
/*989.001040499590*/,10000100,1,0,0,0,0,415.98,419,420.43,442,440.93,;
/*989.001040499591*/,1000000,0,1,0,0,0,83.97,91,191.16,200.57,274.24,;
/*989.001040499593*/,11000000,0,0,0,1,0,304.64,309,343.54,349.47,377.05,;
/*989.001040499594*/,1000100,1,0,0,0,0,125.47,132,219.82,220,287.66,;
/*989.001040499595*/,1000000,0,0,0,1,0,282.37,287,328.16,334.45,366.67,;
/*989.001040499597*/,10000000,0,1,0,0,0,78.9,86,187.66,197.15,271.88,;
/*989.001040499601*/,10000000,0,1,0,0,0,214.55,220,281.33,288.68,335.08,;
/*989.001040499602*/,1000000,1,0,0,0,0,118.38,125,214.93,223.79,290.27,;
/*989.001040499603*/,1000000,1,0,0,0,0,191.26,197,265.25,272.97,324.23,;
/*989.001040499604*/,1000000,1,0,0,0,0,153.81,160,239.39,247.7,306.78,;
/*989.001040499610*/,1000000,0,0,0,0,0,130.53,137,223.31,231.99,295.93,;
/*989.001040499612*/,1000000,1,0,0,0,0,196.32,202,268.75,276.39,326.59,;
/*989.001040499613*/,10000000,0,0,0,1,0,279.33,284,326.07,332.4,365.26,;
/*989.001040499614*/,10000000,1,0,0,0,0,142.68,149,231.7,240.18,301.59,;
/*989.001040499616*/,11000000,1,0,0,0,0,102.19,109,203.74,212.86,282.73,;
/*989.001040499617*/,11000000,0,0,0,1,0,286.42,291,330.96,337.18,368.56,;
/*989.001040499618*/,10000000,1,0,0,0,0,159.88,166,243.58,251.8,309.61,;
/*989.001040499619*/,11001000,1,0,0,0,0,364.36,368,384.78,372,392.6,;
/*989.001040499941*/,1000,0,0,0,1,0,228.36,233.64,290.87,298,341.51,;
/*989.001040499942*/,1100,0,0,0,1,0,253.55,258.53,308.26,315,353.25,;
/*989.001040499963*/,1100,0,0,0,1,0,183.9,189.72,260.17,268,320.8,;
/*989.001040499987*/,101100,0,0,0,1,0,232.89,238.13,294,300,342.89,;
/*989.001040499990*/,110000,0,0,0,1,0,258.96,263.88,312,318.65,355.77,;
/*989.001040499993*/,1100,0,0,0,1,0,191.31,197.04,265.28,273,324.25,;
/*989.001040500002*/,10000,0,0,0,1,0,234.34,239.56,295,302.04,344.3,;
/*989.001040500006*/,110000,0,0,0,1,0,269.1,273.89,319,325.49,360.49,;
/*989.001040500022*/,10,0,1,0,0,0,118.19,121.26,124.39,135.32,146,;
/*989.001040500023*/,11,1,0,0,0,0,110.11,116.83,209.22,218.21,227,;
/*989.001040500024*/,10,1,0,0,0,0,138.25,141.75,145.34,155.79,166,;
/*989.001040500025*/,10,1,0,0,0,0,124.21,127.41,130.67,141.46,152,;
/*989.001040500026*/,10,1,0,0,0,0,170.77,176.76,251.1,259.14,267,;
/*989.001040500028*/,10,0,1,0,0,0,166.22,172.26,247.96,256.07,264,;
/*989.001040500029*/,10,1,0,0,0,0,402.8,405.97,411.33,415.71,420,;
/*989.001040500031*/,10,1,0,0,0,0,148.28,152,155.81,166.02,176,;
/*989.001040500032*/,10,0,1,0,0,0,98.13,100.76,103.45,114.85,126,;
/*989.001040500033*/,10,0,0,0,1,0,266.31,271.14,317.08,323.61,330,;
/*989.001040500034*/,10,0,1,0,0,0,372.47,376.01,390.38,395.25,400,;
/*989.001040500035*/,11,1,0,0,0,0,96.46,103.35,199.79,209,218,;
/*989.001040500038*/,10,1,0,0,0,0,131.23,134.58,138.01,148.62,159,;
/*989.001040500039*/,11,1,0,0,0,0,334.56,338.56,364.2,369.66,375,;
/*989.001040500040*/,10,1,0,0,0,0,137.24,140.73,144.29,154.76,165,;
/*989.001040500041*/,10,0,1,0,0,0,87.09,89.48,91.93,103.6,115,;
/*989.001040500042*/,10,0,1,0,0,0,129.22,132.53,135.91,146.58,157,;
/*989.001040500043*/,10,0,0,0,1,0,228.4,233.69,290.9,298.03,305,;
/*989.001040500044*/,10,0,1,0,0,0,63.1,70.39,176.75,186.49,196,;
/*989.001040500046*/,10,1,0,0,0,0,140.25,143.8,147.43,157.83,168,;
/*989.001040500048*/,11,0,0,0,1,0,269.35,274.14,319.17,325.66,332,;
/*989.001040500050*/,11,1,0,0,0,0,127.21,130.48,133.82,144.53,155,;
/*989.001040500051*/,10,1,0,0,0,0,55.52,62.9,171.52,181.37,191,;
/*989.001040500052*/,1,0,1,0,0,0,246.6,251.67,303.46,310.31,317,;
/*989.001040500053*/,10,0,1,0,0,0,100.13,102.81,105.54,116.9,128,;
/*989.001040500054*/,11,1,0,0,0,0,141.26,144.83,148.48,158.86,169,;
/*989.001040500055*/,10,0,0,0,0,0,222.33,227.69,286.71,293.94,301,;
/*989.001040500056*/,10,1,0,0,0,0,364.89,368.52,385.15,390.13,395,;
/*989.001040500057*/,10,1,0,0,0,0,434.64,437.44,433.32,437.2,441,;
/*989.001040500058*/,1,1,0,0,0,0,307.26,311.59,345.35,351.24,357,;
/*989.001040500059*/,10,1,0,0,0,0,72.2,79.38,183.04,192.63,202,;
/*989.001040500060*/,1,1,0,0,0,0,475.59,477.89,461.59,464.83,468,;
/*989.001040500061*/,10,1,0,0,0,0,69.17,76.38,180.94,190.58,200,;
/*989.001040500062*/,11,1,0,0,0,0,440.71,443.43,437.51,441.3,445,;
/*989.001040500063*/,10,1,0,0,0,0,407.35,410.47,414.47,418.78,423,;
/*989.001040500064*/,10,1,0,0,0,0,60.07,67.39,174.66,184.44,194,;
/*989.001040500065*/,10,1,0,0,0,0,96.12,98.71,101.35,112.81,124,;
/*989.001040500067*/,10,0,0,0,0,0,87.09,89.48,91.93,103.6,115,;
/*989.001040500069*/,10,0,1,0,0,0,207.17,212.71,276.24,283.7,291,;
/*989.001040500070*/,10,1,0,0,0,0,182.91,188.74,259.48,267.33,275,;
/*989.001040500071*/,10,1,0,0,0,0,167.74,173.76,249.01,257.1,265,;
/*989.001040500072*/,11,1,0,0,0,0,116.18,122.82,213.4,222.3,231,;
/*989.001040500074*/,10,0,1,0,0,0,134.24,137.65,141.15,151.69,162,;
/*989.001040500076*/,10,0,1,0,0,0,99.5,106.34,201.88,211.05,220,;
/*989.001040500077*/,11,0,1,0,0,0,251.15,256.16,306.61,313.38,320,;
/*989.001040500080*/,10,1,0,0,0,0,104.05,110.84,205.03,214.12,223,;
/*989.001040500081*/,10,1,0,0,0,0,298.16,302.6,339.07,345.1,351,;
/*989.001040500082*/,11,0,1,0,0,0,108.6,115.33,208.17,217.19,226,;
/*989.001040500083*/,11,1,0,0,0,0,114.18,117.16,120.2,131.23,142,;
/*989.001040500085*/,10,1,0,0,0,0,133.23,136.63,140.1,150.67,161,;
/*989.001040500086*/,10,0,0,0,1,0,275.41,280.13,323.36,329.75,336,;
/*989.001040500087*/,1,1,0,0,0,0,425.55,428.45,427.03,431.06,435,;
/*989.001040500088*/,11,1,0,0,0,0,305.74,310.09,344.31,350.22,356,;
/*989.001040500090*/,10,1,0,0,0,0,150.28,154.05,157.9,168.07,178,;
/*989.001040500091*/,10,1,0,0,0,0,140.44,146.79,230.16,238.68,247,;
/*989.001040500092*/,11,1,0,0,0,0,107.08,113.84,207.12,216.16,225,;
/*989.001040500093*/,1,1,0,0,0,0,111.17,114.08,117.06,128.16,139,;
/*989.001040500095*/,11,1,0,0,0,0,198.07,203.72,269.95,277.56,285,;
/*989.001040500097*/,10,1,0,0,0,0,118.19,121.26,124.39,135.32,146,;
/*989.001040500098*/,10,1,0,0,0,0,97.98,104.85,200.84,210.02,219,;
/*989.001040500099*/,10,1,0,0,0,0,124.21,127.41,130.67,141.46,152,;
/*989.001040500100*/,10,1,0,0,0,0,122.2,125.36,128.58,139.41,150,;
/*989.001040500101*/,10,1,0,0,0,0,55.52,62.9,171.52,181.37,191,;
/*989.001040500102*/,10,0,0,0,0,0,266.31,271.14,317.08,323.61,330,;
/*989.001040500103*/,10,1,0,0,0,0,434.64,437.44,433.32,437.2,441,;
/*989.001040500105*/,10,0,0,0,1,0,214.75,220.2,281.47,288.82,296,;
/*989.001040500106*/,10,1,0,0,0,0,242.05,247.17,300.32,307.24,314,;
/*989.001040500107*/,10,0,1,0,0,0,107.08,113.84,207.12,216.16,225,;
/*989.001040500108*/,10,1,0,0,0,0,314.84,319.08,350.59,356.36,362,;
/*989.001040500109*/,10,1,0,0,0,0,140.25,143.8,147.43,157.83,168,;
/*989.001040500112*/,10,1,0,0,0,0,82.08,84.36,86.69,98.48,110,;
/*989.001040500113*/,11,1,0,0,0,0,116.18,122.82,213.4,222.3,231,;
/*989.001040500114*/,10,1,0,0,0,0,134.24,137.65,141.15,151.69,162,;
/*989.001040500116*/,10,1,0,0,0,0,78.27,85.37,187.22,196.72,206,;
/*989.001040500117*/,10,1,0,0,0,0,91.92,98.85,196.65,205.93,215,;
/*989.001040500119*/,10,0,1,0,0,0,66.13,73.39,178.85,188.53,198,;
/*989.001040500120*/,10,1,0,0,0,0,373.98,377.51,391.43,396.27,401,;
/*989.001040500121*/,10,1,0,0,0,0,54,61.4,170.47,180.35,190,;
/*989.001040500926*/,10000,0,0,0,1,0,183.66,189.48,260,267.84,320.68,;
/*989.001040500950*/,100000,0,0,0,1,0,287.92,292.49,332,338.2,369.26,;
/*989.001040500955*/,100000,0,0,0,1,0,218.41,223.82,284,291.29,336.88,;
/*989.001040500970*/,1100,0,0,0,1,0,216.5,221.93,282.68,290,335.99,;
/*989.001040500993*/,100000,0,0,0,1,0,212.62,218.1,280,287.38,334.18,;
/*989.001040501002*/,100000,0,1,0,0,0,243.03,248.14,301,307.9,348.35,;
/*989.001040501017*/,100000,0,0,0,1,0,247.37,252.43,304,310.83,350.37,;
/*989.001040501430*/,100000,0,0,0,1,0,225.65,230.97,289,296.18,340.25,;
/*989.00104050147*/,100000,0,0,0,1,0,254.62,259.59,309,315.72,353.74,;
/*989.001040501500*/,100000,0,0,0,1,0,241.58,246.71,300,306.93,347.67,;
/*989.001040501510*/,100000,0,0,0,1,0,245.93,251,303,309.86,349.69,;
/*989.001040501528*/,10000,0,0,0,1,0,253.17,258.15,308,314.74,353.07,;
/*989.001040501538*/,10000,0,0,0,1,0,214.07,219.53,281,288.36,334.85,;
/*989.001040501550*/,1000,0,0,0,1,0,255.03,260,309.29,316,353.94,;
/*989.001040501560*/,100000,0,0,0,1,0,189.45,195.21,264,271.75,323.38,;
/*989.001040501588*/,101000,0,0,0,1,0,257.51,262.45,311,315,353.25,;
/*989.002028176670*/,1100,1,0,0,0,0,41.63,49.18,161.93,172,254.52,;
/*989.002028176671*/,1000,0,1,0,0,0,117.87,120.94,124.06,135,228.97,;
/*989.002028176672*/,1100,0,1,0,0,0,120.81,123.94,127.13,138,231.05,;
/*989.002028176673*/,1000,1,0,0,0,0,240.21,245.36,299.05,306,347.03,;
/*989.002028176674*/,1100,0,1,0,0,0,183.9,189.72,260.17,268,320.8,;
/*989.002028176675*/,1001,0,1,0,0,0,111.99,114.93,117.92,129,242,;
/*989.002028176677*/,1100,1,0,0,0,0,149.24,152.98,156.81,167,251.07,;
/*989.002028176678*/,1100,0,1,0,0,0,110.03,112.92,115.88,127,223.45,;
/*989.002028176680*/,1011,0,1,0,0,0,117.87,120.94,124.06,135,246,;
/*989.002028176681*/,1000,1,0,0,0,0,105.36,112.13,205.93,215,284.21,;
/*989.002028176682*/,1000,1,0,0,0,0,43.12,50.64,162.95,173,255.21,;
/*989.002028176683*/,1000,1,0,0,0,0,151.2,154.99,158.86,169,252.45,;
/*989.002028176685*/,1100,0,0,0,0,0,314.31,318.56,350.22,356,381.55,;
/*989.002028176687*/,1100,1,0,0,0,0,160.19,166.3,243.79,252,309.75,;
/*989.002028176688*/,1000,1,0,0,0,0,132.58,135.96,139.41,150,239.33,;
/*989.002028176689*/,1000,1,0,0,0,0,53.49,60.89,170.11,180,260.04,;
/*989.002028176690*/,1100,1,0,0,0,0,43.12,50.64,162.95,173,255.21,;
/*989.002028176691*/,1000,1,0,0,0,0,106.84,113.6,206.95,216,284.9,;
/*989.002028176692*/,1000,1,0,0,0,0,127.59,134.09,221.28,230,294.56,;
/*989.002028176693*/,1100,0,1,0,0,0,109.05,111.92,114.85,126,222.76,;
/*989.002028176695*/,1110,0,0,0,1,0,296.52,300.99,337.94,344,365,;
/*989.002028176696*/,1100,0,1,0,0,0,89.05,96.03,194.67,204,276.61,;
/*989.002028176697*/,1100,0,1,0,0,0,97.95,104.81,200.81,210,280.75,;
/*989.002028176698*/,1100,0,1,0,0,0,127.67,130.95,134.3,145,235.88,;
/*989.002028176699*/,1000,1,0,0,0,0,400.26,403.47,409.57,414,421.6,;
/*989.002028176700*/,1100,1,0,0,0,0,212.05,217.54,279.61,287,333.91,;
/*989.002028176701*/,1000,1,0,0,0,0,257.99,262.92,311.33,318,355.32,;
/*989.002028176702*/,1000,1,0,0,0,0,49.04,56.5,167.04,177,257.97,;
/*989.002028176704*/,1000,0,1,0,0,0,112.97,115.93,118.95,130,225.52,;
/*989.002028176705*/,1000,0,1,0,0,0,117.87,120.94,124.06,135,228.97,;
/*989.002028176706*/,1000,0,0,0,0,0,320.24,324.41,354.31,360,384.31,;
/*989.002028176707*/,1000,0,1,0,0,0,222.43,227.79,286.77,294,338.75,;
/*989.002028176708*/,1000,0,0,0,1,0,172.04,178.01,251.98,260,315.27,;
/*989.002028176709*/,1100,1,0,0,0,0,103.17,105.91,108.71,120,218.62,;
/*989.002028176711*/,1000,0,0,0,1,0,255.03,260,309.29,316,353.94,;
/*989.002028176712*/,1000,0,1,0,0,0,134.54,137.96,141.46,152,240.71,;
/*989.002028176713*/,1000,1,0,0,0,0,87.57,94.56,193.65,203,275.92,;
/*989.002028176714*/,1000,0,1,0,0,0,86.51,88.89,91.32,103,206.88,;
/*989.002028176715*/,1100,0,1,0,0,0,136.48,142.88,227.42,236,298.7,;
/*989.002028176716*/,1000,0,1,0,0,0,131.6,134.96,138.39,149,238.64,;
/*989.002028176717*/,1000,1,0,0,0,0,38.67,46.25,159.88,170,253.14,;
/*989.002028176719*/,1000,0,1,0,0,0,114.93,117.93,120.99,132,226.9,;
/*989.002028176721*/,1100,0,1,0,0,0,105.13,107.92,110.76,122,220,;
/*989.002028176722*/,1000,0,1,0,0,0,82.59,84.88,87.22,99,204.12,;
/*989.002028176723*/,100,0,1,0,0,0,455.09,457.63,447.44,451,447.14,;
/*989.002028176724*/,1000,1,0,0,0,0,150.22,153.98,157.83,168,251.76,;
/*989.002028176725*/,1000,0,1,0,0,0,118.85,121.94,125.09,136,229.66,;
/*989.002028176726*/,1000,1,0,0,0,0,127.67,130.95,134.3,145,235.88,;
/*989.002028176727*/,1011,1,0,0,0,0,46.08,53.57,165,175,283,;
/*989.002028176729*/,1101,1,0,0,0,0,84.61,91.64,191.6,201,310,;
/*989.002028176730*/,1000,0,1,0,0,0,91.41,93.89,96.43,108,210.33,;
/*989.002028176732*/,1100,1,0,0,0,0,223.91,229.25,287.8,295,339.44,;
/*989.002028176733*/,1010,1,0,0,0,0,147.28,150.98,154.76,165,237,;
/*989.002028176734*/,1000,0,1,0,0,0,101.21,103.91,106.67,118,217.24,;
/*989.002028176735*/,1000,0,1,0,0,0,109.05,111.92,114.85,126,222.76,;
/*989.002028176737*/,1000,1,0,0,0,0,85.53,87.89,90.29,102,206.19,;
/*989.002028176738*/,1000,1,0,0,0,0,93.37,95.9,98.48,110,211.71,;
/*989.002028176739*/,1000,1,0,0,0,0,269.85,274.64,319.52,326,360.84,;
/*989.002028176740*/,1100,1,0,0,0,0,255.03,260,309.29,316,353.94,;
/*989.002028176741*/,1000,0,1,0,0,0,100.23,102.91,105.64,117,216.55,;
/*989.002028176742*/,1000,1,0,0,0,0,137.48,140.97,144.53,155,242.78,;
/*989.002028176744*/,1000,0,1,0,0,0,372.1,375.65,390.13,395,408.48,;
/*989.002028176745*/,1000,0,1,0,0,0,98.27,100.91,103.6,115,215.17,;
/*989.002028176746*/,1100,1,0,0,0,0,77.2,84.32,186.49,196,271.09,;
/*989.002028176748*/,1010,1,0,0,0,0,105.36,112.13,205.93,215,311,;
/*989.002028176749*/,1100,1,0,0,0,0,86.09,93.1,192.63,202,275.23,;
/*989.002028176750*/,1100,0,0,0,1,0,246.14,251.21,303.15,310,349.79,;
/*989.002028176751*/,1100,0,1,0,0,0,115.91,118.93,122.02,133,227.59,;
/*989.002028176753*/,1100,0,0,0,1,0,255.03,260,309.29,316,353.94,;
/*989.002028176754*/,1000,0,1,0,0,0,133.56,136.96,140.44,151,240.02,;
/*989.002028176755*/,1100,0,0,0,1,0,252.07,257.07,307.24,314,352.56,;
/*989.002028176757*/,1000,0,0,0,0,0,342.46,346.37,369.66,375,394.67,;
/*989.002028176758*/,1100,0,1,0,0,0,89.05,96.03,194.67,204,276.61,;
/*989.002028176760*/,1000,1,0,0,0,0,114.25,120.92,212.07,221,288.35,;
/*989.002028176761*/,1101,1,0,0,0,0,72.75,79.92,183.42,193,273,;
/*989.002028176762*/,11,1,0,0,0,0,290.58,295.11,333.83,339.99,346,;
/*989.002028176764*/,1100,0,0,0,1,0,225.39,230.72,288.82,296,340.13,;
/*989.002028176765*/,1101,1,0,0,0,0,99.43,106.28,201.84,211,289,;
/*989.002028176766*/,1100,0,1,0,0,0,119.83,122.94,126.11,137,230.35,;
/*989.002028176767*/,1100,0,1,0,0,0,314.31,318.56,350.22,356,381.55,;
/*989.002028176768*/,1000,0,1,0,0,0,101.21,103.91,106.67,118,217.24,;
/*989.002028176770*/,1,0,1,0,0,0,72.2,79.38,183.04,192.63,202,;
/*989.002028176772*/,1,1,0,0,0,0,111.63,118.33,210.26,219.23,228,;
/*989.002028176773*/,1,1,0,0,0,0,88.88,95.86,194.55,203.88,213,;
/*989.002028176775*/,1,0,1,0,0,0,84.33,91.36,191.41,200.81,210,;
/*989.002028176777*/,1,1,0,0,0,0,182.91,188.74,259.48,267.33,275,;
/*989.002028176780*/,1,1,0,0,0,0,135.24,138.68,142.19,152.72,163,;
/*989.002028176783*/,1,0,1,0,0,0,43.39,50.91,163.14,173.18,183,;
/*989.002028176784*/,1,0,1,0,0,0,137.24,140.73,144.29,154.76,165,;
/*989.002028176786*/,1,0,1,0,0,0,139.25,142.78,146.38,156.81,167,;
/*989.002028176789*/,1,1,0,0,0,0,101.14,103.83,106.59,117.92,129,;
/*989.002028176793*/,1,1,0,0,0,0,111.17,114.08,117.06,128.16,139,;
/*989.002028176796*/,1,0,1,0,0,0,110.16,113.06,116.01,127.13,138,;
/*989.002028176797*/,1,1,0,0,0,0,150.28,154.05,157.9,168.07,178,;
/*989.002028176798*/,1,1,0,0,0,0,175.32,181.25,254.25,262.21,270,;
/*989.002028176802*/,1,1,0,0,0,0,85.85,92.86,192.46,201.84,211,;
/*989.002028176803*/,1,1,0,0,0,0,184.42,190.24,260.53,268.35,276,;
/*989.002028176806*/,1,1,0,0,0,0,81.3,88.37,189.32,198.77,208,;
/*989.002028176807*/,1,1,0,0,0,0,149.28,153.03,156.85,167.04,177,;
/*989.002028176809*/,1,1,0,0,0,0,105.56,112.34,206.07,215.14,224,;
/*989.002028176811*/,1,0,0,0,1,0,270.86,275.64,320.22,326.68,333,;
/*989.002028176813*/,1,1,0,0,0,0,105.56,112.34,206.07,215.14,224,;
/*989.002028176816*/,1,0,1,0,0,0,149.28,153.03,156.85,167.04,177,;
/*989.002028176819*/,1,0,0,0,1,0,292.09,296.61,334.88,341.01,347,;
/*989.002028176821*/,1,0,1,0,0,0,115.18,118.18,121.25,132.25,143,;
/*989.002028176823*/,1,1,0,0,0,0,92.11,94.61,97.16,108.71,120,;
/*989.002028176824*/,1,1,0,0,0,0,298.16,302.6,339.07,345.1,351,;
/*989.002028176825*/,1,1,0,0,0,0,125.21,128.43,131.72,142.48,153,;
/*989.002028176826*/,1,1,0,0,0,0,112.17,115.11,118.11,129.18,140,;
/*989.002028176827*/,1,0,1,0,0,0,100.13,102.81,105.54,116.9,128,;
/*989.002028176830*/,1,0,1,0,0,0,115.18,118.18,121.25,132.25,143,;
/*989.002028176831*/,1,1,0,0,0,0,314.84,319.08,350.59,356.36,362,;
/*989.002028176832*/,1,1,0,0,0,0,97.98,104.85,200.84,210.02,219,;
/*989.002028176833*/,1,1,0,0,0,0,64.62,71.89,177.8,187.51,197,;
/*989.002028176834*/,1,1,0,0,0,0,144.27,147.9,151.62,161.93,172,;
/*989.002028176835*/,1,1,0,0,0,0,55.52,62.9,171.52,181.37,191,;
/*989.002028176836*/,1,1,0,0,0,0,139.25,142.78,146.38,156.81,167,;
/*989.002028176840*/,1,1,0,0,0,0,373.98,377.51,391.43,396.27,401,;
/*989.002028176842*/,1,1,0,0,0,0,63.1,70.39,176.75,186.49,196,;
/*989.002028176843*/,1,1,0,0,0,0,38.84,46.42,160,170.11,180,;
/*989.002028176844*/,1,1,0,0,0,0,134.24,137.65,141.15,151.69,162,;
/*989.002028176845*/,1,0,1,0,0,0,199.59,205.22,271,278.59,286,;
/*989.002028176848*/,1,0,1,0,0,0,131.23,134.58,138.01,148.62,159,;
/*989.002028176849*/,1,0,0,0,1,0,240.53,245.67,299.28,306.22,313,;
/*989.002028176850*/,1,1,0,0,0,0,78.27,85.37,187.22,196.72,206,;
/*989.002028176851*/,1,0,1,0,0,0,46.42,53.91,165.23,175.23,185,;
/*989.002028176852*/,1,1,0,0,0,0,364.89,368.52,385.15,390.13,395,;
/*989.002028176853*/,1,1,0,0,0,0,152.58,158.78,238.54,246.86,255,;
/*989.002028176855*/,1,1,0,0,0,0,133.23,136.63,140.1,150.67,161,;
/*989.002028176856*/,1,1,0,0,0,0,147.27,150.98,154.76,165,175,;
/*989.002028176857*/,1,1,0,0,0,0,363.37,367.02,384.1,389.11,394,;
/*989.002028176858*/,1,1,0,0,0,0,149.28,153.03,156.85,167.04,177,;
/*989.002028176859*/,1,1,0,0,0,0,366.4,370.02,386.19,391.15,396,;
/*989.002028176861*/,1,1,0,0,0,0,76.75,83.87,186.18,195.7,205,;
/*989.002028176863*/,1,0,1,0,0,0,109.16,112.03,114.97,126.11,137,;
/*989.002028176866*/,1,1,0,0,0,0,104.15,106.91,109.73,120.99,132,;
/*989.002028176869*/,1111,1,0,0,0,0,75.72,82.85,185.46,195,268,;
/*989.002028176870*/,1100,0,1,0,0,0,123.75,126.94,130.2,141,233.12,;
/*989.002028176871*/,10001,1,0,0,0,0,38.84,46.42,160,170.12,238,;
/*989.002028176872*/,10000,0,0,0,1,0,222.76,228.11,287,294.22,338.9,;
/*989.002028176873*/,1100,1,0,0,0,0,112.97,115.93,118.95,130,225.52,;
/*989.002028176874*/,10000,1,0,0,0,0,62.01,69.31,176,185.75,264.01,;
/*989.002028176875*/,10000,1,0,0,0,0,493.56,495.64,474,476.96,465.06,;
/*989.002028176878*/,1000,1,0,0,0,0,56.45,63.82,172.16,182,261.42,;
/*989.002028176879*/,1100,0,1,0,0,0,195.75,201.44,268.35,276,326.32,;
/*989.002028176880*/,10000,0,1,0,0,0,219.86,225.25,285,292.27,337.55,;
/*989.002028176881*/,1000,0,1,0,0,0,145.32,148.98,152.72,163,248.31,;
/*989.002028176882*/,1000,0,1,0,0,0,122.77,125.94,129.18,140,232.43,;
/*989.002028176883*/,1000,0,1,0,0,0,132.58,135.96,139.41,150,239.33,;
/*989.002028176884*/,11000,1,0,0,0,0,79.39,86.48,188,193,269.02,;
/*989.002028176885*/,10100,1,0,0,0,0,123.12,129.68,133,138,231.05,;
/*989.002028176887*/,1000,0,0,0,0,0,78.67,80.88,83.13,95,201.36,;
/*989.002028176888*/,1010,1,0,0,0,0,135.52,138.96,142.48,153,256,;
/*989.002028176889*/,10000,1,0,0,0,0,283.58,288.2,329,335.26,367.24,;
/*989.002028176890*/,10000,1,0,0,0,0,136,142.4,146,156.44,243.77,;
/*989.002028176891*/,10000,0,1,0,0,0,134.02,140.45,144,154.48,242.42,;
/*989.002028176893*/,1000,1,0,0,0,0,151.2,154.99,158.86,169,252.45,;
/*989.002028176894*/,10000,0,0,0,1,0,202.48,208.08,273,280.54,329.46,;
/*989.002028176896*/,1000,1,0,0,0,0,428.42,431.28,429.02,433,434.71,;
/*989.002028176897*/,10000,0,1,0,0,0,211.17,216.67,279,286.4,333.5,;
/*989.002028176898*/,1000,1,0,0,0,0,88.47,90.89,93.36,105,208.26,;
/*989.002028176899*/,1000,0,1,0,0,0,111.99,114.93,117.92,129,224.83,;
/*989.002028176901*/,1000,1,0,0,0,0,321.72,325.88,355.34,361,385,;
/*989.002028176902*/,10000,1,0,0,0,0,37.39,44.99,159,169.14,252.54,;
/*989.002028176903*/,1000,0,1,0,0,0,83.57,85.88,88.25,100,204.81,;
/*989.002028176904*/,10000,0,1,0,0,0,115.19,121.85,125,135.92,229.61,;
/*989.002028176905*/,1000,0,1,0,0,0,109.05,111.92,114.85,126,222.76,;
/*989.002028176906*/,10000,0,1,0,0,0,122.13,128.7,132,142.76,234.33,;
/*989.002028176907*/,1000,1,0,0,0,0,90.54,97.49,195.7,205,277.3,;
/*989.002028176909*/,1010,1,0,0,0,0,69.79,77,181.37,191,275,;
/*989.002028176910*/,10000,1,0,0,0,0,296.61,301.07,338,344.06,373.31,;
/*989.002028176915*/,1000,1,0,0,0,0,149.24,152.98,156.81,167,251.07,;
/*989.002028176916*/,1000,0,1,0,0,0,89.45,91.89,94.39,106,208.95,;
/*989.002028176917*/,10000,0,0,0,1,0,247.37,252.43,304,310.83,350.37,;
/*989.002028176918*/,10000,1,0,0,0,0,409.57,412.66,416,420.28,425.93,;
/*989.002028176921*/,10000,0,1,0,0,0,136,142.4,146,156.44,243.77,;
/*989.002028176922*/,1000,1,0,0,0,0,72.75,79.92,183.42,193,269.02,;
/*989.002028176923*/,11000,0,1,0,0,0,109.25,115.98,119,126,222.76,;
/*989.002028176924*/,1000,0,1,0,0,0,99.25,101.91,104.62,116,215.86,;
/*989.002028176925*/,10000,0,1,0,0,0,111.23,117.94,121,132.01,226.91,;
/*989.002028176926*/,10000,1,0,0,0,0,151.8,158.01,238,246.34,305.84,;
/*989.002028176927*/,10000,1,0,0,0,0,44.64,52.15,164,174.03,255.92,;
/*989.002028176928*/,11000,1,0,0,0,0,54.77,62.16,171,178,258.66,;
/*989.002028176929*/,10000,1,0,0,0,0,109.8,116.52,209,218,286.28,;
/*989.002028176932*/,10000,0,1,0,0,0,135.01,141.42,145,155.46,243.1,;
/*989.002028176933*/,10000,0,1,0,0,0,115.19,121.85,125,135.92,229.61,;
/*989.002028176935*/,10000,0,1,0,0,0,121.14,127.72,131,141.78,233.65,;
/*989.002028176936*/,10000,0,0,0,1,0,193.79,199.5,267,274.68,325.41,;
/*989.002028176938*/,1000,1,0,0,0,0,92.39,94.9,97.46,109,211.02,;
/*989.002028176939*/,10000,1,0,0,0,0,56.22,63.59,172,181.84,261.31,;
/*989.002028176940*/,1000,1,0,0,0,0,38.67,46.25,159.88,170,253.14,;
/*989.002028176941*/,1000,1,0,0,0,0,136.5,139.96,143.51,154,242.09,;
/*989.002028176942*/,1000,0,1,0,0,0,109.05,111.92,114.85,126,222.76,;
/*989.002028176944*/,1011,1,0,0,0,0,138.46,141.97,145.55,156,245,;
/*989.002028176945*/,10000,1,0,0,0,0,37.39,44.99,159,169.14,252.54,;
/*989.002028176946*/,10000,0,0,0,1,0,256.06,261.02,310,316.7,354.42,;
/*989.002028176947*/,10010,1,0,0,0,0,505.14,507.08,482,484.78,491,;
/*989.002028176948*/,10000,0,1,0,0,0,136.99,143.38,147,157.41,244.45,;
/*989.002028176949*/,1001,0,1,0,0,0,116.89,119.93,123.04,134,260,;
/*989.002028176950*/,1100,0,1,0,0,0,119.83,122.94,126.11,137,230.35,;
/*989.002028176952*/,1011,0,1,0,0,0,78.67,80.88,83.13,95,223,;
/*989.002028176956*/,11001,1,0,0,0,0,109.8,116.52,209,213,298,;
/*989.002028176957*/,10000,0,1,0,0,0,130.05,136.53,140,150.57,239.73,;
/*989.002028176958*/,1000,0,1,0,0,0,124.73,127.95,131.23,142,233.81,;
/*989.002028176960*/,1000,0,1,0,0,0,108.07,110.92,113.83,125,222.07,;
/*989.002028176961*/,1000,1,0,0,0,0,146.3,149.98,153.74,164,249,;
/*989.002028176964*/,1000,0,1,0,0,0,107.09,109.92,112.81,124,221.38,;
/*989.002028176965*/,1100,0,1,0,0,0,106.11,108.92,111.78,123,220.69,;
/*989.002028176966*/,100,1,0,0,0,0,59.42,66.75,174.21,184,262.8,;
/*989.002028176968*/,10000,0,1,0,0,0,121.14,127.72,131,141.78,233.65,;
/*989.002028176969*/,100,0,1,0,0,0,112.97,115.93,118.95,130,225.52,;
/*989.002028176970*/,10,1,0,0,0,0,361.85,365.52,383.05,388.08,393,;
/*989.002028176971*/,10,0,1,0,0,0,292.09,296.61,334.88,341.01,347,;
/*989.002028176976*/,100,0,1,0,0,0,49.04,56.5,167.04,177,257.97,;
/*989.002028176978*/,1100,0,0,0,1,0,201.68,207.29,272.45,280,329.08,;
/*989.002028176979*/,100,1,0,0,0,0,87.49,89.89,92.34,104,207.57,;
/*989.002028176980*/,100,1,0,0,0,0,140.42,143.97,147.6,158,244.85,;
/*989.002028176981*/,1000,1,0,0,0,0,139.44,142.97,146.58,157,244.16,;
/*989.002028176983*/,100,1,0,0,0,0,69.79,77,181.37,191,267.64,;
/*989.002028176985*/,1000,0,1,0,0,0,104.15,106.91,109.74,121,219.31,;
/*989.002028176986*/,11,1,0,0,0,0,104.15,106.91,109.73,120.99,132,;
/*989.002028176987*/,111,1,0,0,0,0,103.87,110.67,204.91,214,286,;
/*989.002028176989*/,100,0,1,0,0,0,118.85,121.94,125.09,136,229.66,;
/*989.002028176990*/,100,1,0,0,0,0,38.67,46.25,159.88,170,253.14,;
/*989.002028176991*/,1010,1,0,0,0,0,268.37,273.17,318.5,325,426,;
/*989.002028176992*/,1000,1,0,0,0,0,149.24,152.98,156.81,167,251.07,;
/*989.002028176996*/,10,1,0,0,0,0,213.24,218.71,280.43,287.8,295,;
/*989.002028176997*/,100,1,0,0,0,0,68.31,75.53,180.35,190,266.95,;
/*989.002028176998*/,1000,0,1,0,0,0,91.41,93.89,96.43,108,210.33,;
/*989.002028176999*/,100,1,0,0,0,0,256.51,261.46,310.31,317,354.63,;
/*989.002028177001*/,100,1,0,0,0,0,130.61,133.95,137.37,148,237.95,;
/*989.002028177002*/,100,1,0,0,0,0,136.5,139.96,143.51,154,242.09,;
/*989.002028177003*/,110,1,0,0,0,0,43.12,50.64,162.95,173,374,;
/*989.002028177004*/,1000,0,0,0,0,0,84.55,86.88,89.27,101,205.5,;
/*989.002028177007*/,1110,1,0,0,0,0,46.08,53.57,165,175,253,;
/*989.002028177008*/,100,0,0,0,1,0,272.81,277.56,321.57,328,362.22,;
/*989.002028177009*/,10,1,0,0,0,0,363.37,367.02,384.1,389.11,394,;
/*989.002028177011*/,1000,0,1,0,0,0,122.77,125.94,129.18,140,232.43,;
/*989.002028177012*/,10,1,0,0,0,0,419.48,422.45,422.85,426.97,431,;
/*989.002028177013*/,100,0,1,0,0,0,118.85,121.94,125.09,136,229.66,;
/*989.002028177014*/,110,1,0,0,0,0,47.56,55.04,166.02,176,262,;
/*989.002028177015*/,100,0,1,0,0,0,119.83,122.94,126.11,137,230.35,;
/*989.002028177016*/,100,0,1,0,0,0,117.87,120.94,124.06,135,228.97,;
/*989.002028177017*/,1100,0,1,0,0,0,113.95,116.93,119.97,131,226.21,;
/*989.002028177018*/,100,0,1,0,0,0,115.91,118.93,122.02,133,227.59,;
/*989.002028177019*/,1000,0,1,0,0,0,110.03,112.92,115.88,127,223.45,;
/*989.002028177020*/,10,0,1,0,0,0,237.5,242.68,297.18,304.17,311,;
/*989.002028177023*/,100,1,0,0,0,0,50.52,57.96,168.07,178,258.66,;
/*989.002028177024*/,10,0,1,0,0,0,305.74,310.09,344.31,350.22,356,;
/*989.002028177025*/,100,0,1,0,0,0,60.9,68.21,175.23,185,263.49,;
/*989.002028177028*/,10,1,0,0,0,0,357.3,361.03,379.91,385.01,390,;
/*989.002028177029*/,1100,0,1,0,0,0,129.63,132.95,136.34,147,237.26,;
/*989.002028177030*/,100,1,0,0,0,0,87.49,89.89,92.34,104,207.57,;
/*989.002028177031*/,100,1,0,0,0,0,139.44,142.97,146.58,157,244.16,;
/*989.002028177032*/,100,1,0,0,0,0,133.56,136.96,140.44,151,240.02,;
/*989.002028177033*/,100,1,0,0,0,0,43.12,50.64,162.95,173,255.21,;
/*989.002028177034*/,100,1,0,0,0,0,130.55,137.02,223.33,232,295.94,;
/*989.002028177037*/,100,1,0,0,0,0,100.91,107.74,202.86,212,282.13,;
/*989.002028177039*/,1000,0,1,0,0,0,124.62,131.16,219.23,228,293.18,;
/*989.002028177040*/,1100,0,1,0,0,0,148.26,151.98,155.79,166,250.38,;
/*989.002028177041*/,100,1,0,0,0,0,47.56,55.04,166.02,176,257.28,;
/*989.002028177044*/,100,0,1,0,0,0,111.99,114.93,117.92,129,224.83,;
/*989.002028177045*/,1000,0,1,0,0,0,101.21,103.91,106.67,118,217.24,;
/*989.002028177046*/,100,0,1,0,0,0,103.17,105.91,108.71,120,218.62,;
/*989.002028177047*/,100,0,1,0,0,0,85.53,87.89,90.29,102,206.19,;
/*989.002028177049*/,100,0,1,0,0,0,102.19,104.91,107.69,119,217.93,;
/*989.002028177050*/,1000,1,0,0,0,0,124.62,131.16,219.23,228,293.18,;
/*989.002028177051*/,1100,1,0,0,0,0,234.28,239.5,294.96,302,344.27,;
/*989.002028177052*/,100,0,1,0,0,0,111.99,114.93,117.92,129,224.83,;
/*989.002028177053*/,1000,0,1,0,0,0,142.38,145.97,149.65,160,246.23,;
/*989.002028177054*/,1000,0,1,0,0,0,114.93,117.93,120.99,132,226.9,;
/*989.002028177055*/,100,1,0,0,0,0,69.79,77,181.37,191,267.64,;
/*989.002028177056*/,1100,0,0,0,1,0,266.89,271.71,317.47,324,359.46,;
/*989.002028177057*/,100,0,1,0,0,0,116.89,119.93,123.04,134,228.28,;
/*989.002028177058*/,100,1,0,0,0,0,46.08,53.57,165,175,256.59,;
/*989.002028177061*/,100,1,0,0,0,0,99.25,101.91,104.62,116,215.86,;
/*989.002028177062*/,10,1,0,0,0,0,85.85,92.86,192.46,201.84,211,;
/*989.002028177063*/,100,1,0,0,0,0,147.28,150.98,154.76,165,249.69,;
/*989.002028177064*/,100,0,1,0,0,0,106.11,108.92,111.78,123,220.69,;
/*989.002028177066*/,1010,1,0,0,0,0,62.38,69.68,176.25,186,270,;
/*989.002028177067*/,110,0,1,0,0,0,99.25,101.91,104.62,116,186,;
/*989.002028177068*/,100,1,0,0,0,0,91.41,93.89,96.43,108,210.33,;
/*989.002028177069*/,110000,1,0,0,0,0,153.25,159.44,239,247.32,306.52,;
/*989.002028177070*/,101000,1,0,0,0,0,85.18,92.2,192,195,270.4,;
/*989.002028177071*/,100010,0,1,0,0,0,117.18,123.81,127,137.87,229,;
/*989.002028177072*/,110011,1,0,0,0,0,325.57,329.69,358,363.6,365,;
/*989.002028177075*/,101000,1,0,0,0,0,44.64,52.15,164,166,250.38,;
/*989.002028177076*/,110010,0,1,0,0,0,299.51,303.93,340,346.01,389,;
/*989.002028177077*/,101100,1,0,0,0,0,136.99,143.38,147,148,237.95,;
/*989.002028177079*/,110000,0,1,0,0,0,112.7,119.38,211,219.95,287.63,;
/*989.002028177080*/,100000,1,0,0,0,0,316.89,321.1,352,357.74,382.75,;
/*989.002028177081*/,100000,1,0,0,0,0,373.36,376.9,391,395.85,409.06,;
/*989.002028177082*/,110000,0,0,0,1,0,238.69,243.85,298,304.97,346.32,;
/*989.002028177083*/,110000,0,0,0,1,0,212.62,218.1,280,287.38,334.18,;
/*989.002028177084*/,110000,0,0,0,1,0,232.89,238.13,294,301.06,343.62,;
/*989.002028177085*/,100000,0,1,0,0,0,99.34,106.19,109,120.28,218.81,;
/*989.002028177086*/,100000,0,0,0,1,0,195.24,200.93,268,275.65,326.08,;
/*989.002028177088*/,100000,0,0,0,1,0,188,193.78,263,270.77,322.71,;
/*989.002028177089*/,110000,1,0,0,0,0,142.93,149.25,153,163.28,248.5,;
/*989.002028177090*/,110000,0,0,0,1,0,292.27,296.78,335,341.13,371.28,;
/*989.002028177091*/,100000,1,0,0,0,0,77.94,85.05,187,196.5,271.43,;
/*989.002028177092*/,100000,0,0,0,1,0,251.72,256.72,307,313.77,352.39,;
/*989.002028177094*/,100000,0,1,0,0,0,134.02,140.45,144,154.48,242.42,;
/*989.002028177095*/,100000,0,1,0,0,0,111.25,117.95,210,218.98,286.95,;
/*989.002028177096*/,100000,1,0,0,0,0,82.29,89.34,190,199.43,273.46,;
/*989.002028177097*/,100000,0,1,0,0,0,109.8,116.52,209,218,286.28,;
/*989.002028177098*/,110000,0,0,0,1,0,270.54,275.32,320,326.47,361.16,;
/*989.002028177099*/,100000,0,1,0,0,0,264.75,269.6,316,322.56,358.47,;
/*989.002028177100*/,100000,0,1,0,0,0,130.05,136.53,140,150.57,239.73,;
/*989.002028177101*/,100000,0,1,0,0,0,95.32,102.22,199,208.23,279.53,;
/*989.002028177102*/,100000,0,1,0,0,0,134.02,140.45,144,154.48,242.42,;
/*989.002028177103*/,100000,1,0,0,0,0,334.26,338.27,364,369.47,390.85,;
/*989.002028177104*/,110000,0,0,0,1,0,276.34,281.04,324,330.38,363.86,;
/*989.002028177106*/,100000,0,1,0,0,0,126.09,132.62,136,146.66,237.03,;
/*989.002028177107*/,100000,0,1,0,0,0,66.36,73.61,179,188.68,266.04,;
/*989.002028177108*/,100000,1,0,0,0,0,240.13,245.28,299,305.95,347,;
/*989.002028177109*/,110000,1,0,0,0,0,160.49,166.6,244,252.2,309.89,;
/*989.002028177110*/,100000,1,0,0,0,0,59.12,66.45,174,183.8,262.66,;
/*989.002028177111*/,100000,0,1,0,0,0,114.2,120.87,124,134.94,228.93,;
/*989.002028177112*/,100000,1,0,0,0,0,389.29,392.63,402,406.6,416.49,;
/*989.002028177113*/,100000,1,0,0,0,0,292.27,296.78,335,341.13,371.28,;
/*989.002028177114*/,110000,0,1,0,0,0,113.21,119.89,123,133.96,228.26,;
/*989.002028177115*/,100000,1,0,0,0,0,132.04,138.49,142,152.53,241.07,;
/*989.002028177116*/,100000,1,0,0,0,0,344.4,348.28,371,376.31,395.57,;
/*989.002028177118*/,100000,1,0,0,0,0,400.88,404.08,410,414.42,421.88,;
/*989.002028177119*/,110000,0,0,0,1,0,298.06,302.5,339,345.04,373.98,;
/*989.002028177120*/,100001,1,0,0,0,0,364.67,368.31,385,389.99,427,;
/*989.002028177121*/,101001,0,1,0,0,0,211.17,216.67,279,282,347,;
/*989.002028177122*/,100000,1,0,0,0,0,298.06,302.5,339,345.04,373.98,;
/*989.002028177123*/,101000,1,0,0,0,0,70.7,77.9,182,190,266.95,;
/*989.002028177124*/,100000,1,0,0,0,0,384.95,388.34,399,403.67,414.46,;
/*989.002028177125*/,100000,0,1,0,0,0,254.62,259.59,309,315.72,353.74,;
/*989.002028177127*/,100000,1,0,0,0,0,157.59,163.73,242,250.25,308.54,;
/*989.002028177129*/,110000,1,0,0,0,0,344.4,348.28,371,376.31,395.57,;
/*989.002028177130*/,100010,1,0,0,0,0,279.23,283.91,326,332.33,363,;
/*989.002028177131*/,101000,0,1,0,0,0,135.01,141.42,145,150,239.33,;
/*989.002028177132*/,110000,1,0,0,0,0,328.47,332.55,360,365.56,388.15,;
/*989.002028177133*/,101001,1,0,0,0,0,88.08,95.06,194,194,264,;
/*989.002028177134*/,110000,0,1,0,0,0,102.56,109.37,204,213.11,282.9,;
/*989.002028177135*/,110000,0,0,0,1,0,302.4,306.8,342,347.97,376.01,;
/*989.002028177136*/,100000,0,1,0,0,0,119.16,125.77,129,139.82,232.3,;
/*989.002028177137*/,100000,0,0,0,1,0,258.96,263.88,312,318.65,355.77,;
/*989.002028177138*/,100000,1,0,0,0,0,438.53,441.27,436,439.82,439.42,;
/*989.002028177139*/,101000,1,0,0,0,0,172.07,178.04,252,260,315.27,;
/*989.002028177140*/,100010,1,0,0,0,0,50.43,57.87,168,177.93,256,;
/*989.002028177141*/,110000,1,0,0,0,0,503.7,505.65,481,483.8,469.78,;
/*989.002028177142*/,100100,0,1,0,0,0,126.09,132.62,136,137,230.35,;
/*989.002028177143*/,101000,1,0,0,0,0,176.42,182.33,255,262,316.65,;
/*989.002028177144*/,100000,0,1,0,0,0,125.1,131.64,135,145.69,236.35,;
/*989.002028177145*/,100011,1,0,0,0,0,422.6,425.54,425,429.08,441,;
/*989.002028177147*/,100100,0,1,0,0,0,116.19,122.83,126,132,226.9,;
/*989.002028177148*/,100000,1,0,0,0,0,577.55,578.61,532,533.64,504.19,;
/*989.002028177149*/,100000,1,0,0,0,0,89.44,96.41,99,110.51,212.06,;
/*989.002028177150*/,100000,0,0,0,1,0,285.03,289.63,330,336.24,367.91,;
/*989.002028177151*/,100000,0,1,0,0,0,153.25,159.44,239,247.32,306.52,;
/*989.002028177152*/,100000,1,0,0,0,0,328.47,332.55,360,365.56,388.15,;
/*989.002028177153*/,101000,1,0,0,0,0,38.84,46.42,160,164,249,;
/*989.002028177154*/,110000,1,0,0,0,0,693.4,693.06,612,611.81,558.16,;
/*989.002028177155*/,110000,1,0,0,0,0,377.71,381.19,394,398.78,411.09,;
/*989.002028177156*/,110000,1,0,0,0,0,141.66,148,231,239.5,301.12,;
/*989.002028177157*/,110000,0,1,0,0,0,305.3,309.66,344,349.92,377.36,;
/*989.002028177158*/,100000,1,0,0,0,0,308.2,312.52,346,351.88,378.71,;
/*989.002028177159*/,100000,0,0,0,1,0,219.86,225.25,285,292.27,337.55,;
/*989.002028177160*/,100000,1,0,0,0,0,60.56,67.88,175,184.78,263.34,;
/*989.002028177161*/,100000,0,1,0,0,0,137.98,144.36,148,158.39,245.12,;
/*989.002028177162*/,100000,1,0,0,0,0,51.88,59.3,169,178.91,259.29,;
/*989.002028177163*/,110000,1,0,0,0,0,308.2,312.52,346,351.88,378.71,;
/*989.002028177164*/,100000,0,1,0,0,0,121.39,127.97,217,225.82,291.67,;
/*989.002028177165*/,101100,0,0,0,1,0,277.79,282.47,325,328,362.22,;
/*989.002028177166*/,100000,1,0,0,0,0,106.91,113.66,207,216.05,284.93,;
/*989.002028177167*/,100000,1,0,0,0,0,37.39,44.99,159,169.14,252.54,;
/*989.002028177168*/,100000,1,0,0,0,0,321.23,325.39,355,360.67,384.78,;
/*989.002028177169*/,110000,0,1,0,0,0,143.11,149.43,232,240.48,301.79,;
/*989.002028177170*/,10000,1,0,0,0,0,69.25,76.47,181,190.64,267.39,;
/*989.002028177171*/,100000,0,0,0,1,0,209.72,215.24,278,285.43,332.83,;
/*989.002028177172*/,100000,1,0,0,0,0,64.91,72.17,178,187.71,265.36,;
/*989.002028177173*/,101100,1,0,0,0,0,69.25,76.47,181,185,263.49,;
/*989.002028177176*/,10000,1,0,0,0,0,289.37,293.92,333,339.17,369.93,;
/*989.002028177177*/,101000,0,0,0,1,0,241.58,246.71,300,304,345.65,;
/*989.002028177178*/,10000,1,0,0,0,0,93.4,100.32,103,114.42,214.76,;
/*989.002028177180*/,11110,0,1,0,0,0,402.33,405.51,411,416,422.98,;
/*989.002028177181*/,10000,1,0,0,0,0,285.03,289.63,330,336.24,367.91,;
/*989.002028177182*/,10000,1,0,0,0,0,54.77,62.16,171,180.87,260.64,;
/*989.002028177183*/,10000,0,0,0,1,0,186.55,192.35,262,269.79,322.03,;
/*989.002028177184*/,101000,1,0,0,0,0,60.56,67.88,175,182,261.42,;
/*989.002028177185*/,100000,0,1,0,0,0,114.2,120.87,124,134.94,228.93,;
/*989.002028177186*/,100000,0,1,0,0,0,53.32,60.73,170,179.89,259.97,;
/*989.002028177187*/,100000,0,1,0,0,0,120.15,126.74,130,140.8,232.98,;
/*989.002028177188*/,100100,0,1,0,0,0,130.05,136.53,140,142,233.81,;
/*989.002028177189*/,100000,0,1,0,0,0,102.32,109.13,112,123.21,220.84,;
/*989.002028177190*/,100000,1,0,0,0,0,379.16,382.62,395,399.76,411.76,;
/*989.002028177191*/,10000,1,0,0,0,0,127.08,133.6,137,147.64,237.7,;
/*989.002028177192*/,100000,0,1,0,0,0,120.15,126.74,130,140.8,232.98,;
/*989.002028177193*/,10000,0,1,0,0,0,166.28,172.32,248,256.11,312.59,;
/*989.002028177194*/,100000,0,1,0,0,0,95.38,102.28,105,116.37,216.11,;
/*989.002028177195*/,100000,0,1,0,0,0,86.63,93.63,193,202.36,275.48,;
/*989.002028177196*/,100000,0,1,0,0,0,107.27,114.02,117,128.1,224.21,;
/*989.002028177197*/,10000,1,0,0,0,0,62.01,69.31,176,185.75,264.01,;
/*989.002028177198*/,100000,0,1,0,0,0,139.96,146.32,150,160.35,246.47,;
/*989.002028177199*/,100000,1,0,0,0,0,179.31,185.19,257,264.91,318.66,;
/*989.002028177200*/,100000,0,0,0,1,0,192.35,198.07,266,273.7,324.73,;
/*989.002028177202*/,110000,1,0,0,0,0,458.8,461.3,450,453.51,448.87,;
/*989.002028177205*/,110000,0,0,0,1,0,289.37,293.92,333,339.17,369.93,;
/*989.002028177206*/,10000,0,0,0,0,0,270.54,275.32,320,326.47,361.16,;
/*989.002028177207*/,10000,0,1,0,0,0,124.11,130.66,134,144.71,235.68,;
/*989.002028177208*/,100000,0,1,0,0,0,126.09,132.62,136,146.66,237.03,;
/*989.002028177209*/,10000,1,0,0,0,0,77.94,85.05,187,196.5,271.43,;
/*989.002028177210*/,100000,0,1,0,0,0,126.09,132.62,136,146.66,237.03,;
/*989.002028177211*/,100000,0,1,0,0,0,139.96,146.32,150,160.35,246.47,;
/*989.002028177212*/,10000,0,1,0,0,0,140.95,147.3,151,161.32,247.15,;
/*989.002028177213*/,100000,0,1,0,0,0,131.05,137.51,141,151.55,240.4,;
/*989.002028177214*/,100000,0,1,0,0,0,106.28,113.04,116,127.12,223.53,;
/*989.002028177215*/,101000,1,0,0,0,0,124.11,130.66,134,137,230.35,;
/*989.002028177216*/,100000,0,1,0,0,0,114.2,120.87,124,134.94,228.93,;
/*989.002028177218*/,10000,1,0,0,0,0,140.21,146.57,230,238.52,300.44,;
/*989.002028177219*/,100000,1,0,0,0,0,28.71,36.41,153,163.28,248.5,;
/*989.002028177220*/,100000,0,1,0,0,0,102.32,109.13,112,123.21,220.84,;
/*989.002028177221*/,100000,0,0,0,1,0,260.41,265.31,313,319.63,356.44,;
/*989.002028177222*/,100100,1,0,0,0,0,139.96,146.32,150,152,240.71,;
/*989.002028177223*/,100000,1,0,0,0,0,263.3,268.17,315,321.58,357.79,;
/*989.002028177224*/,10000,1,0,0,0,0,124.28,130.83,219,227.77,293.02,;
/*989.002028177225*/,100000,0,1,0,0,0,108.26,115,118,129.07,224.88,;
/*989.002028177226*/,101000,1,0,0,0,0,51.88,59.3,169,171,253.83,;
/*989.002028177227*/,10000,1,0,0,0,0,345.85,349.71,372,377.28,396.25,;
/*989.002028177228*/,10000,1,0,0,0,0,63.46,70.74,177,186.73,264.69,;
/*989.002028177229*/,10000,1,0,0,0,0,270.54,275.32,320,326.47,361.16,;
/*989.002028177230*/,100000,1,0,0,0,0,345.85,349.71,372,377.28,396.25,;
/*989.002028177232*/,100000,0,1,0,0,0,108.26,115,118,129.07,224.88,;
/*989.002028177235*/,10000,0,1,0,0,0,94.39,101.3,104,115.39,215.44,;
/*989.002028177236*/,100000,0,0,0,1,0,193.79,199.5,267,274.68,325.41,;
/*989.002028177237*/,100000,0,0,0,1,0,247.37,252.43,304,310.83,350.37,;
/*989.002028177238*/,110000,0,1,0,0,0,109.8,116.52,209,218,286.28,;
/*989.002028177240*/,10000,0,1,0,0,0,132.04,138.49,142,152.53,241.07,;
/*989.002028177241*/,110000,0,1,0,0,0,185.1,190.92,261,268.81,321.36,;
/*989.002028177242*/,100000,0,1,0,0,0,126.09,132.62,136,146.66,237.03,;
/*989.002028177243*/,100000,0,1,0,0,0,126.09,132.62,136,146.66,237.03,;
/*989.002028177244*/,100000,1,0,0,0,0,104.01,110.8,205,214.09,283.58,;
/*989.002028177245*/,10000,1,0,0,0,0,143.11,149.43,232,240.48,301.79,;
/*989.002028177246*/,10000,1,0,0,0,0,269.1,273.89,319,325.49,360.49,;
/*989.002028177247*/,10000,0,1,0,0,0,113.21,119.89,123,133.96,228.26,;
/*989.002028177248*/,100100,0,1,0,0,0,63.46,70.74,177,186.73,264.69,;
/*989.002028177249*/,100000,0,0,0,1,0,160.49,166.6,244,252.2,309.89,;
/*989.002028177250*/,11000,1,0,0,0,0,289.37,293.92,333,334,366.36,;
/*989.002028177251*/,100000,0,1,0,0,0,106.91,113.66,207,216.05,284.93,;
/*989.002028177252*/,10000,0,0,0,1,0,269.1,273.89,319,325.49,360.49,;
/*989.002028177253*/,10000,1,0,0,0,0,353.09,356.87,377,382.17,399.62,;
/*989.002028177254*/,11100,0,1,0,0,0,292.27,296.78,335,344,373.27,;
/*989.002028177255*/,100000,0,1,0,0,0,132.04,138.49,142,152.53,241.07,;
/*989.002028177256*/,110011,0,1,0,0,0,124.11,130.66,134,144.71,245,;
/*989.002028177258*/,100000,1,0,0,0,0,253.17,258.15,308,314.74,353.07,;
/*989.002028177259*/,10000,0,1,0,0,0,141.66,148,231,239.5,301.12,;
/*989.002028177260*/,10000,1,0,0,0,0,364.67,368.31,385,389.99,405.02,;
/*989.002028177261*/,100000,0,0,0,1,0,188,193.78,263,270.77,322.71,;
/*989.002028177262*/,10000,1,0,0,0,0,322.68,326.82,356,361.65,385.45,;
/*989.002028177263*/,10000,0,1,0,0,0,124.28,130.83,219,227.77,293.02,;
/*989.002028177264*/,110000,0,1,0,0,0,89.53,96.49,195,204.32,276.83,;
/*989.002028177265*/,110000,0,0,0,1,0,180.76,186.62,258,265.88,319.34,;
/*989.002028177266*/,10000,0,1,0,0,0,206.83,212.37,276,283.47,331.48,;
/*989.002028177267*/,100010,1,0,0,0,0,31.6,39.27,155,165.23,248,;
/*989.002028177268*/,100000,0,1,0,0,0,110.24,116.96,120,131.03,226.23,;
/*989.002028177269*/,110000,1,0,0,0,0,192.35,198.07,266,273.7,324.73,;
/*989.001040499925*/,0.1,0,0,0,0,1,0,279,308.28,304.81,325.51,;
/*989.001040499929*/,0.1,0,0,0,0,1,0,257,293.61,292.37,317.22,;
/*989.001040499930*/,0.1,0,0,0,0,1,0,246,286.28,286.15,313.07,;
/*989.001040499932*/,0.1,0,0,0,0,1,0,293,317.61,312.73,330.79,;
/*989.001040499938*/,0.1,0,0,0,0,1,0,281,309.61,305.94,326.27,;
/*989.001040499940*/,0.1,0,0,0,0,1,0,286,312.95,308.77,328.15,;
/*989.001040499943*/,0.1,0,0,0,0,1,0,222,270.28,272.58,304.02,;
/*989.001040499944*/,0.1,0,0,0,0,1,0,292,316.95,312.17,330.42,;
/*989.001040499945*/,0.1,0,0,0,0,1,0,264,298.28,296.33,319.86,;
/*989.001040499949*/,0.1,0,0,0,0,1,0,331,342.95,334.22,339,;
/*989.00104049995*/,0.1,0,0,0,0,1,0,283,310.95,307.08,327.02,;
/*989.001040499951*/,0.1,0,0,0,0,1,0,271,302.95,300.29,322.5,;
/*989.001040499953*/,0.1,0,0,0,0,1,0,223,270.94,273.14,304.4,;
/*989.001040499954*/,0.1,0,0,0,0,1,0,268,300.95,298.59,321.37,;
/*989.001040499959*/,0.1,0,0,0,0,1,0,267,300.28,298.03,320.99,;
/*989.001040499961*/,0.1,0,0,0,0,1,0,220,268.94,271.45,303.26,;
/*989.001040499968*/,0.1,0,0,0,0,1,0,257,293.61,292.37,317.22,;
/*989.001040499969*/,0.1,0,0,0,0,1,0,246,286.28,286.15,313.07,;
/*989.001040499971*/,0.1,0,0,0,0,1,0,284,311.61,307.64,327.4,;
/*989.001040499972*/,0.1,0,0,0,0,1,0,263,297.61,295.76,319.48,;
/*989.001040499977*/,0.1,0,0,0,0,1,0,279,308.28,304.81,325.51,;
/*989.001040499979*/,0.1,0,0,0,0,1,0,252,290.28,289.54,315.33,;
/*989.001040499982*/,0.1,0,0,0,0,1,0,250,288.95,288.41,314.58,;
/*989.001040499985*/,0.1,0,0,0,0,1,0,317,333.61,326.3,339.84,;
/*989.001040499988*/,0.1,0,0,0,0,1,0,252,290.28,289.54,315.33,;
/*989.001040499989*/,0.1,0,0,0,0,1,0,257,293.61,292.37,317.22,;
/*989.001040499991*/,0.1,0,0,0,0,1,0,286,312.95,308.77,328.15,;
/*989.001040499994*/,0.1,0,0,0,0,1,0,283,310.95,307.08,327.02,;
/*989.001040499996*/,0.1,0,0,0,0,1,0,234,278.28,279.36,308.54,;
/*989.001040499997*/,0.1,0,0,0,0,1,0,292,316.95,312.17,330.42,;
/*989.001040499998*/,0.1,0,0,0,0,1,0,320,335.61,328,340.97,;
/*989.001040500000*/,0.1,0,0,0,0,1,0,222,270.28,272.58,304.02,;
/*989.001040500006*/,0.1,0,0,0,0,1,0,296,319.61,314.43,331.92,;
/*989.001040500007*/,0.1,0,0,0,0,1,0,256,292.95,291.81,316.84,;
/*989.001040500009*/,0.1,0,0,0,0,1,0,288,314.28,309.9,328.91,;
/*989.001040500018*/,0.1,0,0,0,0,1,0,283,310.95,307.08,327.02,;
/*989.001040500922*/,0.1,0,0,0,0,1,0,297,320.28,314.99,332.3,;
/*989.001040500924*/,0.1,0,0,0,0,1,0,251,289.61,288.98,314.95,;
/*989.001040500925*/,0.1,0,0,0,0,1,0,283,310.95,307.08,327.02,;
/*989.001040500927*/,0.1,0,0,0,0,1,0,387,380.28,365.89,366.24,;
/*989.001040500929*/,0.1,0,0,0,0,1,0,272,303.61,300.85,322.87,;
/*989.001040500930*/,0.1,0,0,0,0,1,0,253,290.95,290.11,315.71,;
/*989.001040500937*/,0.1,0,0,0,0,1,0,298,320.95,315.56,332.68,;
/*989.001040500938*/,0.1,0,0,0,0,1,0,251,289.61,288.98,314.95,;
/*989.001040500939*/,0.1,0,0,0,0,1,0,276,306.28,303.12,324.38,;
/*989.00104050094*/,0.1,0,0,0,0,1,0,263,297.61,295.76,319.48,;
/*989.001040500941*/,0.1,0,0,0,0,1,0,254,291.61,290.67,316.09,;
/*989.001040500944*/,0.1,0,0,0,0,1,0,272,303.61,300.85,322.87,;
/*989.001040500947*/,0.1,0,0,0,0,1,0,305,325.61,319.52,335.32,;
/*989.001040500949*/,0.1,0,0,0,0,1,0,272,303.61,300.85,322.87,;
/*989.001040500951*/,0.1,0,0,0,0,1,0,241,282.94,283.32,311.18,;
/*989.001040500954*/,0.1,0,0,0,0,1,0,242,283.61,283.89,311.56,;
/*989.001040500956*/,0.1,0,0,0,0,1,0,282,310.28,306.51,326.64,;
/*989.001040500958*/,0.1,0,0,0,0,1,0,242,283.61,283.89,311.56,;
/*989.001040500960*/,0.1,0,0,0,0,1,0,276,306.28,303.12,324.38,;
/*989.001040500961*/,0.1,0,0,0,0,1,0,240,282.28,282.76,310.81,;
/*989.001040500963*/,0.1,0,0,0,0,1,0,284,311.61,307.64,327.4,;
/*989.001040500968*/,0.1,0,0,0,0,1,0,277,306.95,303.68,324.76,;
/*989.001040500971*/,0.1,0,0,0,0,1,0,241,282.94,283.32,311.18,;
/*989.001040500976*/,0.1,0,0,0,0,1,0,252,290.28,289.54,315.33,;
/*989.001040500978*/,0.1,0,0,0,0,1,0,294,318.28,313.3,331.17,;
/*989.001040500981*/,0.1,0,0,0,0,1,0,286,312.95,308.77,328.15,;
/*989.001040500982*/,0.1,0,0,0,0,1,0,218,267.61,270.31,302.51,;
/*989.001040500984*/,0.1,0,0,0,0,1,0,199,254.94,259.57,295.35,;
/*989.001040500988*/,0.1,0,0,0,0,1,0,304,324.95,318.95,334.94,;
/*989.001040500989*/,0.1,0,0,0,0,1,0,282,310.28,306.51,326.64,;
/*989.00104050099*/,0.1,0,0,0,0,1,0,264,298.28,296.33,319.86,;
/*989.001040500991*/,0.1,0,0,0,0,1,0,276,306.28,303.12,324.38,;
/*989.001040500996*/,0.1,0,0,0,0,1,0,292,316.95,312.17,330.42,;
/*989.001040500998*/,0.1,0,0,0,0,1,0,252,290.28,289.54,315.33,;
/*989.001040501000*/,0.1,0,0,0,0,1,0,300,322.28,316.69,333.43,;
/*989.001040501004*/,0.1,0,0,0,0,1,0,272,303.61,300.85,322.87,;
/*989.001040501007*/,0.1,0,0,0,0,1,0,268,300.95,298.59,321.37,;
/*989.001040501008*/,0.1,0,0,0,0,1,0,318,334.28,326.87,340.22,;
/*989.001040501012*/,0.1,0,0,0,0,1,0,260,295.61,294.07,318.35,;
/*989.001040501016*/,0.1,0,0,0,0,1,0,262,296.95,295.2,319.1,;
/*989.001040501019*/,0.1,0,0,0,0,1,0,238,280.94,281.63,310.05,;
/*989.001040501020*/,0.1,0,0,0,0,1,0,262,296.95,295.2,319.1,;
/*989.001040501021*/,0.1,0,0,0,0,1,0,295,318.95,313.86,331.55,;
/*989.001040501422*/,0.1,0,0,0,0,1,0,254,291.61,290.67,316.09,;
/*989.001040501423*/,0.1,0,0,0,0,1,0,280,308.95,305.38,325.89,;
/*989.001040501424*/,0.1,0,0,0,0,1,0,292,316.95,312.17,330.42,;
/*989.001040501426*/,0.1,0,0,0,0,1,0,246,286.28,286.15,313.07,;
/*989.001040501427*/,0.1,0,0,0,0,1,0,259,294.95,293.5,317.97,;
/*989.001040501428*/,0.1,0,0,0,0,1,0,255,292.28,291.24,316.46,;
/*989.001040501429*/,0.1,0,0,0,0,1,0,260,295.61,294.07,318.35,;
/*989.001040501430*/,0.1,0,0,0,0,1,0,246,286.28,286.15,313.07,;
/*989.001040501431*/,0.1,0,0,0,0,1,0,287,313.61,309.34,328.53,;
/*989.001040501432*/,0.1,0,0,0,0,1,0,215,265.61,268.62,301.38,;
/*989.001040501433*/,0.1,0,0,0,0,1,0,250,288.95,288.41,314.58,;
/*989.001040501434*/,0.1,0,0,0,0,1,0,218,267.61,270.31,302.51,;
/*989.001040501436*/,0.1,0,0,0,0,1,0,298,320.95,315.56,332.68,;
/*989.001040501437*/,0.1,0,0,0,0,1,0,250,288.95,288.41,314.58,;
/*989.001040501438*/,0.1,0,0,0,0,1,0,299,321.61,316.12,333.06,;
/*989.001040501439*/,0.1,0,0,0,0,1,0,265,298.95,296.9,320.23,;
/*989.001040501440*/,0.1,0,0,0,0,1,0,242,283.61,283.89,311.56,;
/*989.001040501441*/,0.1,0,0,0,0,1,0,261,296.28,294.63,318.73,;
/*989.001040501442*/,0.1,0,0,0,0,1,0,266,299.61,297.46,320.61,;
/*989.001040501443*/,0.1,0,0,0,0,1,0,301,322.95,317.26,333.81,;
/*989.001040501444*/,0.1,0,0,0,0,1,0,257,293.61,292.37,317.22,;
/*989.001040501445*/,0.1,0,0,0,0,1,0,302,323.61,317.82,334.19,;
/*989.001040501447*/,0.1,0,0,0,0,1,0,254,291.61,290.67,316.09,;
/*989.001040501448*/,0.1,0,0,0,0,1,0,265,298.95,296.9,320.23,;
/*989.001040501450*/,0.1,0,0,0,0,1,0,218,267.61,270.31,302.51,;
/*989.001040501452*/,0.1,0,0,0,0,1,0,229,274.94,276.54,306.66,;
/*989.001040501455*/,0.1,0,0,0,0,1,0,273,304.28,301.42,323.25,;
/*989.001040501457*/,0.1,0,0,0,0,1,0,207,260.28,264.09,298.36,;
/*989.001040501458*/,0.1,0,0,0,0,1,0,241,282.94,283.32,311.18,;
/*989.001040501459*/,0.1,0,0,0,0,1,0,268,300.95,298.59,321.37,;
/*989.001040501462*/,0.1,0,0,0,0,1,0,245,285.61,285.58,312.69,;
/*989.001040501463*/,0.1,0,0,0,0,1,0,279,308.28,304.81,325.51,;
/*989.001040501464*/,0.1,0,0,0,0,1,0,221,269.61,272.01,303.64,;
/*989.001040501465*/,0.1,0,0,0,0,1,0,226,272.94,274.84,305.53,;
/*989.001040501466*/,0.1,0,0,0,0,1,0,250,288.95,288.41,314.58,;
/*989.001040501467*/,0.1,0,0,0,0,1,0,262,296.95,295.2,319.1,;
/*989.001040501468*/,0.1,0,0,0,0,1,0,254,291.61,290.67,316.09,;
/*989.001040501469*/,0.1,0,0,0,0,1,0,268,300.95,298.59,321.37,;
/*989.001040501470*/,0.1,0,0,0,0,1,0,275,305.61,302.55,324.01,;
/*989.001040501471*/,0.1,0,0,0,0,1,0,263,297.61,295.76,319.48,;
/*989.001040501472*/,0.1,0,0,0,0,1,0,295,318.95,313.86,331.55,;
/*989.001040501473*/,0.1,0,0,0,0,1,0,285,312.28,308.21,327.78,;
/*989.001040501474*/,0.1,0,0,0,0,1,0,241,282.94,283.32,311.18,;
/*989.001040501475*/,0.1,0,0,0,0,1,0,288,314.28,309.9,328.91,;
/*989.001040501476*/,0.1,0,0,0,0,1,0,240,282.28,282.76,310.81,;
/*989.001040501478*/,0.1,0,0,0,0,1,0,261,296.28,294.63,318.73,;
/*989.001040501479*/,0.1,0,0,0,0,1,0,256,292.95,291.81,316.84,;
/*989.001040501480*/,0.1,0,0,0,0,1,0,262,296.95,295.2,319.1,;
/*989.001040501481*/,0.1,0,0,0,0,1,0,288,314.28,309.9,328.91,;
/*989.001040501482*/,0.1,0,0,0,0,1,0,230,275.61,277.1,307.04,;
/*989.001040501483*/,0.1,0,0,0,0,1,0,275,305.61,302.55,324.01,;
/*989.001040501484*/,0.1,0,0,0,0,1,0,261,296.28,294.63,318.73,;
/*989.001040501485*/,0.1,0,0,0,0,1,0,260,295.61,294.07,318.35,;
/*989.001040501486*/,0.1,0,0,0,0,1,0,265,298.95,296.9,320.23,;
/*989.001040501488*/,0.1,0,0,0,0,1,0,233,277.61,278.8,308.17,;
/*989.001040501489*/,0.1,0,0,0,0,1,0,231,276.28,277.67,307.41,;
/*989.001040501490*/,0.1,0,0,0,0,1,0,256,292.95,291.81,316.84,;
/*989.001040501493*/,0.1,0,0,0,0,1,0,254,291.61,290.67,316.09,;
/*989.001040501494*/,0.1,0,0,0,0,1,0,275,305.61,302.55,324.01,;
/*989.001040501495*/,0.1,0,0,0,0,1,0,276,306.28,303.12,324.38,;
/*989.001040501496*/,0.1,0,0,0,0,1,0,273,304.28,301.42,323.25,;
/*989.001040501497*/,0.1,0,0,0,0,1,0,262,296.95,295.2,319.1,;
/*989.001040501498*/,0.1,0,0,0,0,1,0,298,320.95,315.56,332.68,;
/*989.001040501499*/,0.1,0,0,0,0,1,0,267,300.28,298.03,320.99,;
/*989.001040501500*/,0.1,0,0,0,0,1,0,265,298.95,296.9,320.23,;
/*989.001040501501*/,0.1,0,0,0,0,1,0,230,275.61,277.1,307.04,;
/*989.001040501506*/,0.1,0,0,0,0,1,0,253,290.95,290.11,315.71,;
/*989.001040501507*/,0.1,0,0,0,0,1,0,240,282.28,282.76,310.81,;
/*989.001040501508*/,0.1,0,0,0,0,1,0,290,315.61,311.03,329.66,;
/*989.001040501509*/,0.1,0,0,0,0,1,0,271,302.95,300.29,322.5,;
/*989.001040501510*/,0.1,0,0,0,0,1,0,256,292.95,291.81,316.84,;
/*989.001040501511*/,0.1,0,0,0,0,1,0,235,278.94,279.93,308.92,;
/*989.001040501512*/,0.1,0,0,0,0,1,0,260,295.61,294.07,318.35,;
/*989.001040501513*/,0.1,0,0,0,0,1,0,246,286.28,286.15,313.07,;
/*989.001040501514*/,0.1,0,0,0,0,1,0,268,300.95,298.59,321.37,;
/*989.001040501515*/,0.1,0,0,0,0,1,0,245,285.61,285.58,312.69,;
/*989.001040501516*/,0.1,0,0,0,0,1,0,265,298.95,296.9,320.23,;
/*989.001040501517*/,0.1,0,0,0,0,1,0,318,334.28,326.87,340.22,;
/*989.001040501518*/,0.1,0,0,0,0,1,0,250,288.95,288.41,314.58,;
/*989.001040501519*/,0.1,0,0,0,0,1,0,245,285.61,285.58,312.69,;
/*989.001040501520*/,0.1,0,0,0,0,1,0,251,289.61,288.98,314.95,;
/*989.001040501521*/,0.1,0,0,0,0,1,0,265,298.95,296.9,320.23,;
/*989.001040501522*/,0.1,0,0,0,0,1,0,290,315.61,311.03,329.66,;
/*989.001040501527*/,0.1,0,0,0,0,1,0,283,310.95,307.08,327.02,;
/*989.001040501530*/,0.1,0,0,0,0,1,0,251,289.61,288.98,314.95,;
/*989.001040501531*/,0.1,0,0,0,0,1,0,224,271.61,273.71,304.77,;
/*989.001040501533*/,0.1,0,0,0,0,1,0,247,286.94,286.72,313.45,;
/*989.001040501534*/,0.1,0,0,0,0,1,0,257,293.61,292.37,317.22,;
/*989.001040501535*/,0.1,0,0,0,0,1,0,254,291.61,290.67,316.09,;
/*989.001040501536*/,0.1,0,0,0,0,1,0,237,280.28,281.06,309.68,;
/*989.001040501537*/,0.1,0,0,0,0,1,0,295,318.95,313.86,331.55,;
/*989.001040501542*/,0.1,0,0,0,0,1,0,298,320.95,315.56,332.68,;
/*989.001040501546*/,0.1,0,0,0,0,1,0,257,293.61,292.37,317.22,;
/*989.001040501548*/,0.1,0,0,0,0,1,0,282,310.28,306.51,326.64,;
/*989.001040501549*/,0.1,0,0,0,0,1,0,287,313.61,309.34,328.53,;
/*989.001040501551*/,0.1,0,0,0,0,1,0,267,300.28,298.03,320.99,;
/*989.001040501552*/,0.1,0,0,0,0,1,0,272,303.61,300.85,322.87,;
/*989.001040501553*/,0.1,0,0,0,0,1,0,277,306.95,303.68,324.76,;
/*989.001040501554*/,0.1,0,0,0,0,1,0,222,270.28,272.58,304.02,;
/*989.001040501555*/,0.1,0,0,0,0,1,0,299,321.61,316.12,333.06,;
/*989.001040501557*/,0.1,0,0,0,0,1,0,282,310.28,306.51,326.64,;
/*989.001040501558*/,0.1,0,0,0,0,1,0,248,287.61,287.28,313.82,;
/*989.001040501559*/,0.1,0,0,0,0,1,0,290,315.61,311.03,329.66,;
/*989.001040501560*/,0.1,0,0,0,0,1,0,218,267.61,270.31,302.51,;
/*989.001040501561*/,0.1,0,0,0,0,1,0,272,303.61,300.85,322.87,;
/*989.001040501562*/,0.1,0,0,0,0,1,0,267,300.28,298.03,320.99,;
/*989.001040501565*/,0.1,0,0,0,0,1,0,240,282.28,282.76,310.81,;
/*989.001040501566*/,0.1,0,0,0,0,1,0,291,316.28,311.6,330.04,;
/*989.001040501568*/,0.1,0,0,0,0,1,0,258,294.28,292.94,317.59,;
/*989.001040501569*/,0.1,0,0,0,0,1,0,250,288.95,288.41,314.58,;
/*989.001040501570*/,0.1,0,0,0,0,1,0,285,312.28,308.21,327.78,;
/*989.001040501571*/,0.1,0,0,0,0,1,0,272,303.61,300.85,322.87,;
/*989.001040501573*/,0.1,0,0,0,0,1,0,262,296.95,295.2,319.1,;
/*989.001040501577*/,0.1,0,0,0,0,1,0,271,302.95,300.29,322.5,;
/*989.001040501579*/,0.1,0,0,0,0,1,0,278,307.61,304.25,325.14,;
/*989.001040501580*/,0.1,0,0,0,0,1,0,248,287.61,287.28,313.82,;
/*989.001040501581*/,0.1,0,0,0,0,1,0,247,286.94,286.72,313.45,;
/*989.001040501582*/,0.1,0,0,0,0,1,0,282,310.28,306.51,326.64,;
/*989.001040501584*/,0.1,0,0,0,0,1,0,279,308.28,304.81,325.51,;
/*989.001040501586*/,0.1,0,0,0,0,1,0,276,306.28,303.12,324.38,;
/*989.001040501587*/,0.1,0,0,0,0,1,0,304,324.95,318.95,334.94,;
/*989.001040501589*/,0.1,0,0,0,0,1,0,278,307.61,304.25,325.14,;
/*989.001040501590*/,0.1,0,0,0,0,1,0,297,320.28,314.99,332.3,;
/*989.001040501591*/,0.1,0,0,0,0,1,0,252,290.28,289.54,315.33,;
/*989.001040501594*/,0.1,0,0,0,0,1,0,264,298.28,296.33,319.86,;
/*989.001040501595*/,0.1,0,0,0,0,1,0,304,324.95,318.95,334.94,;
/*989.001040501596*/,0.1,0,0,0,0,1,0,262,296.95,295.2,319.1,;
/*989.001040501597*/,0.1,0,0,0,0,1,0,264,298.28,296.33,319.86,;
/*989.001040501599*/,0.1,0,0,0,0,1,0,239,281.61,282.19,310.43,;
/*989.001040501600*/,0.1,0,0,0,0,1,0,258,294.28,292.94,317.59,;
/*989.001040501601*/,0.1,0,0,0,0,1,0,250,288.95,288.41,314.58,;
/*989.001040501603*/,0.1,0,0,0,0,1,0,275,305.61,302.55,324.01,;
/*989.001040501604*/,0.1,0,0,0,0,1,0,262,296.95,295.2,319.1,;
/*989.001040501606*/,0.1,0,0,0,0,1,0,302,323.61,317.82,334.19,;
/*989.001040501609*/,0.1,0,0,0,0,1,0,262,296.95,295.2,319.1,;
/*989.001040501610*/,0.1,0,0,0,0,1,0,242,283.61,283.89,311.56,;
/*989.001040501611*/,0.1,0,0,0,0,1,0,241,282.94,283.32,311.18,;
/*989.001040501612*/,0.1,0,0,0,0,1,0,267,300.28,298.03,320.99,;
/*989.001040501613*/,0.1,0,0,0,0,1,0,255,292.28,291.24,316.46,;
/*989.001040501615*/,0.1,0,0,0,0,1,0,242,283.61,283.89,311.56,;
/*989.001040501616*/,0.1,0,0,0,0,1,0,291,316.28,311.6,330.04,;
/*989.001040501617*/,0.1,0,0,0,0,1,0,278,307.61,304.25,325.14,;
/*989.001040501618*/,0.1,0,0,0,0,1,0,218,267.61,270.31,302.51,;
/*989.001040501619*/,0.1,0,0,0,0,1,0,262,296.95,295.2,319.1,;
/*989.001040501620*/,0.1,0,0,0,0,1,0,250,288.95,288.41,314.58,;
/*989.001040501621*/,0.1,0,0,0,0,1,0,267,300.28,298.03,320.99,;
/*989.001040499955*/,0.100001,0,0,0,0,1,0,317,333.61,326.3,344,;
/*989.001040501544*/,0.100001,0,0,0,0,1,0,279,308.28,304.81,362,;
/*989.001040499928*/,0.10001,0,0,0,0,1,0,258,294.28,287,313.64,;
/*989.001040499986*/,0.10001,0,0,0,0,1,0,240,282.28,301,322.97,;
/*989.001040500995*/,0.1001,0,0,0,0,1,0,281,309.61,296,319.64,;
/*989.001040501435*/,0.1001,0,0,0,0,1,0,239,281.61,275,305.63,;
/*989.001040501456*/,0.1001,0,0,0,0,1,0,281,309.61,298,320.97,;
/*989.001040501523*/,0.1001,0,0,0,0,1,0,289,314.95,322,336.97,;
/*989.001040501545*/,0.1001,0,0,0,0,1,0,278,307.61,302,323.64,;
/*989.001040501451*/,0.10011,0,0,0,0,1,0,282,310.28,304,324.97,;
/*989.001040501460*/,0.10011,0,0,0,0,1,0,262,296.95,310,328.97,;
/*989.001040499926*/,0.101,0,0,0,0,1,0,292,292,291,316.31,;
/*989.001040499958*/,0.101,0,0,0,0,1,0,280,331,324.09,338.36,;
/*989.001040499966*/,0.101,0,0,0,0,1,0,276,305,302.03,323.66,;
/*989.001040499978*/,0.101,0,0,0,0,1,0,284,310,306.27,326.49,;
/*989.001040499981*/,0.101,0,0,0,0,1,0,282,311,307.12,327.05,;
/*989.001040499937*/,0.11,0,0,0,0,1,0,267,310,306.27,326.49,;
/*989.001040499948*/,0.11,0,0,0,0,1,0,282,333,325.78,339.5,;
/*989.001040499984*/,0.11,0,0,0,0,1,0,291,312,307.97,327.62,;
/*989.001040499950*/,0.11011,0,0,0,0,1,0,267,315,317,333.64,;
/*989.001040501576*/,0.10011,0,0,0,0,1,0,248,287.61,313,330.97,;
/*989.001040501607*/,0.100111,0,0,0,0,1,0,326,339.61,345,352,;
/*989.001040500017*/,0.101,0,0,0,0,1,0,233,265,268.1,301.03,;
/*989.001040500933*/,0.101,0,0,0,0,1,0,262,278,279.13,308.39,;
/*989.001040500965*/,0.101,0,0,0,0,1,0,286,317,312.21,330.45,;
/*989.001040501504*/,0.101,0,0,0,0,1,0,285,317,312.21,330.45,;
/*989.001040501540*/,0.101,0,0,0,0,1,0,241,270,272.34,303.86,;
/*989.001040501556*/,0.101,0,0,0,0,1,0,281,308,304.58,325.36,;
/*989.001040501575*/,0.101,0,0,0,0,1,0,257,320,314.76,332.14,;
/*989.001040501598*/,0.101,0,0,0,0,1,0,290,319,313.91,331.58,;
/*989.001040501605*/,0.101,0,0,0,0,1,0,307,341,332.57,344.02,;
/*989.001040500966*/,0.1011,0,0,0,0,1,0,316,334,346,352.98,;
/*989.001040501425*/,0.10111,0,0,0,0,1,0,296,329,334,344.97,;
/*989.001040500001*/,0.11,0,0,0,0,1,0,268,310,306.27,326.49,;
/*989.001040500932*/,0.11,0,0,0,0,1,0,268,305,302.03,323.66,;
/*989.001040500972*/,0.11,0,0,0,0,1,0,253,309,305.42,325.92,;
/*989.001040501446*/,0.11,0,0,0,0,1,0,249,293,291.85,316.87,;
/*989.001040501449*/,0.11,0,0,0,0,1,0,264,297,295.25,319.13,;
/*989.001040501453*/,0.11,0,0,0,0,1,0,304,315,310.51,329.31,;
/*989.001040501454*/,0.11,0,0,0,0,1,0,255,280,280.82,309.52,;
/*989.001040501491*/,0.11,0,0,0,0,1,0,241,291,290.16,315.74,;
/*989.001040501492*/,0.11,0,0,0,0,1,0,291,322,316.45,333.27,;
/*989.001040501502*/,0.11,0,0,0,0,1,0,255,286,285.91,312.91,;
/*989.001040501503*/,0.11,0,0,0,0,1,0,291,310,306.27,326.49,;
/*989.001040501505*/,0.11,0,0,0,0,1,0,277,310,306.27,326.49,;
/*989.001040501563*/,0.11,0,0,0,0,1,0,295,316,311.36,329.88,;
/*989.001040501564*/,0.11,0,0,0,0,1,0,280,315,310.51,329.31,;
/*989.001040501567*/,0.11,0,0,0,0,1,0,276,321,315.6,332.71,;
/*989.001040501574*/,0.11,0,0,0,0,1,0,250,300,297.79,320.83,;
/*989.001040501585*/,0.11,0,0,0,0,1,0,273,297,295.25,319.13,;
/*989.001040501602*/,0.11,0,0,0,0,1,0,283,306,302.88,324.22,;
/*989.001040501608*/,0.11,0,0,0,0,1,0,267,285,285.07,312.35,;
/*989.001040501614*/,0.11,0,0,0,0,1,0,267,291,290.16,315.74,;
/*989.001040501477*/,0.1101,0,0,0,0,1,0,276,297,303,324.3,;
/*989.001040501461*/,0.11011,0,0,0,0,1,0,246,309,312,330.31,;
/*989.001040499992*/,0.111,0,0,0,0,1,0,273,295,293.55,318,;
/*989.001040500011*/,0.111,0,0,0,0,1,0,306,310,306.27,326.49,;
/*989.001040501010*/,0.111,0,0,0,0,1,0,250,269,271.49,303.3,;
/*989.001040501487*/,0.111,0,0,0,0,1,0,279,310,306.27,326.49,;
/*989.001040501543*/,0.111,0,0,0,0,1,0,226,267,269.8,302.16,;
/*989.001040501583*/,0.111,0,0,0,0,1,0,276,290,289.31,315.17,;
