Dec Tag #,Species,Capture_History,LOC,RBT,SRN,RBC,RBS,SCN,LengthFall23,LengthSpring24,LengthFall24,LengthSpring25,LengthFall25,TL 1st Enc,Date 1st Enc,,,,,
989.001030620161,LOC,1000000000,1,0,0,0,0,0,312,316.28,348.63,354.44,380.48,312,11/7/2023,,,,,
989.001030620162,LOC,1100000000,1,0,0,0,0,0,282,286.64,327.91,334.2,366.5,282,11/7/2023,,,,,
989.001030620163,RBT,1100000000,0,1,0,0,0,0,225,230.33,288.55,295.74,339.95,225,11/7/2023,,,,,
989.001030620164,RBC,1100000000,0,0,0,1,0,0,313,317.26,349.32,355.12,380.94,313,11/7/2023,,,,,
989.001030620165,SRN,1100000000,0,0,1,0,0,0,383,386.42,397.65,402.35,413.55,383,11/7/2023,,,,,
989.001030620166,SCN,1000000000,0,0,0,0,0,1,83,90,190,200,274,83,11/7/2023,,,,,
989.001030620168,LOC,1000000000,1,0,0,0,0,0,156,162.16,240.9,249.17,307.8,156,11/7/2023,,,,,
989.001030620169,LOC,1111000000,1,0,0,0,0,0,359,361,379.89,384.99,401.57,359,11/7/2023,,,,,
989.001030620170,LOC,1000000000,1,0,0,0,0,0,231,236.26,292.69,299.78,342.74,308,11/7/2023,,,,,
989.001030620172,RBT,1000000000,0,1,0,0,0,0,585,585.97,537.14,538.66,507.66,585,11/7/2023,,,,,
989.001030620173,LOC,1000000000,1,0,0,0,0,0,135,141.42,226.4,235,298.02,135,11/7/2023,,,,,
989.001030620174,RBC,1000110000,0,0,0,1,0,0,332,333,336,342.1,371.96,332,11/7/2023,,,,,
989.001030620175,RBT,1100000000,0,1,0,0,0,0,316,320.23,351.39,357.14,382.34,316,11/7/2023,,,,,
989.001030620176,LOC,1100001110,1,0,0,0,0,0,275,278,338,340,376,275,11/7/2023,,,,,
989.001030620177,SRN,1100000000,0,0,1,0,0,0,394,397.28,405.25,409.78,418.68,394,11/7/2023,,,,,
989.001030620178,LOC,1010000000,1,0,0,0,0,0,172,185,256.87,264.77,318.57,172,11/7/2023,,,,,
989.001030620179,LOC,1000000000,1,0,0,0,0,0,366,369.62,385.92,390.88,405.63,366,11/7/2023,,,,,
989.001030620180,LOC,1000000000,1,0,0,0,0,0,389,392.34,401.8,406.4,416.35,389,11/7/2023,,,,,
989.001030620181,SRN,1000000000,0,0,1,0,0,0,295,299.48,336.89,342.97,372.56,295,11/7/2023,,,,,
989.001030620182,LOC,1111010000,1,0,0,0,0,0,371,373,382,387.06,402.99,371,11/7/2023,,,,,
989.001030620183,RBC,1100000000,0,0,0,1,0,0,309,313.31,346.55,352.42,379.08,309,11/7/2023,,,,,
989.001030620184,RBT,1100000000,0,1,0,0,0,0,279,283.67,325.84,332.17,365.1,279,11/7/2023,,,,,
989.001030620185,SRN,1100000000,0,0,1,0,0,0,397,400.25,407.32,411.8,420.08,397,11/7/2023,,,,,
989.001030620186,LOC,1001000000,1,0,0,0,0,0,423,424,423.93,428.03,431.28,423,11/7/2023,,,,,
989.001030620187,RBC,1000000000,0,0,0,1,0,0,330,334.06,361.06,366.59,388.86,330,11/7/2023,,,,,
989.001030620188,RBT,1100000000,0,1,0,0,0,0,495,497.06,475,477.93,465.73,495,11/7/2023,,,,,
989.001030620189,LOC,1100000000,1,0,0,0,0,0,373,376.54,390.75,395.61,408.9,373,11/7/2023,,,,,
989.001030620190,RBC,1100000000,0,0,0,1,0,0,294,298.49,336.2,342.3,372.09,294,11/7/2023,,,,,
989.001030620191,LOC,1100000000,1,0,0,0,0,0,428,430.87,428.73,432.72,434.52,428,11/7/2023,,,,,
989.001030620192,LOC,1011010000,1,0,0,0,0,0,175,179,274,281.52,330.13,175,11/7/2023,,,,,
989.001030620193,LOC,1000000000,1,0,0,0,0,0,411,414.08,416.99,421.25,426.6,411,11/7/2023,,,,,
989.001030620194,SCN,1000000000,0,0,0,0,0,1,118,125,215,224,290,118,11/7/2023,,,,,
989.001030620195,SRN,1100000000,0,0,1,0,0,0,410,413.09,416.3,420.57,426.13,410,11/7/2023,,,,,
989.001030620196,SRN,1100000000,0,0,1,0,0,0,365,368.63,385.23,390.21,405.17,365,11/7/2023,,,,,
989.001030620197,RBC,1100000000,0,0,0,1,0,0,317,321.21,352.08,357.82,382.81,317,11/7/2023,,,,,
989.001030620198,SRN,1000000000,0,0,1,0,0,0,429,431.86,429.42,433.39,434.99,429,11/7/2023,,,,,
989.001030620199,RBT,1110101100,0,1,0,0,0,0,402,403,410,410,418.83,402,11/7/2023,,,,,
989.001030620201,SRN,1000000000,0,0,1,0,0,0,446,448.65,441.16,444.87,442.91,446,11/7/2023,,,,,
989.001030620202,LOC,1000000000,1,0,0,0,0,0,394,397.28,405.25,409.78,418.68,394,11/7/2023,,,,,
989.001030620203,LOC,1100000000,1,0,0,0,0,0,183,188.84,259.55,267.39,320.38,183,11/7/2023,,,,,
989.001030620204,RBC,1000000000,0,0,0,1,0,0,307,311.34,345.17,351.07,378.15,307,11/7/2023,,,,,
989.001030620205,SRN,1100000000,0,0,1,0,0,0,393,396.3,404.56,409.1,418.21,393,11/7/2023,,,,,
989.001030620206,LOC,1100000000,1,0,0,0,0,0,403,406.17,411.47,415.85,422.87,403,11/7/2023,,,,,
989.001030620207,LOC,1000000000,1,0,0,0,0,0,165,171.05,247.12,255.25,311.99,165,11/7/2023,,,,,
989.001030620208,LOC,1100000000,1,0,0,0,0,0,339,342.95,367.27,372.66,393.06,339,11/7/2023,,,,,
989.001030620209,RBT,1111000000,0,1,0,0,0,0,295,296,334.45,340.59,370.92,295,11/7/2023,,,,,
989.001030620210,LOC,1100000000,1,0,0,0,0,0,418,420.99,421.82,425.97,429.86,418,11/7/2023,,,,,
989.001030620211,LOC,1000000000,1,0,0,0,0,0,200,205.63,271.29,278.87,328.3,200,11/7/2023,,,,,
989.001030620212,LOC,1100000000,1,0,0,0,0,0,402,405.19,410.78,415.17,422.41,402,11/7/2023,,,,,
989.001030620213,LOC,1100000000,1,0,0,0,0,0,388,391.36,401.11,405.73,415.88,388,11/7/2023,,,,,
989.001030620214,SCN,1100000000,0,0,0,0,0,1,101,108,203,212,282,101,11/7/2023,,,,,
989.001030620215,RBT,1000000000,0,1,0,0,0,0,167,173.03,248.5,256.6,312.92,167,11/7/2023,,,,,
989.001030620216,SRN,1000000000,0,0,1,0,0,0,422,424.94,424.59,428.67,431.72,422,11/7/2023,,,,,
989.001030620217,LOC,1100000000,1,0,0,0,0,0,399,402.22,408.7,413.15,421.01,399,11/7/2023,,,,,
989.001030620218,RBT,1111000000,0,1,0,0,0,0,450,456,446.29,449.88,446.37,456,11/7/2023,,,,,
989.001030620219,SCN,1000000000,0,0,0,0,0,1,95,102,199,208,279,95,11/7/2023,,,,,
989.001030620220,LOC,1000000000,1,0,0,0,0,0,362,365.67,383.15,388.18,403.77,362,11/7/2023,,,,,
989.001030620221,RBT,1100000000,0,1,0,0,0,0,384,387.4,398.35,403.03,414.02,378,11/5/2024,,,,,
989.001030620222,LOC,1010100000,1,0,0,0,0,0,140,143,237,245.36,305.17,140,11/7/2023,,,,,
989.001030620223,RBC,1000000000,0,0,0,1,0,0,341,344.92,368.65,374.01,393.99,341,11/7/2023,,,,,
989.001030620224,SRN,1100000000,0,0,1,0,0,0,366,369.62,385.92,390.88,405.63,366,11/7/2023,,,,,
989.001030620225,RBT,1011110000,0,1,0,0,0,0,327,327,345,350.9,378.03,327,11/7/2023,,,,,
989.001030620226,SRN,1100000000,0,0,1,0,0,0,367,370.61,386.61,391.56,406.1,367,11/7/2023,,,,,
989.001030620227,LOC,1100000000,1,0,0,0,0,0,360,363.69,381.77,386.83,402.84,360,11/7/2023,,,,,
989.001030620228,LOC,1011100000,1,0,0,0,0,0,273,270,307,313.77,352.39,273,11/7/2023,,,,,
989.001030620229,LOC,1100100000,1,0,0,0,0,0,240,245.15,330,336.24,367.91,240,11/7/2023,,,,,
989.001030620230,LOC,1011010000,1,0,0,0,0,0,173,174,272,279.56,328.78,173,11/7/2023,,,,,
989.001030620231,RBT,1010000000,0,1,0,0,0,0,406,406,411.34,415.73,422.79,406,11/7/2023,,,,,
989.001030620232,LOC,1010000000,1,0,0,0,0,0,361,368,384.78,389.77,404.87,361,11/7/2023,,,,,
989.001030620233,LOC,1000000000,1,0,0,0,0,0,342,345.91,369.34,374.69,394.45,342,11/7/2023,,,,,
989.001030620234,LOC,1001000000,1,0,0,0,0,0,155,157,237.29,245.65,305.37,155,11/7/2023,,,,,
989.001030620235,LOC,1100000000,1,0,0,0,0,0,163,169.08,245.74,253.9,311.06,163,11/7/2023,,,,,
989.001030620236,RBT,1000000000,0,1,0,0,0,0,381,384.44,396.27,401,412.62,381,11/7/2023,,,,,
989.001030620237,SRN,1100000000,0,0,1,0,0,0,426,428.9,427.35,431.37,433.59,426,11/7/2023,,,,,
989.001030620238,LOC,1001000000,1,0,0,0,0,0,201,204,270.15,277.75,327.53,201,11/7/2023,,,,,
989.001030620239,LOC,1000000000,1,0,0,0,0,0,332,336.03,362.44,367.94,389.79,332,11/7/2023,,,,,
989.001030620240,SCN,1000000000,0,0,0,0,0,1,122,129,217,226,292,122,11/7/2023,,,,,
989.001030620241,RBC,1010000000,0,0,0,1,0,0,362,365,382.69,387.72,403.46,362,11/7/2023,,,,,
989.001030620242,RBT,1100000000,0,1,0,0,0,0,399,402.22,408.7,413.15,421.01,399,11/7/2023,,,,,
989.001030620243,SRN,1100000000,0,0,1,0,0,0,438,440.75,435.63,439.47,439.18,438,11/7/2023,,,,,
989.001030620244,LOC,1000000000,1,0,0,0,0,0,391,394.32,403.18,407.75,417.28,391,11/7/2023,,,,,
989.001030620245,SRN,1100000000,0,0,1,0,0,0,362,365.67,383.15,388.18,403.77,362,11/7/2023,,,,,
989.001030620246,LOC,1000000000,1,0,0,0,0,0,378,381.48,394.2,398.98,411.23,378,11/7/2023,,,,,
989.001030620247,LOC,1000000000,1,0,0,0,0,0,150,156.24,236.76,245.13,305,150,11/7/2023,,,,,
989.001030620248,RBT,1110101100,0,1,0,0,0,0,335,340,360,367,389.15,335,11/7/2023,,,,,
989.001030620249,RBC,1000010000,0,0,0,1,0,0,325,329.12,325,331.36,364.54,325,11/7/2023,,,,,
989.001030620250,LOC,1111000000,1,0,0,0,0,0,408,410,414.14,418.46,424.68,408,11/7/2023,,,,,
989.001030620251,SRN,1100000000,0,0,1,0,0,0,396,399.26,406.63,411.13,419.61,396,11/7/2023,,,,,
989.001030620252,SRN,1110000000,0,0,1,0,0,0,350,355,375.7,380.89,398.74,350,11/7/2023,,,,,
989.001030620253,LOC,1001111100,1,0,0,0,0,0,151,155,257,260,315.27,151,11/7/2023,,,,,
989.001030620254,RBC,1100000000,0,0,0,1,0,0,352,355.79,376.25,381.43,399.11,352,11/7/2023,,,,,
989.001030620255,LOC,1000000000,1,0,0,0,0,0,145,151.3,233.31,241.75,302.68,145,11/7/2023,,,,,
989.001030620256,RBT,1100000000,0,1,0,0,0,0,455,457.55,447.37,450.94,447.1,455,11/7/2023,,,,,
989.001030620257,SRN,1100000000,0,0,1,0,0,0,396,399.26,406.63,411.13,419.61,396,11/7/2023,,,,,
989.001030620258,LOC,1000000000,1,0,0,0,0,0,272,276.76,321,327.45,361.84,272,11/7/2023,,,,,
989.001030620259,LOC,1100000000,1,0,0,0,0,0,384,387.4,398.35,403.03,414.02,384,11/7/2023,,,,,
989.001030620260,LOC,1000000000,1,0,0,0,0,0,382,385.43,396.96,401.68,413.09,382,11/7/2023,,,,,
989.001030620261,LOC,1100000010,1,0,0,0,0,0,245,250.09,302.36,309.23,364,245,11/7/2023,,,,,
989.001030620262,RBC,1101000000,0,0,0,1,0,0,249,253,304.4,311.22,350.64,249,11/7/2023,,,,,
989.001030620263,LOC,1011011100,1,0,0,0,0,0,416,417,420,421,426.43,416,11/7/2023,,,,,
989.001030620264,LOC,1100000000,1,0,0,0,0,0,379,382.46,394.89,399.65,411.69,379,11/7/2023,,,,,
989.001030620265,SRN,1100000000,0,0,1,0,0,0,400,403.21,409.39,413.83,421.47,400,11/7/2023,,,,,
989.001030620266,RBC,1110000000,0,0,0,1,0,0,313,320,349.32,355.12,380.94,313,11/7/2023,,,,,
989.001030620267,LOC,1100000000,1,0,0,0,0,0,402,405.19,410.78,415.17,422.41,402,11/7/2023,,,,,
989.001030620268,RBC,1101000000,0,0,0,1,0,0,303,306,341.44,347.42,375.63,303,11/7/2023,,,,,
989.001030620269,RBT,1100000000,0,1,0,0,0,0,141,147.34,230.54,239.05,300.81,141,11/7/2023,,,,,
989.001030620270,RBC,1000000000,0,0,0,1,0,0,294,298.49,336.2,342.3,372.09,294,11/7/2023,,,,,
989.001030620271,LOC,1110101111,1,0,0,0,0,0,282,290,320,328,344,282,11/7/2023,,,,,
989.001030620272,SRN,1000000000,0,0,1,0,0,0,372,375.55,390.06,394.93,408.43,372,11/7/2023,,,,,
989.001030620273,LOC,1100000000,1,0,0,0,0,0,163,169.08,245.74,253.9,311.06,163,11/7/2023,,,,,
989.001030620274,LOC,1111100000,1,0,0,0,0,0,380,380,381,386.08,402.32,381,11/7/2023,,,,,
989.001030620275,RBT,1100100000,0,1,0,0,0,0,330,334.06,354,359.69,384.1,330,11/7/2023,,,,,
989.001030620276,RBT,1000000000,0,1,0,0,0,0,146,152.28,234,242.43,303.14,146,11/7/2023,,,,,
989.001030620277,SRN,1100000000,0,0,1,0,0,0,448,450.63,442.54,446.22,443.84,448,11/7/2023,,,,,
989.001030620278,SRN,1100000000,0,0,1,0,0,0,418,420.99,421.82,425.97,429.86,418,11/7/2023,,,,,
989.001030620279,LOC,1100000000,1,0,0,0,0,0,385,388.39,399.04,403.7,414.49,385,11/7/2023,,,,,
989.001030620280,LOC,1110001100,1,0,0,0,0,0,348,355,375.7,383,400.19,348,11/7/2023,,,,,
989.001030620281,LOC,1100000000,1,0,0,0,0,0,375,378.51,392.13,396.96,409.83,375,11/7/2023,,,,,
989.001030620282,LOC,1000100000,1,0,0,0,0,0,344,347.89,364,369.47,390.85,344,11/7/2023,,,,,
989.001030620283,LOC,1000000000,1,0,0,0,0,0,451,453.59,444.61,448.24,445.23,451,11/7/2023,,,,,
989.001030620284,SRN,1000000000,0,0,1,0,0,0,319,323.19,353.46,359.17,383.74,319,11/7/2023,,,,,
989.001030620285,LOC,1111000000,1,0,0,0,0,0,412,413,416.24,420.51,426.09,422,11/7/2023,,,,,
989.001030620286,RBC,1100000000,0,0,0,1,0,0,313,317.26,349.32,355.12,380.94,313,11/7/2023,,,,,
989.001030620287,LOC,1100000000,1,0,0,0,0,0,301,305.41,341.03,347.02,375.35,301,11/7/2023,,,,,
989.001030620288,LOC,1000000000,1,0,0,0,0,0,315,319.24,350.7,356.47,381.87,315,11/7/2023,,,,,
989.001030620289,LOC,1010000000,1,0,0,0,0,0,306,315,347.74,353.57,379.88,306,11/7/2023,,,,,
989.001030620290,LOC,1111000000,1,0,0,0,0,0,313,322,352.63,358.35,383.18,313,11/7/2023,,,,,
989.001030620291,LOC,1100000000,1,0,0,0,0,0,408,411.11,414.92,419.22,425.2,408,11/7/2023,,,,,
989.001030620292,LOC,1000010000,1,0,0,0,0,0,192,197.73,288,295.2,339.58,192,11/7/2023,,,,,
989.001030620293,LOC,1010101000,1,0,0,0,0,0,257,268,340,359,383.62,257,11/7/2023,,,,,
989.001030620294,LOC,1000000000,1,0,0,0,0,0,394,397.28,405.25,409.78,418.68,394,11/7/2023,,,,,
989.001030620295,LOC,1011001111,1,0,0,0,0,0,241,249,324,326,350,241,11/7/2023,,,,,
989.001030620296,RBT,1000000000,0,1,0,0,0,0,289,293.55,332.74,338.92,369.76,289,11/7/2023,,,,,
989.001030620297,RBT,1100000000,0,1,0,0,0,0,391,394.32,403.18,407.75,417.28,391,11/7/2023,,,,,
989.001030620298,SRN,1100000000,0,0,1,0,0,0,377,380.49,393.51,398.3,410.76,377,11/7/2023,,,,,
989.001030620299,SRN,1100000000,0,0,1,0,0,0,384,387.4,398.35,403.03,414.02,384,11/7/2023,,,,,
989.001030620300,RBC,1000000000,0,0,0,1,0,0,313,317.26,349.32,355.12,380.94,313,11/7/2023,,,,,
989.001030620301,LOC,1111111111,1,0,0,0,0,0,410,412,420,421,435,410,11/7/2023,,,,,
989.001030620302,RBC,1001000000,0,0,0,1,0,0,321,332,359.62,365.18,387.89,321,11/7/2023,,,,,
989.001030620303,LOC,1111100010,1,0,0,0,0,0,362,366,380,385.1,402,362,11/7/2023,,,,,
989.001030620304,LOC,1111000000,1,0,0,0,0,0,285,293,332.36,338.54,369.5,285,11/7/2023,,,,,
989.001030620305,LOC,1101000000,1,0,0,0,0,0,262,276,320.47,326.93,361.48,262,11/7/2023,,,,,
989.001030620306,RBC,1111000000,0,0,0,1,0,0,305,307,342.14,348.11,376.1,307,11/7/2023,,,,,
989.001030620307,SRN,1111000000,0,0,1,0,0,0,423,423,423.23,427.34,430.81,423,11/7/2023,,,,,
989.001030620308,LOC,1000000000,1,0,0,0,0,0,390,393.33,402.49,407.08,416.82,390,11/7/2023,,,,,
989.001030620309,LOC,1000000000,1,0,0,0,0,0,349,352.83,374.18,379.41,397.71,349,11/7/2023,,,,,
989.001030620310,RBT,1100000000,0,1,0,0,0,0,391,394.32,403.18,407.75,417.28,391,11/7/2023,,,,,
989.001030620311,LOC,1100000000,1,0,0,0,0,0,264,268.86,315.48,322.05,358.12,264,11/7/2023,,,,,
989.001030620312,LOC,1000000000,1,0,0,0,0,0,395,398.27,405.94,410.45,419.15,395,11/7/2023,,,,,
989.001030620313,SRN,1100000000,0,0,1,0,0,0,347,350.85,372.8,378.06,396.78,347,11/7/2023,,,,,
989.001030620314,SRN,1100000000,0,0,1,0,0,0,354,357.77,377.63,382.78,400.04,354,11/7/2023,,,,,
989.001030620315,LOC,1100000000,1,0,0,0,0,0,435,437.79,433.56,437.44,437.78,435,11/7/2023,,,,,
989.001030620316,LOC,1111101101,1,0,0,0,0,0,365,367,399,406,421,365,11/7/2023,,,,,
989.001030620318,LOC,1111000000,1,0,0,0,0,0,325,334,361.02,366.55,388.84,325,11/7/2023,,,,,
989.001030620319,SCN,1000000000,0,0,0,0,0,1,109,116,208,217,286,109,11/7/2023,,,,,
989.001030620320,RBT,1110110000,0,1,0,0,0,0,396,396,398,402.69,413.79,396,11/7/2023,,,,,
989.001030620321,RBC,1100000000,0,0,0,1,0,0,356,359.74,379.01,384.13,400.98,356,11/7/2023,,,,,
989.001030620322,LOC,1100000000,1,0,0,0,0,0,398,401.23,408.01,412.48,420.54,398,11/7/2023,,,,,
989.001030620323,RBC,1100000000,0,0,0,1,0,0,257,261.94,310.65,317.33,354.85,257,11/7/2023,,,,,
989.001030620324,RBT,1011001000,0,1,0,0,0,0,388,388,391,395.85,409.06,394,11/7/2023,,,,,
989.001030620325,LOC,1111010110,1,0,0,0,0,0,326,342,379,381,401,326,11/7/2023,,,,,
989.001030620326,SRN,1100000000,0,0,1,0,0,0,354,357.77,377.63,382.78,400.04,354,11/7/2023,,,,,
989.001030620327,RBC,1111000000,0,0,0,1,0,0,269,274,319.08,325.57,360.54,269,11/7/2023,,,,,
989.001030620328,RBT,1100000000,0,1,0,0,0,0,538,539.54,504.69,506.95,485.77,538,11/7/2023,,,,,
989.001030620329,LOC,1000000000,1,0,0,0,0,0,357,360.73,379.7,384.81,401.44,357,11/7/2023,,,,,
989.001030620330,RBC,1111011000,0,0,0,1,0,0,292,295,306,307,347.72,292,11/7/2023,,,,,
989.001030620331,LOC,1100000000,1,0,0,0,0,0,277,281.7,324.46,330.82,364.17,277,11/7/2023,,,,,
989.001030620332,LOC,1000000000,1,0,0,0,0,0,136,142.41,227.09,235.68,298.48,136,11/7/2023,,,,,
989.001030620333,LOC,1100000000,1,0,0,0,0,0,605,605.73,550.96,552.16,516.98,605,11/7/2023,,,,,
989.001030620334,LOC,1100000000,1,0,0,0,0,0,455,457.55,447.37,450.94,447.1,455,11/7/2023,,,,,
989.001030620335,LOC,1000000000,1,0,0,0,0,0,278,282.69,325.15,331.5,364.64,278,11/7/2023,,,,,
989.001030620336,LOC,1011000000,1,0,0,0,0,0,156,158,237.99,246.33,305.84,156,11/7/2023,,,,,
989.001030620337,LOC,1101000000,1,0,0,0,0,0,215,231,289.02,296.19,340.26,215,11/7/2023,,,,,
989.001030620338,LOC,1100000000,1,0,0,0,0,0,339,342.95,367.27,372.66,393.06,339,11/7/2023,,,,,
989.001030620339,LOC,1000000010,1,0,0,0,0,0,366,369.62,385.92,390.88,400,366,11/7/2023,,,,,
989.001030620340,LOC,1100000000,1,0,0,0,0,0,337,340.97,365.89,371.31,392.12,337,11/7/2023,,,,,
989.001030620341,LOC,1000010000,1,0,0,0,0,0,337,340.97,404,408.55,417.84,337,11/7/2023,,,,,
989.001030620342,SRN,1100000000,0,0,1,0,0,0,401,404.2,410.08,414.5,421.94,401,11/7/2023,,,,,
989.001030620343,LOC,1100000000,1,0,0,0,0,0,356,359.74,379.01,384.13,400.98,356,11/7/2023,,,,,
989.001030620344,LOC,1100000000,1,0,0,0,0,0,248,253.05,304.43,311.26,350.66,248,11/7/2023,,,,,
989.001030620345,LOC,1010000000,1,0,0,0,0,0,145,146,229.6,238.13,300.18,145,11/7/2023,,,,,
989.001030620346,RBC,1100000000,0,0,0,1,0,0,282,286.64,327.91,334.2,366.5,282,11/7/2023,,,,,
989.001030620347,RBC,1000000000,0,0,0,1,0,0,314,318.25,350.01,355.79,381.41,314,11/7/2023,,,,,
989.001030620348,LOC,1000000000,1,0,0,0,0,0,405,408.15,412.85,417.2,423.8,405,11/7/2023,,,,,
989.001030620349,LOC,1011000000,1,0,0,0,0,0,265,268,314.88,321.47,357.71,265,11/7/2023,,,,,
989.001030620350,LOC,1110011100,1,0,0,0,0,0,313,323,341,345,373.96,313,11/7/2023,,,,,
989.001030620351,RBT,1100100000,0,1,0,0,0,0,375,378.51,378,383.15,400.29,375,11/7/2023,,,,,
989.001030620352,SRN,1100000000,0,0,1,0,0,0,329,333.07,360.37,365.91,388.4,329,11/7/2023,,,,,
989.001030620353,LOC,1000100000,1,0,0,0,0,0,361,364.68,378,383.15,400.29,361,11/7/2023,,,,,
989.001030620354,SCN,1000000000,0,0,0,0,0,1,84,91,191,201,274,84,11/7/2023,,,,,
989.001030620355,LOC,1001000000,1,0,0,0,0,0,180,190,260.36,268.19,320.93,180,11/7/2023,,,,,
989.001030620356,SRN,1101000000,0,0,1,0,0,0,355,362,380.59,385.68,402.04,362,11/7/2023,,,,,
989.001030620357,RBC,1111000000,0,0,0,1,0,0,302,302,338.65,344.69,373.75,302,11/7/2023,,,,,
989.001030620358,LOC,1100000000,1,0,0,0,0,0,399,402.22,408.7,413.15,421.01,399,11/7/2023,,,,,
989.001030620359,RBC,1100000000,0,0,0,1,0,0,255,259.97,309.27,315.98,353.92,255,11/7/2023,,,,,
989.001030620360,RBT,1000100000,0,1,0,0,0,0,128,134.5,256,263.93,317.99,128,11/7/2023,,,,,
989.001030620361,RBT,1101000000,0,1,0,0,0,0,231,237,293.21,300.29,343.09,231,11/7/2023,,,,,
989.001030620362,RBC,1100000000,0,0,0,1,0,0,303,307.38,342.41,348.37,376.28,303,11/7/2023,,,,,
989.001030620364,LOC,1110101001,1,0,0,0,0,0,236,242,285,296,316,236,11/7/2023,,,,,
989.001030620365,LOC,1011000000,1,0,0,0,0,0,436,439,434.41,438.27,438.35,436,11/7/2023,,,,,
989.001030620366,RBT,1010000000,0,1,0,0,0,0,281,292,331.66,337.86,369.03,281,11/7/2023,,,,,
989.001030620367,SCN,1000000000,0,0,0,0,0,1,75,82,185,195,270,75,11/7/2023,,,,,
989.001030620368,LOC,1100000000,1,0,0,0,0,0,302,306.4,341.72,347.69,375.82,302,11/7/2023,,,,,
989.001030620369,SRN,1100000000,0,0,1,0,0,0,368,371.6,387.3,392.23,406.57,368,11/7/2023,,,,,
989.001030620370,RBC,1100000000,0,0,0,1,0,0,292,296.52,334.82,340.95,371.16,292,11/7/2023,,,,,
989.001030620371,RBC,1111000000,0,0,0,1,0,0,303,305,340.75,346.74,375.16,303,11/7/2023,,,,,
989.001030620372,SRN,1100000000,0,0,1,0,0,0,389,392.34,401.8,406.4,416.35,389,11/7/2023,,,,,
989.001030620373,LOC,1000000000,1,0,0,0,0,0,192,197.73,265.76,273.47,324.57,192,11/7/2023,,,,,
989.001030620374,SRN,1100000000,0,0,1,0,0,0,398,401.23,408.01,412.48,420.54,398,11/7/2023,,,,,
989.001030620376,RBT,1100000000,0,1,0,0,0,0,122,128.57,217.42,226.23,291.96,122,11/7/2023,,,,,
989.001030620377,LOC,1100000000,1,0,0,0,0,0,316,320.23,351.39,357.14,382.34,316,11/7/2023,,,,,
989.001030620378,RBT,1110000000,0,1,0,0,0,0,337,355,375.7,380.89,398.74,337,11/7/2023,,,,,
989.001030620379,RBT,1000000000,0,1,0,0,0,0,287,291.58,331.36,337.57,368.83,287,11/7/2023,,,,,
989.001030620380,SCN,1000000000,0,0,0,0,0,1,116,123,213,222,289,116,11/7/2023,,,,,
989.001030620381,RBT,1011000000,0,1,0,0,0,0,243,248.11,300.98,307.88,348.33,243,11/7/2023,,,,,
989.001030620382,SRN,1111000000,0,0,1,0,0,0,340,341,367.96,373.34,393.52,340,11/7/2023,,,,,
989.001030620383,LOC,1111000000,1,0,0,0,0,0,332,342,366.61,372.01,392.61,332,11/7/2023,,,,,
989.001030620384,RBT,1000000000,0,1,0,0,0,0,295,299.48,336.89,342.97,372.56,295,11/7/2023,,,,,
989.001030620385,RBT,1010000000,0,1,0,0,0,0,374,377.53,391.44,396.28,409.36,374,11/7/2023,,,,,
989.001030620386,RBT,1100000000,0,1,0,0,0,0,324,328.13,356.91,362.54,386.07,324,11/7/2023,,,,,
989.001030620387,LOC,1010000000,1,0,0,0,0,0,405,406,411.34,415.73,422.79,405,11/7/2023,,,,,
989.001030620388,RBC,1010001100,0,0,0,1,0,0,328,331,358.92,339,369.82,328,11/7/2023,,,,,
989.001030620389,SRN,1100000000,0,0,1,0,0,0,396,399.26,406.63,411.13,419.61,396,11/7/2023,,,,,
989.001030620390,RBT,1011000000,0,1,0,0,0,0,174,182,254.77,262.72,317.15,174,11/7/2023,,,,,
989.001030620391,LOC,1000000010,1,0,0,0,0,0,390,393.33,402.49,407.08,481,390,11/7/2023,,,,,
989.001030620392,LOC,1111000000,1,0,0,0,0,0,256,263,311.39,318.05,355.35,256,11/7/2023,,,,,
989.001030620393,RBC,1111000000,0,0,0,1,0,0,305,305,340.75,346.74,375.16,305,11/7/2023,,,,,
989.001030620394,LOC,1000000000,1,0,0,0,0,0,396,399.26,406.63,411.13,419.61,396,11/7/2023,,,,,
989.001030620395,RBT,1000000000,0,1,0,0,0,0,153,159.2,238.83,247.15,306.4,150,11/7/2023,,,,,
989.001030620396,SRN,1000000000,0,0,1,0,0,0,362,365.67,383.15,388.18,403.77,362,11/7/2023,,,,,
989.001030620397,RBT,1000000000,0,1,0,0,0,0,114,120.67,211.9,220.83,288.23,114,11/7/2023,,,,,
989.001030620398,RBC,1100000000,0,0,0,1,0,0,279,283.67,325.84,332.17,365.1,279,11/7/2023,,,,,
989.001030620399,RBC,1000000000,0,0,0,1,0,0,307,311.34,345.17,351.07,378.15,307,11/7/2023,,,,,
989.001030620400,SCN,1001000000,0,0,0,0,0,1,95,97,195,205,277,95,11/7/2023,,,,,
989.001030620401,LOC,1111101100,1,0,0,0,0,0,445,447,482,486,471.3,445,11/7/2023,,,,,
989.001030620402,LOC,1100100000,1,0,0,0,0,0,301,305.41,327,333.31,365.89,301,11/7/2023,,,,,
989.001030620403,LOC,1101000000,1,0,0,0,0,0,354,354,375,380.21,398.27,354,11/7/2023,,,,,
989.001030620404,LOC,1011011111,1,0,0,0,0,0,264,273,316,332,346,264,11/7/2023,,,,,
989.001030620406,LOC,1110000000,1,0,0,0,0,0,185,191,261.06,268.87,321.4,185,11/7/2023,,,,,
989.001030620407,RBT,1100000000,0,1,0,0,0,0,137,143.39,227.78,236.35,298.95,137,11/7/2023,,,,,
989.001030620408,RBT,1100000000,0,1,0,0,0,0,545,546.46,509.52,511.67,489.03,545,11/7/2023,,,,,
989.001030620409,SRN,1100000000,0,0,1,0,0,0,396,399.26,406.63,411.13,419.61,396,11/7/2023,,,,,
989.001030620410,SRN,1100000000,0,0,1,0,0,0,389,392.34,401.8,406.4,416.35,389,11/7/2023,,,,,
989.001030620411,RBC,1100000000,0,0,0,1,0,0,327,331.09,358.98,364.56,387.47,327,11/7/2023,,,,,
989.001030620412,SCN,1000010000,0,0,0,0,0,1,132,138,137,148,238,132,11/7/2023,,,,,
989.001030620413,SRN,1100000000,0,0,1,0,0,0,381,384.44,396.27,401,412.62,381,11/7/2023,,,,,
989.001030620414,SCN,1000000000,0,0,0,0,0,1,89,96,195,204,277,89,11/7/2023,,,,,
989.001030620415,RBT,1010000000,0,1,0,0,0,0,326,331,358.92,364.5,387.42,326,11/7/2023,,,,,
989.001030620416,RBC,1100000000,0,0,0,1,0,0,278,282.69,325.15,331.5,364.64,278,11/7/2023,,,,,
989.001030620417,LOC,1111000011,1,0,0,0,0,0,338,343,367.31,372.7,380,338,11/7/2023,,,,,
989.001030620418,SRN,1011000000,0,0,1,0,0,0,399,401,407.85,412.32,420.43,399,11/7/2023,,,,,
989.001030620419,LOC,1000000000,1,0,0,0,0,0,294,298.49,336.2,342.3,372.09,294,11/7/2023,,,,,
989.001030620420,LOC,1000101111,1,0,0,0,0,0,336,339.99,380,386,415,336,11/7/2023,,,,,
989.001030620421,RBC,1010000000,0,0,0,1,0,0,315,319.24,350.7,356.47,381.87,315,11/7/2023,,,,,
989.001030620422,RBC,1000000000,0,0,0,1,0,0,227,232.3,289.93,297.09,340.88,227,11/7/2023,,,,,
989.001030620423,RBC,1100000011,0,0,0,1,0,0,295,299.48,336.89,342.97,341,295,11/7/2023,,,,,
989.001030620424,RBC,1000000000,0,0,0,1,0,0,303,307.38,342.41,348.37,376.28,303,11/7/2023,,,,,
989.001030620425,RBT,1100000000,0,1,0,0,0,0,392,395.31,403.87,408.43,417.75,392,11/7/2023,,,,,
989.001030620426,RBC,1011000000,0,0,0,1,0,0,294,295,333.76,339.91,370.44,294,11/7/2023,,,,,
989.001030620427,LOC,1011101111,1,0,0,0,0,0,413,414,426,426,431,414,11/7/2023,,,,,
989.001030620428,RBT,1000000000,0,1,0,0,0,0,265,269.84,316.17,322.73,358.58,265,11/7/2023,,,,,
989.001030620429,SCN,1000000000,0,0,0,0,0,1,95,102,199,208,279,95,11/7/2023,,,,,
989.001030620430,RBT,1010100000,0,1,0,0,0,0,326,330,334,340.15,370.61,326,11/7/2023,,,,,
989.001030620431,RBC,1100000000,0,0,0,1,0,0,321,325.17,354.84,360.52,384.67,321,11/7/2023,,,,,
989.001030620432,LOC,1000110000,1,0,0,0,0,0,381,384.44,383,388.03,403.67,381,11/7/2023,,,,,
989.001030620433,RBC,1011000000,0,0,0,1,0,0,247,248,300.9,307.81,348.28,247,11/7/2023,,,,,
989.001030620434,SCN,1000000000,0,0,0,0,0,1,91,98,196,205,278,91,11/7/2023,,,,,
989.001030620435,RBT,1000000000,0,1,0,0,0,0,507,508.92,483.28,486.03,471.32,507,11/7/2023,,,,,
989.001030620436,RBT,1000000000,0,1,0,0,0,0,182,187.85,258.86,266.72,319.91,182,11/7/2023,,,,,
989.001030620437,SCN,1001000000,0,0,0,0,0,1,92,93,193,202,275,92,11/7/2023,,,,,
989.001030620438,RBC,1100000000,0,0,0,1,0,0,338,341.96,366.58,371.99,392.59,338,11/7/2023,,,,,
989.001030620439,LOC,1100000000,1,0,0,0,0,0,268,272.81,318.24,324.75,359.98,268,11/7/2023,,,,,
989.001030620440,RBC,1100000000,0,0,0,1,0,0,336,339.99,365.2,370.64,391.66,336,11/7/2023,,,,,
989.001030620441,SCN,1000000000,0,0,0,0,0,1,84,91,191,201,274,84,11/7/2023,,,,,
989.001030620442,LOC,1110101010,1,0,0,0,0,0,365,365,401,409,418.14,365,11/7/2023,,,,,
989.001030620443,RBC,1000000000,0,0,0,1,0,0,337,340.97,365.89,371.31,392.12,337,11/7/2023,,,,,
989.001030620444,RBT,1010000000,0,1,0,0,0,0,348,351.84,373.49,378.74,397.25,348,11/7/2023,,,,,
989.001030620445,LOC,1100000000,1,0,0,0,0,0,162,168.09,245.05,253.22,310.6,162,11/7/2023,,,,,
989.001030620446,LOC,1000001100,1,0,0,0,0,0,204,209.58,274.05,301,343.58,204,11/7/2023,,,,,
989.001030620447,LOC,1000000000,1,0,0,0,0,0,237,242.18,296.84,303.83,345.54,237,11/7/2023,,,,,
989.001030620448,LOC,1000000010,1,0,0,0,0,0,394,397.28,405.25,409.78,425,394,11/7/2023,,,,,
989.001030620449,RBT,1010000000,0,1,0,0,0,0,316,316,348.43,354.25,380.35,316,11/7/2023,,,,,
989.001030620450,LOC,1111001100,1,0,0,0,0,0,375,376,390.37,390,405.03,375,11/7/2023,,,,,
989.001030620451,LOC,1100010000,1,0,0,0,0,0,373,376.54,381,386.08,402.32,373,11/7/2023,,,,,
989.001030620452,RBC,1100000000,0,0,0,1,0,0,349,352.83,374.18,379.41,397.71,349,11/7/2023,,,,,
989.001030620453,RBT,1100000000,0,1,0,0,0,0,393,396.3,404.56,409.1,418.21,393,11/7/2023,,,,,
989.001030620454,SCN,1000000000,0,0,0,0,0,1,84,91,191,201,274,84,11/7/2023,,,,,
989.001030620455,RBC,1010100000,0,0,0,1,0,0,303,305,311,317.67,355.09,303,11/7/2023,,,,,
989.001030620456,SCN,1100000000,0,0,0,0,0,1,121,128,217,226,291,121,11/7/2023,,,,,
989.001030620457,SCN,1000000000,0,0,0,0,0,1,142,148,231,240,301,142,11/7/2023,,,,,
989.001030620458,RBT,1000000000,0,1,0,0,0,0,306,310.35,344.48,350.39,377.68,306,11/7/2023,,,,,
989.001030620459,LOC,1100000000,1,0,0,0,0,0,337,340.97,365.89,371.31,392.12,337,11/7/2023,,,,,
989.001030620460,LOC,1000000000,1,0,0,0,0,0,445,447.67,440.47,444.19,442.44,445,11/7/2023,,,,,
989.001030620461,RBC,1000000000,0,0,0,1,0,0,276,280.71,323.77,330.15,363.71,276,11/7/2023,,,,,
989.001030620462,RBC,1011011100,0,0,0,1,0,0,318,322,350,356,381.55,318,11/7/2023,,,,,
989.001030620463,RBC,1010000000,0,0,0,1,0,0,306,307,342.14,348.11,376.1,307,11/7/2023,,,,,
989.001030620464,SRN,1000000000,0,0,1,0,0,0,367,370.61,386.61,391.56,406.1,367,11/7/2023,,,,,
989.001030620465,RBT,1010000000,0,1,0,0,0,0,216,220,281.33,288.68,335.08,216,11/7/2023,,,,,
989.001030620466,LOC,1001000000,1,0,0,0,0,0,182,192,261.76,269.55,321.87,182,11/7/2023,,,,,
989.001030620467,LOC,1111101010,1,0,0,0,0,0,316,318,323,326,342,318,11/7/2023,,,,,
989.001030620468,RBT,1010101111,0,1,0,0,0,0,327,331,349,354,361,327,11/7/2023,,,,,
989.001030620469,LOC,1000000000,1,0,0,0,0,0,134,140.43,225.71,234.33,297.55,134,11/7/2023,,,,,
989.001030620470,RBC,1010001001,0,0,0,1,0,0,315,320,351.23,327,361,315,11/7/2023,,,,,
989.001030620471,LOC,1100110000,1,0,0,0,0,0,391,394.32,419,423.21,427.96,391,11/7/2023,,,,,
989.001030620472,SRN,1100000000,0,0,1,0,0,0,388,391.36,401.11,405.73,415.88,388,11/7/2023,,,,,
989.001030620473,LOC,1000000000,1,0,0,0,0,0,172,177.97,251.95,259.97,315.25,172,11/7/2023,,,,,
989.001030620474,SRN,1100000000,0,0,1,0,0,0,347,350.85,372.8,378.06,396.78,347,11/7/2023,,,,,
989.001030620475,SRN,1100000000,0,0,1,0,0,0,386,389.38,399.73,404.38,414.95,386,11/7/2023,,,,,
989.001030620476,RBC,1111000000,0,0,0,1,0,0,290,291,330.96,337.18,368.56,290,11/7/2023,,,,,
989.001030620477,LOC,1101001110,1,0,0,0,0,0,247,253,304.4,327,373,247,11/7/2023,,,,,
989.001030620478,LOC,1110101000,1,0,0,0,0,0,275,280,300,306,347.03,275,11/7/2023,,,,,
989.001030620479,RBT,1110000000,0,1,0,0,0,0,233,234,291.12,298.24,341.68,234,11/7/2023,,,,,
989.001030620480,RBC,1000000000,0,0,0,1,0,0,287,291.58,331.36,337.57,368.83,287,11/7/2023,,,,,
989.001030620481,LOC,1111000000,1,0,0,0,0,0,372,376,390.37,395.24,408.64,372,11/7/2023,,,,,
989.001030620482,RBT,1100000000,0,1,0,0,0,0,126,132.53,220.19,228.93,293.82,126,11/7/2023,,,,,
989.001030620483,RBT,1100000000,0,1,0,0,0,0,152,158.21,238.14,246.48,305.94,152,11/7/2023,,,,,
989.001030620484,LOC,1100000000,1,0,0,0,0,0,569,570.17,526.1,527.87,500.21,569,11/7/2023,,,,,
989.001030620485,LOC,1000100010,1,0,0,0,0,0,371,374.56,376,381.19,391,371,11/7/2023,,,,,
989.001030620486,SRN,1100000000,0,0,1,0,0,0,381,384.44,396.27,401,412.62,381,11/7/2023,,,,,
989.001030620487,RBC,1000000000,0,0,0,1,0,0,298,302.44,338.96,345,373.95,298,11/7/2023,,,,,
989.001030620488,RBC,1010000000,0,0,0,1,0,0,317,320,351.23,356.99,382.23,317,11/7/2023,,,,,
989.001030620489,SRN,1100000000,0,0,1,0,0,0,384,387.4,398.35,403.03,414.02,384,11/7/2023,,,,,
989.001030620490,RBT,1000000000,0,1,0,0,0,0,320,324.18,354.15,359.84,384.2,320,11/7/2023,,,,,
989.001030620491,SCN,1000000000,0,0,0,0,0,1,96,103,199,209,280,96,11/7/2023,,,,,
989.001030620492,RBT,1000000000,0,1,0,0,0,0,170,175.99,250.57,258.62,314.32,170,11/7/2023,,,,,
989.001030620493,RBT,1000000000,0,1,0,0,0,0,372,375.55,390.06,394.93,408.43,372,11/7/2023,,,,,
989.001030620494,LOC,1111100011,1,0,0,0,0,0,258,273,329,335.26,374,258,11/7/2023,,,,,
989.001030620495,RBC,1000000000,0,0,0,1,0,0,291,295.53,334.13,340.27,370.69,291,11/7/2023,,,,,
989.001030620496,RBT,1100000000,0,1,0,0,0,0,303,307.38,342.41,348.37,376.28,303,11/7/2023,,,,,
989.001030620497,RBT,1000000000,0,1,0,0,0,0,314,318.25,350.01,355.79,381.41,314,11/7/2023,,,,,
989.001030620498,RBT,1010110000,0,1,0,0,0,0,138,141,232,240.48,301.79,138,11/7/2023,,,,,
989.001030620499,RBC,1110000000,0,0,0,1,0,0,305,307,342.14,348.11,376.1,307,11/7/2023,,,,,
989.001030620500,LOC,1011101100,1,0,0,0,0,0,295,314,347,358,382.93,295,11/7/2023,,,,,
989.001030620501,LOC,1100000000,1,0,0,0,0,0,401,404.2,410.08,414.5,421.94,401,11/7/2023,,,,,
989.001030620502,LOC,1111001100,1,0,0,0,0,0,373,374,388.98,385,401.57,373,11/7/2023,,,,,
989.001030620503,SRN,1100000000,0,0,1,0,0,0,357,360.73,379.7,384.81,401.44,357,11/7/2023,,,,,
989.001030620504,RBC,1000000000,0,0,0,1,0,0,285,289.6,329.98,336.22,367.9,285,11/7/2023,,,,,
989.001030620505,RBT,1100000000,0,1,0,0,0,0,298,302.44,338.96,345,373.95,298,11/7/2023,,,,,
989.001030620506,SRN,1110000000,0,0,1,0,0,0,372,382,394.57,399.34,411.47,372,11/7/2023,,,,,
989.001030620507,RBT,1000000000,0,1,0,0,0,0,321,325.17,354.84,360.52,384.67,321,11/7/2023,,,,,
989.001030620508,LOC,1001101000,1,0,0,0,0,0,261,273,303,305,346.34,261,11/7/2023,,,,,
989.001030620509,RBC,1110000000,0,0,0,1,0,0,275,276,320.47,326.93,361.48,276,11/7/2023,,,,,
989.001030620510,RBC,1000000000,0,0,0,1,0,0,295,299.48,336.89,342.97,372.56,295,11/7/2023,,,,,
989.001030620511,RBC,1011110000,0,0,0,1,0,0,318,318,320,326.47,361.16,318,11/7/2023,,,,,
989.001030620512,RBT,1100000000,0,1,0,0,0,0,293,297.51,335.51,341.62,371.63,293,11/7/2023,,,,,
989.001030620513,RBT,1010000000,0,1,0,0,0,0,422,426,425.32,429.39,432.22,422,11/7/2023,,,,,
989.001030620514,RBT,1100000000,0,1,0,0,0,0,265,269.84,316.17,322.73,358.58,265,11/7/2023,,,,,
989.001030620515,RBT,1011000000,0,1,0,0,0,0,359,361,379.89,384.99,401.57,359,11/7/2023,,,,,
989.001030620516,RBT,1010000000,0,1,0,0,0,0,329,338,363.81,369.28,390.72,329,11/7/2023,,,,,
989.001030620517,RBC,1010100000,0,0,0,1,0,0,340,340,340,346.01,374.66,340,11/7/2023,,,,,
989.001030620518,RBC,1000000000,0,0,0,1,0,0,305,309.36,343.79,349.72,377.22,305,11/7/2023,,,,,
989.001030620519,RBT,1000000000,0,1,0,0,0,0,317,321.21,352.08,357.82,382.81,317,11/7/2023,,,,,
989.001030620520,RBC,1010000000,0,0,0,1,0,0,303,307,342.14,348.11,376.1,307,11/7/2023,,,,,
989.001030620521,RBC,1011000000,0,0,0,1,0,0,280,284.66,326.53,332.85,365.57,280,11/7/2023,,,,,
989.001030620522,RBT,1100000000,0,1,0,0,0,0,256,260.95,309.96,316.65,354.39,256,11/7/2023,,,,,
989.001030620523,RBT,1100000000,0,1,0,0,0,0,298,302.44,338.96,345,373.95,298,11/7/2023,,,,,
989.001030620524,LOC,1100000000,1,0,0,0,0,0,321,325.17,354.84,360.52,384.67,321,11/7/2023,,,,,
989.001030620526,SRN,1000000000,0,0,1,0,0,0,405,408.15,412.85,417.2,423.8,405,11/7/2023,,,,,
989.001030620527,RBT,1000000000,0,1,0,0,0,0,130,136.48,222.95,231.63,295.69,130,11/7/2023,,,,,
989.001030620528,RBC,1010000000,0,0,0,1,0,0,295,300,337.25,343.33,372.8,300,11/7/2023,,,,,
989.001030620529,LOC,1010000100,1,0,0,0,0,0,502,510,484.04,517,492.71,502,11/7/2023,,,,,
989.001030620530,RBT,1110000000,0,1,0,0,0,0,529,553,514.1,516.14,492.11,529,11/7/2023,,,,,
989.001030620531,RBC,1000000000,0,0,0,1,0,0,298,302.44,338.96,345,373.95,298,11/7/2023,,,,,
989.001030620532,RBC,1000000000,0,0,0,1,0,0,313,317.26,349.32,355.12,380.94,313,11/7/2023,,,,,
989.001030620533,RBC,1100000000,0,0,0,1,0,0,314,318.25,350.01,355.79,381.41,314,11/7/2023,,,,,
989.001030620534,RBT,1100000000,0,1,0,0,0,0,314,318.25,350.01,355.79,381.41,314,11/7/2023,,,,,
989.001030620535,SRN,1100000000,0,0,1,0,0,0,374,377.53,391.44,396.28,409.36,374,11/7/2023,,,,,
989.001030620536,RBC,1111000000,0,0,0,1,0,0,287,289,329.56,335.81,367.61,287,11/7/2023,,,,,
989.001030620537,SRN,1100000000,0,0,1,0,0,0,377,380.49,393.51,398.3,410.76,377,11/7/2023,,,,,
989.001030620538,RBC,1100000000,0,0,0,1,0,0,283,287.63,328.6,334.87,366.97,283,11/7/2023,,,,,
989.001030620539,LOC,1010000010,1,0,0,0,0,0,353,361,379.89,384.99,390,353,11/7/2023,,,,,
989.001030620540,SRN,1100000000,0,0,1,0,0,0,374,377.53,391.44,396.28,409.36,374,11/7/2023,,,,,
989.001030620541,RBT,1000000000,0,1,0,0,0,0,312,316.28,348.63,354.44,380.48,312,11/7/2023,,,,,
989.001030620542,RBT,1100000000,0,1,0,0,0,0,312,316.28,348.63,354.44,380.48,312,11/7/2023,,,,,
989.001030620543,RBT,1011000000,0,1,0,0,0,0,312,317,349.13,354.94,380.82,312,11/7/2023,,,,,
989.001030620544,SRN,1100000000,0,0,1,0,0,0,344,347.89,370.72,376.04,395.39,344,11/7/2023,,,,,
989.001030620545,RBT,1100000000,0,1,0,0,0,0,307,311.34,345.17,351.07,378.15,307,11/7/2023,,,,,
989.001030620546,RBT,1100000000,0,1,0,0,0,0,396,399.26,406.63,411.13,419.61,396,11/7/2023,,,,,
989.001030620547,SCN,1000000000,0,0,0,0,0,1,125,132,219,228,293,125,11/7/2023,,,,,
989.001030620548,RBT,1010000000,0,1,0,0,0,0,133,137,223.31,231.99,295.93,133,11/7/2023,,,,,
989.001030620549,RBC,1000000000,0,0,0,1,0,0,305,309.36,343.79,349.72,377.22,305,11/7/2023,,,,,
989.001030620550,SRN,1011000000,0,0,1,0,0,0,402,404,409.95,414.36,421.85,402,11/7/2023,,,,,
989.001030620551,RBC,1000010000,0,0,0,1,0,0,289,293.55,308,314.74,353.07,289,11/7/2023,,,,,
989.001030620552,LOC,1000000000,1,0,0,0,0,0,176,181.92,254.71,262.67,317.12,176,11/7/2023,,,,,
989.001030620553,LOC,1111100011,1,0,0,0,0,0,311,316,353,358.72,393,311,11/7/2023,,,,,
989.001030620554,RBT,1100000000,0,1,0,0,0,0,303,307.38,342.41,348.37,376.28,303,11/7/2023,,,,,
989.001030620555,SCN,1000000000,0,0,0,0,0,1,91,98,196,205,278,91,11/7/2023,,,,,
989.001030620556,RBT,1001000000,0,1,0,0,0,0,328,334,361.02,366.55,388.84,328,11/7/2023,,,,,
989.001030620557,RBT,1000000000,0,1,0,0,0,0,196,201.68,268.52,276.17,326.44,196,11/7/2023,,,,,
989.001030620558,RBT,1010000000,0,1,0,0,0,0,156,165,242.89,251.11,309.14,156,11/7/2023,,,,,
989.001030620559,RBT,1100000000,0,1,0,0,0,0,283,287.63,328.6,334.87,366.97,283,11/7/2023,,,,,
989.001030620560,RBT,1110000000,0,1,0,0,0,0,240,242,296.71,303.71,345.45,240,11/7/2023,,,,,
989.001030620561,LOC,1000000000,1,0,0,0,0,0,291,295.53,334.13,340.27,370.69,291,11/7/2023,,,,,
989.001030620562,SCN,1001000000,0,0,0,0,0,1,126,132,220,229,294,126,11/7/2023,,,,,
989.001030620563,SCN,1000000000,0,0,0,0,0,1,105,112,206,215,284,105,11/7/2023,,,,,
989.001030620564,LOC,1100000000,1,0,0,0,0,0,270,274.78,319.62,326.1,360.91,270,11/7/2023,,,,,
989.001030620565,RBC,1111100000,0,0,0,1,0,0,229,234,286,293.24,338.23,229,11/7/2023,,,,,
989.001030620566,SCN,1001000000,0,0,0,0,0,1,117,118,210,219,287,117,11/7/2023,,,,,
989.001030620567,LOC,1000000000,1,0,0,0,0,0,437,439.76,434.94,438.79,438.71,437,11/7/2023,,,,,
989.001030620568,RBT,1000000000,0,1,0,0,0,0,113,119.68,211.21,220.16,287.77,113,11/7/2023,,,,,
989.001030620569,RBC,1101000000,0,0,0,1,0,0,281,281,323.97,330.35,363.84,281,11/7/2023,,,,,
989.001030620570,LOC,1010000000,1,0,0,0,0,0,306,311,344.94,350.84,377.99,306,11/7/2023,,,,,
989.001030620571,RBT,1000000000,0,1,0,0,0,0,138,144.38,228.47,237.03,299.41,138,11/7/2023,,,,,
989.001030620572,RBT,1000000000,0,1,0,0,0,0,133,139.44,225.02,233.65,297.08,133,11/7/2023,,,,,
989.001030620573,SRN,1100000000,0,0,1,0,0,0,381,384.44,396.27,401,412.62,381,11/7/2023,,,,,
989.001030620575,RBC,1111000000,0,0,0,1,0,0,288,290,330.26,336.5,368.09,288,11/7/2023,,,,,
989.001030620576,RBC,1110000000,0,0,0,1,0,0,298,300,337.25,343.33,372.8,298,11/7/2023,,,,,
989.001030620577,RBT,1000000000,0,1,0,0,0,0,199,204.64,270.6,278.19,327.83,199,11/7/2023,,,,,
989.001030620578,RBC,1111000000,0,0,0,1,0,0,294,296,334.45,340.59,370.92,294,11/7/2023,,,,,
989.001030620579,RBT,1000000000,0,1,0,0,0,0,123,129.56,218.11,226.91,292.43,123,11/7/2023,,,,,
989.001030620580,RBT,1100000000,0,1,0,0,0,0,322,326.15,355.53,361.19,385.14,322,11/7/2023,,,,,
989.001030620581,RBT,1000000000,0,1,0,0,0,0,253,257.99,307.88,314.63,352.99,253,11/7/2023,,,,,
989.001030620582,LOC,1111101111,1,0,0,0,0,0,424,426,433,434,442,424,11/7/2023,,,,,
989.001030620583,RBT,1000000000,0,1,0,0,0,0,135,141.42,226.4,235,298.02,135,11/7/2023,,,,,
989.001030620584,LOC,1111000000,1,0,0,0,0,0,215,219,280.63,288,334.6,215,11/7/2023,,,,,
989.001030620585,SCN,1001000000,0,0,0,0,0,1,118,122,213,222,289,118,11/7/2023,,,,,
989.001030620586,RBT,1000000000,0,1,0,0,0,0,281,285.65,327.22,333.52,366.04,281,11/7/2023,,,,,
989.001030620587,LOC,1000000000,1,0,0,0,0,0,314,318.25,350.01,355.79,381.41,314,11/7/2023,,,,,
989.001030620588,SCN,1000000000,0,0,0,0,0,1,96,103,199,209,280,96,11/7/2023,,,,,
989.001030620589,SCN,1000000000,0,0,0,0,0,1,145,151,233,242,303,145,11/7/2023,,,,,
989.001030620590,SCN,1000000000,0,0,0,0,0,1,92,99,197,206,278,92,11/7/2023,,,,,
989.001030620591,RBC,1100000000,0,0,0,1,0,0,304,308.37,343.1,349.04,376.75,304,11/7/2023,,,,,
989.001030620592,SRN,1100000000,0,0,1,0,0,0,397,400.25,407.32,411.8,420.08,397,11/7/2023,,,,,
989.001030620593,RBT,1100000000,0,1,0,0,0,0,303,307.38,342.41,348.37,376.28,303,11/7/2023,,,,,
989.001030620594,LOC,1100000000,1,0,0,0,0,0,216,221.44,282.33,289.66,335.75,216,11/7/2023,,,,,
989.001030620595,RBT,1100000000,0,1,0,0,0,0,280,284.66,326.53,332.85,365.57,280,11/7/2023,,,,,
989.001030620596,LOC,1000000000,1,0,0,0,0,0,163,169.08,245.74,253.9,311.06,163,11/7/2023,,,,,
989.001030620597,LOC,1000000000,1,0,0,0,0,0,144,150.31,232.62,241.08,302.21,144,11/7/2023,,,,,
989.001030620598,LOC,1100000000,1,0,0,0,0,0,178,183.9,256.09,264.02,318.05,178,11/7/2023,,,,,
989.001030620599,LOC,1000000000,1,0,0,0,0,0,173,178.96,252.64,260.65,315.72,173,11/7/2023,,,,,
989.001030620600,RBT,1010000000,0,1,0,0,0,0,205,208,272.94,280.48,329.42,205,11/7/2023,,,,,
989.001030620601,SRN,1100000000,0,0,1,0,0,0,490,492.12,471.54,474.56,463.4,490,11/7/2023,,,,,
989.001030620602,SCN,1000000000,0,0,0,0,0,1,134,140,226,234,298,134,11/7/2023,,,,,
989.001030620603,RBT,1110100000,0,1,0,0,0,0,315,315,320,326.47,361.16,315,11/7/2023,,,,,
989.001030620604,SCN,1000000000,0,0,0,0,0,1,95,102,199,208,279,95,11/7/2023,,,,,
989.001030620605,RBT,1100000000,0,1,0,0,0,0,215,220.45,281.64,288.99,335.29,215,11/7/2023,,,,,
989.001030620606,RBT,1000000000,0,1,0,0,0,0,132,138.45,224.33,232.98,296.62,132,11/7/2023,,,,,
989.001030620607,LOC,1011000000,1,0,0,0,0,0,178,185,256.87,264.77,318.57,178,11/7/2023,,,,,
989.001030620608,SRN,1000000000,0,0,1,0,0,0,407,410.13,414.23,418.55,424.74,407,11/7/2023,,,,,
989.001030620609,LOC,1111010011,1,0,0,0,0,0,286,289,317,323.54,325,286,11/7/2023,,,,,
989.001030620610,RBC,1000000000,0,0,0,1,0,0,313,317.26,349.32,355.12,380.94,313,11/7/2023,,,,,
989.001030620611,RBC,1111000000,0,0,0,1,0,0,276,284,326.07,332.4,365.26,276,11/7/2023,,,,,
989.001030620612,RBT,1111000000,0,1,0,0,0,0,305,306,341.44,347.42,375.63,305,11/7/2023,,,,,
989.001030620613,RBT,1000000000,0,1,0,0,0,0,120,126.6,216.04,224.88,291.03,120,11/7/2023,,,,,
989.001030620614,LOC,1100111100,1,0,0,0,0,0,364,367.65,369,371,391.91,364,11/7/2023,,,,,
989.001030620615,LOC,1010010010,1,0,0,0,0,0,275,290,333,339.17,355,275,11/7/2023,,,,,
989.001030620616,RBC,1000000000,0,0,0,1,0,0,296,300.47,337.58,343.65,373.02,296,11/7/2023,,,,,
989.001030620617,RBT,1010000000,0,1,0,0,0,0,134,140,225.41,234.04,297.35,134,11/7/2023,,,,,
989.001030620618,RBC,1011000000,0,0,0,1,0,0,240,241,296.01,303.02,344.98,240,11/7/2023,,,,,
989.001030620619,LOC,1000000000,1,0,0,0,0,0,138,144.38,228.47,237.03,299.41,138,11/7/2023,,,,,
989.001030620620,LOC,1000000000,1,0,0,0,0,0,117,123.63,213.97,222.86,289.63,117,11/7/2023,,,,,
989.001030620621,SRN,1100000000,0,0,1,0,0,0,369,372.59,387.99,392.91,407.03,369,11/7/2023,,,,,
989.001030620622,LOC,1000100000,1,0,0,0,0,0,388,391.36,395,399.76,411.76,388,11/7/2023,,,,,
989.001030620623,LOC,1110111111,1,0,0,0,0,0,440,442,444,446,454,450,11/7/2023,,,,,
989.001030620624,RBC,1011000000,0,0,0,1,0,0,323,325,354.73,360.4,384.59,325,11/7/2023,,,,,
989.001030620625,LOC,1100000000,1,0,0,0,0,0,246,251.07,303.05,309.91,349.73,246,11/7/2023,,,,,
989.001030620626,SCN,1000000000,0,0,0,0,0,1,95,102,199,208,279,95,11/7/2023,,,,,
989.001030620627,RBT,1000000000,0,1,0,0,0,0,141,147.34,230.54,239.05,300.81,141,11/7/2023,,,,,
989.001030620628,LOC,1010001110,1,0,0,0,0,0,324,331,358.92,364,371,324,11/7/2023,,,,,
989.001030620629,RBT,1011000000,0,1,0,0,0,0,327,329,357.52,363.13,386.48,327,11/7/2023,,,,,
989.001030620631,RBC,1000000000,0,0,0,1,0,0,295,299.48,336.89,342.97,372.56,295,11/7/2023,,,,,
989.001030620632,RBT,1000000000,0,1,0,0,0,0,146,152.28,234,242.43,303.14,146,11/7/2023,,,,,
989.001030620633,RBC,1111000000,0,0,0,1,0,0,325,325,354.73,360.4,384.59,325,11/7/2023,,,,,
989.001030620634,SCN,1000000000,0,0,0,0,0,1,123,130,218,227,292,123,11/7/2023,,,,,
989.001030620635,LOC,1010000000,1,0,0,0,0,0,403,405,410.65,415.05,422.32,403,11/7/2023,,,,,
989.001030620636,RBC,1000000000,0,0,0,1,0,0,300,304.42,340.34,346.35,374.89,300,11/7/2023,,,,,
989.001030620637,LOC,1011000000,1,0,0,0,0,0,107,109,203.74,212.86,282.73,107,11/7/2023,,,,,
989.001030620638,RBC,1000000000,0,0,0,1,0,0,294,298.49,336.2,342.3,372.09,294,11/7/2023,,,,,
989.001030620639,SCN,1000000000,0,0,0,0,0,1,98,105,201,210,281,98,11/7/2023,,,,,
989.001030620640,RBC,1010000011,0,0,0,1,0,0,327,335,361.72,367.23,375,327,11/7/2023,,,,,
989.001030620641,SCN,1000000000,0,0,0,0,0,1,83,90,190,200,274,83,11/7/2023,,,,,
989.001030620642,LOC,1000000000,1,0,0,0,0,0,392,395.31,403.87,408.43,417.75,392,11/7/2023,,,,,
989.001030620643,RBT,1100000000,0,1,0,0,0,0,153,159.2,238.83,247.15,306.4,153,11/7/2023,,,,,
989.001030620644,RBT,1001000000,0,1,0,0,0,0,350,357,377.09,382.26,399.68,350,11/7/2023,,,,,
989.001030620645,LOC,1000000000,1,0,0,0,0,0,252,257,307.19,313.95,352.52,252,11/7/2023,,,,,
989.001030620646,LOC,1101000000,1,0,0,0,0,0,208,210,274.34,281.85,330.36,208,11/7/2023,,,,,
989.001030620647,RBT,1010000000,0,1,0,0,0,0,368,371,386.88,391.82,406.28,368,11/7/2023,,,,,
989.001030620648,SCN,1000000000,0,0,0,0,0,1,92,99,197,206,278,92,11/7/2023,,,,,
989.001030620649,SCN,1000000000,0,0,0,0,0,1,87,94,193,203,276,87,11/7/2023,,,,,
989.001030620650,RBT,1100000000,0,1,0,0,0,0,117,123.63,213.97,222.86,289.63,117,11/7/2023,,,,,
989.001030620651,LOC,1111000000,1,0,0,0,0,0,277,283,325.37,331.71,364.79,283,11/7/2023,,,,,
989.001030620653,LOC,1010111100,1,0,0,0,0,0,405,407,421,425,429.19,405,11/7/2023,,,,,
989.001030620654,RBT,1100000000,0,1,0,0,0,0,238,243.17,297.53,304.51,346,238,11/7/2023,,,,,
989.001030620655,LOC,1111010000,1,0,0,0,0,0,356,362,368,373.37,393.55,356,11/7/2023,,,,,
989.001030620656,LOC,1100001010,1,0,0,0,0,0,138,144.38,228.47,235,315,138,11/7/2023,,,,,
989.001030620657,LOC,1000000000,1,0,0,0,0,0,147,153.27,234.69,243.1,303.61,147,11/7/2023,,,,,
989.001030620658,RBT,1111000000,0,1,0,0,0,0,306,307,342.14,348.11,376.1,306,11/7/2023,,,,,
989.001030620659,RBT,1111000000,0,1,0,0,0,0,289,290,330.26,336.5,368.09,289,11/7/2023,,,,,
989.001030620660,RBT,1000000000,0,1,0,0,0,0,313,317.26,349.32,355.12,380.94,313,11/7/2023,,,,,
989.001030620661,LOC,0100000000,1,0,0,0,0,0,307,311.34,345.17,351.07,378.15,307,11/9/2023,,,,,
989.001030620662,LOC,1011101111,1,0,0,0,0,0,447,450,457,457,462,447,11/7/2023,,,,,
989.001030620663,RBT,1000000000,0,1,0,0,0,0,163,169.08,245.74,253.9,311.06,163,11/9/2023,,,,,
989.001030620664,LOC,0111001100,1,0,0,0,0,0,360,367,384.08,405,415.38,360,11/9/2023,,,,,
989.001030620665,RBT,0100000000,0,1,0,0,0,0,236,241.2,296.15,303.16,345.07,236,11/9/2023,,,,,
989.001030620666,LOC,0100000000,1,0,0,0,0,0,132,138.45,224.33,232.98,296.62,132,11/9/2023,,,,,
989.001030620667,LOC,0110011110,1,0,0,0,0,0,293,300,350,354,391,293,11/9/2023,,,,,
989.001030620668,LOC,0100000010,1,0,0,0,0,0,414,417.04,419.06,423.27,436,414,11/9/2023,,,,,
989.001030620669,LOC,0111000000,1,0,0,0,0,0,198,216,278.53,285.95,333.19,198,11/9/2023,,,,,
989.001030620670,SRN,0100000000,0,0,1,0,0,0,378,381.48,394.2,398.98,411.23,378,11/9/2023,,,,,
989.001030620671,SRN,0111000000,0,0,1,0,0,0,382,385,396.67,401.39,412.89,385,11/9/2023,,,,,
989.001030620672,SCN,0100000000,0,0,0,0,0,1,94,101,198,207,279,94,11/9/2023,,,,,
989.001030620673,SRN,1000000000,0,0,1,0,0,0,433,435.81,432.18,436.09,436.85,433,11/7/2023,,,,,
989.001030620674,LOC,0100000000,1,0,0,0,0,0,178,183.9,256.09,264.02,318.05,178,11/9/2023,,,,,
989.001030620675,RBT,0100000000,0,1,0,0,0,0,250,255.03,305.81,312.61,351.59,250,11/9/2023,,,,,
989.001030620676,LOC,0100000000,1,0,0,0,0,0,172,177.97,251.95,259.97,315.25,172,11/9/2023,,,,,
989.001030620677,SRN,0100000000,0,0,1,0,0,0,394,397.28,405.25,409.78,418.68,394,11/9/2023,,,,,
989.001030620678,LOC,0100001001,1,0,0,0,0,0,159,165.13,242.97,267,380,159,11/9/2023,,,,,
989.001030620679,RBT,0100000000,0,1,0,0,0,0,298,302.44,338.96,345,373.95,298,11/9/2023,,,,,
989.001030620680,RBT,1100000000,0,1,0,0,0,0,121,121,212.13,221.06,288.39,121,11/7/2023,,,,,
989.001030620681,SCN,0100000000,0,0,0,0,0,1,146,152,234,242,303,146,11/9/2023,,,,,
989.001030620682,RBT,1000000000,0,1,0,0,0,0,285,289.6,329.98,336.22,367.9,285,11/7/2023,,,,,
989.001030620683,LOC,0100000000,1,0,0,0,0,0,168,174.02,249.19,257.27,313.39,168,11/9/2023,,,,,
989.001030620684,LOC,0100101100,1,0,0,0,0,0,411,414.08,456,456,450.59,411,11/9/2023,,,,,
989.001030620685,LOC,0100000000,1,0,0,0,0,0,166,172.04,247.81,255.92,312.46,166,11/9/2023,,,,,
989.001030620686,LOC,0100000000,1,0,0,0,0,0,139,145.37,229.16,237.7,299.88,139,11/9/2023,,,,,
989.001030620687,RBT,0111000000,0,1,0,0,0,0,120,122,212.83,221.74,288.86,120,11/9/2023,,,,,
989.001030620688,SRN,0100000000,0,0,1,0,0,0,533,534.6,501.24,503.57,483.44,533,11/9/2023,,,,,
989.001030620689,LOC,0100000000,1,0,0,0,0,0,152,158.21,238.14,246.48,305.94,152,11/9/2023,,,,,
989.001030620690,LOC,0100000000,1,0,0,0,0,0,254,258.98,308.58,315.3,353.46,254,11/9/2023,,,,,
989.001030620691,LOC,0111100000,1,0,0,0,0,0,185,192,259,266.86,320.01,185,11/9/2023,,,,,
989.001030620692,RBT,0110000000,0,1,0,0,0,0,365,367,384.08,389.09,404.4,365,11/9/2023,,,,,
989.001030620693,SRN,0100000000,0,0,1,0,0,0,375,378.51,392.13,396.96,409.83,375,11/9/2023,,,,,
989.001030620694,SRN,0100000000,0,0,1,0,0,0,474,476.32,460.49,463.76,455.95,474,11/9/2023,,,,,
989.001030620695,RBT,0100000000,0,1,0,0,0,0,405,408.15,412.85,417.2,423.8,405,11/9/2023,,,,,
989.001030620696,LOC,0101000000,1,0,0,0,0,0,159,165,242.89,251.11,309.14,159,11/9/2023,,,,,
989.001030620697,RBT,1110000000,0,1,0,0,0,0,279,282,324.67,331.03,364.31,279,11/7/2023,,,,,
989.001030620698,LOC,0100000000,1,0,0,0,0,0,253,257.99,307.88,314.63,352.99,253,11/9/2023,,,,,
989.001030620700,LOC,0100000000,1,0,0,0,0,0,331,335.05,361.75,367.26,389.33,331,11/9/2023,,,,,
989.001030620701,LOC,0100000000,1,0,0,0,0,0,358,361.72,380.39,385.48,401.91,358,11/9/2023,,,,,
989.001030620702,RBC,0100011100,0,0,0,1,0,0,304,308.37,321,323,358.77,304,11/9/2023,,,,,
989.001030620703,SCN,0110000000,0,0,0,0,0,1,97,101,198,207,279,101,11/9/2023,,,,,
989.001030620704,RBC,0101000000,0,0,0,1,0,0,306,315,347.74,353.57,379.88,306,11/9/2023,,,,,
989.001030620705,RBT,1100000000,0,1,0,0,0,0,185,190.81,260.93,268.74,321.31,185,11/7/2023,,,,,
989.001030620706,LOC,0100100000,1,0,0,0,0,0,246,251.07,310,316.7,354.42,246,11/9/2023,,,,,
989.001030620707,RBT,1001000000,0,1,0,0,0,0,183,188,258.96,266.82,319.98,183,11/7/2023,,,,,
989.001030620708,RBT,1111000000,0,1,0,0,0,0,314,318,349.83,355.62,381.29,314,11/7/2023,,,,,
989.001030620709,RBT,0110011000,0,1,0,0,0,0,395,398,400,400,411.93,398,11/9/2023,,,,,
989.001030620710,SRN,0100000000,0,0,1,0,0,0,368,371.6,387.3,392.23,406.57,368,11/9/2023,,,,,
989.001030620711,SRN,0100000000,0,0,1,0,0,0,381,384.44,396.27,401,412.62,381,11/9/2023,,,,,
989.001030620712,RBT,1100000000,0,1,0,0,0,0,295,299.48,336.89,342.97,372.56,295,11/7/2023,,,,,
989.001030620713,RBT,0100000000,0,1,0,0,0,0,317,321.21,352.08,357.82,382.81,317,11/9/2023,,,,,
989.001030620714,SCN,0100000000,0,0,0,0,0,1,137,143,228,236,299,137,11/9/2023,,,,,
989.001030620715,SRN,0100000000,0,0,1,0,0,0,396,399.26,406.63,411.13,419.61,396,11/9/2023,,,,,
989.001030620716,SRN,0100000000,0,0,1,0,0,0,357,360.73,379.7,384.81,401.44,357,11/9/2023,,,,,
989.001030620717,RBT,1100000000,0,1,0,0,0,0,298,302.44,338.96,345,373.95,298,11/7/2023,,,,,
989.001030620718,RBT,1000000000,0,1,0,0,0,0,104,110.79,204.99,214.08,283.57,104,11/7/2023,,,,,
989.001030620719,LOC,0110000000,1,0,0,0,0,0,186,195,263.86,271.6,323.29,186,11/9/2023,,,,,
989.001030620720,LOC,0100000000,1,0,0,0,0,0,366,369.62,385.92,390.88,405.63,366,11/9/2023,,,,,
989.001030620721,RBT,0110000000,0,1,0,0,0,0,369,369,385.48,390.46,405.34,369,11/9/2023,,,,,
989.001030620722,RBT,0111000000,0,1,0,0,0,0,317,371,386.88,391.82,406.28,317,11/9/2023,,,,,
989.001030620723,RBT,0111000000,0,1,0,0,0,0,430,435,431.62,435.54,436.47,430,11/9/2023,,,,,
989.001030620724,LOC,0100000000,1,0,0,0,0,0,459,461.5,450.14,453.64,448.96,459,11/9/2023,,,,,
989.001030620725,LOC,0100000000,1,0,0,0,0,0,144,150.31,232.62,241.08,302.21,144,11/9/2023,,,,,
989.001030620726,SRN,0100000000,0,0,1,0,0,0,480,482.24,464.64,467.81,458.75,480,11/9/2023,,,,,
989.001030620727,RBT,1100000000,0,1,0,0,0,0,224,229.34,287.86,295.06,339.48,224,11/7/2023,,,,,
989.001030620728,RBC,1110000000,0,0,0,1,0,0,322,325,354.73,360.4,384.59,322,11/7/2023,,,,,
989.001030620729,LOC,0100000000,1,0,0,0,0,0,378,381.48,394.2,398.98,411.23,378,11/9/2023,,,,,
989.001030620730,RBC,1111000000,0,0,0,1,0,0,311,312,345.64,351.52,378.46,311,11/7/2023,,,,,
989.001030620731,LOC,0100000000,1,0,0,0,0,0,392,395.31,403.87,408.43,417.75,392,11/9/2023,,,,,
989.001030620732,SRN,0100000000,0,0,1,0,0,0,398,401.23,408.01,412.48,420.54,398,11/9/2023,,,,,
989.001030620733,LOC,1000000000,1,0,0,0,0,0,171,176.98,251.26,259.3,314.79,171,11/7/2023,,,,,
989.001030620734,RBT,0100000000,0,1,0,0,0,0,249,254.04,305.12,311.93,351.13,249,11/9/2023,,,,,
989.001030620735,LOC,1111101100,1,0,0,0,0,0,295,317,365,374,393.98,295,11/7/2023,,,,,
989.001030620736,RBC,1110110000,0,0,0,1,0,0,295,295,299,305.95,347,295,11/7/2023,,,,,
989.001030620737,LOC,0111000000,1,0,0,0,0,0,442,442,436.51,440.32,439.77,442,11/9/2023,,,,,
989.001030620738,RBT,1011000000,0,1,0,0,0,0,301,301,337.95,344.01,373.27,301,11/7/2023,,,,,
989.001030620739,SRN,0100000000,0,0,1,0,0,0,434,436.8,432.87,436.77,437.31,434,11/9/2023,,,,,
989.001030620740,RBT,1100000000,0,1,0,0,0,0,312,316.28,348.63,354.44,380.48,312,11/7/2023,,,,,
989.001030620741,RBC,1110000000,0,0,0,1,0,0,302,304,340.05,346.06,374.69,302,11/7/2023,,,,,
989.001030620742,LOC,0100000000,1,0,0,0,0,0,179,184.88,256.78,264.69,318.52,179,11/9/2023,,,,,
989.001030620743,RBT,1000000000,0,1,0,0,0,0,110,116.72,209.14,218.13,286.37,110,11/7/2023,,,,,
989.001030620744,LOC,0100000000,1,0,0,0,0,0,260,264.9,312.72,319.35,356.25,260,11/9/2023,,,,,
989.001030620745,RBT,1100000000,0,1,0,0,0,0,264,268.86,315.48,322.05,358.12,264,11/7/2023,,,,,
989.001030620746,RBT,0100000000,0,1,0,0,0,0,309,313.31,346.55,352.42,379.08,309,11/9/2023,,,,,
989.001030620747,RBT,1000000000,0,1,0,0,0,0,125,131.54,219.5,228.26,293.36,125,11/7/2023,,,,,
989.001030620748,SRN,0100000000,0,0,1,0,0,0,381,384.44,396.27,401,412.62,381,11/9/2023,,,,,
989.001030620749,SCN,1001000000,0,0,0,0,0,1,130,130,218,227,293,130,11/7/2023,,,,,
989.001030620750,SRN,0100000000,0,0,1,0,0,0,418,420.99,421.82,425.97,429.86,418,11/9/2023,,,,,
989.001030620751,LOC,0110010000,1,0,0,0,0,0,187,197,300,306.93,347.67,187,11/9/2023,,,,,
989.001030620752,LOC,0110010000,1,0,0,0,0,0,158,158,342,347.97,376.01,158,11/9/2023,,,,,
989.001030620753,LOC,1000000000,1,0,0,0,0,0,392,395.31,403.87,408.43,417.75,392,11/7/2023,,,,,
989.001030620754,RBT,1101000000,0,1,0,0,0,0,198,202,268.75,276.39,326.59,198,11/7/2023,,,,,
989.001030620755,RBT,1100000000,0,1,0,0,0,0,295,299.48,336.89,342.97,372.56,295,11/7/2023,,,,,
989.001030620756,RBT,1000000000,0,1,0,0,0,0,124,130.55,218.8,227.58,292.89,124,11/7/2023,,,,,
989.001030620757,LOC,0111100100,1,0,0,0,0,0,427,433,443,444,442.31,427,11/9/2023,,,,,
989.001030620758,RBC,1111000000,0,0,0,1,0,0,269,297,335.15,341.28,371.39,296,11/7/2023,,,,,
989.001030620759,LOC,0100000000,1,0,0,0,0,0,202,207.61,272.67,280.22,329.23,202,11/9/2023,,,,,
989.001030620760,LOC,0111000000,1,0,0,0,0,0,429,430,428.12,432.12,434.11,429,11/9/2023,,,,,
989.001030620761,SCN,1000000000,0,0,0,0,0,1,87,94,193,203,276,87,11/7/2023,,,,,
989.001030620762,RBC,1110000000,0,0,0,1,0,0,305,310,344.24,350.16,377.52,305,11/7/2023,,,,,
989.001030620763,RBT,1100000000,0,1,0,0,0,0,309,313.31,346.55,352.42,379.08,309,11/7/2023,,,,,
989.001030620764,LOC,1100000000,1,0,0,0,0,0,295,299.48,336.89,342.97,372.56,295,11/7/2023,,,,,
989.001030620765,RBT,1001000000,0,1,0,0,0,0,126,133,220.52,229.25,294.05,126,11/7/2023,,,,,
989.001030620766,RBT,1000000000,0,1,0,0,0,0,196,201.68,268.52,276.17,326.44,196,11/7/2023,,,,,
989.001030620767,RBT,1100000000,0,1,0,0,0,0,270,274.78,319.62,326.1,360.91,270,11/7/2023,,,,,
989.001030620768,RBT,1100000000,0,1,0,0,0,0,316,320.23,351.39,357.14,382.34,316,11/7/2023,,,,,
989.001030620769,RBC,1010000000,0,0,0,1,0,0,314,314,347.04,352.89,379.4,314,11/7/2023,,,,,
989.001030620770,RBT,1000000000,0,1,0,0,0,0,301,305.41,341.03,347.02,375.35,301,11/7/2023,,,,,
989.001030620771,RBT,1110000000,0,1,0,0,0,0,376,384,395.97,400.7,412.42,376,11/7/2023,,,,,
989.001030620773,SCN,1000000000,0,0,0,0,0,1,95,102,199,208,279,95,11/7/2023,,,,,
989.001030620774,LOC,1110101000,1,0,0,0,0,0,368,368,377,380,398.12,368,11/7/2023,,,,,
989.001030620775,RBT,1100000000,0,1,0,0,0,0,187,192.79,262.31,270.09,322.24,187,11/7/2023,,,,,
989.001030620776,RBC,1110000000,0,0,0,1,0,0,314,315,347.74,353.57,379.88,315,11/7/2023,,,,,
989.001030620777,RBT,1111000000,0,1,0,0,0,0,321,325,354.73,360.4,384.59,321,11/7/2023,,,,,
989.001030620778,RBC,1110000000,0,0,0,1,0,0,294,302,338.65,344.69,373.75,294,11/7/2023,,,,,
989.001030620779,RBC,1110000000,0,0,0,1,0,0,291,291,330.96,337.18,368.56,291,11/7/2023,,,,,
989.001030620780,RBT,1000000000,0,1,0,0,0,0,287,291.58,331.36,337.57,368.83,287,11/7/2023,,,,,
989.001030620781,RBC,1110000000,0,0,0,1,0,0,310,314,347.04,352.89,379.4,310,11/7/2023,,,,,
989.001030620782,LOC,1000101100,1,0,0,0,0,0,413,416.05,426,428,431.26,413,11/7/2023,,,,,
989.001030620783,RBT,1100000000,0,1,0,0,0,0,298,302.44,338.96,345,373.95,298,11/7/2023,,,,,
989.001030620784,RBT,1100000000,0,1,0,0,0,0,269,273.8,318.93,325.43,360.44,269,11/7/2023,,,,,
989.001030620785,SRN,1100000000,0,0,1,0,0,0,394,397.28,405.25,409.78,418.68,394,11/7/2023,,,,,
989.001030620786,RBT,1111000000,0,1,0,0,0,0,313,313,346.34,352.21,378.93,313,11/7/2023,,,,,
989.001030620787,RBT,1100000000,0,1,0,0,0,0,325,329.12,357.6,363.22,386.53,325,11/7/2023,,,,,
989.001030620788,SCN,1000000000,0,0,0,0,0,1,100,107,202,211,282,100,11/7/2023,,,,,
989.001030620789,RBC,1110000000,0,0,0,1,0,0,305,305,340.75,346.74,375.16,305,11/7/2023,,,,,
989.001030620790,RBC,1101100000,0,0,0,1,0,0,265,276,330,336.24,367.91,265,11/7/2023,,,,,
989.001030620791,RBC,1011000000,0,0,0,1,0,0,297,299,336.55,342.64,372.33,297,11/7/2023,,,,,
989.001030620792,RBT,1000000000,0,1,0,0,0,0,274,278.74,322.39,328.8,362.77,274,11/7/2023,,,,,
989.001030620793,RBT,1100000000,0,1,0,0,0,0,303,307.38,342.41,348.37,376.28,303,11/7/2023,,,,,
989.001030620794,LOC,1110000000,1,0,0,0,0,0,407,407,412.04,416.41,423.26,407,11/7/2023,,,,,
989.001030620795,RBT,1010000000,0,1,0,0,0,0,185,185,256.87,264.77,318.57,185,11/7/2023,,,,,
989.001030620796,RBT,1100000000,0,1,0,0,0,0,298,302.44,338.96,345,373.95,298,11/7/2023,,,,,
989.001030620797,RBT,1000000000,0,1,0,0,0,0,125,131.54,219.5,228.26,293.36,125,11/7/2023,,,,,
989.001030620798,RBC,1111000000,0,0,0,1,0,0,281,284,326.07,332.4,365.26,281,11/7/2023,,,,,
989.001030620799,RBT,1100000000,0,1,0,0,0,0,331,335.05,361.75,367.26,389.33,331,11/7/2023,,,,,
989.001030620800,RBT,1100000000,0,1,0,0,0,0,323,327.14,356.22,361.87,385.6,323,11/7/2023,,,,,
989.001030620801,LOC,1110110000,1,0,0,0,0,0,115,121,237,245.36,305.17,115,11/7/2023,,,,,
989.001030620802,RBT,1000000000,0,1,0,0,0,0,126,132.53,220.19,228.93,293.82,126,11/7/2023,,,,,
989.001030620803,RBT,1100000000,0,1,0,0,0,0,129,135.49,222.26,230.95,295.22,129,11/7/2023,,,,,
989.001030620804,RBT,1100000000,0,1,0,0,0,0,317,321.21,352.08,357.82,382.81,317,11/7/2023,,,,,
989.001030620805,RBT,1100000000,0,1,0,0,0,0,267,271.82,317.55,324.08,359.51,267,11/7/2023,,,,,
989.001030620806,LOC,1000010000,1,0,0,0,0,0,434,436.8,445,448.62,445.5,434,11/7/2023,,,,,
989.001030620807,RBT,1000000000,0,1,0,0,0,0,310,314.3,347.25,353.09,379.55,310,11/7/2023,,,,,
989.001030620808,LOC,1000000000,1,0,0,0,0,0,146,152.28,234,242.43,303.14,146,11/7/2023,,,,,
989.001030620809,RBT,1100000000,0,1,0,0,0,0,302,306.4,341.72,347.69,375.82,302,11/7/2023,,,,,
989.001030620810,RBT,1000000000,0,1,0,0,0,0,135,141.42,226.4,235,298.02,135,11/7/2023,,,,,
989.001030620811,SCN,1000000000,0,0,0,0,0,1,120,127,216,225,291,120,11/7/2023,,,,,
989.001030620812,RBT,1000000000,0,1,0,0,0,0,104,110.79,204.99,214.08,283.57,104,11/7/2023,,,,,
989.001030620813,RBT,1100000000,0,1,0,0,0,0,331,335.05,361.75,367.26,389.33,331,11/7/2023,,,,,
989.001030620814,RBT,1100000000,0,1,0,0,0,0,218,223.41,283.72,291.01,336.68,218,11/7/2023,,,,,
989.001030620815,RBC,1111000000,0,0,0,1,0,0,304,305,340.75,346.74,375.16,305,11/7/2023,,,,,
989.001030620816,RBT,1010000000,0,1,0,0,0,0,299,300,337.25,343.33,372.8,299,11/7/2023,,,,,
989.001030620817,RBT,1110000000,0,1,0,0,0,0,355,355,375.7,380.89,398.74,355,11/7/2023,,,,,
989.001030620818,LOC,1100000000,1,0,0,0,0,0,362,365.67,383.15,388.18,403.77,362,11/7/2023,,,,,
989.001030620819,SCN,1000000000,0,0,0,0,0,1,101,108,203,212,282,101,11/7/2023,,,,,
989.001030620820,RBT,1100000000,0,1,0,0,0,0,283,287.63,328.6,334.87,366.97,283,11/7/2023,,,,,
989.001030620821,RBT,1100000000,0,1,0,0,0,0,275,279.72,323.08,329.48,363.24,275,11/7/2023,,,,,
989.001030620822,RBC,1110000000,0,0,0,1,0,0,281,284,326.07,332.4,365.26,281,11/7/2023,,,,,
989.001030620823,RBC,1111000000,0,0,0,1,0,0,295,296,334.45,340.59,370.92,296,11/7/2023,,,,,
989.001030620824,RBC,1101000000,0,0,0,1,0,0,295,295,333.76,339.91,370.44,295,11/7/2023,,,,,
989.001030620825,SRN,1110000000,0,0,1,0,0,0,415,423,423.23,427.34,430.81,423,11/7/2023,,,,,
989.001030620826,RBT,1000000000,0,1,0,0,0,0,220,225.39,285.1,292.36,337.62,220,11/7/2023,,,,,
989.001030620827,RBT,1000000000,0,1,0,0,0,0,255,259.97,309.27,315.98,353.92,255,11/7/2023,,,,,
989.001030620828,RBT,1101000000,0,1,0,0,0,0,167,175,249.88,257.94,313.85,167,11/7/2023,,,,,
989.001030620829,RBT,1100000000,0,1,0,0,0,0,306,310.35,344.48,350.39,377.68,306,11/7/2023,,,,,
989.001030620830,RBC,1011000000,0,0,0,1,0,0,251,252,303.7,310.54,350.17,251,11/7/2023,,,,,
989.001030620831,LOC,1110011100,1,0,0,0,0,0,461,466,453.28,468,458.88,461,11/7/2023,,,,,
989.001030620832,LOC,1101001101,1,0,0,0,0,0,322,330,358.22,358,370,322,11/7/2023,,,,,
989.001030620833,RBT,1100000000,0,1,0,0,0,0,318,322.2,352.77,358.49,383.27,318,11/7/2023,,,,,
989.001030620834,RBT,1100000000,0,1,0,0,0,0,354,357.77,377.63,382.78,400.04,354,11/7/2023,,,,,
989.001030620835,RBT,1100000000,0,1,0,0,0,0,312,316.28,348.63,354.44,380.48,312,11/7/2023,,,,,
989.001030620836,RBT,1100000000,0,1,0,0,0,0,317,321.21,352.08,357.82,382.81,317,11/7/2023,,,,,
989.001030620837,RBT,1100000000,0,1,0,0,0,0,291,295.53,334.13,340.27,370.69,291,11/7/2023,,,,,
989.001030620838,RBT,1000000000,0,1,0,0,0,0,195,200.69,267.83,275.49,325.97,195,11/7/2023,,,,,
989.001030620839,RBC,1011000000,0,0,0,1,0,0,276,278,321.87,328.3,362.43,276,11/7/2023,,,,,
989.001030620840,RBC,1111000000,0,0,0,1,0,0,278,281,323.97,330.35,363.84,278,11/7/2023,,,,,
989.001030620841,RBT,1000000000,0,1,0,0,0,0,228,233.29,290.62,297.76,341.34,228,11/7/2023,,,,,
989.001030620842,RBT,1000000000,0,1,0,0,0,0,126,132.53,220.19,228.93,293.82,126,11/7/2023,,,,,
989.001030620843,RBT,1000000000,0,1,0,0,0,0,287,291.58,331.36,337.57,368.83,287,11/7/2023,,,,,
989.001030620845,RBC,1110000000,0,0,0,1,0,0,323,323,353.33,359.04,383.65,323,11/7/2023,,,,,
989.001030620846,RBT,1100000000,0,1,0,0,0,0,290,294.54,333.43,339.6,370.23,290,11/7/2023,,,,,
989.001030620847,RBT,1100000000,0,1,0,0,0,0,313,317.26,349.32,355.12,380.94,313,11/7/2023,,,,,
989.001030620848,RBC,1110000000,0,0,0,1,0,0,295,297,335.15,341.28,371.39,295,11/7/2023,,,,,
989.001030620849,RBC,1011000000,0,0,0,1,0,0,288,290,330.26,336.5,368.09,288,11/7/2023,,,,,
989.001030620850,RBC,1101000000,0,0,0,1,0,0,321,321,351.93,357.67,382.71,321,11/7/2023,,,,,
989.001030620851,RBT,1100000000,0,1,0,0,0,0,286,290.59,330.67,336.9,368.36,286,11/7/2023,,,,,
989.001030620852,RBT,1010000000,0,1,0,0,0,0,553,553,514.1,516.14,492.11,553,11/7/2023,,,,,
989.001030620853,SRN,1100000000,0,0,1,0,0,0,392,395.31,403.87,408.43,417.75,392,11/7/2023,,,,,
989.001030620854,RBT,1010000000,0,1,0,0,0,0,297,300,337.25,343.33,372.8,297,11/7/2023,,,,,
989.001030620855,RBC,1011000000,0,0,0,1,0,0,287,287,328.16,334.45,366.67,287,11/7/2023,,,,,
989.001030620856,RBT,1100000000,0,1,0,0,0,0,286,290.59,330.67,336.9,368.36,286,11/7/2023,,,,,
989.001030620857,LOC,1011000000,1,0,0,0,0,0,173,187,258.26,266.14,319.51,173,11/7/2023,,,,,
989.001030620858,RBT,1000000000,0,1,0,0,0,0,322,326.15,355.53,361.19,385.14,322,11/7/2023,,,,,
989.001030620859,RBT,1100000000,0,1,0,0,0,0,296,300.47,337.58,343.65,373.02,296,11/7/2023,,,,,
989.001030620860,SRN,1100000000,0,0,1,0,0,0,368,371.6,387.3,392.23,406.57,368,11/7/2023,,,,,
989.001030620861,RBT,0111010000,0,1,0,0,0,0,258,262,315,321.58,357.79,258,11/9/2023,,,,,
989.001030620862,RBT,0100000000,0,1,0,0,0,0,254,258.98,308.58,315.3,353.46,254,11/9/2023,,,,,
989.001030620863,SRN,0100000000,0,0,1,0,0,0,361,364.68,382.46,387.51,403.31,361,11/9/2023,,,,,
989.001030620864,SRN,0111000000,0,0,1,0,0,0,387,387,398.06,402.75,413.83,387,11/9/2023,,,,,
989.001030620865,LOC,0100000000,1,0,0,0,0,0,301,305.41,341.03,347.02,375.35,301,11/9/2023,,,,,
989.001030620866,LOC,0100000000,1,0,0,0,0,0,157,163.15,241.59,249.85,308.27,157,11/9/2023,,,,,
989.001030620867,RBT,0111000000,0,1,0,0,0,0,158,163,241.49,249.75,308.19,158,11/9/2023,,,,,
989.001030620868,SCN,0100000000,0,0,0,0,0,1,87,94,193,203,276,87,11/9/2023,,,,,
989.001030620869,SCN,0100000000,0,0,0,0,0,1,87,94,193,203,276,87,11/9/2023,,,,,
989.001030620870,LOC,0101000000,1,0,0,0,0,0,146,146,229.6,238.13,300.18,146,11/9/2023,,,,,
989.001030620871,SCN,0101000000,0,0,0,0,0,1,93,96,195,204,277,93,11/9/2023,,,,,
989.001030620872,RBT,0100000000,0,1,0,0,0,0,279,283.67,325.84,332.17,365.1,279,11/9/2023,,,,,
989.001030620873,RBC,0110000000,0,0,0,1,0,0,205,205,270.85,278.43,328,205,11/9/2023,,,,,
989.001030620874,LOC,0110000000,1,0,0,0,0,0,188,195,263.86,271.6,323.29,188,11/9/2023,,,,,
989.001030620875,LOC,0111000000,1,0,0,0,0,0,274,285,326.77,333.08,365.73,274,11/9/2023,,,,,
989.001030620876,LOC,0100000000,1,0,0,0,0,0,110,116.72,209.14,218.13,286.37,110,11/9/2023,,,,,
989.001030620877,RBT,0110000000,0,1,0,0,0,0,198,200,267.35,275.02,325.64,198,11/9/2023,,,,,
989.001030620878,SCN,0100000000,0,0,0,0,0,1,81,88,189,199,273,81,11/9/2023,,,,,
989.001030620879,LOC,0100000000,1,0,0,0,0,0,337,340.97,365.89,371.31,392.12,337,11/9/2023,,,,,
989.001030620881,RBT,0101000000,0,1,0,0,0,0,131,133,220.52,229.25,294.05,131,11/9/2023,,,,,
989.001030620882,RBT,0110000000,0,1,0,0,0,0,337,341,365.91,371.33,392.14,337,11/9/2023,,,,,
989.001030620883,LOC,0111101100,1,0,0,0,0,0,277,282,345,358,382.93,277,11/9/2023,,,,,
989.001030620885,LOC,0100000000,1,0,0,0,0,0,143,149.32,231.92,240.4,301.74,143,11/9/2023,,,,,
989.001030620886,RBT,0101000000,0,1,0,0,0,0,154,154,235.2,243.6,303.95,154,11/9/2023,,,,,
989.001030620887,RBT,0110000000,0,1,0,0,0,0,167,172,247.78,255.89,312.44,167,11/9/2023,,,,,
989.001030620888,LOC,0100000000,1,0,0,0,0,0,178,183.9,256.09,264.02,318.05,178,11/9/2023,,,,,
989.001030620889,RBT,0100000000,0,1,0,0,0,0,201,206.62,271.98,279.54,328.76,201,11/9/2023,,,,,
989.001030620890,RBT,0100000000,0,1,0,0,0,0,146,152.28,234,242.43,303.14,146,11/9/2023,,,,,
989.001030620891,SCN,0100000000,0,0,0,0,0,1,88,95,194,203,276,88,11/9/2023,,,,,
989.001030620892,LOC,0101010000,1,0,0,0,0,0,154,161,250,258.07,313.94,154,11/9/2023,,,,,
989.001030620893,LOC,0111000000,1,0,0,0,0,0,429,431,428.82,432.81,434.58,429,11/9/2023,,,,,
989.001030620894,LOC,0110100000,1,0,0,0,0,0,145,153,229,237.54,299.77,145,11/9/2023,,,,,
989.001030620895,RBT,0100000000,0,1,0,0,0,0,103,109.8,204.3,213.41,283.11,103,11/9/2023,,,,,
989.001030620896,LOC,0100000000,1,0,0,0,0,0,422,424.94,424.59,428.67,431.72,422,11/9/2023,,,,,
989.001030620897,SCN,0100000000,0,0,0,0,0,1,77,84,186,196,271,77,11/9/2023,,,,,
989.001030620898,RBT,0111000000,0,1,0,0,0,0,325,332,359.62,365.18,387.89,325,11/9/2023,,,,,
989.001030620899,RBT,0100000000,0,1,0,0,0,0,690,689.7,690,690,690,690,11/9/2023,,,,,
989.001030620900,RBT,0100000000,0,1,0,0,0,0,129,135.49,222.26,230.95,295.22,129,11/9/2023,,,,,
989.001030620901,SCN,0100000000,0,0,0,0,0,1,113,120,211,220,288,113,11/9/2023,,,,,
989.001030620902,LOC,0100000000,1,0,0,0,0,0,127,133.51,220.88,229.61,294.29,127,11/9/2023,,,,,
989.001030620903,LOC,0100000000,1,0,0,0,0,0,132,138.45,224.33,232.98,296.62,132,11/9/2023,,,,,
989.001030620904,LOC,0111001110,1,0,0,0,0,0,343,348,370.8,381,404,343,11/9/2023,,,,,
989.001030620905,RBT,0111000000,0,1,0,0,0,0,263,280,323.27,329.66,363.37,263,11/9/2023,,,,,
989.001030620906,RBT,0111000000,0,1,0,0,0,0,389,389,399.46,404.12,414.77,389,11/9/2023,,,,,
989.001030620907,LOC,0100000000,1,0,0,0,0,0,380,383.45,395.58,400.33,412.16,380,11/9/2023,,,,,
989.001030620908,RBT,0100000000,0,1,0,0,0,0,229,234.28,291.31,298.43,341.81,229,11/9/2023,,,,,
989.001030620909,RBT,0100000100,0,1,0,0,0,0,120,126.6,216.04,221,288.35,120,11/9/2023,,,,,
989.001030620911,SCN,0100000000,0,0,0,0,0,1,89,96,195,204,277,89,11/9/2023,,,,,
989.001030620912,LOC,0101011000,1,0,0,0,0,0,203,210,261,271,322.87,203,11/9/2023,,,,,
989.001030620913,LOC,0110000000,1,0,0,0,0,0,149,162,240.79,249.06,307.72,149,11/9/2023,,,,,
989.001030620914,LOC,0111011100,1,0,0,0,0,0,387,390,404,404,414.69,387,11/9/2023,,,,,
989.001030620915,SRN,0100000000,0,0,1,0,0,0,384,387.4,398.35,403.03,414.02,384,11/9/2023,,,,,
989.001030620916,SCN,0100000000,0,0,0,0,0,1,76,83,186,195,271,76,11/9/2023,,,,,
989.001030620917,LOC,0100100000,1,0,0,0,0,0,157,163.15,247,255.13,311.91,157,11/9/2023,,,,,
989.001030620918,LOC,0100001010,1,0,0,0,0,0,135,141.42,226.4,236,291,135,11/9/2023,,,,,
989.001030620919,RBT,0100000000,0,1,0,0,0,0,149,155.25,236.07,244.45,304.54,149,11/9/2023,,,,,
989.001030620920,LOC,0100000000,1,0,0,0,0,0,374,377.53,391.44,396.28,409.36,374,11/9/2023,,,,,
989.001030620921,RBC,0111000000,0,0,0,1,0,0,320,325,354.73,360.4,384.59,320,11/9/2023,,,,,
989.001030620922,SRN,0100000000,0,0,1,0,0,0,441,443.71,437.71,441.49,440.58,441,11/9/2023,,,,,
989.001030620923,LOC,0110000000,1,0,0,0,0,0,163,172,247.78,255.89,312.44,163,11/9/2023,,,,,
989.001030620924,RBT,0111000000,0,1,0,0,0,0,210,214,277.14,284.58,332.25,210,11/9/2023,,,,,
989.001030620925,SCN,0100000000,0,0,0,0,0,1,81,88,189,199,273,81,11/9/2023,,,,,
989.001030620926,LOC,0100010000,1,0,0,0,0,0,181,186.86,276,283.47,331.48,181,11/9/2023,,,,,
989.001030620927,RBT,0100000000,0,1,0,0,0,0,155,161.18,240.21,248.5,307.33,155,11/9/2023,,,,,
989.001030620928,LOC,0100000000,1,0,0,0,0,0,341,344.92,368.65,374.01,393.99,341,11/9/2023,,,,,
989.001030620929,SCN,0100000000,0,0,0,0,0,1,109,116,208,217,286,109,11/9/2023,,,,,
989.001030620930,SCN,0100000000,0,0,0,0,0,1,106,113,206,215,285,106,11/9/2023,,,,,
989.001030620931,LOC,0100100000,1,0,0,0,0,0,103,109.8,173,182.82,261.99,103,11/9/2023,,,,,
989.001030620932,LOC,0100110000,1,0,0,0,0,0,155,161.18,235,243.41,303.82,155,11/9/2023,,,,,
989.001030620933,LOC,0100000000,1,0,0,0,0,0,355,358.76,378.32,383.46,400.51,355,11/9/2023,,,,,
989.001030620934,RBC,0101000000,0,0,0,1,0,0,269,282,324.67,331.03,364.31,269,11/9/2023,,,,,
989.001030620935,RBT,0100000000,0,1,0,0,0,0,152,158.21,238.14,246.48,305.94,152,11/9/2023,,,,,
989.001030620936,LOC,0100000000,1,0,0,0,0,0,138,144.38,228.47,237.03,299.41,138,11/9/2023,,,,,
989.001030620937,SCN,0100000000,0,0,0,0,0,1,87,94,193,203,276,87,11/9/2023,,,,,
989.001030620938,LOC,0111110000,1,0,0,0,0,0,268,275,306,312.79,351.72,268,11/9/2023,,,,,
989.001030620939,SCN,0100000000,0,0,0,0,0,1,80,87,188,198,272,80,11/9/2023,,,,,
989.001030620940,SCN,0100000000,0,0,0,0,0,1,102,109,204,213,283,102,11/9/2023,,,,,
989.001030620941,LOC,0100000000,1,0,0,0,0,0,264,268.86,315.48,322.05,358.12,264,11/9/2023,,,,,
989.001030620942,LOC,0110100010,1,0,0,0,0,0,441,442,470,473.05,500,441,11/9/2023,,,,,
989.001030620943,SCN,0100000000,0,0,0,0,0,1,106,113,206,215,285,106,11/9/2023,,,,,
989.001030620944,LOC,0100000000,1,0,0,0,0,0,153,159.2,238.83,247.15,306.4,153,11/9/2023,,,,,
989.001030620945,LOC,0100000000,1,0,0,0,0,0,362,365.67,383.15,388.18,403.77,362,11/9/2023,,,,,
989.001030620946,LOC,0100000000,1,0,0,0,0,0,259,263.92,312.03,318.68,355.79,259,11/9/2023,,,,,
989.001030620947,LOC,0100000000,1,0,0,0,0,0,136,142.41,227.09,235.68,298.48,136,11/9/2023,,,,,
989.001030620948,LOC,0100000000,1,0,0,0,0,0,336,339.99,365.2,370.64,391.66,336,11/9/2023,,,,,
989.001030620949,SRN,0100000000,0,0,1,0,0,0,413,416.05,418.37,422.6,427.53,413,11/9/2023,,,,,
989.001030620950,SCN,0100000000,0,0,0,0,0,1,120,127,216,225,291,120,11/9/2023,,,,,
989.001030620951,LOC,0110000000,1,0,0,0,0,0,158,166,243.58,251.8,309.61,158,11/9/2023,,,,,
989.001030620952,RBT,0100000000,0,1,0,0,0,0,269,273.8,318.93,325.43,360.44,269,11/9/2023,,,,,
989.001030620953,RBC,0101000000,0,0,0,1,0,0,325,325,354.73,360.4,384.59,342,11/9/2023,,,,,
989.001030620954,RBT,0010000000,0,1,0,0,0,0,146,152.28,234,242.43,303.14,146,3/19/2024,,,,,
989.001030620955,LOC,0101001000,1,0,0,0,0,0,335,336,362.41,347,375.34,335,11/9/2023,,,,,
989.001030620956,SRN,0100000000,0,0,1,0,0,0,344,347.89,370.72,376.04,395.39,344,11/9/2023,,,,,
989.001030620957,LOC,0100100000,1,0,0,0,0,0,151,157.22,267,274.68,325.41,151,11/9/2023,,,,,
989.001030620958,RBT,0101000000,0,1,0,0,0,0,243,247,300.2,307.12,347.81,243,11/9/2023,,,,,
989.001030620959,LOC,0011000000,1,0,0,0,0,0,187.21,193,262.46,270.24,322.34,193,3/19/2024,,,,,
989.001030620960,RBT,0100000000,0,1,0,0,0,0,120,126.6,216.04,224.88,291.03,120,11/9/2023,,,,,
989.001030620961,RBC,0110110000,0,0,0,1,0,0,335,335,344,349.92,377.36,344,11/9/2023,,,,,
989.001030620962,RBT,0110000000,0,1,0,0,0,0,278,278,321.87,328.3,362.43,278,11/9/2023,,,,,
989.001030620963,RBT,0100000000,0,1,0,0,0,0,296,300.47,337.58,343.65,373.02,296,11/9/2023,,,,,
989.001030620964,RBC,0100000000,0,0,0,1,0,0,284,288.61,329.29,335.55,367.43,284,11/9/2023,,,,,
989.001030620965,RBT,0100000000,0,1,0,0,0,0,337,340.97,365.89,371.31,392.12,337,11/9/2023,,,,,
989.001030620966,RBT,0100000000,0,1,0,0,0,0,149,155.25,236.07,244.45,304.54,149,11/9/2023,,,,,
989.001030620967,RBT,0111000000,0,1,0,0,0,0,304,305,340.75,346.74,375.16,304,11/9/2023,,,,,
989.001030620968,RBT,0100000000,0,1,0,0,0,0,269,273.8,318.93,325.43,360.44,269,11/9/2023,,,,,
989.001030620969,RBT,0110000000,0,1,0,0,0,0,324,325,354.73,360.4,384.59,324,11/9/2023,,,,,
989.001030620970,SCN,0100000000,0,0,0,0,0,1,92,99,197,206,278,92,11/9/2023,,,,,
989.001030620971,RBT,0100000000,0,1,0,0,0,0,147,153.27,234.69,243.1,303.61,147,11/9/2023,,,,,
989.001030620972,LOC,0100000000,1,0,0,0,0,0,358,361.72,380.39,385.48,401.91,358,11/9/2023,,,,,
989.001030620973,SRN,0100000000,0,0,1,0,0,0,334,338.01,363.82,369.29,390.73,334,11/9/2023,,,,,
989.001030620974,LOC,0111001000,1,0,0,0,0,0,487,492,471.46,500,480.97,487,11/9/2023,,,,,
989.001030620975,RBT,0100000000,0,1,0,0,0,0,323,327.14,356.22,361.87,385.6,323,11/9/2023,,,,,
989.001030620976,RBT,0100000000,0,1,0,0,0,0,331,335.05,361.75,367.26,389.33,331,11/9/2023,,,,,
989.001030620977,RBT,0100000000,0,1,0,0,0,0,189,194.76,263.69,271.44,323.17,189,11/9/2023,,,,,
989.001030620978,LOC,0110000000,1,0,0,0,0,0,264,266,313.48,320.1,356.77,264,11/9/2023,,,,,
989.001030620979,LOC,0100000000,1,0,0,0,0,0,387,390.37,400.42,405.05,415.42,387,11/9/2023,,,,,
989.001030620980,LOC,0110101100,1,0,0,0,0,0,324,326,354,360,384.31,324,11/9/2023,,,,,
989.001030620981,LOC,0111000000,1,0,0,0,0,0,302,308,342.84,348.79,376.57,302,11/9/2023,,,,,
989.001030620982,RBC,0111000000,0,0,0,1,0,0,257,258,307.89,314.64,353,264,11/9/2023,,,,,
989.001030620983,RBC,0101010000,0,0,0,1,0,0,314,314,325,331.36,364.54,314,11/9/2023,,,,,
989.001030620984,RBT,0111000000,0,1,0,0,0,0,313,315,315,321.58,357.79,313,11/9/2023,,,,,
989.001030620985,RBC,0110000000,0,0,0,1,0,0,331,342,366.61,372.01,392.61,342,11/9/2023,,,,,
989.001030620986,SCN,0100000000,0,0,0,0,0,1,111,118,210,219,287,111,11/9/2023,,,,,
989.001030620987,RBC,0100000000,0,0,0,1,0,0,300,304.42,340.34,346.35,374.89,300,11/9/2023,,,,,
989.001030620988,RBT,0110000000,0,1,0,0,0,0,137,145,228.91,237.45,299.71,137,11/9/2023,,,,,
989.001030620989,LOC,0100000000,1,0,0,0,0,0,161,167.1,244.35,252.55,310.13,161,11/9/2023,,,,,
989.001030620990,RBC,0111000000,0,0,0,1,0,0,293,293,332.36,338.54,369.5,293,11/9/2023,,,,,
989.001030620991,SRN,0100000000,0,0,1,0,0,0,399,402.22,408.7,413.15,421.01,399,11/9/2023,,,,,
989.001030620992,RBT,0100000000,0,1,0,0,0,0,314,318.25,350.01,355.79,381.41,314,11/9/2023,,,,,
989.001030620993,RBC,0110000000,0,0,0,1,0,0,317,317,349.13,354.94,380.82,317,11/9/2023,,,,,
989.001030620994,RBC,0110000000,0,0,0,1,0,0,297,297,335.15,341.28,371.39,297,11/9/2023,,,,,
989.001030620995,RBT,0110110000,0,1,0,0,0,0,134,139,249,257.09,313.26,134,11/9/2023,,,,,
989.001030620996,SRN,0100000000,0,0,1,0,0,0,409,412.1,415.61,419.9,425.67,409,11/9/2023,,,,,
989.001030620997,RBT,0100000000,0,1,0,0,0,0,286,290.59,330.67,336.9,368.36,286,11/9/2023,,,,,
989.001030620998,RBT,0100000000,0,1,0,0,0,0,200,205.63,271.29,278.87,328.3,200,11/9/2023,,,,,
989.001030620999,RBT,0100000000,0,1,0,0,0,0,317,321.21,352.08,357.82,382.81,317,11/9/2023,,,,,
989.001030621000,RBT,0110000000,0,1,0,0,0,0,326,326,355.42,361.09,385.06,326,11/9/2023,,,,,
989.001030621001,RBT,0111000000,0,1,0,0,0,0,334,334,361.02,366.55,388.84,334,11/9/2023,,,,,
989.001030621002,LOC,0110000000,1,0,0,0,0,0,199,202,268.75,276.39,326.59,199,11/9/2023,,,,,
989.001030621003,LOC,0100000000,1,0,0,0,0,0,198,203.65,269.9,277.52,327.37,198,11/9/2023,,,,,
989.001030621004,RBT,0100000000,0,1,0,0,0,0,318,322.2,352.77,358.49,383.27,318,11/9/2023,,,,,
989.001030621005,RBT,0100000000,0,1,0,0,0,0,306,310.35,344.48,350.39,377.68,306,11/9/2023,,,,,
989.001030621006,SCN,0100000000,0,0,0,0,0,1,109,116,208,217,286,109,11/9/2023,,,,,
989.001030621007,RBC,0110000000,0,0,0,1,0,0,288,288,328.86,335.13,367.14,288,11/9/2023,,,,,
989.001030621008,RBC,0111000000,0,0,0,1,0,0,331,331,358.92,364.5,387.42,331,11/9/2023,,,,,
989.001030621009,RBC,0110000000,0,0,0,1,0,0,291,291,330.96,337.18,368.56,291,11/9/2023,,,,,
989.001030621010,SCN,0100000000,0,0,0,0,0,1,110,117,209,218,286,110,11/9/2023,,,,,
989.001030621011,RBC,0111000000,0,0,0,1,0,0,298,302,338.65,344.69,373.75,298,11/9/2023,,,,,
989.001030621012,RBT,0100000000,0,1,0,0,0,0,249,254.04,305.12,311.93,351.13,249,11/9/2023,,,,,
989.001030621013,RBT,0100000000,0,1,0,0,0,0,132,138.45,224.33,232.98,296.62,132,11/9/2023,,,,,
989.001030621014,RBT,0100000000,0,1,0,0,0,0,166,172.04,247.81,255.92,312.46,166,11/9/2023,,,,,
989.001030621015,LOC,0110000000,1,0,0,0,0,0,264,272,317.68,324.2,359.6,264,11/9/2023,,,,,
989.001030621016,RBC,0110000000,0,0,0,1,0,0,306,306,341.44,347.42,375.63,306,11/9/2023,,,,,
989.001030621017,RBC,0100000000,0,0,0,1,0,0,333,337.02,363.13,368.61,390.26,333,11/9/2023,,,,,
989.001030621018,RBT,0101000000,0,1,0,0,0,0,224,224,284.13,291.41,336.96,224,11/9/2023,,,,,
989.001030621020,LOC,0100000000,1,0,0,0,0,0,347,350.85,372.8,378.06,396.78,347,11/9/2023,,,,,
989.001030621021,LOC,0100000000,1,0,0,0,0,0,169,175.01,249.88,257.95,313.86,169,11/9/2023,,,,,
989.001030621022,RBC,0110000000,0,0,0,1,0,0,214,216,278.53,285.95,333.19,214,11/9/2023,,,,,
989.001030621023,RBC,0111000000,0,0,0,1,0,0,280,280,323.27,329.66,363.37,280,11/9/2023,,,,,
989.001030621024,RBC,0110000000,0,0,0,1,0,0,277,277,321.17,327.62,361.96,277,11/9/2023,,,,,
989.001030621025,LOC,0111000000,1,0,0,0,0,0,189,195,263.86,271.6,323.29,189,11/9/2023,,,,,
989.001030621026,RBC,0111000000,0,0,0,1,0,0,288,288,328.86,335.13,367.14,288,11/9/2023,,,,,
989.001030621027,SCN,0100000000,0,0,0,0,0,1,88,95,194,203,276,88,11/9/2023,,,,,
989.001030621028,RBT,0100000000,0,1,0,0,0,0,271,275.77,320.31,326.78,361.38,271,11/9/2023,,,,,
989.001030621029,SCN,0100000000,0,0,0,0,0,1,88,95,194,203,276,88,11/9/2023,,,,,
989.001030621030,SRN,0100000000,0,0,1,0,0,0,382,385.43,396.96,401.68,413.09,382,11/9/2023,,,,,
989.001030621032,RBT,0111000000,0,1,0,0,0,0,279,279,322.57,328.98,362.9,279,11/9/2023,,,,,
989.001030621033,RBT,0100000000,0,1,0,0,0,0,287,291.58,331.36,337.57,368.83,287,11/9/2023,,,,,
989.001030621034,RBC,0111000000,0,0,0,1,0,0,305,305,340.75,346.74,375.16,305,11/9/2023,,,,,
989.001030621035,SRN,0100000000,0,0,1,0,0,0,412,415.07,417.68,421.92,427.07,412,11/9/2023,,,,,
989.001030621036,RBC,0111000000,0,0,0,1,0,0,281,281,323.97,330.35,363.84,281,11/9/2023,,,,,
989.001030621037,SCN,0100000000,0,0,0,0,0,1,109,116,208,217,286,109,11/9/2023,,,,,
989.001030621038,LOC,0110111111,1,0,0,0,0,0,192,200,279,281,331,192,11/9/2023,,,,,
989.001030621039,RBC,0100000000,0,0,0,1,0,0,343,346.9,370.03,375.36,394.92,343,11/9/2023,,,,,
989.001030621040,RBC,0110000000,0,0,0,1,0,0,316,316,348.43,354.25,380.35,316,11/9/2023,,,,,
989.001030621041,RBC,0111000000,0,0,0,1,0,0,265,266,313.48,320.1,356.77,265,11/9/2023,,,,,
989.001030621042,SCN,0100000000,0,0,0,0,0,1,86,93,193,202,275,86,11/9/2023,,,,,
989.001030621043,RBC,0110100000,0,0,0,1,0,0,237,240,293,300.08,342.95,237,11/9/2023,,,,,
989.001030621044,LOC,0110000000,1,0,0,0,0,0,164,171,247.08,255.21,311.97,164,11/9/2023,,,,,
989.001030621045,RBC,0111000000,0,0,0,1,0,0,282,282,324.67,331.03,364.31,282,11/9/2023,,,,,
989.001030621046,RBT,0100000000,0,1,0,0,0,0,223,228.35,287.17,294.39,339.01,223,11/9/2023,,,,,
989.001030621047,SCN,0100000000,0,0,0,0,0,1,89,96,195,204,277,89,11/9/2023,,,,,
989.001030621048,RBC,0111000000,0,0,0,1,0,0,231,238,293.91,300.98,343.56,231,11/9/2023,,,,,
989.001030621049,LOC,0111001101,1,0,0,0,0,0,193,200,267.35,276,317,193,11/9/2023,,,,,
989.001030621050,SCN,0100000000,0,0,0,0,0,1,109,116,208,217,286,109,11/9/2023,,,,,
989.001030621051,RBC,0100000000,0,0,0,1,0,0,323,327.14,356.22,361.87,385.6,323,11/9/2023,,,,,
989.001030621052,LOC,0100000000,1,0,0,0,0,0,138,144.38,228.47,237.03,299.41,138,11/9/2023,,,,,
989.001030621053,RBC,0110000000,0,0,0,1,0,0,333,333,360.32,365.87,388.36,333,11/9/2023,,,,,
989.001030621054,LOC,0100000000,1,0,0,0,0,0,122,128.57,217.42,226.23,291.96,122,11/9/2023,,,,,
989.001030621055,RBC,0110000000,0,0,0,1,0,0,299,299,336.55,342.64,372.33,299,11/9/2023,,,,,
989.001030621056,LOC,0110000000,1,0,0,0,0,0,188,188,258.96,266.82,319.98,188,11/9/2023,,,,,
989.001030621057,RBT,0101000000,0,1,0,0,0,0,150,156,236.59,244.96,304.89,150,11/9/2023,,,,,
989.001030621058,RBT,0111011000,0,1,0,0,0,0,440,440,441,441,440.24,440,11/9/2023,,,,,
989.001030621059,RBT,0110000000,0,1,0,0,0,0,156,161,240.09,248.38,307.25,156,11/9/2023,,,,,
989.001030621060,RBC,0111110000,0,0,0,1,0,0,323,323,323,329.4,363.19,323,11/9/2023,,,,,
989.001030621061,RBC,0110000000,0,0,0,1,0,0,327,331,358.92,364.5,387.42,331,11/9/2023,,,,,
989.001030621062,RBC,0111000000,0,0,0,1,0,0,264,265,312.79,319.42,356.3,264,11/9/2023,,,,,
989.001030621063,RBC,0100000000,0,0,0,1,0,0,282,286.64,327.91,334.2,366.5,282,11/9/2023,,,,,
989.001030621064,RBT,0100000000,0,1,0,0,0,0,116,122.65,213.28,222.18,289.16,116,11/9/2023,,,,,
989.001030621065,RBT,0100000000,0,1,0,0,0,0,120,126.6,216.04,224.88,291.03,120,11/9/2023,,,,,
989.001030621066,RBT,0100000000,0,1,0,0,0,0,131,137.47,223.64,232.3,296.15,131,11/9/2023,,,,,
989.001030621067,RBC,0100000000,0,0,0,1,0,0,314,318.25,350.01,355.79,381.41,314,11/9/2023,,,,,
989.001030621068,RBC,0111000000,0,0,0,1,0,0,256,256,306.49,313.27,352.05,256,11/9/2023,,,,,
989.001030621069,RBC,0100000000,0,0,0,1,0,0,299,303.43,339.65,345.67,374.42,299,11/9/2023,,,,,
989.001030621070,SRN,0100000000,0,0,1,0,0,0,404,407.16,412.16,416.52,423.34,404,11/9/2023,,,,,
989.001030621071,SCN,0100000100,0,0,0,0,0,1,151,157,237,157,244,151,11/9/2023,,,,,
989.001030621072,RBC,0110000000,0,0,0,1,0,0,306,308,342.84,348.79,376.57,318,11/9/2023,,,,,
989.001030621073,RBC,0111000000,0,0,0,1,0,0,281,282,324.67,331.03,364.31,281,11/9/2023,,,,,
989.001030621074,SCN,0101000000,0,0,0,0,0,1,110,110,204,214,283,110,11/9/2023,,,,,
989.001030621075,RBT,0101000000,0,1,0,0,0,0,121,131,219.12,227.89,293.1,121,11/9/2023,,,,,
989.001030621076,RBT,0100000000,0,1,0,0,0,0,146,152.28,234,242.43,303.14,146,11/9/2023,,,,,
989.001030621077,RBC,0110000000,0,0,0,1,0,0,323,323,353.33,359.04,383.65,323,11/9/2023,,,,,
989.001030621078,RBC,0100000000,0,0,0,1,0,0,264,268.86,315.48,322.05,358.12,264,11/9/2023,,,,,
989.001030621079,LOC,0111000000,1,0,0,0,0,0,409,409,413.44,417.78,424.2,409,11/9/2023,,,,,
989.001030621080,RBC,0110000000,0,0,0,1,0,0,319,319,350.53,356.3,381.76,319,11/9/2023,,,,,
989.001030621081,RBC,0110000000,0,0,0,1,0,0,316,316,348.43,354.25,380.35,316,11/9/2023,,,,,
989.001030621082,RBC,0111000000,0,0,0,1,0,0,302,302,338.65,344.69,373.75,302,11/9/2023,,,,,
989.001030621083,RBC,0111000000,0,0,0,1,0,0,287,288,328.86,335.13,367.14,287,11/9/2023,,,,,
989.001030621084,RBC,0111000000,0,0,0,1,0,0,298,298,335.85,341.96,371.86,298,11/9/2023,,,,,
989.001030621085,RBT,0111000000,0,1,0,0,0,0,218,222,282.73,290.05,336.02,218,11/9/2023,,,,,
989.001030621086,RBC,0111000000,0,0,0,1,0,0,304,307,342.14,348.11,376.1,304,11/9/2023,,,,,
989.001030621087,RBC,0100000000,0,0,0,1,0,0,303,307.38,342.41,348.37,376.28,303,11/9/2023,,,,,
989.001030621088,RBC,0100000000,0,0,0,1,0,0,304,308.37,343.1,349.04,376.75,304,11/9/2023,,,,,
989.001030621089,RBC,0110000000,0,0,0,1,0,0,281,287,328.16,334.45,366.67,281,11/9/2023,,,,,
989.001030621090,RBC,0110000000,0,0,0,1,0,0,296,304,340.05,346.06,374.69,304,11/9/2023,,,,,
989.001030621092,RBT,0100000000,0,1,0,0,0,0,218,223.41,283.72,291.01,336.68,218,11/9/2023,,,,,
989.001030621093,SCN,0100000000,0,0,0,0,0,1,95,102,199,208,279,95,11/9/2023,,,,,
989.001030621094,RBC,0100000000,0,0,0,1,0,0,307,311.34,345.17,351.07,378.15,307,11/9/2023,,,,,
989.001030621095,LOC,0100000000,1,0,0,0,0,0,278,282.69,325.15,331.5,364.64,278,11/9/2023,,,,,
989.001030621096,RBT,0100000000,0,1,0,0,0,0,153,159.2,238.83,247.15,306.4,153,11/9/2023,,,,,
989.001030621097,RBT,0111000000,0,1,0,0,0,0,112,113,206.54,215.59,284.62,112,11/9/2023,,,,,
989.001030621098,SRN,0100000000,0,0,1,0,0,0,407,410.13,414.23,418.55,424.74,407,11/9/2023,,,,,
989.001030621099,SRN,0100000000,0,0,1,0,0,0,398,401.23,408.01,412.48,420.54,398,11/9/2023,,,,,
989.001030621100,RBT,0110000000,0,1,0,0,0,0,246,252,303.7,310.54,350.17,246,11/9/2023,,,,,
989.001030621101,RBT,0100000000,0,1,0,0,0,0,121,127.59,216.73,225.56,291.49,121,11/9/2023,,,,,
989.001030621102,RBC,0111000000,0,0,0,1,0,0,273,273,318.38,324.88,360.07,273,11/9/2023,,,,,
989.001030621103,LOC,0111101111,1,0,0,0,0,0,272,293,353,362,399,272,11/9/2023,,,,,
989.001030621104,RBC,0110000000,0,0,0,1,0,0,288,288,328.86,335.13,367.14,288,11/9/2023,,,,,
989.001030621105,RBC,0111000000,0,0,0,1,0,0,331,336,362.41,367.92,389.78,331,11/9/2023,,,,,
989.001030621106,RBT,0100000000,0,1,0,0,0,0,134,140.43,225.71,234.33,297.55,134,11/9/2023,,,,,
989.001030621107,LOC,0100100000,1,0,0,0,0,0,417,420,417,421.26,426.61,417,11/9/2023,,,,,
989.001030621108,RBC,0100000000,0,0,0,1,0,0,306,310.35,344.48,350.39,377.68,306,11/9/2023,,,,,
989.001030621109,RBC,0100000000,0,0,0,1,0,0,229,234.28,291.31,298.43,341.81,229,11/9/2023,,,,,
989.001030621110,RBC,0111000000,0,0,0,1,0,0,268,268,314.88,321.47,357.71,268,11/9/2023,,,,,
989.001030621111,RBC,0100000000,0,0,0,1,0,0,297,301.46,338.27,344.32,373.49,297,11/9/2023,,,,,
989.001030621112,SCN,0100000000,0,0,0,0,0,1,132,138,224,233,297,132,11/9/2023,,,,,
989.001030621114,RBC,0110100000,0,0,0,1,0,0,303,303,305,311.81,351.04,303,11/9/2023,,,,,
989.001030621115,SCN,0110000000,0,0,0,0,0,1,121,121,212,221,288,121,11/9/2023,,,,,
989.001030621116,RBT,0100000000,0,1,0,0,0,0,139,145.37,229.16,237.7,299.88,139,11/9/2023,,,,,
989.001030621117,RBT,0100000000,0,1,0,0,0,0,127,133.51,220.88,229.61,294.29,127,11/9/2023,,,,,
989.001030621118,RBC,0111000000,0,0,0,1,0,0,280,283,325.37,331.71,364.79,280,11/9/2023,,,,,
989.001030621119,RBT,0100000000,0,1,0,0,0,0,134,140.43,225.71,234.33,297.55,134,11/9/2023,,,,,
989.001030621120,RBC,0100000000,0,0,0,1,0,0,288,292.57,332.05,338.25,369.3,288,11/9/2023,,,,,
989.001030621121,LOC,0100000000,1,0,0,0,0,0,177,182.91,255.4,263.35,317.58,177,11/9/2023,,,,,
989.001030621122,RBC,0100000000,0,0,0,1,0,0,278,282.69,325.15,331.5,364.64,278,11/9/2023,,,,,
989.001030621123,LOC,0100000000,1,0,0,0,0,0,357,360.73,379.7,384.81,401.44,357,11/9/2023,,,,,
989.001030621124,RBT,0111000000,0,1,0,0,0,0,335,341,365.91,371.33,392.14,335,11/9/2023,,,,,
989.001030621125,RBC,0110000000,0,0,0,1,0,0,339,339,364.51,369.97,391.19,339,11/9/2023,,,,,
989.001030621126,SCN,0100010000,0,0,0,0,0,1,113,120,211,220,116,113,11/9/2023,,,,,
989.001030621127,RBC,0100000000,0,0,0,1,0,0,307,311.34,345.17,351.07,378.15,307,11/9/2023,,,,,
989.001030621128,RBT,0100000000,0,1,0,0,0,0,175,180.93,254.02,262,316.65,175,11/9/2023,,,,,
989.001030621129,RBT,0100000000,0,1,0,0,0,0,183,188.84,259.55,267.39,320.38,183,11/9/2023,,,,,
989.001030621130,RBT,0100000000,0,1,0,0,0,0,124,130.55,218.8,227.58,292.89,124,11/9/2023,,,,,
989.001030621131,RBC,0100000000,0,0,0,1,0,0,285,289.6,329.98,336.22,367.9,285,11/9/2023,,,,,
989.001030621132,RBT,0100000000,0,1,0,0,0,0,147,153.27,234.69,243.1,303.61,147,11/9/2023,,,,,
989.001030621133,RBC,0100000000,0,0,0,1,0,0,319,323.19,353.46,359.17,383.74,319,11/9/2023,,,,,
989.001030621134,RBC,0100000000,0,0,0,1,0,0,281,285.65,327.22,333.52,366.04,281,11/9/2023,,,,,
989.001030621135,RBT,0111000000,0,1,0,0,0,0,322,326,355.42,361.09,385.06,322,11/9/2023,,,,,
989.001030621137,RBT,0100000000,0,1,0,0,0,0,140,146.36,229.85,238.38,300.35,140,11/9/2023,,,,,
989.001030621138,LOC,0100000000,1,0,0,0,0,0,424,426.92,425.97,430.02,432.66,424,11/9/2023,,,,,
989.001030621139,LOC,0111110000,1,0,0,0,0,0,256,257,312,318.65,355.77,256,11/9/2023,,,,,
989.001030621140,RBT,0100000000,0,1,0,0,0,0,206,211.56,275.43,282.91,331.09,206,11/9/2023,,,,,
989.001030621141,RBC,0110100000,0,0,0,1,0,0,256,257,275,282.5,330.8,256,11/9/2023,,,,,
989.001030621142,RBC,0111000000,0,0,0,1,0,0,271,271,316.98,323.52,359.13,271,11/9/2023,,,,,
989.001030621143,LOC,0100000000,1,0,0,0,0,0,174,179.95,253.33,261.32,316.19,174,11/9/2023,,,,,
989.001030621144,RBT,0100000000,0,1,0,0,0,0,297,301.46,338.27,344.32,373.49,297,11/9/2023,,,,,
989.001030621145,RBC,0100000000,0,0,0,1,0,0,313,317.26,349.32,355.12,380.94,313,11/9/2023,,,,,
989.001030621146,SRN,0100000000,0,0,1,0,0,0,414,417.04,419.06,423.27,428,414,11/9/2023,,,,,
989.001030621147,SCN,0100000000,0,0,0,0,0,1,108,115,208,217,285,108,11/9/2023,,,,,
989.001030621148,RBT,0110000000,0,1,0,0,0,0,293,293,332.36,338.54,369.5,293,11/9/2023,,,,,
989.001030621149,LOC,0100000000,1,0,0,0,0,0,382,385.43,396.96,401.68,413.09,382,11/9/2023,,,,,
989.001030621150,RBT,0100000000,0,1,0,0,0,0,146,152.28,234,242.43,303.14,146,11/9/2023,,,,,
989.001030621151,RBT,0111000000,0,1,0,0,0,0,220,226,285.52,292.78,337.9,220,11/9/2023,,,,,
989.001030621152,RBC,0110000000,0,0,0,1,0,0,317,317,349.13,354.94,380.82,317,11/9/2023,,,,,
989.001030621153,RBC,0111000000,0,0,0,1,0,0,288,288,328.86,335.13,367.14,288,11/9/2023,,,,,
989.001030621154,RBC,0100000000,0,0,0,1,0,0,281,285.65,327.22,333.52,366.04,281,11/9/2023,,,,,
989.001030621155,RBC,0100000000,0,0,0,1,0,0,267,271.82,317.55,324.08,359.51,267,11/9/2023,,,,,
989.001030621156,RBC,0111000000,0,0,0,1,0,0,294,297,335.15,341.28,371.39,297,11/9/2023,,,,,
989.001030621157,RBC,0110010000,0,0,0,1,0,0,314,317,320,326.47,361.16,317,11/9/2023,,,,,
989.001030621158,SCN,0100000000,0,0,0,0,0,1,109,116,208,217,286,109,11/9/2023,,,,,
989.001030621159,RBT,0100000000,0,1,0,0,0,0,139,145.37,229.16,237.7,299.88,139,11/9/2023,,,,,
989.001030621160,RBT,0110000000,0,1,0,0,0,0,424,424,423.93,428.03,431.28,424,11/9/2023,,,,,
989.001030621161,SCN,0100000000,0,0,0,0,0,1,96,103,199,209,280,96,11/9/2023,,,,,
989.001030621162,LOC,0000000011,1,0,0,0,0,0,79.78,86.87,188.27,197.74,207,201,11/3/2025,,,,,
989.001030621163,RBT,0110000000,0,1,0,0,0,0,128,134,221.22,229.94,294.52,128,11/9/2023,,,,,
989.001030621164,SCN,0100000000,0,0,0,0,0,1,101,108,203,212,282,101,11/9/2023,,,,,
989.001030621165,RBC,0000000011,0,0,0,1,0,0,178.36,184.25,256.34,264.26,272,272,11/3/2025,,,,,
989.001030621166,SCN,0001000000,0,0,0,0,0,1,87,94,193,203,276,94,3/21/2024,,,,,
989.001030621167,LOC,0000000010,1,0,0,0,0,0,252.66,257.66,307.65,314.4,321,321,11/3/2025,,,,,
989.001030621168,RBT,0001000000,0,1,0,0,0,0,89.03,96,194.65,203.98,276.6,96,3/21/2024,,,,,
989.001030621169,RBT,0001000000,0,1,0,0,0,0,414.97,418,419.73,423.93,428.45,418,3/21/2024,,,,,
989.001030621170,SCN,0001000000,0,0,0,0,0,1,83,90,190,200,274,90,3/21/2024,,,,,
989.001030621171,SCN,0000000010,0,0,0,0,0,1,105,108,111,122,133,133,11/3/2025,,,,,
989.001030621172,SCN,0000000010,0,0,0,0,0,1,60,62,64,76,88,88,11/3/2025,,,,,
989.001030621173,LOC,0000000010,1,0,0,0,0,0,132.23,135.6,139.05,149.65,160,160,11/3/2025,,,,,
989.001030621174,SCN,0001000000,0,0,0,0,0,1,69,76,181,190,267,76,3/21/2024,,,,,
989.001030621175,RBT,0100000000,0,1,0,0,0,0,129,135.49,222.26,230.95,295.22,129,11/9/2023,,,,,
989.001030621176,LOC,0000000010,1,0,0,0,0,0,182.91,188.74,259.48,267.33,275,275,11/3/2025,,,,,
989.001030621177,LOC,0000000011,1,0,0,0,0,0,175.32,181.25,254.25,262.21,270,270,11/3/2025,,,,,
989.001030621178,SCN,0001000000,0,0,0,0,0,1,79,86,188,197,272,86,3/21/2024,,,,,
989.001030621179,LOC,0001000000,1,0,0,0,0,0,87,94,193.26,202.61,275.66,94,3/21/2024,,,,,
989.001030621180,SCN,0001000000,0,0,0,0,0,1,104,111,205,214,284,111,3/21/2024,,,,,
989.001030621181,LOC,0000000010,1,0,0,0,0,0,296.64,301.1,338.02,344.08,350,350,11/3/2025,,,,,
989.001030621182,RBT,0001000000,0,1,0,0,0,0,132.55,139,224.71,233.35,296.88,139,3/21/2024,,,,,
989.001030621183,RBT,0100000000,0,1,0,0,0,0,116,122.65,213.28,222.18,289.16,116,11/9/2023,,,,,
989.001030621184,SCN,0001000000,0,0,0,0,0,1,90,97,195,205,277,97,3/21/2024,,,,,
989.001030621185,LOC,0100000000,1,0,0,0,0,0,449,451.62,443.23,446.89,444.3,449,11/9/2023,,,,,
989.001030621186,SCN,0001000000,0,0,0,0,0,1,83,90,190,200,274,90,3/21/2024,,,,,
989.001030621187,SCN,0000000010,0,0,0,0,0,1,46,47,49,62,74,74,11/3/2025,,,,,
989.001030621189,SCN,0100000000,0,0,0,0,0,1,89,96,195,204,277,89,11/9/2023,,,,,
989.001030621190,SCN,0100000000,0,0,0,0,0,1,115,122,213,222,289,115,11/9/2023,,,,,
989.001030621191,SCN,0001000000,0,0,0,0,0,1,76,83,186,195,270,83,3/21/2024,,,,,
989.001030621192,RBC,0001000000,0,0,0,1,0,0,266.17,271,316.98,323.52,359.13,271,3/21/2024,,,,,
989.001030621193,SCN,0100000000,0,0,0,0,0,1,86,93,193,202,275,86,11/9/2023,,,,,
989.001030621194,RBT,0100000000,0,1,0,0,0,0,264,268.86,315.48,322.05,358.12,264,11/9/2023,,,,,
989.001030621195,LOC,0000000010,1,0,0,0,0,0,105.56,112.34,206.07,215.14,224,224,11/3/2025,,,,,
989.001030621196,SCN,0000000010,0,0,0,0,0,1,56,58,59,72,84,84,11/3/2025,,,,,
989.001030621197,LOC,0000000010,1,0,0,0,0,0,41.87,49.41,162.09,172.16,182,182,11/3/2025,,,,,
989.001030621198,RBT,0100000000,0,1,0,0,0,0,123,129.56,218.11,226.91,292.43,123,11/9/2023,,,,,
989.001030621199,SCN,0001000000,0,0,0,0,0,1,98,105,201,210,281,105,3/21/2024,,,,,
989.001030621200,RBT,0001000000,0,1,0,0,0,0,190.25,196,264.55,272.29,323.76,196,3/21/2024,,,,,
989.001030621201,LOC,0000000011,1,0,0,0,0,0,302.71,307.1,342.21,348.17,354,354,11/3/2025,,,,,
989.001030621202,RBC,0100000000,0,0,0,1,0,0,289,293.55,332.74,338.92,369.76,289,11/9/2023,,,,,
989.001030621203,SCN,0001000000,0,0,0,0,0,1,78,85,187,196,271,85,3/21/2024,,,,,
989.001030621204,SCN,0000000010,0,0,0,0,0,1,63,65,67,79,91,91,11/3/2025,,,,,
989.001030621205,RBT,0001000000,0,1,0,0,0,0,480.77,483,465.17,468.33,459.1,483,3/21/2024,,,,,
989.001030621206,LOC,0000000011,1,0,0,0,0,0,58.55,65.89,173.61,183.42,193,193,11/3/2025,,,,,
989.001030621207,RBT,0001000000,0,1,0,0,0,0,132.55,139,224.71,233.35,296.88,139,3/21/2024,,,,,
989.001030621208,SCN,0100000000,0,0,0,0,0,1,93,100,197,207,278,93,11/9/2023,,,,,
989.001030621209,LOC,0000000010,1,0,0,0,0,0,132.23,135.6,139.05,149.65,160,160,11/3/2025,,,,,
989.001030621210,LOC,0100000000,1,0,0,0,0,0,150,156.24,236.76,245.13,305,150,11/9/2023,,,,,
989.001030621211,RBT,0100000000,0,1,0,0,0,0,349,352.83,374.18,379.41,397.71,349,11/9/2023,,,,,
989.001030621212,SCN,0001000000,0,0,0,0,0,1,84,91,191,201,274,91,3/21/2024,,,,,
989.001030621213,SCN,0001000000,0,0,0,0,0,1,92,99,197,206,278,99,3/21/2024,,,,,
989.001030621214,SCN,0001000000,0,0,0,0,0,1,85,92,192,201,275,92,3/21/2024,,,,,
989.001030621215,RBC,0100000000,0,0,0,1,0,0,294,298.49,336.2,342.3,372.09,294,11/9/2023,,,,,
989.001030621216,RBT,0100000000,0,1,0,0,0,0,135,141.42,226.4,235,298.02,135,11/9/2023,,,,,
989.001030621217,RBC,0001000000,0,0,0,1,0,0,284.39,289,329.56,335.81,367.61,289,3/21/2024,,,,,
989.001030621218,SCN,0001000000,0,0,0,0,0,1,89,96,195,204,277,96,3/21/2024,,,,,
989.001030621219,RBC,0100000000,0,0,0,1,0,0,278,282.69,325.15,331.5,364.64,278,11/9/2023,,,,,
989.001030621220,SCN,0001000000,0,0,0,0,0,1,83,90,190,200,274,90,3/21/2024,,,,,
989.001030621221,SCN,0001000000,0,0,0,0,0,1,98,105,201,210,281,105,3/21/2024,,,,,
989.001030621222,LOC,0000000010,1,0,0,0,0,0,320.91,325.07,354.78,360.45,366,366,11/3/2025,,,,,
989.001030621223,SCN,0001000000,0,0,0,0,0,1,92,99,197,206,278,99,3/21/2024,,,,,
989.001030621223,SCN,0000000100,0,0,0,0,0,1,90,93,95,107,210,107,3/20/2025,,,,,
989.001030621224,SCN,0001000001,0,0,0,0,0,1,101,108,203,212,116,108,3/21/2024,,,,,
989.001030621225,SCN,0100000000,0,0,0,0,0,1,93,100,197,207,278,93,11/9/2023,,,,,
989.001030621226,SCN,0001000000,0,0,0,0,0,1,99,106,202,211,281,106,3/21/2024,,,,,
989.001030621227,SCN,0001001000,0,0,0,0,0,1,90,97,195,110,212,97,3/21/2024,,,,,
989.001030621228,RBT,0000000010,0,1,0,0,0,0,118.19,121.26,124.39,135.32,146,146,11/3/2025,,,,,
989.001030621229,SCN,0100000000,0,0,0,0,0,1,118,125,215,224,290,118,11/9/2023,,,,,
989.001030621230,SCN,0001000000,0,0,0,0,0,1,84,91,191,201,274,91,3/21/2024,,,,,
989.001030621231,RBT,0100000000,0,1,0,0,0,0,129,135.49,222.26,230.95,295.22,129,11/9/2023,,,,,
989.001030621232,SCN,0001000000,0,0,0,0,0,1,87,94,193,203,276,94,3/21/2024,,,,,
989.001030621233,SCN,0000000010,0,0,0,0,0,1,83,85,88,100,111,111,11/3/2025,,,,,
989.001030621234,SCN,0001000000,0,0,0,0,0,1,93,100,197,207,278,100,3/21/2024,,,,,
989.001030621235,RBC,0001000000,0,0,0,1,0,0,284.39,289,329.56,335.81,367.61,289,3/21/2024,,,,,
989.001030621236,LOC,0100000000,1,0,0,0,0,0,417,420,421.13,425.3,429.39,417,11/9/2023,,,,,
989.001030621237,RBT,0011000000,0,1,0,0,0,0,448,448,440.7,444.42,442.6,448,3/19/2024,,,,,
989.001030621238,RBT,0001000000,0,1,0,0,0,0,218.59,224,284.13,291.41,336.96,224,3/21/2024,,,,,
989.001030621239,SCN,0001000000,0,0,0,0,0,1,94,101,198,207,279,101,3/21/2024,,,,,
989.001030621240,SCN,0001000000,0,0,0,0,0,1,69,76,181,190,267,76,3/21/2024,,,,,
989.001030621241,SCN,0000000010,0,0,0,0,0,1,82,84,87,98,110,110,11/3/2025,,,,,
989.001030621242,SCN,0100000000,0,0,0,0,0,1,98,105,201,210,281,98,11/9/2023,,,,,
989.001030621243,SCN,0001000000,0,0,0,0,0,1,75,82,185,194,270,82,3/21/2024,,,,,
989.001030621244,RBT,0001000000,0,1,0,0,0,0,544.54,546,509.2,511.36,488.81,546,3/21/2024,,,,,
989.001030621245,RBT,0100000000,0,1,0,0,0,0,286,290.59,330.67,336.9,368.36,286,11/9/2023,,,,,
989.001030621246,SCN,0110000000,0,0,0,0,0,1,102,102,199,208,279,102,11/9/2023,,,,,
989.001030621247,SCN,0100000000,0,0,0,0,0,1,109,116,208,217,286,109,11/9/2023,,,,,
989.001030621248,RBT,0100000000,0,1,0,0,0,0,289,293.55,332.74,338.92,369.76,289,11/9/2023,,,,,
989.001030621249,RBT,0000000011,0,1,0,0,0,0,98.13,100.76,103.45,114.85,126,126,11/3/2025,,,,,
989.001030621250,RBT,0100000000,0,1,0,0,0,0,149,155.25,236.07,244.45,304.54,149,11/9/2023,,,,,
989.001030621251,SCN,0001000000,0,0,0,0,0,1,94,101,198,207,279,101,3/21/2024,,,,,
989.001030621252,SCN,0100000000,0,0,0,0,0,1,98,105,201,210,281,98,11/9/2023,,,,,
989.001030621253,RBT,0100000000,0,1,0,0,0,0,121,127.59,216.73,225.56,291.49,121,11/9/2023,,,,,
989.001030621254,LOC,0001000000,1,0,0,0,0,0,158.87,165,242.89,251.11,309.14,165,3/21/2024,,,,,
989.001030621255,RBT,0001000000,0,1,0,0,0,0,105.22,112,205.84,214.91,284.14,112,3/21/2024,,,,,
989.001030621256,SCN,0100000000,0,0,0,0,0,1,138,144,228,237,299,138,11/9/2023,,,,,
989.001030621257,RBT,0100000000,0,1,0,0,0,0,133,139.44,225.02,233.65,297.08,133,11/9/2023,,,,,
989.001030621258,RBT,0001000000,0,1,0,0,0,0,116.36,123,213.53,222.42,289.33,123,3/21/2024,,,,,
989.001030621259,SCN,0001000000,0,0,0,0,0,1,74,81,184,194,270,81,3/21/2024,,,,,
989.001030621260,LOC,0000000011,1,0,0,0,0,0,129.83,136.31,222.83,231.51,240,240,11/3/2025,,,,,
989.001030621261,RBT,0010000000,0,1,0,0,0,0,117.37,124,214.23,223.11,289.8,124,3/19/2024,,,,,
989.001030621262,SCN,0010000000,0,0,0,0,0,1,139,145,229,237,300,145,3/19/2024,,,,,
989.001030621263,LOC,0011101110,1,0,0,0,0,0,369.42,373,394,396,403,373,3/19/2024,,,,,
989.001030621264,RBT,0010000000,0,1,0,0,0,0,401.81,405,410.65,415.05,422.32,405,3/19/2024,,,,,
989.001030621265,SCN,0010000000,0,0,0,0,0,1,83,90,190,200,274,90,3/19/2024,,,,,
989.001030621266,RBC,0011000000,0,0,0,1,0,0,299.57,304,340.05,346.06,374.69,304,3/19/2024,,,,,
989.001030621267,RBC,0010010000,0,0,0,1,0,0,318.81,323,342,347.97,376.01,323,3/19/2024,,,,,
989.001030621268,LOC,0010000100,1,0,0,0,0,0,98.14,105,200.95,158,244.85,105,3/19/2024,,,,,
989.001030621269,RBC,0010000000,0,0,0,1,0,0,290.46,295,333.76,339.91,370.44,295,3/19/2024,,,,,
989.001030621270,LOC,0010000000,1,0,0,0,0,0,300.59,305,340.75,346.74,375.16,305,3/19/2024,,,,,
989.001030621271,RBT,0010000000,0,1,0,0,0,0,270.22,275,319.78,326.25,361.01,275,3/19/2024,,,,,
989.001030621272,LOC,0010000010,1,0,0,0,0,0,93.08,100,197.45,206.71,271,100,3/19/2024,,,,,
989.001030621273,SCN,0010000000,0,0,0,0,0,1,104,111,205,214,284,111,3/19/2024,,,,,
989.001030621274,SCN,0010000000,0,0,0,0,0,1,79,86,188,197,272,86,3/19/2024,,,,,
989.001030621275,LOC,0011000000,1,0,0,0,0,0,336.02,340,365.21,370.65,391.67,340,3/19/2024,,,,,
989.001030621276,LOC,0010000000,1,0,0,0,0,0,87,94,193.26,202.61,275.66,94,3/19/2024,,,,,
989.001030621277,SRN,0011000000,0,0,1,0,0,0,391.69,395,403.66,408.22,417.6,395,3/19/2024,,,,,
989.001030621278,LOC,0010000000,1,0,0,0,0,0,209.48,215,277.84,285.27,332.72,215,3/19/2024,,,,,
989.001030621279,SCN,0010000000,0,0,0,0,0,1,87,94,193,203,276,94,3/19/2024,,,,,
989.001030621280,LOC,0010000000,1,0,0,0,0,0,100.16,107,202.34,211.49,281.79,107,3/19/2024,,,,,
989.001030621281,SCN,0010000000,0,0,0,0,0,1,83,90,190,200,274,90,3/19/2024,,,,,
989.001030621282,SCN,0010000000,0,0,0,0,0,1,83,90,190,200,274,90,3/19/2024,,,,,
989.001030621283,SCN,0010000000,0,0,0,0,0,1,69,76,181,190,267,76,3/19/2024,,,,,
989.001030621284,SCN,0010000000,0,0,0,0,0,1,108,115,208,217,286,115,3/19/2024,,,,,
989.001030621285,SCN,0010000000,0,0,0,0,0,1,117,124,214,223,290,124,3/19/2024,,,,,
989.001030621286,LOC,0010000000,1,0,0,0,0,0,143.69,150,232.4,240.87,302.06,150,3/19/2024,,,,,
989.001030621287,SCN,0010000000,0,0,0,0,0,1,92,99,197,206,278,99,3/19/2024,,,,,
989.001030621288,SCN,0010000000,0,0,0,0,0,1,115,122,213,222,289,122,3/19/2024,,,,,
989.001030621289,SRN,0010000000,0,0,1,0,0,0,392.7,396,404.35,408.9,418.07,396,3/19/2024,,,,,
989.001030621290,RBT,0011000000,0,1,0,0,0,0,143.69,150,232.4,240.87,302.06,150,3/19/2024,,,,,
989.001030621291,RBT,0011000000,0,1,0,0,0,0,209.48,215,277.84,285.27,332.72,215,3/19/2024,,,,,
989.001030621292,RBT,0011100000,0,1,0,0,0,0,132.55,139,245,253.18,310.56,139,3/19/2024,,,,,
989.001030621293,SCN,0011000000,0,0,0,0,0,1,93,100,197,207,278,100,3/19/2024,,,,,
989.001030621294,RBT,0010000000,0,1,0,0,0,0,126.48,133,220.52,229.25,294.05,133,3/19/2024,,,,,
989.001030621295,LOC,0010000000,1,0,0,0,0,0,262.12,267,314.18,320.78,357.24,267,3/19/2024,,,,,
989.001030621296,RBT,0011000000,0,1,0,0,0,0,584.02,585,536.47,538,507.2,585,3/19/2024,,,,,
989.001030621297,LOC,0010000000,1,0,0,0,0,0,93.08,100,197.45,206.71,278.48,100,3/19/2024,,,,,
989.001030621298,RBT,0010000000,0,1,0,0,0,0,113.32,120,211.43,220.37,287.92,120,3/19/2024,,,,,
989.001030621299,SCN,0010000000,0,0,0,0,0,1,118,125,215,224,290,125,3/19/2024,,,,,
989.001030621300,SCN,0010000000,0,0,0,0,0,1,103,110,204,214,283,110,3/19/2024,,,,,
989.001030621301,LOC,0011000000,1,0,0,0,0,0,361.32,365,382.69,387.72,403.46,365,3/19/2024,,,,,
989.001030621302,RBC,0010000000,0,0,0,1,0,0,256.05,261,309.99,316.69,354.41,261,3/19/2024,,,,,
989.001030621303,RBT,0011000000,0,1,0,0,0,0,401.81,405,410.65,415.05,422.32,405,3/19/2024,,,,,
989.001030621304,LOC,0011000000,1,0,0,0,0,0,199.36,205,270.85,278.43,328,205,3/19/2024,,,,,
989.001030621305,RBC,0010000000,0,0,0,1,0,0,295.53,300,337.25,343.33,372.8,300,3/19/2024,,,,,
989.001030621306,LOC,0010001111,1,0,0,0,0,0,219.61,225,284.83,346,391,225,3/19/2024,,,,,
989.001030621307,LOC,0010000000,1,0,0,0,0,0,210.5,216,278.53,285.95,333.19,216,3/19/2024,,,,,
989.001030621308,RBC,0011110000,0,0,0,1,0,0,265.16,270,298,304.97,346.32,270,3/19/2024,,,,,
989.001030621309,RBT,0010000000,0,1,0,0,0,0,553.65,555,515.5,517.51,493.06,555,3/19/2024,,,,,
989.001030621310,RBC,0011000000,0,0,0,1,0,0,292.49,297,335.15,341.28,371.39,297,3/19/2024,,,,,
989.001030621311,LOC,0011000000,1,0,0,0,0,0,153.81,160,239.39,247.7,306.78,160,3/19/2024,,,,,
989.001030621312,LOC,0011100000,1,0,0,0,0,0,300.59,305,346,351.88,378.71,305,3/19/2024,,,,,
989.001030621313,LOC,0010000000,1,0,0,0,0,0,79.92,87,188.36,197.83,272.35,87,3/19/2024,,,,,
989.001030621314,LOC,0011000000,1,0,0,0,0,0,205.44,211,275.04,282.53,330.83,211,3/19/2024,,,,,
989.001030621315,RBT,0010000000,0,1,0,0,0,0,168.99,175,249.88,257.94,313.85,175,3/19/2024,,,,,
989.001030621316,LOC,0011000000,1,0,0,0,0,0,158.87,165,242.89,251.11,309.14,165,3/19/2024,,,,,
989.001030621317,SCN,0010000000,0,0,0,0,0,1,88,95,194,203,276,95,3/19/2024,,,,,
989.001030621318,RBT,0010000000,0,1,0,0,0,0,120.41,127,216.32,225.16,291.22,127,3/19/2024,,,,,
989.001030621319,LOC,0010000000,1,0,0,0,0,0,93.08,100,197.45,206.71,278.48,100,3/19/2024,,,,,
989.001030621320,SCN,0010000000,0,0,0,0,0,1,88,95,194,203,276,95,3/19/2024,,,,,
989.001030621321,RBC,0010000000,0,0,0,1,0,0,319.82,324,354.03,359.72,384.12,324,3/19/2024,,,,,
989.001030621322,LOC,0010000000,1,0,0,0,0,0,153.81,160,239.39,247.7,306.78,160,3/19/2024,,,,,
989.001030621323,RBT,0010000000,0,1,0,0,0,0,139.64,146,229.6,238.13,300.18,146,3/19/2024,,,,,
989.001030621324,RBT,0010000000,0,1,0,0,0,0,214.55,220,281.33,288.68,335.08,220,3/19/2024,,,,,
989.001030621325,SCN,0010000000,0,0,0,0,0,1,78,85,187,196,271,85,3/19/2024,,,,,
989.001030621326,LOC,0010000000,1,0,0,0,0,0,104.21,111,205.14,214.23,283.67,111,3/19/2024,,,,,
989.001030621327,RBT,0011100100,0,1,0,0,0,0,142.68,149,262,268,320.8,149,3/19/2024,,,,,
989.001030621328,LOC,0011100000,1,0,0,0,0,0,184.18,190,268,275.65,326.08,190,3/19/2024,,,,,
989.001030621329,LOC,0011000000,1,0,0,0,0,0,133.57,140,225.41,234.04,297.35,140,3/19/2024,,,,,
989.001030621330,LOC,0010000000,1,0,0,0,0,0,99.15,106,201.64,210.81,281.31,106,3/19/2024,,,,,
989.001030621331,SCN,0010000000,0,0,0,0,0,1,83,90,190,200,274,90,3/19/2024,,,,,
989.001030621332,LOC,0010001100,1,0,0,0,0,0,295.53,300,337.25,336,367.74,300,3/19/2024,,,,,
989.001030621333,RBT,0010001000,0,1,0,0,0,0,295.53,300,337.25,335,367.05,300,3/19/2024,,,,,
989.001030621334,RBT,0010000000,0,1,0,0,0,0,161.91,168,244.98,253.16,310.55,168,3/19/2024,,,,,
989.001030621335,RBT,0011000000,0,1,0,0,0,0,129.52,136,222.61,231.3,295.46,136,3/19/2024,,,,,
989.001030621336,SCN,0010000000,0,0,0,0,0,1,89,96,195,204,277,96,3/19/2024,,,,,
989.001030621337,RBC,0011000000,0,0,0,1,0,0,265.16,270,316.28,322.83,358.65,270,3/19/2024,,,,,
989.001030621338,RBT,0010000000,0,1,0,0,0,0,107.25,114,207.24,216.28,285.09,114,3/19/2024,,,,,
989.001030621339,SCN,0010000000,0,0,0,0,0,1,91,98,196,205,278,98,3/19/2024,,,,,
989.001030621340,RBC,0011000000,0,0,0,1,0,0,325.89,330,358.22,363.82,386.95,330,3/19/2024,,,,,
989.001030621341,LOC,0010000000,1,0,0,0,0,0,91.05,98,196.05,205.35,277.54,98,3/19/2024,,,,,
989.001030621342,SCN,0010000000,0,0,0,0,0,1,91,98,196,205,278,98,3/19/2024,,,,,
989.001030621343,RBT,0010000000,0,1,0,0,0,0,142.68,149,231.7,240.18,301.59,149,3/19/2024,,,,,
989.001030621344,SCN,0010000000,0,0,0,0,0,1,89,96,195,204,277,96,3/19/2024,,,,,
989.001030621345,SCN,0010000000,0,0,0,0,0,1,78,85,187,196,271,85,3/19/2024,,,,,
989.001030621346,RBT,0011000000,0,1,0,0,0,0,211.51,217,279.23,286.63,333.66,217,3/19/2024,,,,,
989.001030621347,LOC,0010000000,1,0,0,0,0,0,381.57,385,396.67,401.39,412.89,385,3/19/2024,,,,,
989.001030621348,RBC,0011010000,0,0,0,1,0,0,273.26,278,290,297.15,340.92,278,3/19/2024,,,,,
989.001030621349,LOC,0011000000,1,0,0,0,0,0,336.02,340,365.21,370.65,391.67,335,3/19/2024,,,,,
989.001030621350,RBT,0010000000,0,1,0,0,0,0,451.41,454,444.9,448.52,445.43,454,3/19/2024,,,,,
989.001030621351,RBT,0010000000,0,1,0,0,0,0,163.93,170,246.38,254.53,311.5,170,3/19/2024,,,,,
989.001030621352,SCN,0010000000,0,0,0,0,0,1,110,117,209,218,287,117,3/19/2024,,,,,
989.001030621353,RBC,0010100000,0,0,0,1,0,0,285.4,290,317,323.54,359.14,290,3/19/2024,,,,,
989.001030621354,RBC,0010000000,0,0,0,1,0,0,265.16,270,316.28,322.83,358.65,270,3/19/2024,,,,,
989.001030621355,SCN,0010000000,0,0,0,0,0,1,92,99,197,206,278,99,3/19/2024,,,,,
989.001030621356,RBC,0010000000,0,0,0,1,0,0,275.28,280,323.27,329.66,363.37,280,3/19/2024,,,,,
989.001030621357,SCN,0010000000,0,0,0,0,0,1,120,127,216,225,291,127,3/19/2024,,,,,
989.001030621358,RBT,0011000000,0,1,0,0,0,0,337,337,363.11,368.6,390.25,337,3/19/2024,,,,,
989.001030621359,RBT,0010000000,0,1,0,0,0,0,93.08,100,197.45,206.71,278.48,100,3/19/2024,,,,,
989.001030621360,RBC,0010000000,0,0,0,1,0,0,320.83,325,354.73,360.4,384.59,325,3/19/2024,,,,,
989.001030621361,SCN,0010000000,0,0,0,0,0,1,92,99,197,206,278,99,3/19/2024,,,,,
989.001030621362,RBT,0011000000,0,1,0,0,0,0,429.14,432,429.52,433.49,435.05,432,3/19/2024,,,,,
989.001030621363,SCN,0010000000,0,0,0,0,0,1,89,96,195,204,277,96,3/19/2024,,,,,
989.001030621364,SCN,0010000000,0,0,0,0,0,1,121,128,217,226,292,128,3/19/2024,,,,,
989.001030621365,RBT,0010000000,0,1,0,0,0,0,94.09,101,198.15,207.4,278.96,101,3/19/2024,,,,,
989.001030621366,RBT,0011000000,0,1,0,0,0,0,125.47,132,219.82,228.57,293.58,132,3/19/2024,,,,,
989.001030621367,RBT,0011000000,0,1,0,0,0,0,462.55,465,452.59,456.03,450.61,465,3/19/2024,,,,,
989.001030621368,RBT,0010000000,0,1,0,0,0,0,400.8,404,409.95,414.36,421.85,404,3/19/2024,,,,,
989.001030621369,RBT,0010000000,0,1,0,0,0,0,454.45,457,446.99,450.57,446.84,457,3/19/2024,,,,,
989.001030621370,SCN,0010000000,0,0,0,0,0,1,86,93,193,202,275,93,3/19/2024,,,,,
989.001030621371,SCN,0010000000,0,0,0,0,0,1,96,103,200,209,280,103,3/19/2024,,,,,
989.001030621372,LOC,0010000000,1,0,0,0,0,0,85.99,93,192.56,201.93,275.18,93,3/19/2024,,,,,
989.001030621373,RBT,0011000000,0,1,0,0,0,0,139.64,146,229.6,238.13,300.18,146,3/19/2024,,,,,
989.001030621374,LOC,0010010010,1,0,0,0,0,0,401.81,405,414,418.33,429,405,3/19/2024,,,,,
989.001030621375,SCN,0010000000,0,0,0,0,0,1,125,132,220,229,294,132,3/19/2024,,,,,
989.001030621376,LOC,0010010000,1,0,0,0,0,0,189.24,195,261,268.81,321.36,195,3/19/2024,,,,,
989.001030621377,LOC,0011001100,1,0,0,0,0,0,330.95,335,361.72,375,394.67,335,3/19/2024,,,,,
989.001030621378,SCN,0010000000,0,0,0,0,0,1,83,90,190,200,274,90,3/19/2024,,,,,
989.001030621379,SCN,0010000000,0,0,0,0,0,1,152,158,238,246,306,158,3/19/2024,,,,,
989.001030621380,SCN,0011000000,0,0,0,0,0,1,106,113,207,216,285,113,3/19/2024,,,,,
989.001030621381,RBT,0011000000,0,1,0,0,0,0,123.44,130,218.42,227.21,292.63,130,3/19/2024,,,,,
989.001030621382,RBC,0010000000,0,0,0,1,0,0,304.64,309,343.54,349.47,377.05,309,3/19/2024,,,,,
989.001030621383,LOC,0010001000,1,0,0,0,0,0,492.91,495,473.56,495,477.52,495,3/19/2024,,,,,
989.001030621384,LOC,0011100100,1,0,0,0,0,0,114.33,121,189,193,269.02,102,3/19/2024,,,,,
989.001030621385,SCN,0010000000,0,0,0,0,0,1,126,133,221,229,294,133,3/19/2024,,,,,
989.001030621386,LOC,0010000000,1,0,0,0,0,0,379.54,383,395.27,400.02,411.94,383,3/19/2024,,,,,
989.001030621387,LOC,0010000000,1,0,0,0,0,0,155.84,162,240.79,249.06,307.72,162,3/19/2024,,,,,
989.001030621388,SCN,0010000000,0,0,0,0,0,1,110,117,209,218,287,117,3/19/2024,,,,,
989.001030621389,LOC,0010000000,1,0,0,0,0,0,105.22,112,205.84,214.91,284.14,112,3/19/2024,,,,,
989.001030621390,LOC,0010000000,1,0,0,0,0,0,137.61,144,228.21,236.77,299.23,144,3/19/2024,,,,,
989.001030621391,SCN,0010000000,0,0,0,0,0,1,96,103,200,209,280,103,3/19/2024,,,,,
989.001030621392,RBT,0010000000,0,1,0,0,0,0,360.31,364,381.99,387.04,402.98,364,3/19/2024,,,,,
989.001030621393,SCN,0010010000,0,0,0,0,0,1,98,105,114,125,222,105,3/19/2024,,,,,
989.001030621394,LOC,0010000000,1,0,0,0,0,0,203.41,209,273.64,281.17,329.89,209,3/19/2024,,,,,
989.001030621395,RBT,0011000000,0,1,0,0,0,0,400.8,404,409.95,414.36,421.85,404,3/19/2024,,,,,
989.001030621396,RBT,0010000000,0,1,0,0,0,0,163.93,170,246.38,254.53,311.5,170,3/19/2024,,,,,
989.001030621397,LOC,0010000000,1,0,0,0,0,0,145.71,152,233.8,242.23,303.01,152,3/19/2024,,,,,
989.001030621398,SCN,0010000000,0,0,0,0,0,1,115,122,213,222,289,122,3/19/2024,,,,,
989.001030621399,SRN,0011000000,0,0,1,0,0,0,442.3,445,438.61,442.37,441.18,445,3/19/2024,,,,,
989.001030621400,SCN,0010000000,0,0,0,0,0,1,85,92,192,201,275,92,3/19/2024,,,,,
989.001030621401,LOC,0010000000,1,0,0,0,0,0,361.32,365,382.69,387.72,403.46,365,3/19/2024,,,,,
989.001030621402,SRN,0011000000,0,0,1,0,0,0,361.32,365,382.69,387.72,403.46,365,3/19/2024,,,,,
989.001030621403,LOC,0011000000,1,0,0,0,0,0,140.65,147,230.3,238.82,300.65,147,3/19/2024,,,,,
989.001030621404,RBT,0011000000,0,1,0,0,0,0,454.45,457,446.99,450.57,446.84,457,3/19/2024,,,,,
989.001030621405,LOC,0011000000,1,0,0,0,0,0,142.68,149,231.7,240.18,301.59,149,3/19/2024,,,,,
989.001030621406,LOC,0010000000,1,0,0,0,0,0,91.05,98,196.05,205.35,277.54,98,3/19/2024,,,,,
989.001030621407,LOC,0011000000,1,0,0,0,0,0,173.04,179,252.67,260.68,315.74,179,3/19/2024,,,,,
989.001030621408,LOC,0010001100,1,0,0,0,0,0,199.36,205,270.85,313,351.87,205,3/19/2024,,,,,
989.001030621409,RBT,0010010000,0,1,0,0,0,0,145.71,152,268,275.65,326.08,152,3/19/2024,,,,,
989.001030621410,RBT,0011000000,0,1,0,0,0,0,380.55,384,395.97,400.7,412.42,384,3/19/2024,,,,,
989.001030621411,SCN,0010000000,0,0,0,0,0,1,91,98,196,205,278,98,3/19/2024,,,,,
989.001030621412,RBT,0010000000,0,1,0,0,0,0,390.68,394,402.96,407.53,417.13,394,3/19/2024,,,,,
989.001030621413,LOC,0010000000,1,0,0,0,0,0,102.19,109,203.74,212.86,282.73,109,3/19/2024,,,,,
989.001030621414,RBT,0011110000,0,1,0,0,0,0,167.98,174,254,261.97,316.64,174,3/19/2024,,,,,
989.001030621415,SCN,0010000000,0,0,0,0,0,1,140,146,230,238,300,146,3/19/2024,,,,,
989.001030621416,LOC,0011000000,1,0,0,0,0,0,177.09,183,255.47,263.41,317.63,183,3/19/2024,,,,,
989.001030621417,LOC,0011000010,1,0,0,0,0,0,181.14,187,258.26,266.14,334,187,3/19/2024,,,,,
989.001030621418,SCN,0010000000,0,0,0,0,0,1,82,89,190,199,273,89,3/19/2024,,,,,
989.001030621419,LOC,0011000000,1,0,0,0,0,0,137.61,144,228.21,236.77,299.23,144,3/19/2024,,,,,
989.001030621420,SCN,0010001000,0,0,0,0,0,1,96,103,200,108,210,103,3/19/2024,,,,,
989.001030621421,SCN,0010000000,0,0,0,0,0,1,107,114,207,216,285,114,3/19/2024,,,,,
989.001030621422,LOC,0010000000,1,0,0,0,0,0,98.14,105,200.95,210.13,280.84,105,3/19/2024,,,,,
989.001030621423,LOC,0011000000,1,0,0,0,0,0,167.98,174,249.18,257.26,313.38,174,3/19/2024,,,,,
989.001030621424,RBT,0010000000,0,1,0,0,0,0,314.76,319,350.53,356.3,381.76,319,3/19/2024,,,,,
989.001030621425,LOC,0010000000,1,0,0,0,0,0,155.84,162,240.79,249.06,307.72,162,3/19/2024,,,,,
989.001030621426,LOC,0011000000,1,0,0,0,0,0,180.13,186,257.56,265.46,319.04,186,3/19/2024,,,,,
989.001030621427,SCN,0010000000,0,0,0,0,0,1,87,94,193,203,276,94,3/19/2024,,,,,
989.001030621428,RBT,0010000000,0,1,0,0,0,0,453.44,456,446.29,449.88,446.37,456,3/19/2024,,,,,
989.001030621429,LOC,0010000000,1,0,0,0,0,0,386.63,390,400.16,404.8,415.24,390,3/19/2024,,,,,
989.001030621430,SCN,0010000000,0,0,0,0,0,1,78,85,187,196,271,85,3/19/2024,,,,,
989.001030621431,RBT,0010000000,0,1,0,0,0,0,126.48,133,220.52,229.25,294.05,133,3/19/2024,,,,,
989.001030621432,SCN,0010000000,0,0,0,0,0,1,99,106,202,211,281,106,3/19/2024,,,,,
989.001030621433,SCN,0010000000,0,0,0,0,0,1,91,98,196,205,278,98,3/19/2024,,,,,
989.001030621434,LOC,0010000000,1,0,0,0,0,0,152.8,159,238.69,247.01,306.31,159,3/19/2024,,,,,
989.001030621435,RBT,0010000000,0,1,0,0,0,0,552.64,554,514.8,516.82,492.59,554,3/19/2024,,,,,
989.001030621436,LOC,0011000000,1,0,0,0,0,0,127.49,134,221.22,229.94,294.52,134,3/19/2024,,,,,
989.001030621437,SCN,0010000000,0,0,0,0,0,1,101,108,203,212,282,108,3/19/2024,,,,,
989.001030621438,RBT,0010000000,0,1,0,0,0,0,103.2,110,204.44,213.54,283.2,110,3/19/2024,,,,,
989.001030621439,SCN,0010000000,0,0,0,0,0,1,94,101,198,207,279,101,3/19/2024,,,,,
989.001030621440,SCN,0010000000,0,0,0,0,0,1,110,117,209,218,287,117,3/19/2024,,,,,
989.001030621441,LOC,0010011000,1,0,0,0,0,0,168.99,175,260,265,318.73,175,3/19/2024,,,,,
989.001030621442,SCN,0010000000,0,0,0,0,0,1,89,96,195,204,277,96,3/19/2024,,,,,
989.001030621443,SCN,0010000000,0,0,0,0,0,1,111,118,210,219,287,118,3/19/2024,,,,,
989.001030621444,LOC,0011000000,1,0,0,0,0,0,214.55,220,281.33,288.68,335.08,220,3/19/2024,,,,,
989.001030621445,RBT,0010000000,0,1,0,0,0,0,106.23,113,206.54,215.59,284.62,113,3/19/2024,,,,,
989.001030621446,SRN,0011000000,0,0,1,0,0,0,407.88,411,414.84,419.15,425.15,411,3/19/2024,,,,,
989.001030621447,SCN,0010000000,0,0,0,0,0,1,126,133,221,229,294,133,3/19/2024,,,,,
989.001030621448,SCN,0010000000,0,0,0,0,0,1,86,93,193,202,275,93,3/19/2024,,,,,
989.001030621449,SCN,0010000000,0,0,0,0,0,1,97,104,200,209,280,104,3/19/2024,,,,,
989.001030621450,SCN,0010000000,0,0,0,0,0,1,108,115,208,217,286,115,3/19/2024,,,,,
989.001030621451,LOC,0010000000,1,0,0,0,0,0,160.9,167,244.28,252.48,310.08,167,3/19/2024,,,,,
989.001030621452,LOC,0010000000,1,0,0,0,0,0,214.55,220,281.33,288.68,335.08,220,3/19/2024,,,,,
989.001030621453,SCN,0010000000,0,0,0,0,0,1,98,105,201,210,281,105,3/19/2024,,,,,
989.001030621454,LOC,0010001000,1,0,0,0,0,0,378.53,382,394.57,387,402.95,382,3/19/2024,,,,,
989.001030621455,SCN,0010000000,0,0,0,0,0,1,132,138,224,233,296,138,3/19/2024,,,,,
989.001030621456,LOC,0010000000,1,0,0,0,0,0,153.81,160,239.39,247.7,306.78,160,3/19/2024,,,,,
989.001030621457,LOC,0010000000,1,0,0,0,0,0,189.24,195,263.86,271.6,323.29,195,3/19/2024,,,,,
989.001030621458,RBT,0010000000,0,1,0,0,0,0,107.25,114,207.24,216.28,285.09,114,3/19/2024,,,,,
989.001030621459,RBT,0011000000,0,1,0,0,0,0,478.74,481,463.77,466.96,458.16,481,3/19/2024,,,,,
989.001030621460,SCN,0010000000,0,0,0,0,0,1,86,93,193,202,275,93,3/19/2024,,,,,
989.001030621461,SCN,0001000000,0,0,0,0,0,1,73,80,183,193,269,80,3/21/2024,,,,,
989.001030621462,LOC,0001000000,1,0,0,0,0,0,156.85,163,241.49,249.75,308.19,163,3/21/2024,,,,,
989.001030621463,RBT,0001000000,0,1,0,0,0,0,421.04,424,423.93,428.03,431.28,424,3/21/2024,,,,,
989.001030621464,RBT,0001000000,0,1,0,0,0,0,93.08,100,197.45,206.71,278.48,100,3/21/2024,,,,,
989.001030621465,SCN,0001001000,0,0,0,0,0,1,104,111,205,126,223,111,3/21/2024,,,,,
989.001030621466,LOC,0001001100,1,0,0,0,0,0,109.27,116,208.63,208,279.37,116,3/21/2024,,,,,
989.001030621467,SCN,0001000000,0,0,0,0,0,1,87,94,193,203,276,94,3/21/2024,,,,,
989.001030621468,RBT,0001000000,0,1,0,0,0,0,140.65,147,230.3,238.82,300.65,147,3/21/2024,,,,,
989.001030621469,RBT,0001000000,0,1,0,0,0,0,144.7,151,233.1,241.55,302.54,151,3/21/2024,,,,,
989.001030621470,RBT,0001000000,0,1,0,0,0,0,142.68,149,231.7,240.18,301.59,149,3/21/2024,,,,,
989.001030621471,LOC,0001000000,1,0,0,0,0,0,90.04,97,195.35,204.66,277.07,97,3/21/2024,,,,,
989.001030621472,LOC,0001000100,1,0,0,0,0,0,160.9,167,244.28,237,299.39,167,3/21/2024,,,,,
989.001030621473,LOC,0001000000,1,0,0,0,0,0,153.81,160,239.39,247.7,306.78,160,3/21/2024,,,,,
989.001030621474,RBT,0001010000,0,1,0,0,0,0,144.7,151,250,258.07,313.94,151,3/21/2024,,,,,
989.001030621475,SCN,0001000000,0,0,0,0,0,1,75,82,185,194,270,82,3/21/2024,,,,,
989.001030621476,SCN,0001000000,0,0,0,0,0,1,85,92,192,201,275,92,3/21/2024,,,,,
989.001030621477,SCN,0001000000,0,0,0,0,0,1,100,107,202,211,282,107,3/21/2024,,,,,
989.001030621478,SCN,0001000000,0,0,0,0,0,1,88,95,194,203,276,95,3/21/2024,,,,,
989.001030621479,LOC,0001000000,1,0,0,0,0,0,95.1,102,198.85,208.08,279.43,102,3/21/2024,,,,,
989.001030621480,RBT,0001010000,0,1,0,0,0,0,116.36,123,233,241.45,302.47,123,3/21/2024,,,,,
989.001030621481,SCN,0001000000,0,0,0,0,0,1,92,99,197,206,278,99,3/21/2024,,,,,
989.001030621482,RBT,0001000000,0,1,0,0,0,0,111.3,118,210.03,219.01,286.97,118,3/21/2024,,,,,
989.001030621483,LOC,0001000000,1,0,0,0,0,0,85.99,93,192.56,201.93,275.18,93,3/21/2024,,,,,
989.001030621484,RBT,0001000000,0,1,0,0,0,0,126.48,133,220.52,229.25,294.05,133,3/21/2024,,,,,
989.001030621485,RBT,0001000000,0,1,0,0,0,0,135.59,142,226.81,235.4,298.29,142,3/21/2024,,,,,
989.001030621486,SCN,0001000000,0,0,0,0,0,1,99,106,202,211,281,106,3/21/2024,,,,,
989.001030621487,LOC,0001010000,1,0,0,0,0,0,102.19,109,195,204.32,276.83,109,3/21/2024,,,,,
989.001030621488,LOC,0001000000,1,0,0,0,0,0,85.99,93,192.56,201.93,275.18,93,3/21/2024,,,,,
989.001030621489,RBC,0001000000,0,0,0,1,0,0,290.46,295,333.76,339.91,370.44,295,3/21/2024,,,,,
989.001030621490,RBT,0001000000,0,1,0,0,0,0,127.49,134,221.22,229.94,294.52,134,3/21/2024,,,,,
989.001030621491,SCN,0001000000,0,0,0,0,0,1,84,91,191,201,274,91,3/21/2024,,,,,
989.001030621492,SCN,0001000000,0,0,0,0,0,1,79,86,188,197,272,86,3/21/2024,,,,,
989.001030621493,LOC,0001101010,1,0,0,0,0,0,263.13,268,307,312,335,268,3/21/2024,,,,,
989.001030621494,SCN,0001000010,0,0,0,0,0,1,150,156,237,245,157,156,3/21/2024,,,,,
989.001030621495,LOC,0001000000,1,0,0,0,0,0,93.08,100,197.45,206.71,278.48,100,3/21/2024,,,,,
989.001030621496,LOC,0001100111,1,0,0,0,0,0,174.06,180,255,278,334,180,3/21/2024,,,,,
989.001030621497,RBC,0001001100,0,0,0,1,0,0,332.98,337,363.11,363,386.39,337,3/21/2024,,,,,
989.001030621498,SCN,0001000000,0,0,0,0,0,1,75,82,185,194,270,82,3/21/2024,,,,,
989.001030621499,LOC,0001001000,1,0,0,0,0,0,177.09,183,255.47,273,324.25,183,3/21/2024,,,,,
989.001030621500,SCN,0001000000,0,0,0,0,0,1,84,91,191,201,274,91,3/21/2024,,,,,
989.001030621501,SCN,0001000000,0,0,0,0,0,1,75,82,185,194,270,82,3/21/2024,,,,,
989.001030621502,SCN,0001000000,0,0,0,0,0,1,101,108,203,212,282,108,3/21/2024,,,,,
989.001030621503,SCN,0001000000,0,0,0,0,0,1,94,101,198,207,279,101,3/21/2024,,,,,
989.001030621504,SCN,0001000000,0,0,0,0,0,1,80,87,188,198,272,87,3/21/2024,,,,,
989.001030621505,SCN,0001000000,0,0,0,0,0,1,76,83,186,195,270,83,3/21/2024,,,,,
989.001030621506,LOC,0001000000,1,0,0,0,0,0,143.69,150,232.4,240.87,302.06,150,3/21/2024,,,,,
989.001030621507,RBT,0001000000,0,1,0,0,0,0,118.38,125,214.93,223.79,290.27,125,3/21/2024,,,,,
989.001030621508,LOC,0001000000,1,0,0,0,0,0,160.9,167,244.28,252.48,310.08,167,3/21/2024,,,,,
989.001030621509,RBT,0001000000,0,1,0,0,0,0,216.57,222,282.73,290.05,336.02,222,3/21/2024,,,,,
989.001030621510,LOC,0001000000,1,0,0,0,0,0,104.21,111,205.14,214.23,283.67,111,3/21/2024,,,,,
989.001030621511,RBT,0001001000,0,1,0,0,0,0,152.8,159,238.69,271,322.87,159,3/21/2024,,,,,
989.001030621512,SCN,0001000000,0,0,0,0,0,1,89,96,195,204,277,96,3/21/2024,,,,,
989.001030621513,LOC,0001000000,1,0,0,0,0,0,133.57,140,225.41,234.04,297.35,140,3/21/2024,,,,,
989.001030621514,RBT,0001000000,0,1,0,0,0,0,283.38,288,328.86,335.13,367.14,288,3/21/2024,,,,,
989.001030621515,SCN,0001000000,0,0,0,0,0,1,90,97,195,205,277,97,3/21/2024,,,,,
989.001030621516,RBT,0001101110,0,1,0,0,0,0,105.22,112,213,215,305,112,3/21/2024,,,,,
989.001030621517,LOC,0001000000,1,0,0,0,0,0,88.01,95,193.96,203.3,276.13,95,3/21/2024,,,,,
989.001030621518,LOC,0001000000,1,0,0,0,0,0,103.2,110,204.44,213.54,283.2,110,3/21/2024,,,,,
989.001030621519,SCN,0001000000,0,0,0,0,0,1,91,98,196,205,278,98,3/21/2024,,,,,
989.001030621520,SCN,0001000000,0,0,0,0,0,1,86,93,193,202,275,93,3/21/2024,,,,,
989.001030621521,SCN,0001001000,0,0,0,0,0,1,80,87,188,105,208,87,3/21/2024,,,,,
989.001030621522,SCN,0001000000,0,0,0,0,0,1,89,96,195,204,277,96,3/21/2024,,,,,
989.001030621524,LOC,0001000000,1,0,0,0,0,0,85.99,93,192.56,201.93,275.18,93,3/21/2024,,,,,
989.001030621525,SCN,0001000000,0,0,0,0,0,1,71,78,182,192,268,78,3/21/2024,,,,,
989.001030621526,LOC,0001000000,1,0,0,0,0,0,90.04,97,195.35,204.66,277.07,97,3/21/2024,,,,,
989.001030621527,LOC,0001000000,1,0,0,0,0,0,171.02,177,251.27,259.31,314.8,177,3/21/2024,,,,,
989.001030621528,LOC,0001000000,1,0,0,0,0,0,93.08,100,197.45,206.71,278.48,100,3/21/2024,,,,,
989.001030621529,SCN,0001000000,0,0,0,0,0,1,85,92,192,201,275,92,3/21/2024,,,,,
989.001030621530,SCN,0001000000,0,0,0,0,0,1,70,77,181,191,268,77,3/21/2024,,,,,
989.001030621531,SCN,0001000000,0,0,0,0,0,1,90,97,195,205,277,97,3/21/2024,,,,,
989.001030621532,LOC,0001000000,1,0,0,0,0,0,93.08,100,197.45,206.71,278.48,100,3/21/2024,,,,,
989.001030621533,SCN,0001000000,0,0,0,0,0,1,92,99,197,206,278,99,3/21/2024,,,,,
989.001030621534,SCN,0001000000,0,0,0,0,0,1,90,97,195,205,277,97,3/21/2024,,,,,
989.001030621535,LOC,0001000000,1,0,0,0,0,0,115.35,122,212.83,221.74,288.86,122,3/21/2024,,,,,
989.001030621536,LOC,0001000000,1,0,0,0,0,0,188.23,194,263.16,270.92,322.81,194,3/21/2024,,,,,
989.001030621537,LOC,0001000000,1,0,0,0,0,0,120.41,127,216.32,225.16,291.22,127,3/21/2024,,,,,
989.001030621538,LOC,0001010010,1,0,0,0,0,0,100.16,107,199,208.23,280,107,3/21/2024,,,,,
989.001030621539,SCN,0001000000,0,0,0,0,0,1,87,94,193,203,276,94,3/21/2024,,,,,
989.001030621540,RBT,0001000000,0,1,0,0,0,0,145.71,152,233.8,242.23,303.01,152,3/21/2024,,,,,
989.001030621541,LOC,0001000000,1,0,0,0,0,0,100.16,107,202.34,211.49,281.79,107,3/21/2024,,,,,
989.001030621542,SCN,0001000000,0,0,0,0,0,1,73,80,183,193,269,80,3/21/2024,,,,,
989.001030621543,RBT,0001100000,0,1,0,0,0,0,96.11,103,210,218.98,286.95,103,3/21/2024,,,,,
989.001030621544,SCN,0001000000,0,0,0,0,0,1,90,97,195,205,277,97,3/21/2024,,,,,
989.001030621545,LOC,0001000000,1,0,0,0,0,0,90.04,97,195.35,204.66,277.07,97,3/21/2024,,,,,
989.001030621546,LOC,0001010000,1,0,0,0,0,0,184.18,190,274,281.52,330.13,190,3/21/2024,,,,,
989.001030621547,LOC,0001000000,1,0,0,0,0,0,90.04,97,195.35,204.66,277.07,97,3/21/2024,,,,,
989.001030621548,LOC,0001000000,1,0,0,0,0,0,91.05,98,196.05,205.35,277.54,98,3/21/2024,,,,,
989.001030621549,RBT,0001000000,0,1,0,0,0,0,95.1,102,198.85,208.08,279.43,102,3/21/2024,,,,,
989.001030621550,LOC,0001000000,1,0,0,0,0,0,206.45,212,275.74,283.22,331.3,212,3/21/2024,,,,,
989.001030621551,SCN,0001000000,0,0,0,0,0,1,80,87,188,198,272,87,3/21/2024,,,,,
989.001030621552,RBT,0001000000,0,1,0,0,0,0,439.26,442,436.51,440.32,439.77,442,3/21/2024,,,,,
989.001030621553,LOC,0001100000,1,0,0,0,0,0,181.14,187,234,242.43,303.14,187,3/21/2024,,,,,
989.001030621554,LOC,0001000000,1,0,0,0,0,0,146.72,153,234.5,242.92,303.48,153,3/21/2024,,,,,
989.001030621555,LOC,0001000000,1,0,0,0,0,0,80.93,88,189.06,198.52,272.83,88,3/21/2024,,,,,
989.001030621556,LOC,0001000000,1,0,0,0,0,0,151.79,158,237.99,246.33,305.84,158,3/21/2024,,,,,
989.001030621557,SCN,0001000000,0,0,0,0,0,1,78,85,187,196,271,85,3/21/2024,,,,,
989.001030621558,SCN,0001000000,0,0,0,0,0,1,96,103,200,209,280,103,3/21/2024,,,,,
989.001030621559,SCN,0001000000,0,0,0,0,0,1,130,136,223,231,295,136,3/21/2024,,,,,
989.001030621560,RBC,0001001110,0,0,0,1,0,0,233.78,239,294.61,270,334,239,3/21/2024,,,,,
989.001040499521,SCN,0010000000,0,0,0,0,0,1,91,98,196,205,278,98,3/19/2024,,,,,
989.001040499522,SCN,0010000000,0,0,0,0,0,1,87,94,193,203,276,94,3/19/2024,,,,,
989.001040499523,SCN,0001000000,0,0,0,0,0,1,94,101,198,207,279,101,3/21/2024,,,,,
989.001040499524,SCN,0001000000,0,0,0,0,0,1,91,98,196,205,278,98,3/21/2024,,,,,
989.001040499525,LOC,0001000000,1,0,0,0,0,0,173.04,179,252.67,260.68,315.74,179,3/21/2024,,,,,
989.001040499526,RBC,0011000000,0,0,0,1,0,0,233.78,239,294.61,301.66,344.04,239,3/19/2024,,,,,
989.001040499527,RBT,0010000000,0,1,0,0,0,0,129.52,136,222.61,231.3,295.46,136,3/19/2024,,,,,
989.001040499528,LOC,0001000000,1,0,0,0,0,0,150.77,157,237.29,245.65,305.37,157,3/21/2024,,,,,
989.001040499529,LOC,0001000000,1,0,0,0,0,0,94.09,101,198.15,207.4,278.96,101,3/21/2024,,,,,
989.001040499530,RBC,0010000000,0,0,0,1,0,0,255.04,260,309.29,316,353.94,260,3/19/2024,,,,,
989.001040499531,SCN,0010000000,0,0,0,0,0,1,110,117,209,218,287,117,3/19/2024,,,,,
989.001040499532,SCN,0010000000,0,0,0,0,0,1,118,125,215,224,290,125,3/19/2024,,,,,
989.001040499533,RBC,0011000000,0,0,0,1,0,0,284.39,289,329.56,335.81,367.61,289,3/19/2024,,,,,
989.001040499534,RBT,0001000000,0,1,0,0,0,0,135.59,142,226.81,235.4,298.29,142,3/21/2024,,,,,
989.001040499535,SCN,0010000000,0,0,0,0,0,1,113,120,211,220,288,120,3/19/2024,,,,,
989.001040499536,RBT,0010000000,0,1,0,0,0,0,229.73,235,291.82,298.93,342.15,235,3/19/2024,,,,,
989.001040499537,RBT,0010000000,0,1,0,0,0,0,260.1,265,312.79,319.42,356.3,265,3/19/2024,,,,,
989.001040499538,SCN,0010000000,0,0,0,0,0,1,92,99,197,206,278,99,3/19/2024,,,,,
989.001040499539,LOC,0001000000,1,0,0,0,0,0,155.84,162,240.79,249.06,307.72,162,3/21/2024,,,,,
989.001040499540,LOC,0010000000,1,0,0,0,0,0,188.23,194,263.16,270.92,322.81,194,3/19/2024,,,,,
989.001040499541,RBC,0010000000,0,0,0,1,0,0,291.48,296,334.45,340.59,370.92,296,3/19/2024,,,,,
989.001040499542,SCN,0001000000,0,0,0,0,0,1,85,92,192,201,275,92,3/21/2024,,,,,
989.001040499543,RBC,0011000000,0,0,0,1,0,0,351.2,355,375.7,380.89,398.74,355,3/19/2024,,,,,
989.001040499544,RBC,0010000000,0,0,0,1,0,0,281.35,286,327.46,333.76,366.2,286,3/19/2024,,,,,
989.001040499545,RBT,0001000000,0,1,0,0,0,0,393.71,397,405.05,409.58,418.55,397,3/21/2024,,,,,
989.001040499546,SCN,0001000000,0,0,0,0,0,1,87,94,193,203,276,94,3/21/2024,,,,,
989.001040499547,SCN,0010000000,0,0,0,0,0,1,80,87,188,198,272,87,3/19/2024,,,,,
989.001040499548,SCN,0001000000,0,0,0,0,0,1,91,98,196,205,278,98,3/21/2024,,,,,
989.001040499549,RBT,0010000000,0,1,0,0,0,0,420.03,423,423.23,427.34,430.81,423,3/19/2024,,,,,
989.001040499550,RBT,0010000000,0,1,0,0,0,0,97.12,104,200.25,209.45,280.37,104,3/19/2024,,,,,
989.001040499551,LOC,0001110000,1,0,0,0,0,0,168.99,175,276,283.47,331.48,175,3/21/2024,,,,,
989.001040499552,RBT,0010000000,0,1,0,0,0,0,116.36,123,213.53,222.42,289.33,123,3/19/2024,,,,,
989.001040499553,RBC,0011000000,0,0,0,1,0,0,271.23,276,320.47,326.93,361.48,276,3/19/2024,,,,,
989.001040499554,RBC,0010000000,0,0,0,1,0,0,275.28,280,323.27,329.66,363.37,280,3/19/2024,,,,,
989.001040499555,SCN,0001000000,0,0,0,0,0,1,90,97,195,205,277,97,3/21/2024,,,,,
989.001040499556,LOC,0010000000,1,0,0,0,0,0,163.93,170,246.38,254.53,311.5,170,3/19/2024,,,,,
989.001040499557,RBT,0001000000,0,1,0,0,0,0,219.61,225,284.83,292.1,337.43,225,3/21/2024,,,,,
989.001040499558,SCN,0001000000,0,0,0,0,0,1,103,110,204,214,283,110,3/21/2024,,,,,
989.001040499559,RBC,0010000000,0,0,0,1,0,0,294.51,299,336.55,342.64,372.33,299,3/19/2024,,,,,
989.001040499560,LOC,0010110000,1,0,0,0,0,0,153.81,160,242,250.25,308.54,160,3/19/2024,,,,,
989.001040499561,RBT,0001000000,0,1,0,0,0,0,123.44,130,218.42,227.21,292.63,130,3/21/2024,,,,,
989.001040499562,RBC,0010000000,0,0,0,1,0,0,330.95,335,361.72,367.23,389.31,335,3/19/2024,,,,,
989.001040499563,SCN,0001000000,0,0,0,0,0,1,84,91,191,201,274,91,3/21/2024,,,,,
989.001040499564,LOC,0001000000,1,0,0,0,0,0,140.65,147,230.3,238.82,300.65,147,3/21/2024,,,,,
989.001040499565,RBT,0010000000,0,1,0,0,0,0,120.41,127,216.32,225.16,291.22,127,3/19/2024,,,,,
989.001040499566,RBT,0001010000,0,1,0,0,0,0,127.49,134,260,267.84,320.68,134,3/21/2024,,,,,
989.001040499567,LOC,0001000000,1,0,0,0,0,0,159.88,166,243.58,251.8,309.61,166,3/21/2024,,,,,
989.001040499568,RBC,0010000000,0,0,0,1,0,0,300.59,305,340.75,346.74,375.16,305,3/19/2024,,,,,
989.001040499569,RBC,0010000000,0,0,0,1,0,0,289.45,294,333.06,339.23,369.97,294,3/19/2024,,,,,
989.001040499570,SCN,0001000000,0,0,0,0,0,1,105,112,206,215,284,112,3/21/2024,,,,,
989.001040499571,SCN,0001000000,0,0,0,0,0,1,76,83,186,195,270,83,3/21/2024,,,,,
989.001040499572,RBC,0010000000,0,0,0,1,0,0,280.34,285,326.77,333.08,365.73,285,3/19/2024,,,,,
989.001040499573,SCN,0001000000,0,0,0,0,0,1,105,112,206,215,284,112,3/21/2024,,,,,
989.001040499574,LOC,0010000000,1,0,0,0,0,0,91.05,98,196.05,205.35,277.54,98,3/19/2024,,,,,
989.001040499575,LOC,0001000000,1,0,0,0,0,0,156.85,163,241.49,249.75,308.19,163,3/21/2024,,,,,
989.001040499576,RBT,0011001000,0,1,0,0,0,0,106.23,113,206.54,223,289.73,113,3/19/2024,,,,,
989.001040499577,LOC,0001000000,1,0,0,0,0,0,279.33,284,326.07,332.4,365.26,284,3/21/2024,,,,,
989.001040499578,SCN,0010000000,0,0,0,0,0,1,98,105,201,210,281,105,3/19/2024,,,,,
989.001040499579,LOC,0001000000,1,0,0,0,0,0,181.14,187,258.26,266.14,319.51,187,3/21/2024,,,,,
989.001040499580,LOC,0001000010,1,0,0,0,0,0,98.14,105,200.95,210.13,271,105,3/21/2024,,,,,
989.001040499581,RBT,0010000000,0,1,0,0,0,0,503.04,505,480.55,483.35,469.48,505,3/19/2024,,,,,
989.001040499582,SCN,0001000000,0,0,0,0,0,1,77,84,186,196,271,84,3/21/2024,,,,,
989.001040499583,RBC,0010000000,0,0,0,1,0,0,273.26,278,321.87,328.3,362.43,278,3/19/2024,,,,,
989.001040499584,RBC,0010000000,0,0,0,1,0,0,252,257,307.19,313.95,352.52,257,3/19/2024,,,,,
989.001040499585,RBT,0011000000,0,1,0,0,0,0,140.65,147,230.3,238.82,300.65,147,3/19/2024,,,,,
989.001040499586,SCN,0001000000,0,0,0,0,0,1,111,118,210,219,287,118,3/21/2024,,,,,
989.001040499587,RBC,0010000000,0,0,0,1,0,0,336.02,340,365.21,370.65,391.67,340,3/19/2024,,,,,
989.001040499588,SCN,0010000000,0,0,0,0,0,1,73,80,183,193,269,80,3/19/2024,,,,,
989.001040499589,RBT,0001000000,0,1,0,0,0,0,286.42,291,330.96,337.18,368.56,291,3/21/2024,,,,,
989.001040499590,LOC,0010000100,1,0,0,0,0,0,415.98,419,420.43,442,440.93,419,3/19/2024,,,,,
989.001040499591,RBT,0001000000,0,1,0,0,0,0,83.97,91,191.16,200.57,274.24,91,3/21/2024,,,,,
989.001040499592,SCN,0010000000,0,0,0,0,0,1,91,98,196,205,278,98,3/19/2024,,,,,
989.001040499593,RBC,0011000000,0,0,0,1,0,0,304.64,309,343.54,349.47,377.05,309,3/19/2024,,,,,
989.001040499594,LOC,0001000100,1,0,0,0,0,0,125.47,132,219.82,220,287.66,132,3/21/2024,,,,,
989.001040499595,RBC,0001000000,0,0,0,1,0,0,282.37,287,328.16,334.45,366.67,287,3/21/2024,,,,,
989.001040499596,SCN,0010000000,0,0,0,0,0,1,90,97,195,205,277,97,3/19/2024,,,,,
989.001040499597,RBT,0010000000,0,1,0,0,0,0,78.9,86,187.66,197.15,271.88,86,3/19/2024,,,,,
989.001040499598,SCN,0010000000,0,0,0,0,0,1,88,95,194,203,276,95,3/19/2024,,,,,
989.001040499599,SCN,0001000000,0,0,0,0,0,1,87,94,193,203,276,94,3/21/2024,,,,,
989.001040499600,SCN,0001000000,0,0,0,0,0,1,100,107,202,211,282,107,3/21/2024,,,,,
989.001040499601,RBT,0010000000,0,1,0,0,0,0,214.55,220,281.33,288.68,335.08,220,3/19/2024,,,,,
989.001040499602,LOC,0001000000,1,0,0,0,0,0,118.38,125,214.93,223.79,290.27,125,3/21/2024,,,,,
989.001040499603,LOC,0001000000,1,0,0,0,0,0,191.26,197,265.25,272.97,324.23,197,3/21/2024,,,,,
989.001040499604,LOC,0001000000,1,0,0,0,0,0,153.81,160,239.39,247.7,306.78,160,3/21/2024,,,,,
989.001040499605,SCN,0001000000,0,0,0,0,0,1,113,120,211,220,288,120,3/21/2024,,,,,
989.001040499606,SCN,0001000000,0,0,0,0,0,1,87,94,193,203,276,94,3/21/2024,,,,,
989.001040499607,SCN,0010000000,0,0,0,0,0,1,91,98,196,205,278,98,3/19/2024,,,,,
989.001040499608,SCN,0001000000,0,0,0,0,0,1,96,103,200,209,280,103,3/21/2024,,,,,
989.001040499609,SCN,0001000000,0,0,0,0,0,1,85,92,192,201,275,92,3/21/2024,,,,,
989.001040499610,LOC,0001000000,1,0,0,0,0,0,130.53,137,223.31,231.99,295.93,137,3/21/2024,,,,,
989.001040499612,LOC,0001000000,1,0,0,0,0,0,196.32,202,268.75,276.39,326.59,202,3/21/2024,,,,,
989.001040499613,RBC,0010000000,0,0,0,1,0,0,279.33,284,326.07,332.4,365.26,284,3/19/2024,,,,,
989.001040499614,LOC,0010000000,1,0,0,0,0,0,142.68,149,231.7,240.18,301.59,149,3/19/2024,,,,,
989.001040499615,SCN,0010000000,0,0,0,0,0,1,83,90,190,200,274,90,3/19/2024,,,,,
989.001040499616,LOC,0011000000,1,0,0,0,0,0,102.19,109,203.74,212.86,282.73,109,3/19/2024,,,,,
989.001040499617,RBC,0011000000,0,0,0,1,0,0,286.42,291,330.96,337.18,368.56,291,3/19/2024,,,,,
989.001040499618,LOC,0010000000,1,0,0,0,0,0,159.88,166,243.58,251.8,309.61,166,3/19/2024,,,,,
989.001040499619,LOC,0011001000,1,0,0,0,0,0,364.36,368,384.78,372,392.6,368,3/19/2024,,,,,
989.001040499620,SCN,0010000000,0,0,0,0,0,1,77,84,186,196,271,84,3/19/2024,,,,,
989.001040499925,RBS,00.1000000,0,0,0,0,1,0,0,279,308.28,304.81,325.51,279,4/11/2024,,,,,
989.001040499926,RBS,00.1010000,0,0,0,0,1,0,0,292,292,291,316.31,292,4/11/2024,,,,,
989.001040499928,RBS,00.1000100,0,0,0,0,1,0,0,258,294.28,287,313.64,258,4/11/2024,,,,,
989.001040499929,RBS,00.1000000,0,0,0,0,1,0,0,257,293.61,292.37,317.22,257,4/11/2024,,,,,
989.001040499930,RBS,00.1000000,0,0,0,0,1,0,0,246,286.28,286.15,313.07,246,4/11/2024,,,,,
989.001040499932,RBS,00.1000000,0,0,0,0,1,0,0,293,317.61,312.73,330.79,293,4/11/2024,,,,,
989.001040499937,RBS,00.1100000,0,0,0,0,1,0,0,267,310,306.27,326.49,267,4/11/2024,,,,,
989.001040499938,RBS,00.1000000,0,0,0,0,1,0,0,281,309.61,305.94,326.27,281,4/11/2024,,,,,
989.001040499940,RBS,00.1000000,0,0,0,0,1,0,0,286,312.95,308.77,328.15,286,4/11/2024,,,,,
989.001040499941,RBC,0000001000,0,0,0,1,0,0,228.36,233.64,290.87,298,341.51,296,11/4/2024,,,,,
989.001040499942,RBC,0000001100,0,0,0,1,0,0,253.55,258.53,308.26,315,353.25,315,11/4/2024,,,,,
989.001040499943,RBS,00.1000000,0,0,0,0,1,0,0,222,270.28,272.58,304.02,222,4/11/2024,,,,,
989.001040499944,RBS,00.1000000,0,0,0,0,1,0,0,292,316.95,312.17,330.42,292,4/11/2024,,,,,
989.001040499945,RBS,00.1000000,0,0,0,0,1,0,0,264,298.28,296.33,319.86,264,4/11/2024,,,,,
989.001040499948,RBS,00.1100000,0,0,0,0,1,0,0,282,333,325.78,339.5,282,4/11/2024,,,,,
989.001040499949,RBS,00.1000000,0,0,0,0,1,0,0,331,342.95,334.22,339,331,4/11/2024,,,,,
989.001040499950,RBS,00.1101100,0,0,0,0,1,0,0,267,315,317,333.64,283,4/11/2024,,,,,
989.001040499951,RBS,00.1000000,0,0,0,0,1,0,0,271,302.95,300.29,322.5,271,4/11/2024,,,,,
989.001040499953,RBS,00.1000000,0,0,0,0,1,0,0,223,270.94,273.14,304.4,223,4/11/2024,,,,,
989.001040499954,RBS,00.1000000,0,0,0,0,1,0,0,268,300.95,298.59,321.37,268,4/11/2024,,,,,
989.001040499955,RBS,00.1000010,0,0,0,0,1,0,0,317,333.61,326.3,344,317,4/11/2024,,,,,
989.001040499958,RBS,00.1010000,0,0,0,0,1,0,0,280,331,324.09,338.36,280,4/11/2024,,,,,
989.001040499959,RBS,00.1000000,0,0,0,0,1,0,0,267,300.28,298.03,320.99,267,4/11/2024,,,,,
989.001040499961,RBS,00.1000000,0,0,0,0,1,0,0,220,268.94,271.45,303.26,220,4/11/2024,,,,,
989.001040499963,RBC,0000001100,0,0,0,1,0,0,183.9,189.72,260.17,268,320.8,268,3/18/2025,,,,,
989.001040499966,RBS,00.1010000,0,0,0,0,1,0,0,276,305,302.03,323.66,276,4/11/2024,,,,,
989.001040499968,RBS,00.1000000,0,0,0,0,1,0,0,257,293.61,292.37,317.22,257,4/11/2024,,,,,
989.001040499969,RBS,00.1000000,0,0,0,0,1,0,0,246,286.28,286.15,313.07,246,4/11/2024,,,,,
989.001040499971,RBS,00.1000000,0,0,0,0,1,0,0,284,311.61,307.64,327.4,284,4/11/2024,,,,,
989.001040499972,RBS,00.1000000,0,0,0,0,1,0,0,263,297.61,295.76,319.48,263,4/11/2024,,,,,
989.001040499977,RBS,00.1000000,0,0,0,0,1,0,0,279,308.28,304.81,325.51,279,4/11/2024,,,,,
989.001040499978,RBS,00.1010000,0,0,0,0,1,0,0,284,310,306.27,326.49,284,4/11/2024,,,,,
989.001040499979,RBS,00.1000000,0,0,0,0,1,0,0,252,290.28,289.54,315.33,252,4/11/2024,,,,,
989.001040499981,RBS,00.1010000,0,0,0,0,1,0,0,282,311,307.12,327.05,282,4/11/2024,,,,,
989.001040499982,RBS,00.1000000,0,0,0,0,1,0,0,250,288.95,288.41,314.58,250,4/11/2024,,,,,
989.001040499984,RBS,00.1100000,0,0,0,0,1,0,0,291,312,307.97,327.62,291,4/11/2024,,,,,
989.001040499985,RBS,00.1000000,0,0,0,0,1,0,0,317,333.61,326.3,339.84,317,4/11/2024,,,,,
989.001040499986,RBS,00.1000100,0,0,0,0,1,0,0,240,282.28,301,322.97,240,4/11/2024,,,,,
989.001040499987,RBC,0000101100,0,0,0,1,0,0,232.89,238.13,294,300,342.89,300,11/4/2024,,,,,
989.001040499988,RBS,00.1000000,0,0,0,0,1,0,0,252,290.28,289.54,315.33,252,4/11/2024,,,,,
989.001040499989,RBS,00.1000000,0,0,0,0,1,0,0,257,293.61,292.37,317.22,257,4/11/2024,,,,,
989.001040499990,RBC,0000110000,0,0,0,1,0,0,258.96,263.88,312,318.65,355.77,311,11/4/2024,,,,,
989.001040499991,RBS,00.1000000,0,0,0,0,1,0,0,286,312.95,308.77,328.15,286,4/11/2024,,,,,
989.001040499992,RBS,00.1110000,0,0,0,0,1,0,0,273,295,293.55,318,273,4/11/2024,,,,,
989.001040499993,RBC,0000001100,0,0,0,1,0,0,191.31,197.04,265.28,273,324.25,273,3/18/2025,,,,,
989.001040499994,RBS,00.1000000,0,0,0,0,1,0,0,283,310.95,307.08,327.02,283,4/11/2024,,,,,
989.001040499996,RBS,00.1000000,0,0,0,0,1,0,0,234,278.28,279.36,308.54,234,4/11/2024,,,,,
989.001040499997,RBS,00.1000000,0,0,0,0,1,0,0,292,316.95,312.17,330.42,292,4/11/2024,,,,,
989.001040499998,RBS,00.1000000,0,0,0,0,1,0,0,320,335.61,328,340.97,320,4/11/2024,,,,,
989.001040500000,RBS,00.1000000,0,0,0,0,1,0,0,222,270.28,272.58,304.02,222,4/11/2024,,,,,
989.001040500001,RBS,00.1100000,0,0,0,0,1,0,0,268,310,306.27,326.49,268,4/11/2024,,,,,
989.001040500002,RBC,0000010000,0,0,0,1,0,0,234.34,239.56,295,302.04,344.3,295,11/5/2024,,,,,
989.001040500006,RBS,00.1110000,0,0,0,0,1,0,0,296,319.61,314.43,331.92,296,4/11/2024,,,,,
989.001040500007,RBS,00.1000000,0,0,0,0,1,0,0,256,292.95,291.81,316.84,256,4/11/2024,,,,,
989.001040500009,RBS,00.1000000,0,0,0,0,1,0,0,288,314.28,309.9,328.91,288,4/11/2024,,,,,
989.001040500011,RBS,00.1110000,0,0,0,0,1,0,0,306,310,306.27,326.49,306,4/11/2024,,,,,
989.001040500017,RBS,00.1010000,0,0,0,0,1,0,0,233,265,268.1,301.03,233,4/11/2024,,,,,
989.001040500018,RBS,00.1000000,0,0,0,0,1,0,0,283,310.95,307.08,327.02,283,4/11/2024,,,,,
989.001040500022,RBT,0000000010,0,1,0,0,0,0,118.19,121.26,124.39,135.32,146,146,11/3/2025,,,,,
989.001040500023,LOC,0000000011,1,0,0,0,0,0,110.11,116.83,209.22,218.21,227,227,11/3/2025,,,,,
989.001040500024,LOC,0000000010,1,0,0,0,0,0,138.25,141.75,145.34,155.79,166,166,11/3/2025,,,,,
989.001040500025,LOC,0000000010,1,0,0,0,0,0,124.21,127.41,130.67,141.46,152,152,11/3/2025,,,,,
989.001040500026,LOC,0000000010,1,0,0,0,0,0,170.77,176.76,251.1,259.14,267,267,11/3/2025,,,,,
989.001040500027,SCN,0000000010,0,0,0,0,0,1,111,114,117,128,139,139,11/3/2025,,,,,
989.001040500028,RBT,0000000010,0,1,0,0,0,0,166.22,172.26,247.96,256.07,264,264,11/3/2025,,,,,
989.001040500029,LOC,0000000010,1,0,0,0,0,0,402.8,405.97,411.33,415.71,420,420,11/3/2025,,,,,
989.001040500030,SCN,0000000010,0,0,0,0,0,1,67,69,71,83,95,95,11/3/2025,,,,,
989.001040500031,LOC,0000000010,1,0,0,0,0,0,148.28,152,155.81,166.02,176,176,11/3/2025,,,,,
989.001040500032,RBT,0000000010,0,1,0,0,0,0,98.13,100.76,103.45,114.85,126,126,11/3/2025,,,,,
989.001040500033,RBC,0000000010,0,0,0,1,0,0,266.31,271.14,317.08,323.61,330,330,11/3/2025,,,,,
989.001040500034,RBT,0000000010,0,1,0,0,0,0,372.47,376.01,390.38,395.25,400,400,11/3/2025,,,,,
989.001040500035,LOC,0000000011,1,0,0,0,0,0,96.46,103.35,199.79,209,218,218,11/3/2025,,,,,
989.001040500036,SCN,0000000010,0,0,0,0,0,1,94,97,99,111,122,122,11/3/2025,,,,,
989.001040500038,LOC,0000000010,1,0,0,0,0,0,131.23,134.58,138.01,148.62,159,159,11/3/2025,,,,,
989.001040500039,LOC,0000000011,1,0,0,0,0,0,334.56,338.56,364.2,369.66,375,375,11/3/2025,,,,,
989.001040500040,LOC,0000000010,1,0,0,0,0,0,137.24,140.73,144.29,154.76,165,165,11/3/2025,,,,,
989.001040500041,RBT,0000000010,0,1,0,0,0,0,87.09,89.48,91.93,103.6,115,115,11/3/2025,,,,,
989.001040500042,RBT,0000000010,0,1,0,0,0,0,129.22,132.53,135.91,146.58,157,157,11/3/2025,,,,,
989.001040500043,RBC,0000000010,0,0,0,1,0,0,228.4,233.69,290.9,298.03,305,305,11/3/2025,,,,,
989.001040500044,RBT,0000000010,0,1,0,0,0,0,63.1,70.39,176.75,186.49,196,196,11/3/2025,,,,,
989.001040500045,SCN,0000000010,0,0,0,0,0,1,77,79,81,93,105,105,11/3/2025,,,,,
989.001040500046,LOC,0000000010,1,0,0,0,0,0,140.25,143.8,147.43,157.83,168,168,11/3/2025,,,,,
989.001040500047,SCN,0000000010,0,0,0,0,0,1,66,68,70,82,94,94,11/3/2025,,,,,
989.001040500048,RBC,0000000011,0,0,0,1,0,0,269.35,274.14,319.17,325.66,332,332,11/3/2025,,,,,
989.001040500050,LOC,0000000011,1,0,0,0,0,0,127.21,130.48,133.82,144.53,155,155,11/3/2025,,,,,
989.001040500051,LOC,0000000010,1,0,0,0,0,0,55.52,62.9,171.52,181.37,191,191,11/3/2025,,,,,
989.001040500052,RBT,0000000001,0,1,0,0,0,0,246.6,251.67,303.46,310.31,317,317,11/6/2025,,,,,
989.001040500053,RBT,0000000010,0,1,0,0,0,0,100.13,102.81,105.54,116.9,128,128,11/3/2025,,,,,
989.001040500054,LOC,0000000011,1,0,0,0,0,0,141.26,144.83,148.48,158.86,169,169,11/3/2025,,,,,
989.001040500055,SRN,0000000010,0,0,1,0,0,0,222.33,227.69,286.71,293.94,301,301,11/3/2025,,,,,
989.001040500056,LOC,0000000010,1,0,0,0,0,0,364.89,368.52,385.15,390.13,395,395,11/3/2025,,,,,
989.001040500057,LOC,0000000010,1,0,0,0,0,0,434.64,437.44,433.32,437.2,441,441,11/3/2025,,,,,
989.001040500058,LOC,0000000001,1,0,0,0,0,0,307.26,311.59,345.35,351.24,357,357,11/6/2025,,,,,
989.001040500059,LOC,0000000010,1,0,0,0,0,0,72.2,79.38,183.04,192.63,202,202,11/3/2025,,,,,
989.001040500060,LOC,0000000001,1,0,0,0,0,0,475.59,477.89,461.59,464.83,468,468,11/6/2025,,,,,
989.001040500061,LOC,0000000010,1,0,0,0,0,0,69.17,76.38,180.94,190.58,200,200,11/3/2025,,,,,
989.001040500062,LOC,0000000011,1,0,0,0,0,0,440.71,443.43,437.51,441.3,445,445,11/3/2025,,,,,
989.001040500063,LOC,0000000010,1,0,0,0,0,0,407.35,410.47,414.47,418.78,423,423,11/3/2025,,,,,
989.001040500064,LOC,0000000010,1,0,0,0,0,0,60.07,67.39,174.66,184.44,194,194,11/3/2025,,,,,
989.001040500065,LOC,0000000010,1,0,0,0,0,0,96.12,98.71,101.35,112.81,124,124,11/3/2025,,,,,
989.001040500066,SCN,0000000010,0,0,0,0,0,1,112,115,118,129,140,140,11/3/2025,,,,,
989.001040500067,SCN,0000000010,0,0,0,0,0,1,87.09,89.48,91.93,103.6,115,115,11/3/2025,,,,,
989.001040500069,RBT,0000000010,0,1,0,0,0,0,207.17,212.71,276.24,283.7,291,291,11/3/2025,,,,,
989.001040500070,LOC,0000000010,1,0,0,0,0,0,182.91,188.74,259.48,267.33,275,275,11/3/2025,,,,,
989.001040500071,LOC,0000000010,1,0,0,0,0,0,167.74,173.76,249.01,257.1,265,265,11/3/2025,,,,,
989.001040500072,LOC,0000000011,1,0,0,0,0,0,116.18,122.82,213.4,222.3,231,231,11/3/2025,,,,,
989.001040500073,SCN,0000000010,0,0,0,0,0,1,79,81,84,95,107,107,11/3/2025,,,,,
989.001040500074,RBT,0000000010,0,1,0,0,0,0,134.24,137.65,141.15,151.69,162,162,11/3/2025,,,,,
989.001040500075,SCN,0000000010,0,0,0,0,0,1,72,74,76,88,100,100,11/3/2025,,,,,
989.001040500076,RBT,0000000010,0,1,0,0,0,0,99.5,106.34,201.88,211.05,220,220,11/3/2025,,,,,
989.001040500077,RBT,0000000011,0,1,0,0,0,0,251.15,256.16,306.61,313.38,320,320,11/3/2025,,,,,
989.001040500078,SCN,0000000010,0,0,0,0,0,1,97,100,102,114,125,125,11/3/2025,,,,,
989.001040500080,LOC,0000000010,1,0,0,0,0,0,104.05,110.84,205.03,214.12,223,223,11/3/2025,,,,,
989.001040500081,LOC,0000000010,1,0,0,0,0,0,298.16,302.6,339.07,345.1,351,351,11/3/2025,,,,,
989.001040500082,RBT,0000000011,0,1,0,0,0,0,108.6,115.33,208.17,217.19,226,226,11/3/2025,,,,,
989.001040500083,LOC,0000000011,1,0,0,0,0,0,114.18,117.16,120.2,131.23,142,142,11/3/2025,,,,,
989.001040500084,SCN,0000000010,0,0,0,0,0,1,108,111,114,125,136,136,11/3/2025,,,,,
989.001040500085,LOC,0000000010,1,0,0,0,0,0,133.23,136.63,140.1,150.67,161,161,11/3/2025,,,,,
989.001040500086,RBC,0000000010,0,0,0,1,0,0,275.41,280.13,323.36,329.75,336,336,11/3/2025,,,,,
989.001040500087,LOC,0000000001,1,0,0,0,0,0,425.55,428.45,427.03,431.06,435,435,11/6/2025,,,,,
989.001040500088,LOC,0000000011,1,0,0,0,0,0,305.74,310.09,344.31,350.22,356,356,11/3/2025,,,,,
989.001040500090,LOC,0000000010,1,0,0,0,0,0,150.28,154.05,157.9,168.07,178,178,11/3/2025,,,,,
989.001040500091,LOC,0000000010,1,0,0,0,0,0,140.44,146.79,230.16,238.68,247,247,11/3/2025,,,,,
989.001040500092,LOC,0000000011,1,0,0,0,0,0,107.08,113.84,207.12,216.16,225,225,11/3/2025,,,,,
989.001040500093,LOC,0000000001,1,0,0,0,0,0,111.17,114.08,117.06,128.16,139,139,11/6/2025,,,,,
989.001040500094,SCN,0000000010,0,0,0,0,0,1,89,92,94,106,117,117,11/3/2025,,,,,
989.001040500095,LOC,0000000011,1,0,0,0,0,0,198.07,203.72,269.95,277.56,285,285,11/3/2025,,,,,
989.001040500096,SCN,0000000010,0,0,0,0,0,1,59,61,63,75,87,87,11/3/2025,,,,,
989.001040500097,LOC,0000000010,1,0,0,0,0,0,118.19,121.26,124.39,135.32,146,146,11/3/2025,,,,,
989.001040500098,LOC,0000000010,1,0,0,0,0,0,97.98,104.85,200.84,210.02,219,219,11/3/2025,,,,,
989.001040500099,LOC,0000000010,1,0,0,0,0,0,124.21,127.41,130.67,141.46,152,152,11/3/2025,,,,,
989.001040500100,LOC,0000000010,1,0,0,0,0,0,122.2,125.36,128.58,139.41,150,150,11/3/2025,,,,,
989.001040500101,LOC,0000000010,1,0,0,0,0,0,55.52,62.9,171.52,181.37,191,191,11/3/2025,,,,,
989.001040500102,RBC,0000000010,0,0,0,1,0,0,266.31,271.14,317.08,323.61,330,330,11/3/2025,,,,,
989.001040500103,LOC,0000000010,1,0,0,0,0,0,434.64,437.44,433.32,437.2,441,441,11/3/2025,,,,,
989.001040500104,SCN,0000000010,0,0,0,0,0,1,93,96,98,110,121,121,11/3/2025,,,,,
989.001040500105,RBC,0000000010,0,0,0,1,0,0,214.75,220.2,281.47,288.82,296,296,11/3/2025,,,,,
989.001040500106,LOC,0000000010,1,0,0,0,0,0,242.05,247.17,300.32,307.24,314,314,11/3/2025,,,,,
989.001040500107,RBT,0000000010,0,1,0,0,0,0,107.08,113.84,207.12,216.16,225,225,11/3/2025,,,,,
989.001040500108,LOC,0000000010,1,0,0,0,0,0,314.84,319.08,350.59,356.36,362,362,11/3/2025,,,,,
989.001040500109,LOC,0000000010,1,0,0,0,0,0,140.25,143.8,147.43,157.83,168,168,11/3/2025,,,,,
989.001040500110,SCN,0000000010,0,0,0,0,0,1,61,63,65,77,89,89,11/3/2025,,,,,
989.001040500111,SCN,0000000010,0,0,0,0,0,1,69,71,73,85,97,97,11/3/2025,,,,,
989.001040500112,LOC,0000000010,1,0,0,0,0,0,82.08,84.36,86.69,98.48,110,110,11/3/2025,,,,,
989.001040500113,LOC,0000000011,1,0,0,0,0,0,116.18,122.82,213.4,222.3,231,231,11/3/2025,,,,,
989.001040500114,LOC,0000000010,1,0,0,0,0,0,134.24,137.65,141.15,151.69,162,162,11/3/2025,,,,,
989.001040500115,SCN,0000000010,0,0,0,0,0,1,72,74,76,88,100,100,11/3/2025,,,,,
989.001040500116,LOC,0000000010,1,0,0,0,0,0,78.27,85.37,187.22,196.72,206,206,11/3/2025,,,,,
989.001040500117,LOC,0000000010,1,0,0,0,0,0,91.92,98.85,196.65,205.93,215,215,11/3/2025,,,,,
989.001040500118,SCN,0000000010,0,0,0,0,0,1,65,67,69,81,93,93,11/3/2025,,,,,
989.001040500119,RBT,0000000010,0,1,0,0,0,0,66.13,73.39,178.85,188.53,198,198,11/3/2025,,,,,
989.001040500120,LOC,0000000010,1,0,0,0,0,0,373.98,377.51,391.43,396.27,401,401,11/3/2025,,,,,
989.001040500121,LOC,0000000010,1,0,0,0,0,0,54,61.4,170.47,180.35,190,190,11/3/2025,,,,,
989.001040500922,RBS,00.1000000,0,0,0,0,1,0,0,297,320.28,314.99,332.3,297,4/11/2024,,,,,
989.001040500924,RBS,00.1000000,0,0,0,0,1,0,0,251,289.61,288.98,314.95,251,4/11/2024,,,,,
989.001040500925,RBS,00.1000000,0,0,0,0,1,0,0,283,310.95,307.08,327.02,283,4/11/2024,,,,,
989.001040500926,RBC,0000010000,0,0,0,1,0,0,183.66,189.48,260,267.84,320.68,260,11/5/2024,,,,,
989.001040500927,RBS,00.1000000,0,0,0,0,1,0,0,387,380.28,365.89,366.24,387,4/11/2024,,,,,
989.001040500929,RBS,00.1000000,0,0,0,0,1,0,0,272,303.61,300.85,322.87,272,4/11/2024,,,,,
989.001040500930,RBS,00.1000000,0,0,0,0,1,0,0,253,290.95,290.11,315.71,253,4/11/2024,,,,,
989.001040500932,RBS,00.1100000,0,0,0,0,1,0,0,268,305,302.03,323.66,268,4/11/2024,,,,,
989.001040500933,RBS,00.1010000,0,0,0,0,1,0,0,262,278,279.13,308.39,262,4/11/2024,,,,,
989.001040500937,RBS,00.1000000,0,0,0,0,1,0,0,298,320.95,315.56,332.68,298,4/11/2024,,,,,
989.001040500938,RBS,00.1000000,0,0,0,0,1,0,0,251,289.61,288.98,314.95,251,4/11/2024,,,,,
989.001040500939,RBS,00.1000000,0,0,0,0,1,0,0,276,306.28,303.12,324.38,276,4/11/2024,,,,,
989.001040500941,RBS,00.1000000,0,0,0,0,1,0,0,254,291.61,290.67,316.09,254,4/11/2024,,,,,
989.001040500944,RBS,00.1000000,0,0,0,0,1,0,0,272,303.61,300.85,322.87,272,4/11/2024,,,,,
989.001040500947,RBS,00.1000000,0,0,0,0,1,0,0,305,325.61,319.52,335.32,305,4/11/2024,,,,,
989.001040500949,RBS,00.1000000,0,0,0,0,1,0,0,272,303.61,300.85,322.87,272,4/11/2024,,,,,
989.001040500950,RBC,0000100000,0,0,0,1,0,0,287.92,292.49,332,338.2,369.26,332,11/4/2024,,,,,
989.001040500951,RBS,00.1000000,0,0,0,0,1,0,0,241,282.94,283.32,311.18,241,4/11/2024,,,,,
989.001040500954,RBS,00.1000000,0,0,0,0,1,0,0,242,283.61,283.89,311.56,242,4/11/2024,,,,,
989.001040500955,RBC,0000100000,0,0,0,1,0,0,218.41,223.82,284,291.29,336.88,284,11/4/2024,,,,,
989.001040500956,RBS,00.1000000,0,0,0,0,1,0,0,282,310.28,306.51,326.64,282,4/11/2024,,,,,
989.001040500958,RBS,00.1000000,0,0,0,0,1,0,0,242,283.61,283.89,311.56,242,4/11/2024,,,,,
989.001040500960,RBS,00.1000000,0,0,0,0,1,0,0,276,306.28,303.12,324.38,276,4/11/2024,,,,,
989.001040500961,RBS,00.1000000,0,0,0,0,1,0,0,240,282.28,282.76,310.81,240,4/11/2024,,,,,
989.001040500963,RBS,00.1000000,0,0,0,0,1,0,0,284,311.61,307.64,327.4,284,4/11/2024,,,,,
989.001040500965,RBS,00.1010000,0,0,0,0,1,0,0,286,317,312.21,330.45,286,4/11/2024,,,,,
989.001040500966,RBS,00.1011000,0,0,0,0,1,0,0,316,334,346,352.98,316,4/11/2024,,,,,
989.001040500968,RBS,00.1000000,0,0,0,0,1,0,0,277,306.95,303.68,324.76,277,4/11/2024,,,,,
989.001040500970,RBC,0000001100,0,0,0,1,0,0,216.5,221.93,282.68,290,335.99,290,3/18/2025,,,,,
989.001040500971,RBS,00.1000000,0,0,0,0,1,0,0,241,282.94,283.32,311.18,241,4/11/2024,,,,,
989.001040500972,RBS,00.1100000,0,0,0,0,1,0,0,253,309,305.42,325.92,253,4/11/2024,,,,,
989.001040500976,RBS,00.1000000,0,0,0,0,1,0,0,252,290.28,289.54,315.33,252,4/11/2024,,,,,
989.001040500978,RBS,00.1000000,0,0,0,0,1,0,0,294,318.28,313.3,331.17,294,4/11/2024,,,,,
989.001040500981,RBS,00.1000000,0,0,0,0,1,0,0,286,312.95,308.77,328.15,286,4/11/2024,,,,,
989.001040500982,RBS,00.1000000,0,0,0,0,1,0,0,218,267.61,270.31,302.51,218,4/11/2024,,,,,
989.001040500984,RBS,00.1000000,0,0,0,0,1,0,0,199,254.94,259.57,295.35,199,4/11/2024,,,,,
989.001040500988,RBS,00.1000000,0,0,0,0,1,0,0,304,324.95,318.95,334.94,304,4/11/2024,,,,,
989.001040500989,RBS,00.1000000,0,0,0,0,1,0,0,282,310.28,306.51,326.64,282,4/11/2024,,,,,
989.001040500991,RBS,00.1000000,0,0,0,0,1,0,0,276,306.28,303.12,324.38,276,4/11/2024,,,,,
989.001040500993,RBC,0000100000,0,0,0,1,0,0,212.62,218.1,280,287.38,334.18,280,11/4/2024,,,,,
989.001040500995,RBS,00.1001000,0,0,0,0,1,0,0,281,309.61,296,319.64,281,4/11/2024,,,,,
989.001040500996,RBS,00.1000000,0,0,0,0,1,0,0,292,316.95,312.17,330.42,292,4/11/2024,,,,,
989.001040500998,RBS,00.1000000,0,0,0,0,1,0,0,252,290.28,289.54,315.33,252,4/11/2024,,,,,
989.001040501000,RBS,00.1000000,0,0,0,0,1,0,0,300,322.28,316.69,333.43,300,4/11/2024,,,,,
989.001040501002,RBT,0000100000,0,1,0,0,0,0,243.03,248.14,301,307.9,348.35,301,11/4/2024,,,,,
989.001040501004,RBS,00.1000000,0,0,0,0,1,0,0,272,303.61,300.85,322.87,272,4/11/2024,,,,,
989.001040501007,RBS,00.1000000,0,0,0,0,1,0,0,268,300.95,298.59,321.37,268,4/11/2024,,,,,
989.001040501008,RBS,00.1000000,0,0,0,0,1,0,0,318,334.28,326.87,340.22,318,4/11/2024,,,,,
989.001040501010,RBS,00.1110000,0,0,0,0,1,0,0,250,269,271.49,303.3,250,4/11/2024,,,,,
989.001040501012,RBS,00.1000000,0,0,0,0,1,0,0,260,295.61,294.07,318.35,260,4/11/2024,,,,,
989.001040501016,RBS,00.1000000,0,0,0,0,1,0,0,262,296.95,295.2,319.1,262,4/11/2024,,,,,
989.001040501017,RBC,0000100000,0,0,0,1,0,0,247.37,252.43,304,310.83,350.37,304,11/4/2024,,,,,
989.001040501019,RBS,00.1000000,0,0,0,0,1,0,0,238,280.94,281.63,310.05,238,4/11/2024,,,,,
989.001040501020,RBS,00.1000000,0,0,0,0,1,0,0,262,296.95,295.2,319.1,262,4/11/2024,,,,,
989.001040501021,RBS,00.1000000,0,0,0,0,1,0,0,295,318.95,313.86,331.55,295,4/11/2024,,,,,
989.001040501422,RBS,00.1000000,0,0,0,0,1,0,0,254,291.61,290.67,316.09,254,4/11/2024,,,,,
989.001040501423,RBS,00.1000000,0,0,0,0,1,0,0,280,308.95,305.38,325.89,280,4/11/2024,,,,,
989.001040501424,RBS,00.1000000,0,0,0,0,1,0,0,292,316.95,312.17,330.42,292,4/11/2024,,,,,
989.001040501425,RBS,00.1011100,0,0,0,0,1,0,0,296,329,334,344.97,296,4/11/2024,,,,,
989.001040501426,RBS,00.1000000,0,0,0,0,1,0,0,246,286.28,286.15,313.07,246,4/11/2024,,,,,
989.001040501427,RBS,00.1000000,0,0,0,0,1,0,0,259,294.95,293.5,317.97,259,4/11/2024,,,,,
989.001040501428,RBS,00.1000000,0,0,0,0,1,0,0,255,292.28,291.24,316.46,255,4/11/2024,,,,,
989.001040501429,RBS,00.1000000,0,0,0,0,1,0,0,260,295.61,294.07,318.35,260,4/11/2024,,,,,
989.001040501430,RBS,00.1100000,0,0,0,0,1,0,0,246,286.28,286.15,313.07,246,4/11/2024,,,,,
989.001040501431,RBS,00.1000000,0,0,0,0,1,0,0,287,313.61,309.34,328.53,289,11/4/2024,,,,,
989.001040501432,RBS,00.1000000,0,0,0,0,1,0,0,215,265.61,268.62,301.38,287,4/11/2024,,,,,
989.001040501433,RBS,00.1000000,0,0,0,0,1,0,0,250,288.95,288.41,314.58,215,4/11/2024,,,,,
989.001040501434,RBS,00.1000000,0,0,0,0,1,0,0,218,267.61,270.31,302.51,250,4/11/2024,,,,,
989.001040501435,RBS,00.1001000,0,0,0,0,1,0,0,239,281.61,275,305.63,218,4/11/2024,,,,,
989.001040501436,RBS,00.1000000,0,0,0,0,1,0,0,298,320.95,315.56,332.68,239,4/11/2024,,,,,
989.001040501437,RBS,00.1000000,0,0,0,0,1,0,0,250,288.95,288.41,314.58,298,4/11/2024,,,,,
989.001040501438,RBS,00.1000000,0,0,0,0,1,0,0,299,321.61,316.12,333.06,250,4/11/2024,,,,,
989.001040501439,RBS,00.1000000,0,0,0,0,1,0,0,265,298.95,296.9,320.23,299,4/11/2024,,,,,
989.001040501440,RBS,00.1000000,0,0,0,0,1,0,0,242,283.61,283.89,311.56,265,4/11/2024,,,,,
989.001040501441,RBS,00.1000000,0,0,0,0,1,0,0,261,296.28,294.63,318.73,242,4/11/2024,,,,,
989.001040501442,RBS,00.1000000,0,0,0,0,1,0,0,266,299.61,297.46,320.61,261,4/11/2024,,,,,
989.001040501443,RBS,00.1000000,0,0,0,0,1,0,0,301,322.95,317.26,333.81,266,4/11/2024,,,,,
989.001040501444,RBS,00.1000000,0,0,0,0,1,0,0,257,293.61,292.37,317.22,301,4/11/2024,,,,,
989.001040501445,RBS,00.1000000,0,0,0,0,1,0,0,302,323.61,317.82,334.19,257,4/11/2024,,,,,
989.001040501446,RBS,00.1100000,0,0,0,0,1,0,0,249,293,291.85,316.87,302,4/11/2024,,,,,
989.001040501447,RBS,00.1000000,0,0,0,0,1,0,0,254,291.61,290.67,316.09,249,4/11/2024,,,,,
989.001040501448,RBS,00.1000000,0,0,0,0,1,0,0,265,298.95,296.9,320.23,254,4/11/2024,,,,,
989.001040501449,RBS,00.1100000,0,0,0,0,1,0,0,264,297,295.25,319.13,265,4/11/2024,,,,,
989.001040501450,RBS,00.1000000,0,0,0,0,1,0,0,218,267.61,270.31,302.51,264,4/11/2024,,,,,
989.001040501451,RBS,00.1001100,0,0,0,0,1,0,0,282,310.28,304,324.97,282,4/11/2024,,,,,
989.001040501452,RBS,00.1000000,0,0,0,0,1,0,0,229,274.94,276.54,306.66,229,4/11/2024,,,,,
989.001040501453,RBS,00.1100000,0,0,0,0,1,0,0,304,315,310.51,329.31,304,4/11/2024,,,,,
989.001040501454,RBS,00.1100000,0,0,0,0,1,0,0,255,280,280.82,309.52,255,4/11/2024,,,,,
989.001040501455,RBS,00.1000000,0,0,0,0,1,0,0,273,304.28,301.42,323.25,273,4/11/2024,,,,,
989.001040501456,RBS,00.1001000,0,0,0,0,1,0,0,281,309.61,298,320.97,281,4/11/2024,,,,,
989.001040501457,RBS,00.1000000,0,0,0,0,1,0,0,207,260.28,264.09,298.36,207,4/11/2024,,,,,
989.001040501458,RBS,00.1000000,0,0,0,0,1,0,0,241,282.94,283.32,311.18,241,4/11/2024,,,,,
989.001040501459,RBS,00.1000000,0,0,0,0,1,0,0,268,300.95,298.59,321.37,268,4/11/2024,,,,,
989.001040501460,RBS,00.1001100,0,0,0,0,1,0,0,262,296.95,310,328.97,262,4/11/2024,,,,,
989.001040501461,RBS,00.1101100,0,0,0,0,1,0,0,246,309,312,330.31,246,4/11/2024,,,,,
989.001040501462,RBS,00.1000000,0,0,0,0,1,0,0,245,285.61,285.58,312.69,245,4/11/2024,,,,,
989.001040501463,RBS,00.1000000,0,0,0,0,1,0,0,279,308.28,304.81,325.51,279,4/11/2024,,,,,
989.001040501464,RBS,00.1000000,0,0,0,0,1,0,0,221,269.61,272.01,303.64,221,4/11/2024,,,,,
989.001040501465,RBS,00.1000000,0,0,0,0,1,0,0,226,272.94,274.84,305.53,226,4/11/2024,,,,,
989.001040501466,RBS,00.1000000,0,0,0,0,1,0,0,250,288.95,288.41,314.58,250,4/11/2024,,,,,
989.001040501467,RBS,00.1000000,0,0,0,0,1,0,0,262,296.95,295.2,319.1,262,4/11/2024,,,,,
989.001040501468,RBS,00.1000000,0,0,0,0,1,0,0,254,291.61,290.67,316.09,254,4/11/2024,,,,,
989.001040501469,RBS,00.1000000,0,0,0,0,1,0,0,268,300.95,298.59,321.37,268,4/11/2024,,,,,
989.001040501470,RBS,00.1000000,0,0,0,0,1,0,0,275,305.61,302.55,324.01,275,4/11/2024,,,,,
989.001040501471,RBS,00.1000000,0,0,0,0,1,0,0,263,297.61,295.76,319.48,263,4/11/2024,,,,,
989.001040501472,RBS,00.1000000,0,0,0,0,1,0,0,295,318.95,313.86,331.55,295,4/11/2024,,,,,
989.001040501473,RBS,00.1000000,0,0,0,0,1,0,0,285,312.28,308.21,327.78,285,4/11/2024,,,,,
989.001040501474,RBS,00.1000000,0,0,0,0,1,0,0,241,282.94,283.32,311.18,241,4/11/2024,,,,,
989.001040501475,RBS,00.1000000,0,0,0,0,1,0,0,288,314.28,309.9,328.91,288,4/11/2024,,,,,
989.001040501476,RBS,00.1000000,0,0,0,0,1,0,0,240,282.28,282.76,310.81,240,4/11/2024,,,,,
989.001040501477,RBS,00.1101000,0,0,0,0,1,0,0,276,297,303,324.3,276,4/11/2024,,,,,
989.001040501478,RBS,00.1000000,0,0,0,0,1,0,0,261,296.28,294.63,318.73,261,4/11/2024,,,,,
989.001040501479,RBS,00.1000000,0,0,0,0,1,0,0,256,292.95,291.81,316.84,256,4/11/2024,,,,,
989.001040501480,RBS,00.1000000,0,0,0,0,1,0,0,262,296.95,295.2,319.1,262,4/11/2024,,,,,
989.001040501481,RBS,00.1000000,0,0,0,0,1,0,0,288,314.28,309.9,328.91,288,4/11/2024,,,,,
989.001040501482,RBS,00.1000000,0,0,0,0,1,0,0,230,275.61,277.1,307.04,230,4/11/2024,,,,,
989.001040501483,RBS,00.1000000,0,0,0,0,1,0,0,275,305.61,302.55,324.01,275,4/11/2024,,,,,
989.001040501484,RBS,00.1000000,0,0,0,0,1,0,0,261,296.28,294.63,318.73,261,4/11/2024,,,,,
989.001040501485,RBS,00.1000000,0,0,0,0,1,0,0,260,295.61,294.07,318.35,260,4/11/2024,,,,,
989.001040501486,RBS,00.1000000,0,0,0,0,1,0,0,265,298.95,296.9,320.23,265,4/11/2024,,,,,
989.001040501487,RBS,00.1110000,0,0,0,0,1,0,0,279,310,306.27,326.49,279,4/11/2024,,,,,
989.001040501488,RBS,00.1000000,0,0,0,0,1,0,0,233,277.61,278.8,308.17,233,4/11/2024,,,,,
989.001040501489,RBS,00.1000000,0,0,0,0,1,0,0,231,276.28,277.67,307.41,231,4/11/2024,,,,,
989.001040501490,RBS,00.1000000,0,0,0,0,1,0,0,256,292.95,291.81,316.84,256,4/11/2024,,,,,
989.001040501491,RBS,00.1100000,0,0,0,0,1,0,0,241,291,290.16,315.74,241,4/11/2024,,,,,
989.001040501492,RBS,00.1100000,0,0,0,0,1,0,0,291,322,316.45,333.27,291,4/11/2024,,,,,
989.001040501493,RBS,00.1000000,0,0,0,0,1,0,0,254,291.61,290.67,316.09,254,4/11/2024,,,,,
989.001040501494,RBS,00.1000000,0,0,0,0,1,0,0,275,305.61,302.55,324.01,275,4/11/2024,,,,,
989.001040501495,RBS,00.1000000,0,0,0,0,1,0,0,276,306.28,303.12,324.38,276,4/11/2024,,,,,
989.001040501496,RBS,00.1000000,0,0,0,0,1,0,0,273,304.28,301.42,323.25,273,4/11/2024,,,,,
989.001040501497,RBS,00.1000000,0,0,0,0,1,0,0,262,296.95,295.2,319.1,262,4/11/2024,,,,,
989.001040501498,RBS,00.1000000,0,0,0,0,1,0,0,298,320.95,315.56,332.68,298,4/11/2024,,,,,
989.001040501499,RBS,00.1000000,0,0,0,0,1,0,0,267,300.28,298.03,320.99,267,4/11/2024,,,,,
989.001040501500,RBS,00.1100000,0,0,0,0,1,0,0,265,298.95,296.9,320.23,300,11/4/2024,,,,,
989.001040501501,RBS,00.1000000,0,0,0,0,1,0,0,230,275.61,277.1,307.04,230,4/11/2024,,,,,
989.001040501502,RBS,00.1100000,0,0,0,0,1,0,0,255,286,285.91,312.91,255,4/11/2024,,,,,
989.001040501503,RBS,00.1100000,0,0,0,0,1,0,0,291,310,306.27,326.49,291,4/11/2024,,,,,
989.001040501504,RBS,00.1010000,0,0,0,0,1,0,0,285,317,312.21,330.45,285,4/11/2024,,,,,
989.001040501505,RBS,00.1100000,0,0,0,0,1,0,0,277,310,306.27,326.49,277,4/11/2024,,,,,
989.001040501506,RBS,00.1000000,0,0,0,0,1,0,0,253,290.95,290.11,315.71,253,4/11/2024,,,,,
989.001040501507,RBS,00.1000000,0,0,0,0,1,0,0,240,282.28,282.76,310.81,240,4/11/2024,,,,,
989.001040501508,RBS,00.1000000,0,0,0,0,1,0,0,290,315.61,311.03,329.66,290,4/11/2024,,,,,
989.001040501509,RBS,00.1000000,0,0,0,0,1,0,0,271,302.95,300.29,322.5,271,4/11/2024,,,,,
989.001040501510,RBS,00.1100000,0,0,0,0,1,0,0,256,292.95,291.81,316.84,256,4/11/2024,,,,,
989.001040501511,RBS,00.1000000,0,0,0,0,1,0,0,235,278.94,279.93,308.92,235,4/11/2024,,,,,
989.001040501512,RBS,00.1000000,0,0,0,0,1,0,0,260,295.61,294.07,318.35,260,4/11/2024,,,,,
989.001040501513,RBS,00.1000000,0,0,0,0,1,0,0,246,286.28,286.15,313.07,246,4/11/2024,,,,,
989.001040501514,RBS,00.1000000,0,0,0,0,1,0,0,268,300.95,298.59,321.37,268,4/11/2024,,,,,
989.001040501515,RBS,00.1000000,0,0,0,0,1,0,0,245,285.61,285.58,312.69,245,4/11/2024,,,,,
989.001040501516,RBS,00.1000000,0,0,0,0,1,0,0,265,298.95,296.9,320.23,265,4/11/2024,,,,,
989.001040501517,RBS,00.1000000,0,0,0,0,1,0,0,318,334.28,326.87,340.22,318,4/11/2024,,,,,
989.001040501518,RBS,00.1000000,0,0,0,0,1,0,0,250,288.95,288.41,314.58,250,4/11/2024,,,,,
989.001040501519,RBS,00.1000000,0,0,0,0,1,0,0,245,285.61,285.58,312.69,245,4/11/2024,,,,,
989.001040501520,RBS,00.1000000,0,0,0,0,1,0,0,251,289.61,288.98,314.95,251,4/11/2024,,,,,
989.001040501521,RBS,00.1000000,0,0,0,0,1,0,0,265,298.95,296.9,320.23,265,4/11/2024,,,,,
989.001040501522,RBS,00.1000000,0,0,0,0,1,0,0,290,315.61,311.03,329.66,290,4/11/2024,,,,,
989.001040501523,RBS,00.1001000,0,0,0,0,1,0,0,289,314.95,322,336.97,289,4/11/2024,,,,,
989.001040501527,RBS,00.1000000,0,0,0,0,1,0,0,283,310.95,307.08,327.02,283,4/11/2024,,,,,
989.001040501528,RBC,0000010000,0,0,0,1,0,0,253.17,258.15,308,314.74,353.07,308,11/4/2024,,,,,
989.001040501530,RBS,00.1000000,0,0,0,0,1,0,0,251,289.61,288.98,314.95,251,4/11/2024,,,,,
989.001040501531,RBS,00.1000000,0,0,0,0,1,0,0,224,271.61,273.71,304.77,224,4/11/2024,,,,,
989.001040501533,RBS,00.1000000,0,0,0,0,1,0,0,247,286.94,286.72,313.45,247,4/11/2024,,,,,
989.001040501534,RBS,00.1000000,0,0,0,0,1,0,0,257,293.61,292.37,317.22,257,4/11/2024,,,,,
989.001040501535,RBS,00.1000000,0,0,0,0,1,0,0,254,291.61,290.67,316.09,254,4/11/2024,,,,,
989.001040501536,RBS,00.1000000,0,0,0,0,1,0,0,237,280.28,281.06,309.68,237,4/11/2024,,,,,
989.001040501537,RBS,00.1000000,0,0,0,0,1,0,0,295,318.95,313.86,331.55,295,4/11/2024,,,,,
989.001040501538,RBC,0000010000,0,0,0,1,0,0,214.07,219.53,281,288.36,334.85,281,11/5/2024,,,,,
989.001040501540,RBS,00.1010000,0,0,0,0,1,0,0,241,270,272.34,303.86,241,4/11/2024,,,,,
989.001040501542,RBS,00.1000000,0,0,0,0,1,0,0,298,320.95,315.56,332.68,298,4/11/2024,,,,,
989.001040501543,RBS,00.1110000,0,0,0,0,1,0,0,226,267,269.8,302.16,226,4/11/2024,,,,,
989.001040501544,RBS,00.1000010,0,0,0,0,1,0,0,279,308.28,304.81,362,279,4/11/2024,,,,,
989.001040501545,RBS,00.1001000,0,0,0,0,1,0,0,278,307.61,302,323.64,278,4/11/2024,,,,,
989.001040501546,RBS,00.1000000,0,0,0,0,1,0,0,257,293.61,292.37,317.22,257,4/11/2024,,,,,
989.001040501548,RBS,00.1000000,0,0,0,0,1,0,0,282,310.28,306.51,326.64,282,4/11/2024,,,,,
989.001040501549,RBS,00.1000000,0,0,0,0,1,0,0,287,313.61,309.34,328.53,287,4/11/2024,,,,,
989.001040501550,RBC,0000001000,0,0,0,1,0,0,255.03,260,309.29,316,353.94,316,3/18/2025,,,,,
989.001040501551,RBS,00.1000000,0,0,0,0,1,0,0,267,300.28,298.03,320.99,267,4/11/2024,,,,,
989.001040501552,RBS,00.1000000,0,0,0,0,1,0,0,272,303.61,300.85,322.87,272,4/11/2024,,,,,
989.001040501553,RBS,00.1000000,0,0,0,0,1,0,0,277,306.95,303.68,324.76,277,4/11/2024,,,,,
989.001040501554,RBS,00.1000000,0,0,0,0,1,0,0,222,270.28,272.58,304.02,222,4/11/2024,,,,,
989.001040501555,RBS,00.1000000,0,0,0,0,1,0,0,299,321.61,316.12,333.06,299,4/11/2024,,,,,
989.001040501556,RBS,00.1010000,0,0,0,0,1,0,0,281,308,304.58,325.36,281,4/11/2024,,,,,
989.001040501557,RBS,00.1000000,0,0,0,0,1,0,0,282,310.28,306.51,326.64,282,4/11/2024,,,,,
989.001040501558,RBS,00.1000000,0,0,0,0,1,0,0,248,287.61,287.28,313.82,248,4/11/2024,,,,,
989.001040501559,RBS,00.1000000,0,0,0,0,1,0,0,290,315.61,311.03,329.66,290,4/11/2024,,,,,
989.001040501560,RBS,00.1100000,0,0,0,0,1,0,0,218,267.61,270.31,302.51,218,4/11/2024,,,,,
989.001040501561,RBS,00.1000000,0,0,0,0,1,0,0,272,303.61,300.85,322.87,272,4/11/2024,,,,,
989.001040501562,RBS,00.1000000,0,0,0,0,1,0,0,267,300.28,298.03,320.99,267,4/11/2024,,,,,
989.001040501563,RBS,00.1100000,0,0,0,0,1,0,0,295,316,311.36,329.88,295,4/11/2024,,,,,
989.001040501564,RBS,00.1100000,0,0,0,0,1,0,0,280,315,310.51,329.31,280,4/11/2024,,,,,
989.001040501565,RBS,00.1000000,0,0,0,0,1,0,0,240,282.28,282.76,310.81,240,4/11/2024,,,,,
989.001040501566,RBS,00.1000000,0,0,0,0,1,0,0,291,316.28,311.6,330.04,291,4/11/2024,,,,,
989.001040501567,RBS,00.1100000,0,0,0,0,1,0,0,276,321,315.6,332.71,276,4/11/2024,,,,,
989.001040501568,RBS,00.1000000,0,0,0,0,1,0,0,258,294.28,292.94,317.59,258,4/11/2024,,,,,
989.001040501569,RBS,00.1000000,0,0,0,0,1,0,0,250,288.95,288.41,314.58,250,4/11/2024,,,,,
989.001040501570,RBS,00.1000000,0,0,0,0,1,0,0,285,312.28,308.21,327.78,285,4/11/2024,,,,,
989.001040501571,RBS,00.1000000,0,0,0,0,1,0,0,272,303.61,300.85,322.87,272,4/11/2024,,,,,
989.001040501573,RBS,00.1000000,0,0,0,0,1,0,0,262,296.95,295.2,319.1,262,4/11/2024,,,,,
989.001040501574,RBS,00.1100000,0,0,0,0,1,0,0,250,300,297.79,320.83,250,4/11/2024,,,,,
989.001040501575,RBS,00.1010000,0,0,0,0,1,0,0,257,320,314.76,332.14,257,4/11/2024,,,,,
989.001040501576,RBS,00.1001100,0,0,0,0,1,0,0,248,287.61,313,330.97,248,4/11/2024,,,,,
989.001040501577,RBS,00.1000000,0,0,0,0,1,0,0,271,302.95,300.29,322.5,271,4/11/2024,,,,,
989.001040501579,RBS,00.1000000,0,0,0,0,1,0,0,278,307.61,304.25,325.14,278,4/11/2024,,,,,
989.001040501580,RBS,00.1000000,0,0,0,0,1,0,0,248,287.61,287.28,313.82,248,4/11/2024,,,,,
989.001040501581,RBS,00.1000000,0,0,0,0,1,0,0,247,286.94,286.72,313.45,247,4/11/2024,,,,,
989.001040501582,RBS,00.1000000,0,0,0,0,1,0,0,282,310.28,306.51,326.64,282,4/11/2024,,,,,
989.001040501583,RBS,00.1110000,0,0,0,0,1,0,0,276,290,289.31,315.17,276,4/11/2024,,,,,
989.001040501584,RBS,00.1000000,0,0,0,0,1,0,0,279,308.28,304.81,325.51,279,4/11/2024,,,,,
989.001040501585,RBS,00.1100000,0,0,0,0,1,0,0,273,297,295.25,319.13,273,4/11/2024,,,,,
989.001040501586,RBS,00.1000000,0,0,0,0,1,0,0,276,306.28,303.12,324.38,276,4/11/2024,,,,,
989.001040501587,RBS,00.1000000,0,0,0,0,1,0,0,304,324.95,318.95,334.94,304,4/11/2024,,,,,
989.001040501588,RBC,0000101000,0,0,0,1,0,0,257.51,262.45,311,315,353.25,315,11/4/2024,,,,,
989.001040501589,RBS,00.1000000,0,0,0,0,1,0,0,278,307.61,304.25,325.14,278,4/11/2024,,,,,
989.001040501590,RBS,00.1000000,0,0,0,0,1,0,0,297,320.28,314.99,332.3,297,4/11/2024,,,,,
989.001040501591,RBS,00.1000000,0,0,0,0,1,0,0,252,290.28,289.54,315.33,252,4/11/2024,,,,,
989.001040501594,RBS,00.1000000,0,0,0,0,1,0,0,264,298.28,296.33,319.86,264,4/11/2024,,,,,
989.001040501595,RBS,00.1000000,0,0,0,0,1,0,0,304,324.95,318.95,334.94,304,4/11/2024,,,,,
989.001040501596,RBS,00.1000000,0,0,0,0,1,0,0,262,296.95,295.2,319.1,262,4/11/2024,,,,,
989.001040501597,RBS,00.1000000,0,0,0,0,1,0,0,264,298.28,296.33,319.86,264,4/11/2024,,,,,
989.001040501598,RBS,00.1010000,0,0,0,0,1,0,0,290,319,313.91,331.58,290,4/11/2024,,,,,
989.001040501599,RBS,00.1000000,0,0,0,0,1,0,0,239,281.61,282.19,310.43,239,4/11/2024,,,,,
989.001040501600,RBS,00.1000000,0,0,0,0,1,0,0,258,294.28,292.94,317.59,258,4/11/2024,,,,,
989.001040501601,RBS,00.1000000,0,0,0,0,1,0,0,250,288.95,288.41,314.58,250,4/11/2024,,,,,
989.001040501602,RBS,00.1100000,0,0,0,0,1,0,0,283,306,302.88,324.22,283,4/11/2024,,,,,
989.001040501603,RBS,00.1000000,0,0,0,0,1,0,0,275,305.61,302.55,324.01,275,4/11/2024,,,,,
989.001040501604,RBS,00.1000000,0,0,0,0,1,0,0,262,296.95,295.2,319.1,262,4/11/2024,,,,,
989.001040501605,RBS,00.1010000,0,0,0,0,1,0,0,307,341,332.57,344.02,307,4/11/2024,,,,,
989.001040501606,RBS,00.1000000,0,0,0,0,1,0,0,302,323.61,317.82,334.19,302,4/11/2024,,,,,
989.001040501607,RBS,00.1001110,0,0,0,0,1,0,0,326,339.61,345,352,326,4/11/2024,,,,,
989.001040501608,RBS,00.1100000,0,0,0,0,1,0,0,267,285,285.07,312.35,267,4/11/2024,,,,,
989.001040501609,RBS,00.1000000,0,0,0,0,1,0,0,262,296.95,295.2,319.1,262,4/11/2024,,,,,
989.001040501610,RBS,00.1000000,0,0,0,0,1,0,0,242,283.61,283.89,311.56,242,4/11/2024,,,,,
989.001040501611,RBS,00.1000000,0,0,0,0,1,0,0,241,282.94,283.32,311.18,241,4/11/2024,,,,,
989.001040501612,RBS,00.1000000,0,0,0,0,1,0,0,267,300.28,298.03,320.99,267,4/11/2024,,,,,
989.001040501613,RBS,00.1000000,0,0,0,0,1,0,0,255,292.28,291.24,316.46,255,4/11/2024,,,,,
989.001040501614,RBS,00.1100000,0,0,0,0,1,0,0,267,291,290.16,315.74,267,4/11/2024,,,,,
989.001040501615,RBS,00.1000000,0,0,0,0,1,0,0,242,283.61,283.89,311.56,242,4/11/2024,,,,,
989.001040501616,RBS,00.1000000,0,0,0,0,1,0,0,291,316.28,311.6,330.04,291,4/11/2024,,,,,
989.001040501617,RBS,00.1000000,0,0,0,0,1,0,0,278,307.61,304.25,325.14,278,4/11/2024,,,,,
989.001040501618,RBS,00.1000000,0,0,0,0,1,0,0,218,267.61,270.31,302.51,218,4/11/2024,,,,,
989.001040501619,RBS,00.1000000,0,0,0,0,1,0,0,262,296.95,295.2,319.1,262,4/11/2024,,,,,
989.001040501620,RBS,00.1000000,0,0,0,0,1,0,0,250,288.95,288.41,314.58,250,4/11/2024,,,,,
989.001040501621,RBS,00.1000000,0,0,0,0,1,0,0,267,300.28,298.03,320.99,267,4/11/2024,,,,,
989.002028176669,SCN,0000001000,0,0,0,0,0,1,102,105,108,119,218,119,3/18/2025,,,,,
989.002028176670,LOC,0000001100,1,0,0,0,0,0,41.63,49.18,161.93,172,254.52,172,3/18/2025,,,,,
989.002028176671,RBT,0000001000,0,1,0,0,0,0,117.87,120.94,124.06,135,228.97,135,3/18/2025,,,,,
989.002028176672,RBT,0000001100,0,1,0,0,0,0,120.81,123.94,127.13,138,231.05,138,3/18/2025,,,,,
989.002028176673,LOC,0000001000,1,0,0,0,0,0,240.21,245.36,299.05,306,347.03,306,3/18/2025,,,,,
989.002028176674,RBT,0000001100,0,1,0,0,0,0,183.9,189.72,260.17,268,320.8,268,3/18/2025,,,,,
989.002028176675,RBT,0000001001,0,1,0,0,0,0,111.99,114.93,117.92,129,242,129,3/18/2025,,,,,
989.002028176676,SCN,0000001000,0,0,0,0,0,1,91,94,96,108,210,108,3/18/2025,,,,,
989.002028176677,LOC,0000001100,1,0,0,0,0,0,149.24,152.98,156.81,167,251.07,167,3/18/2025,,,,,
989.002028176678,RBT,0000001100,0,1,0,0,0,0,110.03,112.92,115.88,127,223.45,127,3/18/2025,,,,,
989.002028176679,SCN,0000001000,0,0,0,0,0,1,79,81,83,95,201,95,3/18/2025,,,,,
989.002028176680,RBT,0000001011,0,1,0,0,0,0,117.87,120.94,124.06,135,246,135,3/18/2025,,,,,
989.002028176681,LOC,0000001000,1,0,0,0,0,0,105.36,112.13,205.93,215,284.21,215,3/18/2025,,,,,
989.002028176682,LOC,0000001000,1,0,0,0,0,0,43.12,50.64,162.95,173,255.21,173,3/18/2025,,,,,
989.002028176683,LOC,0000001000,1,0,0,0,0,0,151.2,154.99,158.86,169,252.45,169,3/18/2025,,,,,
989.002028176684,SCN,0000001000,0,0,0,0,0,1,101,104,107,118,217,118,3/18/2025,,,,,
989.002028176685,RBT,0000001100,0,1,0,0,0,0,314.31,318.56,350.22,356,381.55,356,3/18/2025,,,,,
989.002028176686,SCN,0000001000,0,0,0,0,0,1,82,84,86,98,203,98,3/18/2025,,,,,
989.002028176687,LOC,0000001100,1,0,0,0,0,0,160.19,166.3,243.79,252,309.75,252,3/18/2025,,,,,
989.002028176688,LOC,0000001000,1,0,0,0,0,0,132.58,135.96,139.41,150,239.33,150,3/18/2025,,,,,
989.002028176689,LOC,0000001000,1,0,0,0,0,0,53.49,60.89,170.11,180,260.04,180,3/18/2025,,,,,
989.002028176690,LOC,0000001100,1,0,0,0,0,0,43.12,50.64,162.95,173,255.21,173,3/18/2025,,,,,
989.002028176691,LOC,0000001000,1,0,0,0,0,0,106.84,113.6,206.95,216,284.9,216,3/18/2025,,,,,
989.002028176692,LOC,0000001000,1,0,0,0,0,0,127.59,134.09,221.28,230,294.56,230,3/18/2025,,,,,
989.002028176693,RBT,0000001100,0,1,0,0,0,0,109.05,111.92,114.85,126,222.76,126,3/18/2025,,,,,
989.002028176694,SCN,0000001000,0,0,0,0,0,1,105,108,111,122,220,122,3/18/2025,,,,,
989.002028176695,RBC,0000001110,0,0,0,1,0,0,296.52,300.99,337.94,344,365,344,3/18/2025,,,,,
989.002028176696,RBT,0000001100,0,1,0,0,0,0,89.05,96.03,194.67,204,276.61,204,3/18/2025,,,,,
989.002028176697,RBT,0000001100,0,1,0,0,0,0,97.95,104.81,200.81,210,280.75,210,3/18/2025,,,,,
989.002028176698,RBT,0000001100,0,1,0,0,0,0,127.67,130.95,134.3,145,235.88,145,3/18/2025,,,,,
989.002028176699,LOC,0000001000,1,0,0,0,0,0,400.26,403.47,409.57,414,421.6,414,3/18/2025,,,,,
989.002028176700,LOC,0000001100,1,0,0,0,0,0,212.05,217.54,279.61,287,333.91,287,3/18/2025,,,,,
989.002028176701,LOC,0000001000,1,0,0,0,0,0,257.99,262.92,311.33,318,355.32,318,3/18/2025,,,,,
989.002028176702,LOC,0000001000,1,0,0,0,0,0,49.04,56.5,167.04,177,257.97,177,3/18/2025,,,,,
989.002028176703,SCN,0000001000,0,0,0,0,0,1,86,88,90,102,206,102,3/18/2025,,,,,
989.002028176704,RBT,0000001000,0,1,0,0,0,0,112.97,115.93,118.95,130,225.52,130,3/18/2025,,,,,
989.002028176705,RBT,0000001000,0,1,0,0,0,0,117.87,120.94,124.06,135,228.97,135,3/18/2025,,,,,
989.002028176706,RBT,0000001000,0,1,0,0,0,0,320.24,324.41,354.31,360,384.31,360,3/18/2025,,,,,
989.002028176707,RBT,0000001000,0,1,0,0,0,0,222.43,227.79,286.77,294,338.75,294,3/18/2025,,,,,
989.002028176708,RBC,0000001000,0,0,0,1,0,0,172.04,178.01,251.98,260,315.27,260,3/18/2025,,,,,
989.002028176709,LOC,0000001100,1,0,0,0,0,0,103.17,105.91,108.71,120,218.62,120,3/18/2025,,,,,
989.002028176710,SCN,0000001000,0,0,0,0,0,1,74,76,78,90,198,90,3/18/2025,,,,,
989.002028176711,RBC,0000001000,0,0,0,1,0,0,255.03,260,309.29,316,353.94,316,3/18/2025,,,,,
989.002028176712,RBT,0000001000,0,1,0,0,0,0,134.54,137.96,141.46,152,240.71,152,3/18/2025,,,,,
989.002028176713,LOC,0000001000,1,0,0,0,0,0,87.57,94.56,193.65,203,275.92,203,3/18/2025,,,,,
989.002028176714,RBT,0000001000,0,1,0,0,0,0,86.51,88.89,91.32,103,206.88,103,3/18/2025,,,,,
989.002028176715,RBT,0000001100,0,1,0,0,0,0,136.48,142.88,227.42,236,298.7,236,3/18/2025,,,,,
989.002028176716,RBT,0000001000,0,1,0,0,0,0,131.6,134.96,138.39,149,238.64,149,3/18/2025,,,,,
989.002028176717,LOC,0000001000,1,0,0,0,0,0,38.67,46.25,159.88,170,253.14,170,3/18/2025,,,,,
989.002028176718,SCN,0000001000,0,0,0,0,0,1,77,79,81,93,200,93,3/18/2025,,,,,
989.002028176719,RBT,0000001000,0,1,0,0,0,0,114.93,117.93,120.99,132,226.9,132,3/18/2025,,,,,
989.002028176720,SCN,0000001000,0,0,0,0,0,1,86,88,90,102,206,102,3/18/2025,,,,,
989.002028176721,RBT,0000001100,0,1,0,0,0,0,105.13,107.92,110.76,122,220,122,3/18/2025,,,,,
989.002028176722,RBT,0000001000,0,1,0,0,0,0,82.59,84.88,87.22,99,204.12,99,3/18/2025,,,,,
989.002028176723,RBT,0000000100,0,1,0,0,0,0,455.09,457.63,447.44,451,447.14,451,3/20/2025,,,,,
989.002028176724,LOC,0000001000,1,0,0,0,0,0,150.22,153.98,157.83,168,251.76,168,3/18/2025,,,,,
989.002028176725,RBT,0000001000,0,1,0,0,0,0,118.85,121.94,125.09,136,229.66,136,3/18/2025,,,,,
989.002028176726,LOC,0000001000,1,0,0,0,0,0,127.67,130.95,134.3,145,235.88,145,3/18/2025,,,,,
989.002028176727,LOC,0000001011,1,0,0,0,0,0,46.08,53.57,165,175,283,175,3/18/2025,,,,,
989.002028176728,SCN,0000001000,0,0,0,0,0,1,80,82,84,96,202,96,3/18/2025,,,,,
989.002028176729,LOC,0000001101,1,0,0,0,0,0,84.61,91.64,191.6,201,310,201,3/18/2025,,,,,
989.002028176730,RBT,0000001000,0,1,0,0,0,0,91.41,93.89,96.43,108,210.33,108,3/18/2025,,,,,
989.002028176731,SCN,0000001000,0,0,0,0,0,1,86,88,90,102,206,102,3/18/2025,,,,,
989.002028176732,LOC,0000001100,1,0,0,0,0,0,223.91,229.25,287.8,295,339.44,295,3/18/2025,,,,,
989.002028176733,LOC,0000001010,1,0,0,0,0,0,147.28,150.98,154.76,165,237,165,3/18/2025,,,,,
989.002028176734,RBT,0000001000,0,1,0,0,0,0,101.21,103.91,106.67,118,217.24,118,3/18/2025,,,,,
989.002028176735,RBT,0000001000,0,1,0,0,0,0,109.05,111.92,114.85,126,222.76,126,3/18/2025,,,,,
989.002028176736,SCN,0000001000,0,0,0,0,0,1,85,87,89,101,206,101,3/18/2025,,,,,
989.002028176737,LOC,0000001000,1,0,0,0,0,0,85.53,87.89,90.29,102,206.19,102,3/18/2025,,,,,
989.002028176738,LOC,0000001000,1,0,0,0,0,0,93.37,95.9,98.48,110,211.71,110,3/18/2025,,,,,
989.002028176739,LOC,0000001000,1,0,0,0,0,0,269.85,274.64,319.52,326,360.84,326,3/18/2025,,,,,
989.002028176740,LOC,0000001100,1,0,0,0,0,0,255.03,260,309.29,316,353.94,316,3/18/2025,,,,,
989.002028176741,RBT,0000001000,0,1,0,0,0,0,100.23,102.91,105.64,117,216.55,117,3/18/2025,,,,,
989.002028176742,LOC,0000001000,1,0,0,0,0,0,137.48,140.97,144.53,155,242.78,155,3/18/2025,,,,,
989.002028176743,SCN,0000001000,0,0,0,0,0,1,108,111,114,125,222,125,3/18/2025,,,,,
989.002028176744,RBT,0000001000,0,1,0,0,0,0,372.1,375.65,390.13,395,408.48,395,3/18/2025,,,,,
989.002028176745,RBT,0000001000,0,1,0,0,0,0,98.27,100.91,103.6,115,215.17,115,3/18/2025,,,,,
989.002028176746,LOC,0000001100,1,0,0,0,0,0,77.2,84.32,186.49,196,271.09,196,3/18/2025,,,,,
989.002028176747,SCN,0000001000,0,0,0,0,0,1,79,81,83,95,201,95,3/18/2025,,,,,
989.002028176748,LOC,0000001010,1,0,0,0,0,0,105.36,112.13,205.93,215,311,215,3/18/2025,,,,,
989.002028176749,LOC,0000001100,1,0,0,0,0,0,86.09,93.1,192.63,202,275.23,202,3/18/2025,,,,,
989.002028176750,RBC,0000001100,0,0,0,1,0,0,246.14,251.21,303.15,310,349.79,310,3/18/2025,,,,,
989.002028176751,RBT,0000001100,0,1,0,0,0,0,115.91,118.93,122.02,133,227.59,133,3/18/2025,,,,,
989.002028176752,SCN,0000001000,0,0,0,0,0,1,93,96,98,110,212,110,3/18/2025,,,,,
989.002028176753,RBC,0000001100,0,0,0,1,0,0,255.03,260,309.29,316,353.94,316,3/18/2025,,,,,
989.002028176754,RBT,0000001000,0,1,0,0,0,0,133.56,136.96,140.44,151,240.02,151,3/18/2025,,,,,
989.002028176755,RBC,0000001100,0,0,0,1,0,0,252.07,257.07,307.24,314,352.56,314,3/18/2025,,,,,
989.002028176756,SCN,0000001000,0,0,0,0,0,1,98,101,104,115,215,115,3/18/2025,,,,,
989.002028176757,RBT,0000001000,0,1,0,0,0,0,342.46,346.37,369.66,375,394.67,375,3/18/2025,,,,,
989.002028176758,RBT,0000001100,0,1,0,0,0,0,89.05,96.03,194.67,204,276.61,204,3/18/2025,,,,,
989.002028176759,SCN,0000001000,0,0,0,0,0,1,69,71,73,85,194,85,3/18/2025,,,,,
989.002028176760,LOC,0000001000,1,0,0,0,0,0,114.25,120.92,212.07,221,288.35,221,3/18/2025,,,,,
989.002028176761,LOC,0000001101,1,0,0,0,0,0,72.75,79.92,183.42,193,273,193,3/18/2025,,,,,
989.002028176762,LOC,0000000011,1,0,0,0,0,0,290.58,295.11,333.83,339.99,346,346,11/3/2025,,,,,
989.002028176763,SCN,0000001000,0,0,0,0,0,1,76,78,80,92,199,92,3/18/2025,,,,,
989.002028176764,RBC,0000001100,0,0,0,1,0,0,225.39,230.72,288.82,296,340.13,296,3/18/2025,,,,,
989.002028176765,LOC,0000001101,1,0,0,0,0,0,99.43,106.28,201.84,211,289,211,3/18/2025,,,,,
989.002028176766,RBT,0000001100,0,1,0,0,0,0,119.83,122.94,126.11,137,230.35,137,3/18/2025,,,,,
989.002028176767,RBT,0000001100,0,1,0,0,0,0,314.31,318.56,350.22,356,381.55,356,3/18/2025,,,,,
989.002028176768,RBT,0000001000,0,1,0,0,0,0,101.21,103.91,106.67,118,217.24,118,3/18/2025,,,,,
989.002028176769,SCN,0000000001,0,0,0,0,0,1,102,105,108,119,130,130,11/6/2025,,,,,
989.002028176770,RBT,0000000001,0,1,0,0,0,0,72.2,79.38,183.04,192.63,202,202,11/6/2025,,,,,
989.002028176772,LOC,0000000001,1,0,0,0,0,0,111.63,118.33,210.26,219.23,228,228,11/6/2025,,,,,
989.002028176773,LOC,0000000001,1,0,0,0,0,0,88.88,95.86,194.55,203.88,213,213,11/6/2025,,,,,
989.002028176774,SCN,0000000001,0,0,0,0,0,1,83,85,88,100,111,111,11/6/2025,,,,,
989.002028176775,RBT,0000000001,0,1,0,0,0,0,84.33,91.36,191.41,200.81,210,210,11/6/2025,,,,,
989.002028176777,LOC,0000000001,1,0,0,0,0,0,182.91,188.74,259.48,267.33,275,275,11/6/2025,,,,,
989.002028176778,SCN,0000000001,0,0,0,0,0,1,75,77,79,91,103,103,11/6/2025,,,,,
989.002028176779,SCN,0000000001,0,0,0,0,0,1,69,71,73,85,97,97,11/6/2025,,,,,
989.002028176780,LOC,0000000001,1,0,0,0,0,0,135.24,138.68,142.19,152.72,163,163,11/6/2025,,,,,
989.002028176782,SCN,0000000001,0,0,0,0,0,1,86,88,91,103,114,114,11/6/2025,,,,,
989.002028176783,RBT,0000000001,0,1,0,0,0,0,43.39,50.91,163.14,173.18,183,183,11/6/2025,,,,,
989.002028176784,RBT,0000000001,0,1,0,0,0,0,137.24,140.73,144.29,154.76,165,165,11/6/2025,,,,,
989.002028176786,RBT,0000000001,0,1,0,0,0,0,139.25,142.78,146.38,156.81,167,167,11/6/2025,,,,,
989.002028176787,SCN,0000000001,0,0,0,0,0,1,100,103,106,117,128,128,11/6/2025,,,,,
989.002028176788,SCN,0000000001,0,0,0,0,0,1,107,110,113,124,135,135,11/6/2025,,,,,
989.002028176789,LOC,0000000001,1,0,0,0,0,0,101.14,103.83,106.59,117.92,129,129,11/6/2025,,,,,
989.002028176790,SCN,0000000001,0,0,0,0,0,1,68,70,72,84,96,96,11/6/2025,,,,,
989.002028176792,SCN,0000000001,0,0,0,0,0,1,76,78,80,92,104,104,11/6/2025,,,,,
989.002028176793,LOC,0000000001,1,0,0,0,0,0,111.17,114.08,117.06,128.16,139,139,11/6/2025,,,,,
989.002028176796,RBT,0000000001,0,1,0,0,0,0,110.16,113.06,116.01,127.13,138,138,11/6/2025,,,,,
989.002028176797,LOC,0000000001,1,0,0,0,0,0,150.28,154.05,157.9,168.07,178,178,11/6/2025,,,,,
989.002028176798,LOC,0000000001,1,0,0,0,0,0,175.32,181.25,254.25,262.21,270,270,11/6/2025,,,,,
989.002028176799,SCN,0000000001,0,0,0,0,0,1,95,98,100,112,123,123,11/6/2025,,,,,
989.002028176801,SCN,0000000001,0,0,0,0,0,1,87,89,92,104,115,115,11/6/2025,,,,,
989.002028176802,LOC,0000000001,1,0,0,0,0,0,85.85,92.86,192.46,201.84,211,211,11/6/2025,,,,,
989.002028176803,LOC,0000000001,1,0,0,0,0,0,184.42,190.24,260.53,268.35,276,276,11/6/2025,,,,,
989.002028176806,LOC,0000000001,1,0,0,0,0,0,81.3,88.37,189.32,198.77,208,208,11/6/2025,,,,,
989.002028176807,LOC,0000000001,1,0,0,0,0,0,149.28,153.03,156.85,167.04,177,177,11/6/2025,,,,,
989.002028176809,LOC,0000000001,1,0,0,0,0,0,105.56,112.34,206.07,215.14,224,224,11/6/2025,,,,,
989.002028176811,RBC,0000000001,0,0,0,1,0,0,270.86,275.64,320.22,326.68,333,333,11/6/2025,,,,,
989.002028176812,SCN,0000000001,0,0,0,0,0,1,89,92,94,106,117,117,11/6/2025,,,,,
989.002028176813,LOC,0000000001,1,0,0,0,0,0,105.56,112.34,206.07,215.14,224,224,11/6/2025,,,,,
989.002028176815,SCN,0000000001,0,0,0,0,0,1,80,82,85,96,108,108,11/6/2025,,,,,
989.002028176816,RBT,0000000001,0,1,0,0,0,0,149.28,153.03,156.85,167.04,177,177,11/6/2025,,,,,
989.002028176817,SCN,0000000001,0,0,0,0,0,1,67,69,71,83,95,95,11/6/2025,,,,,
989.002028176819,RBC,0000000001,0,0,0,1,0,0,292.09,296.61,334.88,341.01,347,347,11/6/2025,,,,,
989.002028176821,RBT,0000000001,0,1,0,0,0,0,115.18,118.18,121.25,132.25,143,143,11/6/2025,,,,,
989.002028176822,SCN,0000000001,0,0,0,0,0,1,95,98,100,112,123,123,11/6/2025,,,,,
989.002028176823,LOC,0000000001,1,0,0,0,0,0,92.11,94.61,97.16,108.71,120,120,11/6/2025,,,,,
989.002028176824,LOC,0000000001,1,0,0,0,0,0,298.16,302.6,339.07,345.1,351,351,11/6/2025,,,,,
989.002028176825,LOC,0000000001,1,0,0,0,0,0,125.21,128.43,131.72,142.48,153,153,11/6/2025,,,,,
989.002028176826,LOC,0000000001,1,0,0,0,0,0,112.17,115.11,118.11,129.18,140,140,11/6/2025,,,,,
989.002028176827,RBT,0000000001,0,1,0,0,0,0,100.13,102.81,105.54,116.9,128,128,11/6/2025,,,,,
989.002028176830,RBT,0000000001,0,1,0,0,0,0,115.18,118.18,121.25,132.25,143,143,11/6/2025,,,,,
989.002028176831,LOC,0000000001,1,0,0,0,0,0,314.84,319.08,350.59,356.36,362,362,11/6/2025,,,,,
989.002028176832,LOC,0000000001,1,0,0,0,0,0,97.98,104.85,200.84,210.02,219,219,11/6/2025,,,,,
989.002028176833,LOC,0000000001,1,0,0,0,0,0,64.62,71.89,177.8,187.51,197,197,11/6/2025,,,,,
989.002028176834,LOC,0000000001,1,0,0,0,0,0,144.27,147.9,151.62,161.93,172,172,11/6/2025,,,,,
989.002028176835,LOC,0000000001,1,0,0,0,0,0,55.52,62.9,171.52,181.37,191,191,11/6/2025,,,,,
989.002028176836,LOC,0000000001,1,0,0,0,0,0,139.25,142.78,146.38,156.81,167,167,11/6/2025,,,,,
989.002028176840,LOC,0000000001,1,0,0,0,0,0,373.98,377.51,391.43,396.27,401,401,11/6/2025,,,,,
989.002028176842,LOC,0000000001,1,0,0,0,0,0,63.1,70.39,176.75,186.49,196,196,11/6/2025,,,,,
989.002028176843,LOC,0000000001,1,0,0,0,0,0,38.84,46.42,160,170.11,180,180,11/6/2025,,,,,
989.002028176844,LOC,0000000001,1,0,0,0,0,0,134.24,137.65,141.15,151.69,162,162,11/6/2025,,,,,
989.002028176845,RBT,0000000001,0,1,0,0,0,0,199.59,205.22,271,278.59,286,286,11/6/2025,,,,,
989.002028176848,RBT,0000000001,0,1,0,0,0,0,131.23,134.58,138.01,148.62,159,159,11/6/2025,,,,,
989.002028176849,RBC,0000000001,0,0,0,1,0,0,240.53,245.67,299.28,306.22,313,313,11/6/2025,,,,,
989.002028176850,LOC,0000000001,1,0,0,0,0,0,78.27,85.37,187.22,196.72,206,206,11/6/2025,,,,,
989.002028176851,RBT,0000000001,0,1,0,0,0,0,46.42,53.91,165.23,175.23,185,185,11/6/2025,,,,,
989.002028176852,LOC,0000000001,1,0,0,0,0,0,364.89,368.52,385.15,390.13,395,395,11/6/2025,,,,,
989.002028176853,LOC,0000000001,1,0,0,0,0,0,152.58,158.78,238.54,246.86,255,255,11/6/2025,,,,,
989.002028176854,SCN,0000000001,0,0,0,0,0,1,103,106,109,120,131,131,11/6/2025,,,,,
989.002028176855,LOC,0000000001,1,0,0,0,0,0,133.23,136.63,140.1,150.67,161,161,11/6/2025,,,,,
989.002028176856,LOC,0000000001,1,0,0,0,0,0,147.27,150.98,154.76,165,175,175,11/6/2025,,,,,
989.002028176857,LOC,0000000001,1,0,0,0,0,0,363.37,367.02,384.1,389.11,394,394,11/6/2025,,,,,
989.002028176858,LOC,0000000001,1,0,0,0,0,0,149.28,153.03,156.85,167.04,177,177,11/6/2025,,,,,
989.002028176859,LOC,0000000001,1,0,0,0,0,0,366.4,370.02,386.19,391.15,396,396,11/6/2025,,,,,
989.002028176861,LOC,0000000001,1,0,0,0,0,0,76.75,83.87,186.18,195.7,205,205,11/6/2025,,,,,
989.002028176862,SCN,0000000001,0,0,0,0,0,1,100,103,106,117,128,128,11/6/2025,,,,,
989.002028176863,RBT,0000000001,0,1,0,0,0,0,109.16,112.03,114.97,126.11,137,137,11/6/2025,,,,,
989.002028176864,SCN,0000000001,0,0,0,0,0,1,67,69,71,83,95,95,11/6/2025,,,,,
989.002028176865,SCN,0000000001,0,0,0,0,0,1,89,92,94,106,117,117,11/6/2025,,,,,
989.002028176866,LOC,0000000001,1,0,0,0,0,0,104.15,106.91,109.73,120.99,132,132,11/6/2025,,,,,
989.002028176869,LOC,0000001111,1,0,0,0,0,0,75.72,82.85,185.46,195,268,195,3/18/2025,,,,,
989.002028176870,RBT,0000001100,0,1,0,0,0,0,123.75,126.94,130.2,141,233.12,141,3/18/2025,,,,,
989.002028176871,LOC,0000010001,1,0,0,0,0,0,38.84,46.42,160,170.12,238,160,11/5/2024,,,,,
989.002028176872,RBC,0000010000,0,0,0,1,0,0,222.76,228.11,287,294.22,338.9,287,11/5/2024,,,,,
989.002028176873,LOC,0000001100,1,0,0,0,0,0,112.97,115.93,118.95,130,225.52,130,3/18/2025,,,,,
989.002028176874,LOC,0000010000,1,0,0,0,0,0,62.01,69.31,176,185.75,264.01,176,11/5/2024,,,,,
989.002028176875,LOC,0000010000,1,0,0,0,0,0,493.56,495.64,474,476.96,465.06,474,11/5/2024,,,,,
989.002028176876,SCN,0000010000,0,0,0,0,0,1,82,89,91,103,207,91,11/5/2024,,,,,
989.002028176877,SCN,0000010000,0,0,0,0,0,1,90,97,100,111,213,100,11/5/2024,,,,,
989.002028176878,LOC,0000001000,1,0,0,0,0,0,56.45,63.82,172.16,182,261.42,182,3/18/2025,,,,,
989.002028176879,RBT,0000001100,0,1,0,0,0,0,195.75,201.44,268.35,276,326.32,276,3/18/2025,,,,,
989.002028176880,RBT,0000010000,0,1,0,0,0,0,219.86,225.25,285,292.27,337.55,285,11/5/2024,,,,,
989.002028176881,RBT,0000001000,0,1,0,0,0,0,145.32,148.98,152.72,163,248.31,163,3/18/2025,,,,,
989.002028176882,RBT,0000001000,0,1,0,0,0,0,122.77,125.94,129.18,140,232.43,140,3/18/2025,,,,,
989.002028176883,RBT,0000001000,0,1,0,0,0,0,132.58,135.96,139.41,150,239.33,150,3/18/2025,,,,,
989.002028176884,LOC,0000011000,1,0,0,0,0,0,79.39,86.48,188,193,269.02,193,11/5/2024,,,,,
989.002028176885,LOC,0000010100,1,0,0,0,0,0,123.12,129.68,133,138,231.05,133,11/5/2024,,,,,
989.002028176886,SCN,0000010000,0,0,0,0,0,1,68,75,77,89,197,77,11/5/2024,,,,,
989.002028176887,SCN,0000001000,0,0,0,0,0,1,78.67,80.88,83.13,95,201.36,95,3/18/2025,,,,,
989.002028176888,LOC,0000001010,1,0,0,0,0,0,135.52,138.96,142.48,153,256,153,3/18/2025,,,,,
989.002028176889,LOC,0000010000,1,0,0,0,0,0,283.58,288.2,329,335.26,367.24,329,11/5/2024,,,,,
989.002028176890,LOC,0000010000,1,0,0,0,0,0,136,142.4,146,156.44,243.77,146,11/5/2024,,,,,
989.002028176891,RBT,0000010000,0,1,0,0,0,0,134.02,140.45,144,154.48,242.42,144,11/5/2024,,,,,
989.002028176892,SCN,0000001000,0,0,0,0,0,1,83,85,87,99,204,99,3/18/2025,,,,,
989.002028176893,LOC,0000001000,1,0,0,0,0,0,151.2,154.99,158.86,169,252.45,169,3/18/2025,,,,,
989.002028176894,RBC,0000010000,0,0,0,1,0,0,202.48,208.08,273,280.54,329.46,273,11/5/2024,,,,,
989.002028176895,SCN,0000001000,0,0,0,0,0,1,76,78,80,92,199,92,3/18/2025,,,,,
989.002028176896,LOC,0000001000,1,0,0,0,0,0,428.42,431.28,429.02,433,434.71,433,3/18/2025,,,,,
989.002028176897,RBT,0000010000,0,1,0,0,0,0,211.17,216.67,279,286.4,333.5,279,11/5/2024,,,,,
989.002028176898,LOC,0000001000,1,0,0,0,0,0,88.47,90.89,93.36,105,208.26,105,3/18/2025,,,,,
989.002028176899,RBT,0000001000,0,1,0,0,0,0,111.99,114.93,117.92,129,224.83,129,3/18/2025,,,,,
989.002028176900,SCN,0000010000,0,0,0,0,0,1,69,76,78,90,198,78,11/5/2024,,,,,
989.002028176901,LOC,0000001000,1,0,0,0,0,0,321.72,325.88,355.34,361,385,361,3/18/2025,,,,,
989.002028176902,LOC,0000010000,1,0,0,0,0,0,37.39,44.99,159,169.14,252.54,159,11/5/2024,,,,,
989.002028176903,RBT,0000001000,0,1,0,0,0,0,83.57,85.88,88.25,100,204.81,100,3/18/2025,,,,,
989.002028176904,RBT,0000010000,0,1,0,0,0,0,115.19,121.85,125,135.92,229.61,125,11/5/2024,,,,,
989.002028176905,RBT,0000001000,0,1,0,0,0,0,109.05,111.92,114.85,126,222.76,126,3/18/2025,,,,,
989.002028176906,RBT,0000010000,0,1,0,0,0,0,122.13,128.7,132,142.76,234.33,132,11/5/2024,,,,,
989.002028176907,LOC,0000001000,1,0,0,0,0,0,90.54,97.49,195.7,205,277.3,205,3/18/2025,,,,,
989.002028176908,SCN,0000001100,0,0,0,0,0,1,102,105,108,119,218,119,3/18/2025,,,,,
989.002028176909,LOC,0000001010,1,0,0,0,0,0,69.79,77,181.37,191,275,191,3/18/2025,,,,,
989.002028176910,LOC,0000010000,1,0,0,0,0,0,296.61,301.07,338,344.06,373.31,338,11/5/2024,,,,,
989.002028176912,SCN,0000000001,0,0,0,0,0,1,67,69,71,83,95,95,11/6/2025,,,,,
989.002028176914,SCN,0000001000,0,0,0,0,0,1,74,76,78,90,198,90,3/18/2025,,,,,
989.002028176915,LOC,0000001000,1,0,0,0,0,0,149.24,152.98,156.81,167,251.07,167,3/18/2025,,,,,
989.002028176916,RBT,0000001000,0,1,0,0,0,0,89.45,91.89,94.39,106,208.95,106,3/18/2025,,,,,
989.002028176917,RBC,0000010000,0,0,0,1,0,0,247.37,252.43,304,310.83,350.37,304,11/5/2024,,,,,
989.002028176918,LOC,0000010000,1,0,0,0,0,0,409.57,412.66,416,420.28,425.93,416,11/5/2024,,,,,
989.002028176919,SCN,0000010000,0,0,0,0,0,1,102,109,112,123,221,112,11/5/2024,,,,,
989.002028176920,SCN,0000001000,0,0,0,0,0,1,73,75,77,89,197,89,3/18/2025,,,,,
989.002028176921,RBT,0000010000,0,1,0,0,0,0,136,142.4,146,156.44,243.77,146,11/5/2024,,,,,
989.002028176922,LOC,0000001000,1,0,0,0,0,0,72.75,79.92,183.42,193,269.02,193,3/18/2025,,,,,
989.002028176923,RBT,0000011000,0,1,0,0,0,0,109.25,115.98,119,126,222.76,119,11/5/2024,,,,,
989.002028176924,RBT,0000001000,0,1,0,0,0,0,99.25,101.91,104.62,116,215.86,116,3/18/2025,,,,,
989.002028176925,RBT,0000010000,0,1,0,0,0,0,111.23,117.94,121,132.01,226.91,121,11/5/2024,,,,,
989.002028176926,LOC,0000010000,1,0,0,0,0,0,151.8,158.01,238,246.34,305.84,238,11/5/2024,,,,,
989.002028176927,LOC,0000010000,1,0,0,0,0,0,44.64,52.15,164,174.03,255.92,164,11/5/2024,,,,,
989.002028176928,LOC,0000011000,1,0,0,0,0,0,54.77,62.16,171,178,258.66,171,11/5/2024,,,,,
989.002028176929,LOC,0000010000,1,0,0,0,0,0,109.8,116.52,209,218,286.28,209,11/5/2024,,,,,
989.002028176930,SCN,0000001000,0,0,0,0,0,1,108,111,114,125,222,125,3/18/2025,,,,,
989.002028176932,RBT,0000010000,0,1,0,0,0,0,135.01,141.42,145,155.46,243.1,145,11/5/2024,,,,,
989.002028176933,RBT,0000010000,0,1,0,0,0,0,115.19,121.85,125,135.92,229.61,125,11/5/2024,,,,,
989.002028176934,SCN,0000010000,0,0,0,0,0,1,70,77,79,91,199,79,11/5/2024,,,,,
989.002028176935,RBT,0000010000,0,1,0,0,0,0,121.14,127.72,131,141.78,233.65,131,11/5/2024,,,,,
989.002028176936,RBC,0000010000,0,0,0,1,0,0,193.79,199.5,267,274.68,325.41,267,11/5/2024,,,,,
989.002028176937,SCN,0000001000,0,0,0,0,0,1,97,100,103,114,214,114,3/18/2025,,,,,
989.002028176938,LOC,0000001000,1,0,0,0,0,0,92.39,94.9,97.46,109,211.02,109,3/18/2025,,,,,
989.002028176939,LOC,0000010000,1,0,0,0,0,0,56.22,63.59,172,181.84,261.31,172,11/5/2024,,,,,
989.002028176940,LOC,0000001000,1,0,0,0,0,0,38.67,46.25,159.88,170,253.14,170,3/18/2025,,,,,
989.002028176941,LOC,0000001000,1,0,0,0,0,0,136.5,139.96,143.51,154,242.09,154,3/18/2025,,,,,
989.002028176942,RBT,0000001000,0,1,0,0,0,0,109.05,111.92,114.85,126,222.76,126,3/18/2025,,,,,
989.002028176944,LOC,0000001011,1,0,0,0,0,0,138.46,141.97,145.55,156,245,156,3/18/2025,,,,,
989.002028176945,LOC,0000010000,1,0,0,0,0,0,37.39,44.99,159,169.14,252.54,159,11/5/2024,,,,,
989.002028176946,RBC,0000010000,0,0,0,1,0,0,256.06,261.02,310,316.7,354.42,310,11/5/2024,,,,,
989.002028176947,LOC,0000010010,1,0,0,0,0,0,505.14,507.08,482,484.78,491,482,11/5/2024,,,,,
989.002028176948,RBT,0000010000,0,1,0,0,0,0,136.99,143.38,147,157.41,244.45,147,11/5/2024,,,,,
989.002028176949,RBT,0000001001,0,1,0,0,0,0,116.89,119.93,123.04,134,260,134,3/18/2025,,,,,
989.002028176950,RBT,0000001100,0,1,0,0,0,0,119.83,122.94,126.11,137,230.35,137,3/18/2025,,,,,
989.002028176951,SCN,0000001000,0,0,0,0,0,1,102,105,108,119,218,119,3/18/2025,,,,,
989.002028176952,RBT,0000001011,0,1,0,0,0,0,78.67,80.88,83.13,95,223,95,3/18/2025,,,,,
989.002028176953,SCN,0000001000,0,0,0,0,0,1,97,100,103,114,214,114,3/18/2025,,,,,
989.002028176954,SCN,0000010000,0,0,0,0,0,1,111,118,121,132,227,121,11/5/2024,,,,,
989.002028176955,SCN,0000010000,0,0,0,0,0,1,87,94,97,109,211,97,11/5/2024,,,,,
989.002028176956,LOC,0000011001,1,0,0,0,0,0,109.8,116.52,209,213,298,209,11/5/2024,,,,,
989.002028176957,RBT,0000010000,0,1,0,0,0,0,130.05,136.53,140,150.57,239.73,140,11/5/2024,,,,,
989.002028176958,RBT,0000001000,0,1,0,0,0,0,124.73,127.95,131.23,142,233.81,142,3/18/2025,,,,,
989.002028176959,SCN,0000010000,0,0,0,0,0,1,98,105,108,119,218,108,11/5/2024,,,,,
989.002028176960,RBT,0000001000,0,1,0,0,0,0,108.07,110.92,113.83,125,222.07,125,3/18/2025,,,,,
989.002028176961,LOC,0000001000,1,0,0,0,0,0,146.3,149.98,153.74,164,249,164,3/18/2025,,,,,
989.002028176962,SCN,0000001000,0,0,0,0,0,1,75,77,79,91,199,91,3/18/2025,,,,,
989.002028176963,SCN,0000001000,0,0,0,0,0,1,100,103,106,117,217,117,3/18/2025,,,,,
989.002028176964,RBT,0000001000,0,1,0,0,0,0,107.09,109.92,112.81,124,221.38,124,3/18/2025,,,,,
989.002028176965,RBT,0000001100,0,1,0,0,0,0,106.11,108.92,111.78,123,220.69,123,3/18/2025,,,,,
989.002028176966,LOC,0000000100,1,0,0,0,0,0,59.42,66.75,174.21,184,262.8,184,3/20/2025,,,,,
989.002028176967,SCN,0000001000,0,0,0,0,0,1,94,97,100,111,212,111,3/18/2025,,,,,
989.002028176968,RBT,0000010000,0,1,0,0,0,0,121.14,127.72,131,141.78,233.65,131,11/5/2024,,,,,
989.002028176969,RBT,0000000100,0,1,0,0,0,0,112.97,115.93,118.95,130,225.52,130,3/20/2025,,,,,
989.002028176970,LOC,0000000010,1,0,0,0,0,0,361.85,365.52,383.05,388.08,393,393,11/3/2025,,,,,
989.002028176971,RBT,0000000010,0,1,0,0,0,0,292.09,296.61,334.88,341.01,347,347,11/3/2025,,,,,
989.002028176972,SCN,0000000100,0,0,0,0,0,1,95,98,101,112,213,112,3/20/2025,,,,,
989.002028176973,SCN,0000001000,0,0,0,0,0,1,89,92,94,106,209,106,3/18/2025,,,,,
989.002028176974,SCN,0000000100,0,0,0,0,0,1,101,104,107,118,217,118,3/20/2025,,,,,
989.002028176975,SCN,0000000100,0,0,0,0,0,1,103,106,109,120,219,120,3/20/2025,,,,,
989.002028176976,RBT,0000000100,0,1,0,0,0,0,49.04,56.5,167.04,177,257.97,177,3/20/2025,,,,,
989.002028176977,SCN,0000000100,0,0,0,0,0,1,82,84,86,98,203,98,3/20/2025,,,,,
989.002028176978,RBC,0000001100,0,0,0,1,0,0,201.68,207.29,272.45,280,329.08,280,3/18/2025,,,,,
989.002028176979,LOC,0000000100,1,0,0,0,0,0,87.49,89.89,92.34,104,207.57,104,3/20/2025,,,,,
989.002028176980,LOC,0000000100,1,0,0,0,0,0,140.42,143.97,147.6,158,244.85,158,3/20/2025,,,,,
989.002028176981,LOC,0000001000,1,0,0,0,0,0,139.44,142.97,146.58,157,244.16,157,3/18/2025,,,,,
989.002028176982,SCN,0000000100,0,0,0,0,0,1,122,125,128,139,232,139,3/20/2025,,,,,
989.002028176983,LOC,0000000100,1,0,0,0,0,0,69.79,77,181.37,191,267.64,191,3/20/2025,,,,,
989.002028176984,SCN,0000000100,0,0,0,0,0,1,109,112,115,126,223,126,3/20/2025,,,,,
989.002028176985,RBT,0000001000,0,1,0,0,0,0,104.15,106.91,109.74,121,219.31,121,3/18/2025,,,,,
989.002028176986,LOC,0000000011,1,0,0,0,0,0,104.15,106.91,109.73,120.99,132,132,11/3/2025,,,,,
989.002028176987,LOC,0000000111,1,0,0,0,0,0,103.87,110.67,204.91,214,286,214,3/20/2025,,,,,
989.002028176988,SCN,0000000100,0,0,0,0,0,1,122,125,128,139,232,139,3/20/2025,,,,,
989.002028176989,RBT,0000000100,0,1,0,0,0,0,118.85,121.94,125.09,136,229.66,136,3/20/2025,,,,,
989.002028176990,LOC,0000000100,1,0,0,0,0,0,38.67,46.25,159.88,170,253.14,170,3/20/2025,,,,,
989.002028176991,LOC,0000001010,1,0,0,0,0,0,268.37,273.17,318.5,325,426,325,3/18/2025,,,,,
989.002028176992,LOC,0000001000,1,0,0,0,0,0,149.24,152.98,156.81,167,251.07,167,3/18/2025,,,,,
989.002028176993,SCN,0000000100,0,0,0,0,0,1,79,81,83,95,201,95,3/20/2025,,,,,
989.002028176994,SCN,0000001000,0,0,0,0,0,1,82,84,86,98,203,98,3/18/2025,,,,,
989.002028176996,LOC,0000000010,1,0,0,0,0,0,213.24,218.71,280.43,287.8,295,295,11/3/2025,,,,,
989.002028176997,LOC,0000000100,1,0,0,0,0,0,68.31,75.53,180.35,190,266.95,190,3/20/2025,,,,,
989.002028176998,RBT,0000001000,0,1,0,0,0,0,91.41,93.89,96.43,108,210.33,108,3/18/2025,,,,,
989.002028176999,LOC,0000000100,1,0,0,0,0,0,256.51,261.46,310.31,317,354.63,317,3/20/2025,,,,,
989.002028177001,LOC,0000000100,1,0,0,0,0,0,130.61,133.95,137.37,148,237.95,148,3/20/2025,,,,,
989.002028177002,LOC,0000000100,1,0,0,0,0,0,136.5,139.96,143.51,154,242.09,154,3/20/2025,,,,,
989.002028177003,LOC,0000000110,1,0,0,0,0,0,43.12,50.64,162.95,173,374,173,3/20/2025,,,,,
989.002028177004,SCN,0000001000,0,0,0,0,0,1,84.55,86.88,89.27,101,205.5,101,3/18/2025,,,,,
989.002028177005,SCN,0000000100,0,0,0,0,0,1,104,107,110,121,219,121,3/20/2025,,,,,
989.002028177006,SCN,0000000010,0,0,0,0,0,1,67,69,71,83,95,95,11/3/2025,,,,,
989.002028177007,LOC,0000001110,1,0,0,0,0,0,46.08,53.57,165,175,253,175,3/18/2025,,,,,
989.002028177008,RBC,0000000100,0,0,0,1,0,0,272.81,277.56,321.57,328,362.22,328,3/20/2025,,,,,
989.002028177009,LOC,0000000010,1,0,0,0,0,0,363.37,367.02,384.1,389.11,394,394,11/3/2025,,,,,
989.002028177010,SCN,0000000010,0,0,0,0,0,1,63,65,67,79,91,91,11/3/2025,,,,,
989.002028177011,RBT,0000001000,0,1,0,0,0,0,122.77,125.94,129.18,140,232.43,140,3/18/2025,,,,,
989.002028177012,LOC,0000000010,1,0,0,0,0,0,419.48,422.45,422.85,426.97,431,431,11/3/2025,,,,,
989.002028177013,RBT,0000000100,0,1,0,0,0,0,118.85,121.94,125.09,136,229.66,136,3/20/2025,,,,,
989.002028177014,LOC,0000000110,1,0,0,0,0,0,47.56,55.04,166.02,176,262,176,3/20/2025,,,,,
989.002028177015,RBT,0000000100,0,1,0,0,0,0,119.83,122.94,126.11,137,230.35,137,3/20/2025,,,,,
989.002028177016,RBT,0000000100,0,1,0,0,0,0,117.87,120.94,124.06,135,228.97,135,3/20/2025,,,,,
989.002028177017,RBT,0000001100,0,1,0,0,0,0,113.95,116.93,119.97,131,226.21,131,3/18/2025,,,,,
989.002028177018,RBT,0000000100,0,1,0,0,0,0,115.91,118.93,122.02,133,227.59,133,3/20/2025,,,,,
989.002028177019,RBT,0000001000,0,1,0,0,0,0,110.03,112.92,115.88,127,223.45,127,3/18/2025,,,,,
989.002028177020,RBT,0000000010,0,1,0,0,0,0,237.5,242.68,297.18,304.17,311,311,11/3/2025,,,,,
989.002028177021,SCN,0000001000,0,0,0,0,0,1,77,79,81,93,200,93,3/18/2025,,,,,
989.002028177022,SCN,0000001000,0,0,0,0,0,1,98,101,104,115,215,115,3/18/2025,,,,,
989.002028177023,LOC,0000000100,1,0,0,0,0,0,50.52,57.96,168.07,178,258.66,178,3/20/2025,,,,,
989.002028177024,RBT,0000000010,0,1,0,0,0,0,305.74,310.09,344.31,350.22,356,356,11/3/2025,,,,,
989.002028177025,RBT,0000000100,0,1,0,0,0,0,60.9,68.21,175.23,185,263.49,185,3/20/2025,,,,,
989.002028177026,SCN,0000000100,0,0,0,0,0,1,83,85,87,99,204,99,3/20/2025,,,,,
989.002028177027,SCN,0000000100,0,0,0,0,0,1,78,80,82,94,201,94,3/20/2025,,,,,
989.002028177028,LOC,0000000010,1,0,0,0,0,0,357.3,361.03,379.91,385.01,390,390,11/3/2025,,,,,
989.002028177029,RBT,0000001100,0,1,0,0,0,0,129.63,132.95,136.34,147,237.26,147,3/18/2025,,,,,
989.002028177030,LOC,0000000100,1,0,0,0,0,0,87.49,89.89,92.34,104,207.57,104,3/20/2025,,,,,
989.002028177031,LOC,0000000100,1,0,0,0,0,0,139.44,142.97,146.58,157,244.16,157,3/20/2025,,,,,
989.002028177032,LOC,0000000100,1,0,0,0,0,0,133.56,136.96,140.44,151,240.02,151,3/20/2025,,,,,
989.002028177033,LOC,0000000100,1,0,0,0,0,0,43.12,50.64,162.95,173,255.21,173,3/20/2025,,,,,
989.002028177034,LOC,0000000100,1,0,0,0,0,0,130.55,137.02,223.33,232,295.94,232,3/20/2025,,,,,
989.002028177035,SCN,0000000100,0,0,0,0,0,1,98,101,104,115,215,115,3/20/2025,,,,,
989.002028177036,SCN,0000000100,0,0,0,0,0,1,72,74,76,88,197,88,3/20/2025,,,,,
989.002028177037,LOC,0000000100,1,0,0,0,0,0,100.91,107.74,202.86,212,282.13,212,3/20/2025,,,,,
989.002028177038,SCN,0000000100,0,0,0,0,0,1,79,81,83,95,201,95,3/20/2025,,,,,
989.002028177039,RBT,0000001000,0,1,0,0,0,0,124.62,131.16,219.23,228,293.18,228,3/18/2025,,,,,
989.002028177040,RBT,0000001100,0,1,0,0,0,0,148.26,151.98,155.79,166,250.38,166,3/18/2025,,,,,
989.002028177041,LOC,0000000100,1,0,0,0,0,0,47.56,55.04,166.02,176,257.28,176,3/20/2025,,,,,
989.002028177042,SCN,0000001000,0,0,0,0,0,1,85,87,89,101,206,101,3/18/2025,,,,,
989.002028177043,SCN,0000000010,0,0,0,0,0,1,74,76,78,90,198,90,11/3/2025,,,,,
989.002028177044,RBT,0000000100,0,1,0,0,0,0,111.99,114.93,117.92,129,224.83,129,3/20/2025,,,,,
989.002028177045,RBT,0000001000,0,1,0,0,0,0,101.21,103.91,106.67,118,217.24,118,3/18/2025,,,,,
989.002028177046,RBT,0000000100,0,1,0,0,0,0,103.17,105.91,108.71,120,218.62,120,3/20/2025,,,,,
989.002028177047,RBT,0000000100,0,1,0,0,0,0,85.53,87.89,90.29,102,206.19,102,3/20/2025,,,,,
989.002028177048,SCN,0000001000,0,0,0,0,0,1,76,78,80,92,199,92,3/18/2025,,,,,
989.002028177049,RBT,0000000100,0,1,0,0,0,0,102.19,104.91,107.69,119,217.93,119,3/20/2025,,,,,
989.002028177050,LOC,0000001000,1,0,0,0,0,0,124.62,131.16,219.23,228,293.18,228,3/18/2025,,,,,
989.002028177051,LOC,0000001100,1,0,0,0,0,0,234.28,239.5,294.96,302,344.27,302,3/18/2025,,,,,
989.002028177052,RBT,0000000100,0,1,0,0,0,0,111.99,114.93,117.92,129,224.83,129,3/20/2025,,,,,
989.002028177053,RBT,0000001000,0,1,0,0,0,0,142.38,145.97,149.65,160,246.23,160,3/18/2025,,,,,
989.002028177054,RBT,0000001000,0,1,0,0,0,0,114.93,117.93,120.99,132,226.9,132,3/18/2025,,,,,
989.002028177055,LOC,0000000100,1,0,0,0,0,0,69.79,77,181.37,191,267.64,191,3/20/2025,,,,,
989.002028177056,RBC,0000001100,0,0,0,1,0,0,266.89,271.71,317.47,324,359.46,324,3/18/2025,,,,,
989.002028177057,RBT,0000000100,0,1,0,0,0,0,116.89,119.93,123.04,134,228.28,134,3/20/2025,,,,,
989.002028177058,LOC,0000000100,1,0,0,0,0,0,46.08,53.57,165,175,256.59,175,3/20/2025,,,,,
989.002028177059,SCN,0000001000,0,0,0,0,0,1,98,101,104,115,215,115,3/18/2025,,,,,
989.002028177060,SCN,0000000100,0,0,0,0,0,1,72,74,76,88,197,88,3/20/2025,,,,,
989.002028177061,LOC,0000000100,1,0,0,0,0,0,99.25,101.91,104.62,116,215.86,116,3/20/2025,,,,,
989.002028177062,LOC,0000000010,1,0,0,0,0,0,85.85,92.86,192.46,201.84,211,211,11/3/2025,,,,,
989.002028177063,LOC,0000000100,1,0,0,0,0,0,147.28,150.98,154.76,165,249.69,165,3/20/2025,,,,,
989.002028177064,RBT,0000000100,0,1,0,0,0,0,106.11,108.92,111.78,123,220.69,123,3/20/2025,,,,,
989.002028177065,SCN,0000000100,0,0,0,0,0,1,76,78,80,92,199,92,3/20/2025,,,,,
989.002028177066,LOC,0000001010,1,0,0,0,0,0,62.38,69.68,176.25,186,270,186,3/18/2025,,,,,
989.002028177067,RBT,0000000110,0,1,0,0,0,0,99.25,101.91,104.62,116,186,116,3/20/2025,,,,,
989.002028177068,LOC,0000000100,1,0,0,0,0,0,91.41,93.89,96.43,108,210.33,108,3/20/2025,,,,,
989.002028177069,LOC,0000110000,1,0,0,0,0,0,153.25,159.44,239,247.32,306.52,239,11/4/2024,,,,,
989.002028177070,LOC,0000101000,1,0,0,0,0,0,85.18,92.2,192,195,270.4,192,11/4/2024,,,,,
989.002028177071,RBT,0000100010,0,1,0,0,0,0,117.18,123.81,127,137.87,229,127,11/4/2024,,,,,
989.002028177072,LOC,0000110011,1,0,0,0,0,0,325.57,329.69,358,363.6,365,358,11/4/2024,,,,,
989.002028177073,SCN,0000100000,0,0,0,0,0,1,101,108,111,122,220,111,11/4/2024,,,,,
989.002028177075,LOC,0000101000,1,0,0,0,0,0,44.64,52.15,164,166,250.38,164,11/4/2024,,,,,
989.002028177076,RBT,0000110010,0,1,0,0,0,0,299.51,303.93,340,346.01,389,340,11/4/2024,,,,,
989.002028177077,LOC,0000101100,1,0,0,0,0,0,136.99,143.38,147,148,237.95,147,11/4/2024,,,,,
989.002028177078,SCN,0000100000,0,0,0,0,0,1,85,92,95,107,209,95,11/4/2024,,,,,
989.002028177079,RBT,0000110000,0,1,0,0,0,0,112.7,119.38,211,219.95,287.63,211,11/4/2024,,,,,
989.002028177080,LOC,0000100000,1,0,0,0,0,0,316.89,321.1,352,357.74,382.75,352,11/4/2024,,,,,
989.002028177081,LOC,0000100000,1,0,0,0,0,0,373.36,376.9,391,395.85,409.06,391,11/4/2024,,,,,
989.002028177082,RBC,0000110000,0,0,0,1,0,0,238.69,243.85,298,304.97,346.32,298,11/4/2024,,,,,
989.002028177083,RBC,0000110000,0,0,0,1,0,0,212.62,218.1,280,287.38,334.18,280,11/4/2024,,,,,
989.002028177084,RBC,0000110000,0,0,0,1,0,0,232.89,238.13,294,301.06,343.62,294,11/4/2024,,,,,
989.002028177085,RBT,0000100000,0,1,0,0,0,0,99.34,106.19,109,120.28,218.81,109,11/4/2024,,,,,
989.002028177086,RBC,0000100000,0,0,0,1,0,0,195.24,200.93,268,275.65,326.08,268,11/4/2024,,,,,
989.002028177088,RBC,0000100000,0,0,0,1,0,0,188,193.78,263,270.77,322.71,263,11/4/2024,,,,,
989.002028177089,LOC,0000110000,1,0,0,0,0,0,142.93,149.25,153,163.28,248.5,153,11/4/2024,,,,,
989.002028177090,RBC,0000110000,0,0,0,1,0,0,292.27,296.78,335,341.13,371.28,335,11/4/2024,,,,,
989.002028177091,LOC,0000100000,1,0,0,0,0,0,77.94,85.05,187,196.5,271.43,187,11/4/2024,,,,,
989.002028177092,RBC,0000100000,0,0,0,1,0,0,251.72,256.72,307,313.77,352.39,307,11/4/2024,,,,,
989.002028177093,SCN,0000100000,0,0,0,0,0,1,89,96,99,111,212,99,11/4/2024,,,,,
989.002028177094,RBT,0000100000,0,1,0,0,0,0,134.02,140.45,144,154.48,242.42,144,11/4/2024,,,,,
989.002028177095,RBT,0000100000,0,1,0,0,0,0,111.25,117.95,210,218.98,286.95,210,11/4/2024,,,,,
989.002028177096,LOC,0000100000,1,0,0,0,0,0,82.29,89.34,190,199.43,273.46,190,11/4/2024,,,,,
989.002028177097,RBT,0000100000,0,1,0,0,0,0,109.8,116.52,209,218,286.28,209,11/4/2024,,,,,
989.002028177098,RBC,0000110000,0,0,0,1,0,0,270.54,275.32,320,326.47,361.16,320,11/4/2024,,,,,
989.002028177099,RBT,0000100000,0,1,0,0,0,0,264.75,269.6,316,322.56,358.47,316,11/4/2024,,,,,
989.002028177100,RBT,0000100000,0,1,0,0,0,0,130.05,136.53,140,150.57,239.73,140,11/4/2024,,,,,
989.002028177101,RBT,0000100000,0,1,0,0,0,0,95.32,102.22,199,208.23,279.53,199,11/4/2024,,,,,
989.002028177102,RBT,0000100000,0,1,0,0,0,0,134.02,140.45,144,154.48,242.42,144,11/4/2024,,,,,
989.002028177103,LOC,0000100000,1,0,0,0,0,0,334.26,338.27,364,369.47,390.85,364,11/4/2024,,,,,
989.002028177104,RBC,0000110000,0,0,0,1,0,0,276.34,281.04,324,330.38,363.86,324,11/4/2024,,,,,
989.002028177105,SCN,0000100000,0,0,0,0,0,1,97,104,107,118,217,107,11/4/2024,,,,,
989.002028177106,RBT,0000100000,0,1,0,0,0,0,126.09,132.62,136,146.66,237.03,136,11/4/2024,,,,,
989.002028177107,RBT,0000100000,0,1,0,0,0,0,66.36,73.61,179,188.68,266.04,179,11/4/2024,,,,,
989.002028177108,LOC,0000100000,1,0,0,0,0,0,240.13,245.28,299,305.95,347,299,11/4/2024,,,,,
989.002028177109,LOC,0000110000,1,0,0,0,0,0,160.49,166.6,244,252.2,309.89,244,11/4/2024,,,,,
989.002028177110,LOC,0000100000,1,0,0,0,0,0,59.12,66.45,174,183.8,262.66,174,11/4/2024,,,,,
989.002028177111,RBT,0000100000,0,1,0,0,0,0,114.2,120.87,124,134.94,228.93,124,11/4/2024,,,,,
989.002028177112,LOC,0000100000,1,0,0,0,0,0,389.29,392.63,402,406.6,416.49,402,11/4/2024,,,,,
989.002028177113,LOC,0000100000,1,0,0,0,0,0,292.27,296.78,335,341.13,371.28,335,11/4/2024,,,,,
989.002028177114,RBT,0000110000,0,1,0,0,0,0,113.21,119.89,123,133.96,228.26,123,11/4/2024,,,,,
989.002028177115,LOC,0000100000,1,0,0,0,0,0,132.04,138.49,142,152.53,241.07,142,11/4/2024,,,,,
989.002028177116,LOC,0000100000,1,0,0,0,0,0,344.4,348.28,371,376.31,395.57,371,11/4/2024,,,,,
989.002028177117,SCN,0000100000,0,0,0,0,0,1,83,91,93,105,208,93,11/4/2024,,,,,
989.002028177118,LOC,0000100000,1,0,0,0,0,0,400.88,404.08,410,414.42,421.88,410,11/4/2024,,,,,
989.002028177119,RBC,0000110000,0,0,0,1,0,0,298.06,302.5,339,345.04,373.98,339,11/4/2024,,,,,
989.002028177120,LOC,0000100001,1,0,0,0,0,0,364.67,368.31,385,389.99,427,385,11/4/2024,,,,,
989.002028177121,RBT,0000101001,0,1,0,0,0,0,211.17,216.67,279,282,347,279,11/4/2024,,,,,
989.002028177122,LOC,0000100000,1,0,0,0,0,0,298.06,302.5,339,345.04,373.98,339,11/4/2024,,,,,
989.002028177123,LOC,0000101000,1,0,0,0,0,0,70.7,77.9,182,190,266.95,182,11/4/2024,,,,,
989.002028177124,LOC,0000100000,1,0,0,0,0,0,384.95,388.34,399,403.67,414.46,399,11/4/2024,,,,,
989.002028177125,RBT,0000100000,0,1,0,0,0,0,254.62,259.59,309,315.72,353.74,309,11/4/2024,,,,,
989.002028177127,LOC,0000100000,1,0,0,0,0,0,157.59,163.73,242,250.25,308.54,242,11/4/2024,,,,,
989.002028177128,SCN,0000110000,0,0,0,0,0,1,93,100,103,114,215,103,11/4/2024,,,,,
989.002028177129,LOC,0000110000,1,0,0,0,0,0,344.4,348.28,371,376.31,395.57,371,11/4/2024,,,,,
989.002028177130,LOC,0000100010,1,0,0,0,0,0,279.23,283.91,326,332.33,363,326,11/4/2024,,,,,
989.002028177131,RBT,0000101000,0,1,0,0,0,0,135.01,141.42,145,150,239.33,145,11/4/2024,,,,,
989.002028177132,LOC,0000110000,1,0,0,0,0,0,328.47,332.55,360,365.56,388.15,360,11/4/2024,,,,,
989.002028177133,LOC,0000101001,1,0,0,0,0,0,88.08,95.06,194,194,264,194,11/4/2024,,,,,
989.002028177134,RBT,0000110000,0,1,0,0,0,0,102.56,109.37,204,213.11,282.9,204,11/4/2024,,,,,
989.002028177135,RBC,0000110000,0,0,0,1,0,0,302.4,306.8,342,347.97,376.01,342,11/4/2024,,,,,
989.002028177136,RBT,0000100000,0,1,0,0,0,0,119.16,125.77,129,139.82,232.3,129,11/4/2024,,,,,
989.002028177137,RBC,0000100000,0,0,0,1,0,0,258.96,263.88,312,318.65,355.77,312,11/4/2024,,,,,
989.002028177138,LOC,0000100000,1,0,0,0,0,0,438.53,441.27,436,439.82,439.42,436,11/4/2024,,,,,
989.002028177139,LOC,0000101000,1,0,0,0,0,0,172.07,178.04,252,260,315.27,252,11/4/2024,,,,,
989.002028177140,LOC,0000100010,1,0,0,0,0,0,50.43,57.87,168,177.93,256,168,11/4/2024,,,,,
989.002028177141,LOC,0000110000,1,0,0,0,0,0,503.7,505.65,481,483.8,469.78,481,11/4/2024,,,,,
989.002028177142,RBT,0000100100,0,1,0,0,0,0,126.09,132.62,136,137,230.35,136,11/4/2024,,,,,
989.002028177143,LOC,0000101000,1,0,0,0,0,0,176.42,182.33,255,262,316.65,255,11/4/2024,,,,,
989.002028177144,RBT,0000100000,0,1,0,0,0,0,125.1,131.64,135,145.69,236.35,135,11/4/2024,,,,,
989.002028177145,LOC,0000100011,1,0,0,0,0,0,422.6,425.54,425,429.08,441,425,11/4/2024,,,,,
989.002028177146,SCN,0000100000,0,0,0,0,0,1,113,120,123,134,228,123,11/4/2024,,,,,
989.002028177147,RBT,0000100100,0,1,0,0,0,0,116.19,122.83,126,132,226.9,126,11/4/2024,,,,,
989.002028177148,LOC,0000100000,1,0,0,0,0,0,577.55,578.61,532,533.64,504.19,532,11/4/2024,,,,,
989.002028177149,LOC,0000100000,1,0,0,0,0,0,89.44,96.41,99,110.51,212.06,99,11/4/2024,,,,,
989.002028177150,RBC,0000100000,0,0,0,1,0,0,285.03,289.63,330,336.24,367.91,330,11/4/2024,,,,,
989.002028177151,RBT,0000100000,0,1,0,0,0,0,153.25,159.44,239,247.32,306.52,239,11/4/2024,,,,,
989.002028177152,LOC,0000100000,1,0,0,0,0,0,328.47,332.55,360,365.56,388.15,360,11/4/2024,,,,,
989.002028177153,LOC,0000101000,1,0,0,0,0,0,38.84,46.42,160,164,249,160,11/4/2024,,,,,
989.002028177154,LOC,0000110000,1,0,0,0,0,0,693.4,693.06,612,611.81,558.16,612,11/4/2024,,,,,
989.002028177155,LOC,0000110000,1,0,0,0,0,0,377.71,381.19,394,398.78,411.09,394,11/4/2024,,,,,
989.002028177156,LOC,0000110000,1,0,0,0,0,0,141.66,148,231,239.5,301.12,231,11/4/2024,,,,,
989.002028177157,RBT,0000110000,0,1,0,0,0,0,305.3,309.66,344,349.92,377.36,344,11/4/2024,,,,,
989.002028177158,LOC,0000100000,1,0,0,0,0,0,308.2,312.52,346,351.88,378.71,346,11/4/2024,,,,,
989.002028177159,RBC,0000100000,0,0,0,1,0,0,219.86,225.25,285,292.27,337.55,285,11/4/2024,,,,,
989.002028177160,LOC,0000100000,1,0,0,0,0,0,60.56,67.88,175,184.78,263.34,175,11/4/2024,,,,,
989.002028177161,RBT,0000100000,0,1,0,0,0,0,137.98,144.36,148,158.39,245.12,148,11/4/2024,,,,,
989.002028177162,LOC,0000100000,1,0,0,0,0,0,51.88,59.3,169,178.91,259.29,169,11/4/2024,,,,,
989.002028177163,LOC,0000110000,1,0,0,0,0,0,308.2,312.52,346,351.88,378.71,346,11/4/2024,,,,,
989.002028177164,RBT,0000100000,0,1,0,0,0,0,121.39,127.97,217,225.82,291.67,217,11/4/2024,,,,,
989.002028177165,RBC,0000101100,0,0,0,1,0,0,277.79,282.47,325,328,362.22,328,11/4/2024,,,,,
989.002028177166,LOC,0000100000,1,0,0,0,0,0,106.91,113.66,207,216.05,284.93,207,11/4/2024,,,,,
989.002028177167,LOC,0000100000,1,0,0,0,0,0,37.39,44.99,159,169.14,252.54,159,11/4/2024,,,,,
989.002028177168,LOC,0000100000,1,0,0,0,0,0,321.23,325.39,355,360.67,384.78,355,11/4/2024,,,,,
989.002028177169,RBT,0000110000,0,1,0,0,0,0,143.11,149.43,232,240.48,301.79,232,11/4/2024,,,,,
989.002028177170,LOC,0000010000,1,0,0,0,0,0,69.25,76.47,181,190.64,267.39,181,11/5/2024,,,,,
989.002028177171,RBC,0000100000,0,0,0,1,0,0,209.72,215.24,278,285.43,332.83,278,11/4/2024,,,,,
989.002028177172,LOC,0000100000,1,0,0,0,0,0,64.91,72.17,178,187.71,265.36,178,11/4/2024,,,,,
989.002028177173,LOC,0000101100,1,0,0,0,0,0,69.25,76.47,181,185,263.49,181,11/4/2024,,,,,
989.002028177174,SCN,0000010000,0,0,0,0,0,1,90,97,100,111,213,100,11/5/2024,,,,,
989.002028177175,SCN,0000100000,0,0,0,0,0,1,80,87,89,101,205,89,11/4/2024,,,,,
989.002028177176,LOC,0000010000,1,0,0,0,0,0,289.37,293.92,333,339.17,369.93,333,11/5/2024,,,,,
989.002028177177,RBC,0000101000,0,0,0,1,0,0,241.58,246.71,300,304,345.65,304,11/4/2024,,,,,
989.002028177178,LOC,0000010000,1,0,0,0,0,0,93.4,100.32,103,114.42,214.76,103,11/5/2024,,,,,
989.002028177179,SCN,0000100000,0,0,0,0,0,1,116,123,126,137,230,126,11/4/2024,,,,,
989.002028177180,RBT,0000011110,0,1,0,0,0,0,402.33,405.51,411,416,422.98,411,11/5/2024,,,,,
989.002028177181,LOC,0000010000,1,0,0,0,0,0,285.03,289.63,330,336.24,367.91,330,11/5/2024,,,,,
989.002028177182,LOC,0000010000,1,0,0,0,0,0,54.77,62.16,171,180.87,260.64,171,11/5/2024,,,,,
989.002028177183,RBC,0000010000,0,0,0,1,0,0,186.55,192.35,262,269.79,322.03,262,11/5/2024,,,,,
989.002028177184,LOC,0000101000,1,0,0,0,0,0,60.56,67.88,175,182,261.42,175,11/4/2024,,,,,
989.002028177185,RBT,0000100000,0,1,0,0,0,0,114.2,120.87,124,134.94,228.93,124,11/4/2024,,,,,
989.002028177186,RBT,0000100000,0,1,0,0,0,0,53.32,60.73,170,179.89,259.97,170,11/4/2024,,,,,
989.002028177187,RBT,0000100000,0,1,0,0,0,0,120.15,126.74,130,140.8,232.98,130,11/4/2024,,,,,
989.002028177188,RBT,0000100100,0,1,0,0,0,0,130.05,136.53,140,142,233.81,140,11/4/2024,,,,,
989.002028177189,RBT,0000100000,0,1,0,0,0,0,102.32,109.13,112,123.21,220.84,112,11/4/2024,,,,,
989.002028177190,LOC,0000100000,1,0,0,0,0,0,379.16,382.62,395,399.76,411.76,395,11/4/2024,,,,,
989.002028177191,LOC,0000010000,1,0,0,0,0,0,127.08,133.6,137,147.64,237.7,137,11/5/2024,,,,,
989.002028177192,RBT,0000100000,0,1,0,0,0,0,120.15,126.74,130,140.8,232.98,130,11/4/2024,,,,,
989.002028177193,RBT,0000010000,0,1,0,0,0,0,166.28,172.32,248,256.11,312.59,248,11/5/2024,,,,,
989.002028177194,RBT,0000100000,0,1,0,0,0,0,95.38,102.28,105,116.37,216.11,105,11/4/2024,,,,,
989.002028177195,RBT,0000100000,0,1,0,0,0,0,86.63,93.63,193,202.36,275.48,193,11/4/2024,,,,,
989.002028177196,RBT,0000100000,0,1,0,0,0,0,107.27,114.02,117,128.1,224.21,117,11/4/2024,,,,,
989.002028177197,LOC,0000010000,1,0,0,0,0,0,62.01,69.31,176,185.75,264.01,176,11/5/2024,,,,,
989.002028177198,RBT,0000100000,0,1,0,0,0,0,139.96,146.32,150,160.35,246.47,150,11/4/2024,,,,,
989.002028177199,LOC,0000100000,1,0,0,0,0,0,179.31,185.19,257,264.91,318.66,257,11/4/2024,,,,,
989.002028177200,RBC,0000100000,0,0,0,1,0,0,192.35,198.07,266,273.7,324.73,266,11/4/2024,,,,,
989.002028177201,SCN,0000010000,0,0,0,0,0,1,97,104,107,118,217,107,11/5/2024,,,,,
989.002028177202,LOC,0000110000,1,0,0,0,0,0,458.8,461.3,450,453.51,448.87,450,11/4/2024,,,,,
989.002028177203,SCN,0000010000,0,0,0,0,0,1,102,109,112,123,221,112,11/5/2024,,,,,
989.002028177204,SCN,0000010000,0,0,0,0,0,1,86,93,96,108,210,96,11/5/2024,,,,,
989.002028177205,RBC,0000110000,0,0,0,1,0,0,289.37,293.92,333,339.17,369.93,333,11/4/2024,,,,,
989.002028177206,SRN,0000010000,0,0,1,0,0,0,270.54,275.32,320,326.47,361.16,320,11/5/2024,,,,,
989.002028177207,RBT,0000010000,0,1,0,0,0,0,124.11,130.66,134,144.71,235.68,134,11/5/2024,,,,,
989.002028177208,RBT,0000100000,0,1,0,0,0,0,126.09,132.62,136,146.66,237.03,136,11/4/2024,,,,,
989.002028177209,LOC,0000010000,1,0,0,0,0,0,77.94,85.05,187,196.5,271.43,187,11/5/2024,,,,,
989.002028177210,RBT,0000100000,0,1,0,0,0,0,126.09,132.62,136,146.66,237.03,136,11/4/2024,,,,,
989.002028177211,RBT,0000100000,0,1,0,0,0,0,139.96,146.32,150,160.35,246.47,150,11/4/2024,,,,,
989.002028177212,RBT,0000010000,0,1,0,0,0,0,140.95,147.3,151,161.32,247.15,151,11/5/2024,,,,,
989.002028177213,RBT,0000100000,0,1,0,0,0,0,131.05,137.51,141,151.55,240.4,141,11/4/2024,,,,,
989.002028177214,RBT,0000100000,0,1,0,0,0,0,106.28,113.04,116,127.12,223.53,116,11/4/2024,,,,,
989.002028177215,LOC,0000101000,1,0,0,0,0,0,124.11,130.66,134,137,230.35,137,11/4/2024,,,,,
989.002028177216,RBT,0000100000,0,1,0,0,0,0,114.2,120.87,124,134.94,228.93,124,11/4/2024,,,,,
989.002028177217,SCN,0000100000,0,0,0,0,0,1,81,88,90,102,206,90,11/4/2024,,,,,
989.002028177218,LOC,0000010000,1,0,0,0,0,0,140.21,146.57,230,238.52,300.44,230,11/5/2024,,,,,
989.002028177219,LOC,0000100000,1,0,0,0,0,0,28.71,36.41,153,163.28,248.5,153,11/4/2024,,,,,
989.002028177220,RBT,0000100000,0,1,0,0,0,0,102.32,109.13,112,123.21,220.84,112,11/4/2024,,,,,
989.002028177221,RBC,0000100000,0,0,0,1,0,0,260.41,265.31,313,319.63,356.44,313,11/4/2024,,,,,
989.002028177222,LOC,0000100100,1,0,0,0,0,0,139.96,146.32,150,152,240.71,150,11/4/2024,,,,,
989.002028177223,LOC,0000100000,1,0,0,0,0,0,263.3,268.17,315,321.58,357.79,315,11/4/2024,,,,,
989.002028177224,LOC,0000010000,1,0,0,0,0,0,124.28,130.83,219,227.77,293.02,219,11/5/2024,,,,,
989.002028177225,RBT,0000100000,0,1,0,0,0,0,108.26,115,118,129.07,224.88,118,11/4/2024,,,,,
989.002028177226,LOC,0000101000,1,0,0,0,0,0,51.88,59.3,169,171,253.83,169,11/4/2024,,,,,
989.002028177227,LOC,0000010000,1,0,0,0,0,0,345.85,349.71,372,377.28,396.25,372,11/5/2024,,,,,
989.002028177228,LOC,0000010000,1,0,0,0,0,0,63.46,70.74,177,186.73,264.69,177,11/5/2024,,,,,
989.002028177229,LOC,0000010000,1,0,0,0,0,0,270.54,275.32,320,326.47,361.16,320,11/5/2024,,,,,
989.002028177230,LOC,0000100000,1,0,0,0,0,0,345.85,349.71,372,377.28,396.25,372,11/4/2024,,,,,
989.002028177231,SCN,0000100000,0,0,0,0,0,1,133,139,143,154,242,143,11/4/2024,,,,,
989.002028177232,RBT,0000100000,0,1,0,0,0,0,108.26,115,118,129.07,224.88,118,11/4/2024,,,,,
989.002028177233,SCN,0000100000,0,0,0,0,0,1,79,86,88,100,205,88,11/4/2024,,,,,
989.002028177234,SCN,0000100010,0,0,0,0,0,1,84,92,94,106,98,94,11/4/2024,,,,,
989.002028177235,RBT,0000010000,0,1,0,0,0,0,94.39,101.3,104,115.39,215.44,104,11/5/2024,,,,,
989.002028177236,RBC,0000100000,0,0,0,1,0,0,193.79,199.5,267,274.68,325.41,267,11/4/2024,,,,,
989.002028177237,RBC,0000100000,0,0,0,1,0,0,247.37,252.43,304,310.83,350.37,304,11/4/2024,,,,,
989.002028177238,RBT,0000110000,0,1,0,0,0,0,109.8,116.52,209,218,286.28,209,11/4/2024,,,,,
989.002028177239,SCN,0000100000,0,0,0,0,0,1,82,89,91,103,207,91,11/4/2024,,,,,
989.002028177240,RBT,0000010000,0,1,0,0,0,0,132.04,138.49,142,152.53,241.07,142,11/5/2024,,,,,
989.002028177241,RBT,0000110000,0,1,0,0,0,0,185.1,190.92,261,268.81,321.36,261,11/4/2024,,,,,
989.002028177242,RBT,0000100000,0,1,0,0,0,0,126.09,132.62,136,146.66,237.03,136,11/4/2024,,,,,
989.002028177243,RBT,0000100000,0,1,0,0,0,0,126.09,132.62,136,146.66,237.03,136,11/4/2024,,,,,
989.002028177244,LOC,0000100000,1,0,0,0,0,0,104.01,110.8,205,214.09,283.58,205,11/4/2024,,,,,
989.002028177245,LOC,0000010000,1,0,0,0,0,0,143.11,149.43,232,240.48,301.79,232,11/5/2024,,,,,
989.002028177246,LOC,0000010000,1,0,0,0,0,0,269.1,273.89,319,325.49,360.49,319,11/5/2024,,,,,
989.002028177247,RBT,0000010000,0,1,0,0,0,0,113.21,119.89,123,133.96,228.26,123,11/5/2024,,,,,
989.002028177248,RBT,0000100100,0,1,0,0,0,0,63.46,70.74,177,186.73,264.69,177,11/4/2024,,,,,
989.002028177249,RBC,0000100000,0,0,0,1,0,0,160.49,166.6,244,252.2,309.89,244,11/4/2024,,,,,
989.002028177250,LOC,0000011000,1,0,0,0,0,0,289.37,293.92,333,334,366.36,333,11/5/2024,,,,,
989.002028177251,RBT,0000100000,0,1,0,0,0,0,106.91,113.66,207,216.05,284.93,207,11/4/2024,,,,,
989.002028177252,RBC,0000010000,0,0,0,1,0,0,269.1,273.89,319,325.49,360.49,319,11/5/2024,,,,,
989.002028177253,LOC,0000010000,1,0,0,0,0,0,353.09,356.87,377,382.17,399.62,377,11/5/2024,,,,,
989.002028177254,RBT,0000011100,0,1,0,0,0,0,292.27,296.78,335,344,373.27,344,11/5/2024,,,,,
989.002028177255,RBT,0000100000,0,1,0,0,0,0,132.04,138.49,142,152.53,241.07,142,11/4/2024,,,,,
989.002028177256,RBT,0000110011,0,1,0,0,0,0,124.11,130.66,134,144.71,245,134,11/4/2024,,,,,
989.002028177257,SCN,0000100000,0,0,0,0,0,1,112,119,122,133,228,122,11/4/2024,,,,,
989.002028177258,LOC,0000100000,1,0,0,0,0,0,253.17,258.15,308,314.74,353.07,308,11/4/2024,,,,,
989.002028177259,RBT,0000010000,0,1,0,0,0,0,141.66,148,231,239.5,301.12,231,11/5/2024,,,,,
989.002028177260,LOC,0000010000,1,0,0,0,0,0,364.67,368.31,385,389.99,405.02,385,11/5/2024,,,,,
989.002028177261,RBC,0000100000,0,0,0,1,0,0,188,193.78,263,270.77,322.71,263,11/4/2024,,,,,
989.002028177262,LOC,0000010000,1,0,0,0,0,0,322.68,326.82,356,361.65,385.45,356,11/5/2024,,,,,
989.002028177263,RBT,0000010000,0,1,0,0,0,0,124.28,130.83,219,227.77,293.02,219,11/5/2024,,,,,
989.002028177264,RBT,0000110000,0,1,0,0,0,0,89.53,96.49,195,204.32,276.83,195,11/4/2024,,,,,
989.002028177265,RBC,0000110000,0,0,0,1,0,0,180.76,186.62,258,265.88,319.34,258,11/4/2024,,,,,
989.002028177266,RBT,0000010000,0,1,0,0,0,0,206.83,212.37,276,283.47,331.48,276,11/5/2024,,,,,
989.002028177267,LOC,0000100010,1,0,0,0,0,0,31.6,39.27,155,165.23,248,155,11/4/2024,,,,,
989.002028177268,RBT,0000100000,0,1,0,0,0,0,110.24,116.96,120,131.03,226.23,120,11/4/2024,,,,,
989.002028177269,LOC,0000110000,1,0,0,0,0,0,192.35,198.07,266,273.7,324.73,266,11/4/2024,,,,,
989.001040499950,RBS,00.1000000,0,0,0,0,1,0,0,283,310.95,307.08,327.02,283,4/11/2024,,,,,
989.001040500940,RBS,00.1000000,0,0,0,0,1,0,0,263,297.61,295.76,319.48,263,4/11/2024,,,,,
989.001040500990,RBS,00.1000000,0,0,0,0,1,0,0,264,298.28,296.33,319.86,264,4/11/2024,,,,,
989.001040501470,RBC,0000100000,0,0,0,1,0,0,254.62,259.59,309,315.72,353.74,309,11/4/2024,,,,,
,,,,,,,,,,,,,,,,,,,,
,,,,,,,,,,,,,,,,,,,,
,,,,,,,,,,,,,,,,,,,,
,,,,,,,,,,,,,,,,,,,,
,,,,,,,,,,,,,,,,,,,,
